Time(sec),X,Y,Z
0.084074,-0.010987251996994019,0.045190393924713135,-0.005959212779998779
0.182067,0.01858040690422058,-0.010267972946166992,-0.03565382957458496
0.282579,-0.056992486119270325,-0.0072593092918396,-0.016661107540130615
0.383126,-0.020693548023700714,0.008539706468582153,-0.07210969924926758
0.483589,-0.05437198281288147,-0.01085573434829712,0.039935290813446045
0.584026,-0.0853697657585144,0.04281476140022278,0.23191821575164795
0.684670,-0.05030888319015503,0.1210969090461731,0.017396748065948486
0.785062,0.059126973152160645,0.0153273344039917,0.09156465530395508
0.885620,0.10182039439678192,-0.01056581735610962,-0.1392260193824768
0.986061,-0.0049708932638168335,0.0628507137298584,-0.0852041244506836
1.086453,-0.0017559230327606201,-0.0009983181953430176,0.012717485427856445
1.186992,-0.058650821447372437,0.08225759863853455,-0.02170121669769287
1.287529,0.005180001258850098,-0.07244989275932312,-0.08251899480819702
1.388002,0.021390214562416077,0.028140246868133545,0.06190073490142822
1.488620,0.013736411929130554,0.010672718286514282,-0.02700650691986084
1.589148,-0.017730168998241425,-0.02998453378677368,-0.19718670845031738
1.689693,0.051294803619384766,-0.02354012429714203,-0.0058632493019104
1.790152,-0.035572752356529236,0.0967879593372345,0.08404916524887085
1.890602,0.0016270875930786133,-0.004668772220611572,0.010045766830444336
1.991328,0.03204545006155968,-0.08461001515388489,-0.07765573263168335
2.091728,0.002885321155190468,-0.013274192810058594,0.007065713405609131
2.192239,0.00500664534047246,-0.007948383688926697,0.018532752990722656
2.292529,-0.06186937168240547,0.022895455360412598,0.008791625499725342
2.393243,0.010383039712905884,-0.009222477674484253,-0.060475945472717285
2.493783,-0.03583548963069916,-0.009939968585968018,0.012348651885986328
2.594264,-0.008838128298521042,0.0008183419704437256,-0.020446598529815674
2.694832,-0.005485452711582184,0.0069439709186553955,-0.020083129405975342
2.795479,-0.004043756052851677,-0.003980040550231934,-0.0075111985206604
2.895672,0.024471431970596313,-0.000825047492980957,-0.02966320514678955
2.996339,-0.018119633197784424,0.012395888566970825,0.041920602321624756
3.096830,0.02252788096666336,0.0002675950527191162,0.07453751564025879
3.197395,0.012508910149335861,0.1586267352104187,0.1383582353591919
3.297843,-0.16453562676906586,0.03635251522064209,-0.13807404041290283
3.398455,-0.022338062524795532,-0.2500765919685364,-0.36686500906944275
3.498900,0.21035851538181305,-0.20092320442199707,0.04675406217575073
3.599550,0.24488785862922668,-0.12443095445632935,0.41567397117614746
3.699894,-0.21873082220554352,0.07482713460922241,0.10380864143371582
3.800449,-0.28663694858551025,-0.025729238986968994,-0.2167333960533142
3.900776,-0.1883401870727539,0.022329747676849365,-0.23905041813850403
4.001476,0.11897020787000656,-0.10664445161819458,0.047239452600479126
4.101970,0.16033674776554108,-0.025476038455963135,0.1335882842540741
4.202565,-0.019428811967372894,0.0017619132995605469,-0.0008047819137573242
4.302976,-0.034991536289453506,0.02416902780532837,-0.022368282079696655
4.403484,-0.06857145577669144,0.022246181964874268,-0.011441707611083984
4.504056,-0.19267144799232483,0.053171753883361816,-0.17576023936271667
4.604508,0.1426960825920105,-0.27322858572006226,-0.06809651851654053
4.705028,0.2722401022911072,-0.0742231011390686,0.30803990364074707
4.805644,-0.14128506183624268,0.09109532833099365,0.1702553629875183
4.906049,-0.24884659051895142,0.02205890417098999,-0.17311161756515503
5.006568,-0.2116173356771469,0.014533638954162598,-0.22752124071121216
5.107047,0.15517796576023102,-0.1882985234260559,0.0538918673992157
5.207622,0.16397294402122498,0.011934876441955566,0.16052532196044922
5.308122,-0.025189831852912903,0.06695640087127686,0.0023107528686523438
5.408404,-0.05579676479101181,-0.05734378099441528,-0.061807841062545776
5.509023,-0.01971706748008728,-0.031098663806915283,-0.024586230516433716
5.609696,-0.1265232264995575,0.0664711594581604,-0.05682536959648132
5.710123,0.004573553800582886,-0.1574684977531433,-0.09601712226867676
5.810663,0.3224774897098541,-0.12977445125579834,0.14246061444282532
5.911156,-0.04810691624879837,0.06279987096786499,0.21358996629714966
6.011645,-0.2834077477455139,0.006745100021362305,-0.13114869594573975
6.112208,-0.20592454075813293,-0.02299600839614868,-0.24687623977661133
6.212758,0.045123666524887085,-0.06625539064407349,0.008884385228157043
6.313271,0.17209790647029877,-0.004757583141326904,0.12905406951904297
6.413741,-0.0025025680661201477,0.003848552703857422,-0.015505075454711914
6.514217,-0.06462191045284271,-0.035194218158721924,-0.05603159964084625
6.614784,0.008436847478151321,-0.0029979348182678223,0.007351219654083252
6.715255,-0.0071979109197855,0.016211748123168945,0.002476319670677185
6.815781,-0.033929966390132904,-0.007072806358337402,-0.018666863441467285
6.916306,-0.014862410724163055,0.027517199516296387,-0.05394410341978073
7.016784,0.0050248801708221436,0.003648221492767334,-0.07089108228683472
7.117329,0.040090009570121765,-0.0529136061668396,-0.00326363742351532
7.217836,0.12629330158233643,-0.048637986183166504,0.09487259387969971
7.318450,0.003948449157178402,-0.03637099266052246,0.11843189597129822
7.418748,-0.05891646444797516,0.030391573905944824,0.061503589153289795
7.519389,-0.12067048251628876,-0.015562772750854492,-0.04760950803756714
7.619806,-0.13498076796531677,-0.010275721549987793,-0.08488422632217407
7.720346,-0.019196659326553345,0.05755096673965454,-0.07694493234157562
7.820822,0.04297848045825958,-0.014370620250701904,-0.012897901237010956
7.921391,0.0679590106010437,-0.02116715908050537,0.038320496678352356
8.021949,0.05919520556926727,-0.03977006673812866,-0.004396811127662659
8.122439,-0.005266502499580383,-0.0018688440322875977,-0.015609800815582275
8.222953,-0.02036784589290619,0.0315401554107666,-0.015417508780956268
8.323452,-0.0472072958946228,0.010754406452178955,-0.031591713428497314
8.424010,-0.0006338208913803101,-0.06129908561706543,-0.08861595392227173
8.524463,0.2398453950881958,-0.181621253490448,0.05637732148170471
8.625003,0.11345595866441727,-0.045561790466308594,0.28241753578186035
8.725548,-0.2676546275615692,0.138849675655365,0.025809258222579956
8.825988,-0.3288267254829407,0.043467164039611816,-0.27815091609954834
8.926513,0.053847551345825195,-0.11307024955749512,-0.0388297438621521
9.027026,0.20730139315128326,-0.039281606674194336,0.1539309024810791
9.127605,0.012640729546546936,0.0011930465698242188,0.010475069284439087
9.228016,0.015677928924560547,-0.0798795223236084,0.012219727039337158
9.328646,0.08855070173740387,-0.12948691844940186,0.13223719596862793
9.429019,-0.001956075429916382,0.006245911121368408,0.1383170485496521
9.529634,-0.17770031094551086,0.243527352809906,-0.03485977649688721
9.630121,-0.21308770775794983,0.1673763394355774,-0.34877610206604004
9.730663,0.16007262468338013,-0.3957274556159973,-0.05880364775657654
9.831210,0.21205179393291473,-0.1787286400794983,0.3345820903778076
9.931690,-0.25590232014656067,0.21590662002563477,0.11133447289466858
10.032178,-0.2744976282119751,0.0354541540145874,-0.2908623218536377
10.132610,0.02707354724407196,-0.09859079122543335,-0.12213493883609772
10.233255,0.19995485246181488,-0.1047939658164978,0.1820240020751953
10.333790,0.02441297471523285,-0.021337568759918213,0.0876343846321106
10.434243,0.01952412724494934,-0.10112887620925903,0.021725863218307495
10.534718,-0.01905640959739685,0.04438406229019165,0.07623529434204102
10.635201,-0.033483147621154785,0.1179426908493042,-0.01561647653579712
10.735759,-0.0717175304889679,0.10641109943389893,-0.01188841462135315
10.836252,-0.15130186080932617,-0.11325132846832275,-0.30982911586761475
10.936739,0.25172653794288635,-0.41446202993392944,0.04136599600315094
11.037309,0.12023572623729706,0.10220986604690552,0.34202855825424194
11.137689,-0.5376430153846741,0.14066380262374878,-0.09308511018753052
11.238258,-0.13184812664985657,-0.14697033166885376,-0.2024623155593872
11.338808,0.1679762899875641,-0.11770355701446533,0.07623894512653351
11.439386,0.04621270298957825,0.1085360050201416,0.10919171571731567
11.539826,-0.07654774188995361,-0.12487488985061646,-0.1268404722213745
11.640359,-0.1139344722032547,-0.0865253210067749,-0.17193742096424103
11.740909,-0.03795063495635986,0.017768919467926025,-0.07123327255249023
11.841421,0.0667945146560669,0.04850935935974121,0.02976614236831665
11.941901,0.05663938820362091,0.16076701879501343,0.1418626308441162
12.042405,-0.3672821521759033,0.2576262950897217,-0.09558350592851639
12.142961,0.2534043788909912,-0.5135220885276794,0.26534420251846313
12.243394,0.22975537180900574,0.017220735549926758,0.406146764755249
12.343975,-0.4721357524394989,0.18129360675811768,-0.1460193693637848
12.444401,0.03610978275537491,-0.21641522645950317,-0.07858186960220337
12.544854,0.21511897444725037,0.02245241403579712,0.1272914558649063
12.645588,-0.012912601232528687,-0.04227167367935181,0.04153478145599365
12.746019,-0.02283555269241333,-0.13856881856918335,-0.0669209212064743
12.846505,0.05423921346664429,-0.02886831760406494,0.04887852072715759
12.947030,0.03592297434806824,-0.00502246618270874,0.03864067792892456
13.047638,-0.03467431664466858,0.03604531288146973,0.0036111176013946533
13.148094,-0.07098299264907837,0.042004525661468506,-0.015565216541290283
13.248562,-0.055415838956832886,0.0635606050491333,-0.012949466705322266
13.349182,-0.13166207075119019,-0.06358945369720459,-0.01892256736755371
13.449657,0.35362735390663147,0.23592740297317505,-0.10518127679824829
13.550115,0.003109205514192581,-0.08031171560287476,-0.01927649974822998
13.650664,0.002556193619966507,0.13303136825561523,0.0842064619064331
13.751113,-0.17131471633911133,-0.11932891607284546,0.04505324363708496
13.851627,-0.09650194644927979,-0.05159705877304077,0.2327650785446167
13.952165,-0.026315942406654358,0.06453794240951538,0.023078083992004395
14.052666,-0.09573114663362503,0.21302002668380737,-0.2500344514846802
14.153163,0.22557972371578217,-0.2947689890861511,0.09346878528594971
14.253670,0.21860963106155396,-0.1609014868736267,0.3168830871582031
14.354290,-0.2411436140537262,0.2920858860015869,-0.16448193788528442
14.454768,-0.2070678174495697,0.07310110330581665,-0.1870008111000061
14.555209,0.13069842755794525,-0.08185678720474243,0.17664414644241333
14.655768,0.021860651671886444,-0.1416839361190796,0.03946012258529663
14.756292,0.037710607051849365,-0.1578773856163025,-0.01926630735397339
14.856726,0.04404266178607941,0.10271680355072021,0.06970447301864624
14.957291,-0.0187252014875412,0.33801984786987305,0.03839236497879028
15.057755,0.003105536103248596,0.1287274956703186,-0.003172755241394043
15.158321,-0.002112850546836853,-0.44740670919418335,-0.062055230140686035
15.258819,0.12563656270503998,-0.09371262788772583,0.3084622025489807
15.359331,-0.07407775521278381,0.28561192750930786,-0.04134243726730347
15.459960,-0.1771397590637207,0.056643009185791016,-0.270250141620636
15.560445,0.056319743394851685,-0.10283201932907104,0.02056834101676941
15.660888,0.08898134529590607,-0.09462213516235352,0.18002727627754211
15.761352,-0.017473295331001282,-0.0830463171005249,-0.01954817771911621
15.861926,-0.03980833292007446,-0.21406030654907227,0.04168576002120972
15.962402,0.021839171648025513,0.3389260172843933,0.06045585870742798
16.062935,0.005149483680725098,0.4828748106956482,-0.15788820385932922
16.163527,-0.15554457902908325,-0.3329765796661377,-0.23229408264160156
16.263948,0.24927780032157898,-0.3319351077079773,0.3332291841506958
16.364506,-0.10189291834831238,0.14026254415512085,0.09286916255950928
16.465034,-0.28791970014572144,0.32536089420318604,-0.051802247762680054
16.565439,-0.14073511958122253,-0.20022261142730713,-0.22228381037712097
16.666040,0.13819581270217896,-0.17664313316345215,0.21737819910049438
16.766482,-0.004256904125213623,0.08444631099700928,0.1105937659740448
16.866978,-0.057982414960861206,0.00915682315826416,-0.11315798759460449
16.967516,-0.023445039987564087,0.007373213768005371,-0.05312320590019226
17.068051,0.02182088792324066,0.04071986675262451,0.04572248458862305
17.168556,0.005604103207588196,-0.060976505279541016,0.019355297088623047
17.269075,-0.04300685226917267,-0.007138073444366455,-0.0235864520072937
17.369571,0.002376340329647064,0.042720675468444824,-0.0011529624462127686
17.470109,0.014642350375652313,0.0064209699630737305,0.01371052861213684
17.570539,0.0031159967184066772,-0.0032616257667541504,0.0005576610565185547
17.671193,0.0016521066427230835,0.0036320090293884277,0.0028550326824188232
17.771710,-0.012582987546920776,-0.00011730194091796875,-0.012872546911239624
17.872254,-0.08975545316934586,-0.04166531562805176,-0.1558225154876709
17.972652,-0.10235454887151718,0.03369039297103882,-0.0953180193901062
18.073164,0.0019086962565779686,0.14845794439315796,0.09340876340866089
18.173773,0.09554462879896164,0.025718331336975098,0.13653993606567383
18.274160,0.0269240140914917,-0.040125489234924316,0.060389816761016846
18.374677,0.16699300706386566,0.16120558977127075,0.09073495864868164
18.475279,-0.10386063158512115,-0.0597689151763916,0.1960897445678711
18.575794,-0.12895746529102325,-0.4484245777130127,0.07357805967330933
18.676317,0.07531863451004028,0.07543271780014038,0.1364825963973999
18.776653,-0.24244847893714905,0.028130292892456055,-0.03199052810668945
18.877287,0.03235170990228653,-0.0835685133934021,0.03351593017578125
18.977744,-0.011921558529138565,0.03058767318725586,0.06392771005630493
19.078278,-0.05234701186418533,0.05729585886001587,-0.02217090129852295
19.178815,0.12139918655157089,0.21047180891036987,0.0038946866989135742
19.279313,-0.0627823919057846,0.028006792068481445,0.49494150280952454
19.379829,-0.017797112464904785,-0.8111609816551208,0.07111835479736328
19.480444,-0.1640472114086151,0.2560752034187317,0.16905440390110016
19.580838,-0.13733240962028503,0.05317562818527222,0.03779152035713196
19.681378,0.02428969368338585,-0.08382987976074219,-0.015459835529327393
19.781856,-0.018767930567264557,0.008546173572540283,0.020775020122528076
19.882480,-0.028422772884368896,0.1032974123954773,-0.017051517963409424
19.982898,0.14836636185646057,0.35559654235839844,-0.13483810424804688
20.083399,-0.2654549777507782,-0.22126168012619019,0.06541702151298523
20.183964,0.08786898851394653,-0.31904733180999756,0.013593629002571106
20.284455,-0.09569575637578964,0.2813875079154968,-0.00013524293899536133
20.384954,-0.18804308772087097,-0.02918863296508789,-0.11545944213867188
20.485513,-0.025113992393016815,0.009717464447021484,0.02996087074279785
20.585979,-0.03911370038986206,0.0514521598815918,0.030058562755584717
20.686491,-0.039754778146743774,0.11112958192825317,-0.04295545816421509
20.786995,0.04481750726699829,0.16828525066375732,-0.15429699420928955
20.887591,-0.0826217532157898,-0.16890734434127808,0.11958473920822144
20.988073,0.3148113191127777,-0.42565828561782837,0.27840477228164673
21.088572,-0.04338207095861435,0.304301917552948,0.1339593529701233
21.189102,-0.4128510057926178,-0.06126362085342407,0.07452833652496338
21.289638,0.03725442290306091,-0.24771976470947266,0.033809125423431396
21.390252,0.1224437803030014,-0.007705092430114746,0.11191380023956299
21.490576,0.005977123975753784,0.033876895904541016,-0.14363694190979004
21.591068,-0.16518744826316833,0.37925106287002563,-0.08403050899505615
21.691592,-0.15603506565093994,-0.5369561910629272,0.05484136939048767
21.792128,0.3717241883277893,-0.1086156964302063,0.22697198390960693
21.892542,-0.1530214250087738,0.42583268880844116,-0.1906617283821106
21.993102,-0.11574855446815491,-0.013019144535064697,-0.19365578889846802
22.093616,0.07042732834815979,-0.17668688297271729,0.12150853872299194
22.194199,0.0443025678396225,-0.13709604740142822,0.13618963956832886
22.294750,0.041826650500297546,0.006072878837585449,0.03942680358886719
22.395175,-0.09398150444030762,0.2447252869606018,-0.10511195659637451
22.495725,-0.16846099495887756,0.09892266988754272,0.001333773136138916
22.596221,0.04513049125671387,-0.5078244805335999,-0.005269289016723633
22.696757,0.1677551418542862,0.16580218076705933,0.3292871117591858
22.797187,-0.26802799105644226,0.23078590631484985,-0.1523384153842926
22.897664,-0.21056422591209412,-0.528247594833374,-0.41119474172592163
22.998326,0.2246960997581482,0.02063441276550293,0.49147850275039673
23.098729,-0.01614314317703247,0.15039867162704468,0.0507432222366333
23.199315,-0.058624207973480225,0.011982083320617676,-0.09361851215362549
23.299843,0.02855481207370758,-0.01127856969833374,0.05212634801864624
23.400209,-0.009215831756591797,0.30019259452819824,0.04803025722503662
23.500786,-0.17229680716991425,-0.2077803611755371,-0.07284411787986755
23.601484,0.10742008686065674,-0.5792331695556641,0.09047156572341919
23.701888,0.12186255306005478,0.22522133588790894,0.4377933740615845
23.802311,-0.37167391180992126,0.3828643560409546,-0.27054280042648315
23.902891,-0.1839405596256256,-0.41178470849990845,-0.307027131319046
24.003448,0.23333501815795898,-0.07890975475311279,0.4212578237056732
24.103899,-0.03593706339597702,0.08835983276367188,0.05101475119590759
24.204333,-0.042727112770080566,0.005597174167633057,-0.13478761911392212
24.304974,0.05935579538345337,0.031401753425598145,0.06817841529846191
24.405490,-0.02197282761335373,0.12378913164138794,-0.05901139974594116
24.505975,-0.1456325203180313,0.058162569999694824,0.009169578552246094
24.606516,0.058385223150253296,-0.5002247095108032,-0.026143699884414673
24.706984,0.17302700877189636,0.06544333696365356,0.3351503014564514
24.807462,-0.17092223465442657,0.4842875003814697,-0.1983586549758911
24.907934,-0.2669679820537567,-0.1664298176765442,-0.11841672658920288
25.008524,0.026082128286361694,-0.3072144389152527,0.11744195222854614
25.109065,0.08345772325992584,0.0846439003944397,0.20677495002746582
25.209492,-0.011121705174446106,0.05356842279434204,0.009962350130081177
25.310119,-0.02128041535615921,0.0384058952331543,0.0007078945636749268
25.410566,0.020952127873897552,-0.01958566904067993,-0.02969568967819214
25.511024,-0.06118185073137283,-0.02198803424835205,-0.06911483407020569
25.611660,-0.015385501086711884,0.14251399040222168,-0.11726048588752747
25.712125,-0.08724460005760193,-0.13948756456375122,0.06272825598716736
25.812709,0.2217172086238861,-0.2746359705924988,0.4387490153312683
25.913149,-0.23154258728027344,0.297393798828125,-0.06629645824432373
26.013630,-0.3270053267478943,-0.09146088361740112,-0.11628858745098114
26.114171,0.03785929083824158,-0.20663690567016602,-0.045300453901290894
26.214680,0.10917268693447113,-0.03420758247375488,0.2678019404411316
26.315159,-0.013707330450415611,0.003831923007965088,0.06460785865783691
26.415722,-0.09525009989738464,-0.022972166538238525,-0.031976014375686646
26.516099,0.09181099385023117,0.31944048404693604,-0.09920476377010345
26.616772,-0.25042855739593506,-0.22234028577804565,-0.13466018438339233
26.717238,0.2165829837322235,-0.36140167713165283,0.1916351020336151
26.817754,0.022094115614891052,0.32707005739212036,0.18367856740951538
26.918207,-0.3415248394012451,0.2562076449394226,-0.23644113540649414
27.018755,-0.2243621051311493,-0.25763946771621704,-0.1905961036682129
27.119290,0.28327205777168274,-0.15161412954330444,0.2746369242668152
27.219791,0.09662415087223053,-0.08341753482818604,0.2622493505477905
27.320295,-0.02238474041223526,-0.044951558113098145,-0.013138175010681152
27.420895,-0.039942339062690735,0.19569796323776245,0.02131117880344391
27.521366,-0.11963173747062683,0.2893328070640564,-0.13056804239749908
27.621853,-0.1158510148525238,-0.5404355525970459,-0.11842048168182373
27.722396,0.22539150714874268,-0.1585632562637329,0.34730932116508484
27.822871,-0.0842120349407196,0.4024235010147095,0.10531666874885559
27.923373,-0.2852248549461365,0.10279619693756104,-0.11919432878494263
28.023899,-0.13453838229179382,-0.4398019313812256,-0.08938251435756683
28.126506,0.1685245782136917,-0.10009753704071045,0.09111469984054565
28.224953,0.07040346413850784,0.13335824012756348,0.09541910886764526
28.325407,0.02347857505083084,0.02996373176574707,-0.04469870775938034
28.425901,-0.004145061131566763,0.033604562282562256,-0.014273412525653839
28.526507,0.15949444472789764,0.4464126229286194,0.05561375617980957
28.626976,-0.17369142174720764,-0.47866272926330566,-0.2852686643600464
28.727535,0.05264000594615936,-0.06785142421722412,-0.000819861888885498
28.827994,-0.2428833246231079,-0.03454577922821045,-0.26989102363586426
28.928507,-0.13143974542617798,-0.06523007154464722,-0.04971766471862793
29.029033,-0.05865490436553955,0.07444483041763306,0.09667524695396423
29.129515,0.03125444054603577,0.01816922426223755,0.1385004222393036
29.230070,0.08666060864925385,-0.12003099918365479,0.1508018970489502
29.330562,0.058144912123680115,0.020635247230529785,0.09945333003997803
29.431108,0.08770620822906494,0.005973756313323975,0.02571803331375122
29.531576,-0.17182721197605133,-0.0033638477325439453,-0.03281217813491821
29.632073,0.05327051877975464,0.16585254669189453,0.109122633934021
29.732549,-0.0057050734758377075,-0.05597740411758423,0.0512923002243042
29.833130,-0.10365775972604752,0.02960216999053955,-0.12781667709350586
29.933591,0.08463839441537857,-0.07898688316345215,0.029491841793060303
30.034152,-0.08658459782600403,-0.08205950260162354,-0.04129374027252197
30.134689,0.024487951770424843,-0.06646591424942017,-0.012961864471435547
30.235161,0.08320039510726929,0.00905144214630127,0.10944294929504395
30.335630,-0.09297660738229752,0.04508674144744873,-0.04362010955810547
30.436193,-0.07314302027225494,0.13145697116851807,-0.03253662586212158
30.536663,-0.046229466795921326,0.0903315544128418,0.05873137712478638
30.637197,0.17231205105781555,-0.3778260350227356,-0.05585157871246338
30.737717,-0.023536577820777893,-0.010734498500823975,0.08006244897842407
30.838239,-0.19188052415847778,0.03511148691177368,-0.10836222767829895
30.938736,-0.07296506315469742,0.050007164478302,-0.0720599889755249
31.039290,0.00021936744451522827,0.001113593578338623,-0.007127940654754639
31.139699,0.0387439951300621,0.0027253031730651855,0.016420066356658936
31.240280,-0.010474056005477905,0.19099098443984985,0.06167292594909668
31.340665,0.03349335491657257,0.18194937705993652,0.1901560127735138
31.441280,0.14921239018440247,-0.5703902244567871,-0.13862258195877075
31.541798,-0.004298284649848938,-0.030353903770446777,0.2088140845298767
31.642445,-0.18993256986141205,0.04175359010696411,-0.0418856143951416
31.742780,-0.11562289297580719,-0.021548867225646973,-0.08613321185112
31.843313,-0.031926676630973816,0.051512062549591064,0.03395956754684448
31.943851,0.031229417771100998,0.01782822608947754,0.03580200672149658
32.044326,0.0069961100816726685,0.01087576150894165,0.007218718528747559
32.144964,0.023669082671403885,0.13082242012023926,0.0617213249206543
32.245421,0.08136142790317535,0.10814213752746582,0.12319159507751465
32.345890,0.054115742444992065,-0.5443110466003418,-0.18190592527389526
32.446475,0.005841046571731567,0.12927091121673584,0.1704694628715515
32.546909,-0.21772289276123047,0.031771183013916016,-0.0871543288230896
32.647516,-0.17055080831050873,-0.07666748762130737,-0.10628141462802887
32.747942,-0.03687138855457306,-0.008391320705413818,0.04116418957710266
32.848447,0.0312286838889122,0.0074880123138427734,0.09722954034805298
32.949022,0.10496240109205246,0.13452249765396118,0.12848830223083496
33.049470,-0.1389147937297821,0.2224004864692688,-0.027636587619781494
33.149974,0.06484563648700714,-0.43627381324768066,-0.11562830209732056
33.250518,0.2931603789329529,-0.022180378437042236,0.32768499851226807
33.351066,-0.1581784188747406,0.24119794368743896,0.04556635022163391
33.451559,-0.1477532982826233,-0.20558226108551025,-0.20523379743099213
33.552005,0.03144101798534393,-0.10692864656448364,-0.044517308473587036
33.652564,0.20603026449680328,0.03367656469345093,0.16216108202934265
33.753172,-0.006092844530940056,-0.04198408126831055,0.0074898600578308105
33.853534,-0.07675890624523163,0.0804792046546936,-0.044999390840530396
33.954120,0.0070758722722530365,0.22135871648788452,0.18220221996307373
34.054645,-0.03643375635147095,-0.29884517192840576,-0.13037580251693726
34.155086,0.07624341547489166,-0.004416406154632568,0.12118948996067047
34.255643,-0.14120294153690338,-0.04853546619415283,0.013385236263275146
34.356223,-0.1244814321398735,-0.011596858501434326,-0.15812909603118896
34.456608,-0.0030665798112750053,0.045153260231018066,0.04675842821598053
34.557145,0.037787407636642456,0.044248223304748535,0.019925951957702637
34.657670,0.0029859915375709534,0.05171334743499756,0.023180976510047913
34.758280,-0.03661695122718811,0.07874041795730591,-0.00038702040910720825
34.858749,0.14862173795700073,-0.21354788541793823,-0.03491395711898804
34.959270,0.05701155960559845,0.04313969612121582,0.13449370861053467
35.059746,-0.14670440554618835,-0.036726176738739014,-0.03912937641143799
35.160298,-0.07349908351898193,-0.0010573863983154297,-0.08533477783203125
35.260795,0.036032792180776596,0.0632745623588562,0.05279088020324707
35.361311,0.02495785802602768,-0.03418034315109253,-0.0025553088635206223
35.461789,-0.029072489589452744,0.04810953140258789,0.0003534560091793537
35.562258,-0.11795832216739655,0.06030327081680298,-0.049703843891620636
35.662808,0.08414289355278015,-0.3103026747703552,-0.046707093715667725
35.763410,0.1641930192708969,0.06836378574371338,0.2037779837846756
35.863800,-0.15813255310058594,0.1246233582496643,0.03851812705397606
35.964313,-0.19518005847930908,-0.15887713432312012,-0.19396770000457764
36.064863,0.03419649600982666,-0.0801922082901001,-0.06595289707183838
36.165437,0.21609875559806824,0.042110562324523926,0.14443737268447876
36.265814,-0.009115010499954224,-0.05940425395965576,0.0034027099609375
36.366430,-0.04853500425815582,-0.0223349928855896,-0.043647170066833496
36.466849,-0.017962664365768433,0.11627197265625,0.03167724609375
36.567463,-0.041381627321243286,-0.014178693294525146,-0.08431245386600494
36.667955,0.21984750032424927,-0.2581833600997925,0.01611730456352234
36.768426,-0.09143830835819244,0.023310363292694092,0.11691680550575256
36.868994,-0.1766950786113739,-0.06274813413619995,-0.06442809104919434
36.969462,-0.15434277057647705,0.042552292346954346,-0.06728851050138474
37.069961,-0.027682408690452576,-0.0671660304069519,-0.0018734335899353027
37.170554,-0.059237658977508545,-0.004390597343444824,0.07549840211868286
37.270982,0.025184445083141327,0.06952553987503052,0.0780157744884491
37.371523,0.013434574007987976,0.1391429305076599,0.021730512380599976
37.472058,-0.013335123658180237,-0.26945602893829346,-0.057950109243392944
37.572544,0.2322169542312622,-0.16593801975250244,0.2115282416343689
37.673143,-0.07521598041057587,0.17563968896865845,0.18439579010009766
37.773479,-0.1703852415084839,-0.07913863658905029,-0.17010760307312012
37.874138,-0.04279094934463501,-0.11410224437713623,-0.11058872938156128
37.974541,0.04588305950164795,0.09555143117904663,0.1198987066745758
38.075099,-0.011606201529502869,-0.0625690221786499,-0.024094581604003906
38.175650,0.0036285817623138428,-0.0026085972785949707,0.002518564462661743
38.276099,0.09021268784999847,0.2092636227607727,0.10314837098121643
38.376634,0.04114362597465515,-0.20649725198745728,-0.0877041220664978
38.477217,0.06272122263908386,-0.015633761882781982,0.15109986066818237
38.577597,-0.12170838564634323,-0.09314137697219849,-0.08367633074522018
38.678230,-0.07784144580364227,0.032068729400634766,-0.046342670917510986
38.778697,-0.08103683590888977,0.09314870834350586,-0.024026036262512207
38.879176,0.012875527143478394,-0.041217923164367676,0.0033758729696273804
38.979648,0.009642399847507477,-0.04082995653152466,0.01715371012687683
39.080153,0.03842134773731232,0.10084450244903564,0.049509286880493164
39.180779,0.11730754375457764,0.30069470405578613,0.24062472581863403
39.281335,-0.14379271864891052,-0.4418264627456665,-0.10471248626708984
39.381755,0.14303764700889587,-0.2273416519165039,0.10310924053192139
39.482273,-0.11338280141353607,0.12790989875793457,0.021131880581378937
39.582756,-0.11884764581918716,0.007710576057434082,-0.06790348887443542
39.683293,-0.038230299949645996,0.07957082986831665,0.019704431295394897
39.784741,0.059767305850982666,0.02484220266342163,0.030762404203414917
39.884327,-0.016057103872299194,-0.04771929979324341,-0.005671054124832153
39.984782,0.006692260503768921,0.12359726428985596,0.023661255836486816
40.085416,0.03393027186393738,0.17927205562591553,0.07355035096406937
40.185805,-0.07575368881225586,-0.41968750953674316,-0.11366069316864014
40.286386,-0.020636916160583496,0.09343254566192627,0.13148343563079834
40.386925,-0.14543242752552032,0.007119178771972656,-0.013325333595275879
40.487335,-0.10942336916923523,0.04744768142700195,-0.07461988925933838
40.587908,-0.0317336767911911,-0.047274887561798096,-0.008753076195716858
40.688380,-0.03368544578552246,-0.064658522605896,0.02034512162208557
40.788992,-0.04326719045639038,0.050328195095062256,0.018603026866912842
40.889431,0.11006695032119751,0.2740710973739624,0.14551526308059692
40.989891,-0.20914599299430847,0.05271512269973755,-0.07124215364456177
41.090376,-0.04744797945022583,-0.44675546884536743,-0.07769766449928284
41.190885,0.35637781023979187,-0.11095088720321655,0.31522130966186523
41.291621,-0.18259093165397644,0.34539759159088135,0.09259289503097534
41.391947,-0.1032152846455574,-0.44861018657684326,-0.23651933670043945
41.492494,-0.030249089002609253,-0.09610563516616821,-0.06491845846176147
41.593006,0.25160545110702515,0.12192517518997192,0.21480125188827515
41.693509,-0.07450094819068909,-0.08134835958480835,-0.06059351563453674
41.794020,-0.04125279188156128,-0.06679373979568481,-0.014861032366752625
41.894550,0.054343223571777344,0.07088744640350342,0.05154046416282654
41.995025,-0.020315110683441162,0.09841382503509521,0.013079062104225159
42.095521,-0.1515076756477356,0.027273893356323242,-0.11216866970062256
42.196037,-0.07494300603866577,-0.3367449641227722,-0.1316027045249939
42.296637,0.3086121082305908,0.037705063819885254,0.35587793588638306
42.397089,-0.16143909096717834,0.19555145502090454,0.03982105851173401
42.497633,-0.15125752985477448,-0.3996673822402954,-0.06605696678161621
42.598124,0.11810362339019775,0.0643014907836914,-0.003997273743152618
42.698612,0.1574646234512329,0.04454541206359863,0.12153130769729614
42.799134,-0.07896912097930908,-0.13535016775131226,-0.02533090114593506
42.899708,0.0067213475704193115,0.04619234800338745,0.007703728973865509
43.000252,0.040367454290390015,0.04606693983078003,0.02063601464033127
43.100543,-0.048243939876556396,0.05484342575073242,-0.014612436294555664
43.201151,-0.16612431406974792,-0.18273460865020752,-0.02088998258113861
43.301727,0.2825777232646942,-0.01735013723373413,0.2131257802248001
43.402204,-0.06912142038345337,0.21848899126052856,0.108889639377594
43.502724,-0.15193195641040802,-0.26993268728256226,-0.22004756331443787
43.603179,-0.0435580313205719,-0.07709634304046631,-0.07133972644805908
43.703761,0.24479395151138306,0.12138420343399048,0.1784660816192627
43.804273,-0.08816227316856384,-0.1425999402999878,-0.040062546730041504
43.904776,-0.032526105642318726,-0.009593009948730469,-0.021065590903162956
44.005234,0.04582008719444275,0.07403606176376343,0.02016330137848854
44.105732,0.0019040703773498535,0.009406983852386475,0.01855701208114624
44.206260,-0.15364238619804382,0.07290184497833252,-0.11883151531219482
44.306820,-0.007341921329498291,-0.45188355445861816,0.025019049644470215
44.407333,0.2405964434146881,0.07907116413116455,0.3434673845767975
44.507787,-0.2571354806423187,0.1814364194869995,-0.2109956294298172
44.608344,-0.029029548168182373,-0.3775184750556946,0.10960814356803894
44.708965,0.2202056646347046,0.13492709398269653,0.10604149103164673
44.809438,-0.009648144245147705,0.04084819555282593,-0.0020877644419670105
44.909946,-0.05703803896903992,-0.11533540487289429,-0.009816886857151985
45.010571,0.03441333770751953,0.06839138269424438,0.02600342221558094
45.110885,-0.10646429657936096,0.04785418510437012,-0.1316382884979248
45.211388,-0.18956983089447021,-0.1529521346092224,0.025794968008995056
45.311936,0.3420214056968689,-0.014137446880340576,0.37871718406677246
45.412428,-0.22419725358486176,0.08055645227432251,-0.054176002740859985
45.512926,-0.14416411519050598,-0.2632737159729004,-0.21489274501800537
45.613566,0.07750824093818665,-0.04247558116912842,0.09864817559719086
45.714122,0.1274910271167755,0.18545877933502197,0.11720436811447144
45.814436,-0.05309319496154785,-0.08472710847854614,-0.07839709520339966
45.914968,-0.029670804738998413,-0.023264825344085693,0.008707646280527115
46.015544,0.03866934776306152,0.068092942237854,0.008778095245361328
46.116023,-0.0008003115653991699,-0.0197945237159729,0.008774515241384506
46.216586,-0.01439356803894043,-0.01872485876083374,0.0005831718444824219
46.317008,0.010953545570373535,0.02503269910812378,0.007378224283456802
46.417631,-0.11776161193847656,0.04828280210494995,-0.08609163761138916
46.518058,-0.006220042705535889,-0.32620692253112793,0.050266146659851074
46.618510,0.3126409351825714,0.10323631763458252,0.3284081220626831
46.719070,-0.2634114623069763,0.19617575407028198,-0.051848381757736206
46.819633,-0.15622848272323608,-0.3431624174118042,-0.2311105728149414
46.920122,0.1529313325881958,0.009154200553894043,0.22064924240112305
47.020651,0.1183110773563385,0.14406311511993408,0.10826332122087479
47.121143,-0.06370401382446289,0.010959506034851074,-0.05251263827085495
47.221601,-0.04797247052192688,-0.09290045499801636,-0.0004812479019165039
47.322128,0.02730730175971985,0.047114789485931396,0.013758771121501923
47.422688,0.035938262939453125,-0.005184650421142578,0.03985905647277832
47.523192,-0.007310584187507629,-0.02917081117630005,0.0014282315969467163
47.623707,-0.1000051200389862,0.1004442572593689,-0.034096479415893555
47.724220,-0.08924785256385803,-0.14762133359909058,-0.05044221878051758
47.824740,0.2486560046672821,-0.1205589771270752,0.3467366695404053
47.925234,-0.06830602884292603,0.10715091228485107,0.21657657623291016
48.025707,-0.31518903374671936,0.20938265323638916,-0.3478633761405945
48.126273,-0.035157740116119385,-0.37282633781433105,0.06912568211555481
48.226836,0.20684152841567993,0.13724106550216675,0.296206533908844
48.327400,-0.01845613121986389,0.04797893762588501,-0.04509824514389038
48.427747,-0.05950498580932617,-0.08825153112411499,-0.019604329019784927
48.528255,0.01472175121307373,0.03765404224395752,0.021447721868753433
48.628817,0.026434272527694702,0.015577852725982666,0.02541917935013771
48.729354,-0.019191116094589233,-0.037001609802246094,7.068924605846405e-05
48.829827,-0.05235069990158081,0.07144767045974731,-0.07051622867584229
48.930446,-0.0838930606842041,-0.32733380794525146,-0.035613179206848145
49.030836,0.3659130334854126,0.0036759376525878906,0.5103992223739624
49.131395,-0.3812929689884186,0.25611990690231323,-0.04682207107543945
49.231865,-0.21569906175136566,-0.3340924382209778,-0.2866764962673187
49.332428,0.28319841623306274,-0.11689615249633789,0.36620771884918213
49.432846,-0.018298566341400146,0.16521787643432617,-0.001533210277557373
49.533372,-0.011386334896087646,-0.06324464082717896,-0.06174266338348389
49.633887,-0.01632988452911377,-0.00013637542724609375,0.022250540554523468
49.734421,0.028892487287521362,0.04951345920562744,0.0015320852398872375
49.834967,-0.03283533453941345,-0.05788081884384155,-0.019112102687358856
49.935530,-0.02959609031677246,-0.004886269569396973,-0.01156705617904663
50.035999,0.027119338512420654,-0.03675776720046997,0.060487955808639526
50.136485,0.03610154986381531,-0.01078784465789795,0.0750405490398407
50.237044,0.06241327524185181,0.01350557804107666,0.010776758193969727
50.337807,-0.048519015312194824,-0.047171950340270996,-0.0063863396644592285
50.438019,-0.022189408540725708,0.014103829860687256,-0.0298922061920166
50.538541,-0.05734279751777649,-0.02571505308151245,-0.020473361015319824
50.639045,-0.029639363288879395,-0.025954008102416992,0.01909133791923523
50.739541,-0.07601267099380493,-0.046847641468048096,-0.05067676305770874
50.840078,-0.02448168396949768,0.025073349475860596,0.07719981670379639
50.940708,0.10081620514392853,-0.06265699863433838,0.02369469404220581
51.041104,-0.06699959933757782,-0.04859846830368042,0.04701107740402222
51.141690,0.013789601624011993,-0.06662780046463013,-0.0022617578506469727
51.242137,0.09561198949813843,-0.02004462480545044,0.02567148208618164
51.342548,-0.13599109649658203,0.1538395881652832,-0.08289527893066406
51.443102,-0.08463869988918304,0.16899627447128296,-0.09099781513214111
51.543695,-0.05946110188961029,0.3937288522720337,-0.05781430006027222
51.644168,0.2938788831233978,-0.31921035051345825,-0.24363136291503906
51.744648,0.008192911744117737,-0.14039009809494019,0.49339985847473145
51.845217,-0.06222444772720337,0.17736148834228516,-0.04933309555053711
51.945758,0.04697078466415405,0.04230844974517822,-0.01949220895767212
52.046223,0.004177719354629517,-0.0786973237991333,0.04099583625793457
52.146667,0.041859760880470276,-0.0588950514793396,-0.03994959592819214
52.247319,-0.014259323477745056,-0.014786779880523682,0.05052369832992554
52.347761,0.007755845785140991,0.012272655963897705,0.023575961589813232
52.448288,0.0010153353214263916,-0.016885221004486084,-0.003233671188354492
52.548800,0.03668057918548584,0.07462626695632935,0.005954563617706299
52.649237,-0.06182262301445007,0.1183924674987793,-0.10298460721969604
52.749763,-0.07157044112682343,0.19740396738052368,-0.059581100940704346
52.850269,0.04587718844413757,-0.3757786154747009,-0.012403011322021484
52.950798,0.16834920644760132,-0.14736628532409668,0.4212357997894287
53.051278,-0.17591768503189087,0.09710931777954102,0.025115132331848145
53.151862,-0.24338483810424805,0.1643555760383606,0.02903088927268982
53.252303,0.008068785071372986,-0.032838284969329834,-0.13337579369544983
53.352902,0.12248143553733826,-0.11802560091018677,-0.06650561094284058
53.453421,0.043999940156936646,-0.011316061019897461,-0.022676527500152588
53.553920,-0.07681027054786682,0.00740736722946167,-0.014935612678527832
53.654427,-0.024063557386398315,-0.032002389430999756,-0.013969838619232178
53.754853,0.06178605556488037,-0.0689624547958374,0.019793391227722168
53.855444,0.004586577415466309,0.031154096126556396,0.025030314922332764
53.955949,-0.030651092529296875,-0.000654757022857666,-0.027028977870941162
54.056434,-0.01508280634880066,0.2667127251625061,-0.12953925132751465
54.156915,-0.34383922815322876,-0.6967817544937134,-0.04052436351776123
54.257468,0.021371081471443176,0.05168890953063965,0.3600088357925415
54.358003,-0.045407816767692566,0.00842595100402832,0.3621178865432739
54.458441,-0.1124432384967804,0.15895843505859375,-0.2614024877548218
54.559010,0.038564786314964294,-0.07844412326812744,-0.2283341884613037
54.659480,0.08564417064189911,0.0847049355506897,0.12620508670806885
54.759820,-0.06876687705516815,-0.080899178981781,-0.04797947406768799
54.860321,0.05385050177574158,-0.0008993148803710938,-0.004718184471130371
54.960884,0.043695658445358276,-0.044304490089416504,-0.015079259872436523
55.061437,0.1121390089392662,-0.2067505121231079,0.04319953918457031
55.161888,0.037897512316703796,0.06841915845870972,0.09290218353271484
55.262397,-0.09816568344831467,0.0783115029335022,0.08474433422088623
55.362941,0.013107173144817352,0.44583016633987427,-0.032672762870788574
55.463353,0.10503369569778442,-0.3848901391029358,-0.35119348764419556
55.563884,0.21750810742378235,-0.2320287823677063,0.4578776955604553
55.664459,-0.17376236617565155,-0.06223338842391968,0.05138111114501953
55.765207,-0.15471404790878296,0.4124022126197815,-0.21791625022888184
55.865692,0.08185452222824097,0.12034183740615845,-0.12627321481704712
55.966132,0.07641789317131042,-0.2883678674697876,0.044875502586364746
56.066681,-0.03601238131523132,0.0008192658424377441,0.07365399599075317
56.167315,-0.0176161527633667,0.07716310024261475,-0.034098148345947266
56.267716,-0.05628436803817749,-0.09144985675811768,-0.053476810455322266
56.368245,-0.06809690594673157,-0.20125919580459595,0.012295782566070557
56.468659,0.17316226661205292,0.02691936492919922,0.2458634376525879
56.569180,0.04932907223701477,0.29264700412750244,0.026554882526397705
56.669739,-0.3855496048927307,0.22224444150924683,-0.367181658744812
56.770206,0.0963057279586792,-0.18695294857025146,0.204228937625885
56.870742,0.20415188372135162,-0.22159653902053833,0.2079458236694336
56.971274,-0.015240013599395752,-0.05128657817840576,0.10687977075576782
57.071818,-0.13975977897644043,0.16447854042053223,-0.1086958646774292
57.172387,-0.05084037780761719,0.15614691376686096,-0.10731148719787598
57.272823,0.017887413501739502,-0.055200278759002686,0.05449318885803223
57.373335,0.07323187589645386,-0.08967715501785278,0.06228673458099365
57.473881,-0.007644712924957275,0.00366133451461792,-0.016048431396484375
57.574319,-0.05365711450576782,7.605552673339844e-05,-0.03333836793899536
57.674850,-0.2733957767486572,0.1039581298828125,-0.22589755058288574
57.775346,0.012162506580352783,0.21158230304718018,0.05740940570831299
57.875916,-0.0030107200145721436,0.18588143587112427,0.08744001388549805
57.976363,-0.006314694881439209,0.0987997055053711,0.20904862880706787
58.076942,-0.23808789253234863,-0.15086305141448975,0.057701289653778076
58.177413,0.3412862718105316,-0.6088594198226929,0.21098381280899048
58.277999,0.15818655490875244,-0.19300580024719238,0.21833640336990356
58.378357,-0.035067737102508545,0.17466431856155396,0.19895398616790771
58.479001,-0.272321879863739,0.4416073262691498,-0.17000681161880493
58.579389,0.09420877695083618,0.06770932674407959,-0.2757495045661926
58.680003,0.05976676940917969,-0.18427452445030212,0.16355925798416138
58.780506,-0.009149134159088135,-0.09019330143928528,0.03102642297744751
58.880968,-0.03942763805389404,0.014721840620040894,-0.042200565338134766
58.981593,-0.005349159240722656,-0.20561105012893677,-0.005763888359069824
59.082132,-0.13960134983062744,-0.13046705722808838,-0.022998034954071045
59.182503,-0.06541907787322998,-0.042873233556747437,0.04550904035568237
59.283036,-0.07346481084823608,0.13965582847595215,0.10426151752471924
59.383534,0.21082037687301636,0.4483453035354614,0.012095510959625244
59.484064,-0.21800494194030762,-0.5593475103378296,0.011877655982971191
59.584525,0.5592489838600159,0.02555680274963379,0.2514688968658447
59.685126,-0.29222971200942993,-0.03157907724380493,-0.27819597721099854
59.785597,-0.016099601984024048,0.03528875112533569,-0.07042849063873291
59.886175,-0.040792614221572876,0.007658630609512329,-0.012445509433746338
59.986516,-0.006248533725738525,0.003172576427459717,-0.019716382026672363
60.087064,-0.03442475199699402,0.013730645179748535,-0.03171372413635254
60.187644,-0.04263395071029663,0.048268139362335205,-0.04105877876281738
60.288133,0.01676654815673828,0.21165519952774048,0.06308740377426147
60.388610,-0.005760252475738525,-0.4455227851867676,0.3689749240875244
60.489151,0.2847747504711151,0.13495665788650513,0.021983087062835693
60.589602,-0.1643003523349762,0.10028690099716187,-0.1206979751586914
60.690184,0.03037092089653015,-0.02253854274749756,-0.00019419193267822266
60.790679,-0.0035986006259918213,0.002139270305633545,-0.008830547332763672
60.891170,-0.00889536738395691,0.01653730869293213,-0.0055844783782958984
60.991764,0.012179791927337646,0.04815119504928589,-0.012489676475524902
61.092169,-0.0010241568088531494,0.012857884168624878,-0.030232250690460205
61.192801,0.0048760175704956055,-0.017719238996505737,-0.010446012020111084
61.293193,-0.009340852499008179,0.05174693465232849,-0.036456406116485596
61.393688,-0.1600264012813568,-0.03662228584289551,-0.3068503737449646
61.494253,-0.18516767024993896,-0.0534532368183136,-0.17720597982406616
61.594756,-0.1576494574546814,-0.09623944759368896,0.2132171392440796
61.695278,0.0054240357130765915,-0.03950698673725128,0.2859823703765869
61.795717,0.06715697050094604,-0.004566773772239685,0.1175847053527832
61.896193,0.0014197826385498047,-0.008063316345214844,0.0687527060508728
61.996799,0.003326505422592163,-0.009524956345558167,0.03234761953353882
62.097277,0.0018215924501419067,-0.009007900953292847,0.04592597484588623
62.197832,0.0034013837575912476,-0.013263076543807983,0.042096078395843506
62.298289,-0.0008044391870498657,-0.0011547207832336426,0.01675790548324585
62.398869,0.002887427806854248,0.007184743881225586,0.05305492877960205
62.499365,0.06998234987258911,0.17259511351585388,0.28961944580078125
62.599797,-0.11306183785200119,0.596009373664856,-0.0830797553062439
62.700389,-0.11310899257659912,-0.6460412740707397,0.024108707904815674
62.800885,0.09945562481880188,-0.3007710576057434,0.23760628700256348
62.901354,-0.32507237792015076,0.19121986627578735,-0.25921785831451416
63.001830,-0.07359582185745239,-0.3944357633590698,0.20964539051055908
63.102311,0.02496194839477539,-0.03876161575317383,-0.15816432237625122
63.203035,0.04403384029865265,0.0036753416061401367,0.22849655151367188
63.303426,0.027842357754707336,-0.03846442699432373,0.024885952472686768
63.403985,-0.04353247582912445,0.01370781660079956,-0.009504497051239014
63.504527,0.0015580207109451294,0.03650796413421631,0.018715500831604004
63.605004,0.016232803463935852,0.08718287944793701,0.04067862033843994
63.705496,-0.14353138208389282,0.20664489269256592,-0.08214074373245239
63.805949,0.22637587785720825,-0.3536844253540039,-0.028179794549942017
63.906555,-0.1266273707151413,-0.008221864700317383,0.17892038822174072
64.007139,-0.0692393109202385,0.2893599271774292,-0.02185952663421631
64.107470,-0.09996578097343445,-0.20855730772018433,-0.29909807443618774
64.208131,-0.12600377202033997,0.10638177394866943,0.14068865776062012
64.308594,0.08170735836029053,-0.020382940769195557,0.09775155782699585
64.409118,-0.0505584180355072,-0.05122870206832886,0.002176821231842041
64.509469,0.03888159990310669,-0.04639482498168945,0.031947553157806396
64.610068,0.0023270994424819946,0.14086246490478516,0.018417954444885254
64.710555,-0.15247522294521332,-0.1800062656402588,0.173251211643219
64.811308,0.19282978773117065,-0.24032950401306152,0.01791834831237793
64.911667,-0.21123981475830078,0.4838706851005554,-0.07766735553741455
65.012074,0.19606155157089233,-0.016823410987854004,0.2770358920097351
65.112702,-0.21954059600830078,-0.05491149425506592,-0.1793195605278015
65.213196,0.08301076292991638,0.04931157827377319,0.17106309533119202
65.313689,-0.001782238483428955,-0.1008560061454773,-0.019962668418884277
65.414193,-0.02501538395881653,0.001888275146484375,-0.039215415716171265
65.514683,-0.06184267997741699,0.03703582286834717,-0.06234383583068848
65.615254,0.020635992288589478,0.030079901218414307,0.0126362144947052
65.715740,0.03391927480697632,0.03352344036102295,0.016832411289215088
65.816196,0.01884743571281433,0.029040157794952393,0.00670313835144043
65.916809,-0.002521902322769165,-0.009864985942840576,0.02350097894668579
66.017222,-0.018067747354507446,-0.03519409894943237,0.03635001182556152
66.117773,-0.006549417972564697,-0.056166112422943115,0.01769387722015381
66.218330,-0.005822658538818359,-0.027978241443634033,-0.01177525520324707
66.318748,-0.01261967420578003,0.09446263313293457,-0.0010350942611694336
66.419324,-0.03882277011871338,0.286060631275177,-0.0806037187576294
66.519793,0.007533818483352661,-0.3022846579551697,0.01625886559486389
66.620321,0.0760999321937561,-0.3698638677597046,0.2810072898864746
66.720802,-0.12344197928905487,0.12647199630737305,0.11229932308197021
66.821279,-0.24705097079277039,0.03686243295669556,-0.1936417520046234
66.921837,-0.01963871717453003,-0.0015575885772705078,-0.13757508993148804
67.022403,0.06395116448402405,-0.1415005922317505,0.18930521607398987
67.122967,0.05169859528541565,-0.1279613971710205,0.06141820549964905
67.223414,-0.003947898745536804,0.06680560111999512,0.0006692409515380859
67.323933,0.030832797288894653,0.34194451570510864,-0.12428110837936401
67.424437,-0.18049722909927368,-0.11827576160430908,0.020451486110687256
67.524903,0.15477371215820312,-0.40036702156066895,0.2202174961566925
67.625462,-0.07660971581935883,0.034547507762908936,0.09096133708953857
67.725887,-0.12388396263122559,0.30573636293411255,-0.16286900639533997
67.826530,-0.1522170901298523,-0.060779571533203125,-0.23073720932006836
67.926968,0.02278721332550049,-0.029921352863311768,0.11250743269920349
68.027476,0.14917489886283875,-0.09852200746536255,0.12147092819213867
68.127957,-0.051389455795288086,-0.09188652038574219,-0.04042816162109375
68.228505,0.0538179874420166,-0.014400303363800049,0.05144381523132324
68.328976,0.0021040141582489014,0.19010764360427856,0.009826689958572388
68.429454,-0.35144534707069397,0.295349657535553,-0.04636764898896217
68.530004,0.2787182629108429,-0.5395532250404358,-0.0836997777223587
68.630500,-0.11238428950309753,-0.08984202146530151,0.2635904550552368
68.731010,-0.11336612701416016,0.4576129913330078,-0.025982975959777832
68.831610,-0.0737580806016922,-0.18782013654708862,0.06695042550563812
68.932109,-0.10834035277366638,-0.014569103717803955,-0.10523325204849243
69.032536,0.12678927183151245,0.02662748098373413,0.2118525207042694
69.133078,-0.105101078748703,-0.022766590118408203,-0.1194964051246643
69.233623,-0.052307188510894775,0.04105919599533081,0.017274469137191772
69.334114,0.011877864599227905,0.04215884208679199,0.07646054029464722
69.434571,0.002579033374786377,0.23733669519424438,-0.11758255958557129
69.535113,0.12580710649490356,-0.5134754776954651,0.28902092576026917
69.635653,0.04605913162231445,-0.2576006054878235,0.18430370092391968
69.736124,-0.10069502145051956,0.4399917721748352,0.1653262972831726
69.836736,-0.00017333030700683594,-0.22156065702438354,0.07980471849441528
69.937092,-0.12120240926742554,0.06709879636764526,0.07126125693321228
70.037701,0.18486574292182922,0.009541213512420654,0.16922348737716675
70.138090,-0.011508792638778687,-0.15144848823547363,-0.054309070110321045
70.238704,0.017549365758895874,0.031173646450042725,0.03916028141975403
70.339272,-0.05053219199180603,0.33913421630859375,-0.11199241876602173
70.439728,-0.20322446525096893,-0.29453611373901367,0.06430274248123169
70.540261,0.22687962651252747,-0.1857699155807495,0.06250223517417908
70.640742,-0.27585774660110474,0.3259667158126831,-0.005660891532897949
70.741217,0.14147743582725525,-0.24338144063949585,0.09953369200229645
70.841819,-0.16281932592391968,-0.08105188608169556,-0.39047378301620483
70.942271,0.15389108657836914,0.1306210160255432,0.2663923501968384
71.042778,0.021311074495315552,-0.19511592388153076,-0.04911160469055176
71.143241,0.036712050437927246,-0.07682168483734131,0.059055447578430176
71.243807,-0.08278986811637878,0.19191676378250122,-0.09436482191085815
71.344385,-0.1446484625339508,0.222417414188385,0.015363993123173714
71.444839,0.14680221676826477,-0.36175477504730225,-0.07179465889930725
71.545371,-0.2695242166519165,0.17790156602859497,-0.0023918747901916504
71.645863,0.23127995431423187,0.2135445475578308,0.10428373515605927
71.746504,-0.28737926483154297,-0.21392905712127686,-0.518140971660614
71.846974,0.059626758098602295,0.096249520778656,0.1726403534412384
71.947444,0.09568968415260315,-0.14012110233306885,0.06047502160072327
72.047951,-0.020917892456054688,-0.05670708417892456,0.01174423098564148
72.148264,0.056599557399749756,0.1487782597541809,-0.021849989891052246
72.248724,-0.29557129740715027,0.18526369333267212,-0.014261119067668915
72.349541,0.27596980333328247,-0.3740499019622803,0.04277661442756653
72.449953,-0.25418397784233093,0.2389712929725647,0.08907362818717957
72.550551,0.24750947952270508,0.39206188917160034,0.09384655952453613
72.650957,-0.3016260266304016,-0.23143041133880615,-0.29668092727661133
72.751452,0.015285193920135498,0.10647338628768921,0.1793370544910431
72.851960,0.06855064630508423,-0.1597120761871338,0.1497807651758194
72.952504,-0.03505498170852661,-0.1289120316505432,-0.0005759894847869873
73.052957,0.010347187519073486,0.13368383049964905,-0.011039972305297852
73.153488,0.03819084167480469,0.4803962707519531,-0.048341959714889526
73.253910,0.09817421436309814,-0.4985229969024658,0.21970070898532867
73.354741,-0.04030290246009827,-0.13532793521881104,0.24900150299072266
73.455073,0.09326549619436264,0.5092287063598633,0.049102723598480225
73.555589,-0.020745068788528442,-0.16227346658706665,-0.03929668664932251
73.656102,-0.07825392484664917,0.14098966121673584,0.15318351984024048
73.756574,0.10603219270706177,-0.11742657423019409,0.14308011531829834
73.857118,-0.02743440866470337,-0.1406688690185547,0.016438305377960205
73.957587,0.06849288940429688,0.1153566837310791,-0.031076371669769287
74.058139,-0.01307767629623413,0.5071003437042236,-0.15769463777542114
74.158766,-0.05348291993141174,-0.421589732170105,0.2891803979873657
74.259098,0.13528740406036377,-0.38246291875839233,0.18905037641525269
74.359720,-0.296854168176651,0.6117696762084961,0.02997073531150818
74.460128,0.09577423334121704,-0.48414015769958496,0.2574997544288635
74.560628,-0.1604914665222168,0.1762775182723999,0.011563211679458618
74.661214,0.26017192006111145,0.03208792209625244,0.2716779410839081
74.761652,-0.07297718524932861,-0.11494457721710205,-0.14464151859283447
74.862156,-0.02252104878425598,0.0010793209075927734,0.005532681941986084
74.962700,0.023267269134521484,-0.02110534906387329,0.03283074498176575
75.063294,0.017792463302612305,0.014258623123168945,0.022939741611480713
75.163802,0.007696628570556641,0.01635187864303589,-0.009707391262054443
75.264255,7.11977481842041e-05,0.009503483772277832,0.02258223295211792
75.364830,0.013790547847747803,0.00351107120513916,0.011664152145385742
75.465277,-0.004134654998779297,0.029328525066375732,-0.0009801387786865234
75.565743,-0.017962545156478882,-0.0165255069732666,-0.009006083011627197
75.666439,0.016287177801132202,0.03794729709625244,0.006968438625335693
75.766788,-0.1979740560054779,0.3099285960197449,-0.15315937995910645
75.867321,0.26832494139671326,-0.48852574825286865,0.0936397910118103
75.967848,0.04821285605430603,-0.177140474319458,0.19162583351135254
76.068371,-0.19434677064418793,0.5122448205947876,-0.11475619673728943
76.168873,0.12462905049324036,-0.15326696634292603,0.1824028491973877
76.269334,-0.10222277045249939,0.15582764148712158,0.22262433171272278
76.369899,0.16450577974319458,-0.06571692228317261,0.13623321056365967
76.470349,-0.03630390763282776,-0.10280632972717285,-0.06329706311225891
76.570869,-0.05658486485481262,0.30602192878723145,-0.16361254453659058
76.671430,-0.13108894228935242,-0.305997371673584,0.14476585388183594
76.771902,0.14948919415473938,-0.21058493852615356,0.008086949586868286
76.872373,-0.09228436648845673,0.3318752646446228,0.028532445430755615
76.972962,-0.046340763568878174,-0.22020477056503296,-0.05132126808166504
77.073492,-0.03872844576835632,-0.1665271520614624,-0.3028271198272705
77.173999,0.06177067756652832,0.14313912391662598,0.22368456423282623
77.274414,0.0487346351146698,-0.04332113265991211,0.03727596998214722
77.374847,-0.017246633768081665,-0.06651139259338379,-0.026621103286743164
77.475486,0.038105905055999756,0.1757778525352478,-0.003121316432952881
77.575956,-0.2427549958229065,-0.03458964824676514,-0.03151258826255798
77.676596,0.27907633781433105,-0.3061690926551819,0.06360471248626709
77.777049,-0.12680312991142273,0.20789217948913574,0.12406417727470398
77.877637,-0.03929723799228668,0.3804512023925781,-0.0394662544131279
77.977941,-0.16124501824378967,-0.3153805732727051,-0.08892351388931274
78.078579,0.011742264032363892,-0.01878952980041504,0.041892290115356445
78.179089,0.14293575286865234,-0.005177438259124756,0.23656333982944489
78.279632,-0.014098972082138062,-0.10796517133712769,-0.008078336715698242
78.380172,-0.08567079901695251,0.1487489938735962,-0.12545157968997955
78.480642,-0.2944771945476532,-0.034812867641448975,-0.08184394240379333
78.581095,0.25897592306137085,-0.2860599756240845,0.1255275011062622
78.681700,-0.10173279047012329,0.1445634365081787,0.19088679552078247
78.782140,0.018221639096736908,0.3172389268875122,-0.07446946203708649
78.882713,-0.2116038054227829,-0.2441422939300537,-0.1474762260913849
78.983261,0.047931820154190063,-0.0010832548141479492,-0.015842095017433167
79.083666,0.15280044078826904,0.02345961332321167,0.25434577465057373
79.184242,-0.04386851191520691,-0.13585948944091797,-0.014123901724815369
79.284680,0.013460665941238403,-0.012471437454223633,0.01656244695186615
79.385127,0.020786285400390625,0.18088364601135254,-0.034460313618183136
79.485763,-0.292266309261322,0.01706451177597046,-0.18260610103607178
79.586198,0.17506569623947144,-0.3438652753829956,0.08926916122436523
79.686792,0.06435155868530273,0.03316760063171387,0.2833734452724457
79.787246,-0.0847667008638382,0.3427186608314514,-0.07686644792556763
79.887752,-0.24501395225524902,-0.26909738779067993,-0.09215463697910309
79.988232,0.04312962293624878,-0.06224024295806885,-0.04551924020051956
80.088747,0.09806296229362488,0.0056282877922058105,0.2073913812637329
80.189339,0.020127177238464355,-0.13040751218795776,0.02934873104095459
80.289766,-0.0013076066970825195,0.03710454702377319,0.027318593114614487
80.390264,-0.040134042501449585,0.18524163961410522,-0.09842848032712936
80.490761,-0.2807067036628723,-0.059662699699401855,-0.10312816500663757
80.591397,0.203653484582901,-0.3068832755088806,0.1789182424545288
80.691846,-0.004779815673828125,0.07358843088150024,0.2273516058921814
80.792309,-0.05254657566547394,0.36121827363967896,-0.04867970943450928
80.892772,-0.3156578242778778,-0.24701744318008423,-0.10260322690010071
80.993433,0.13295337557792664,-0.20724236965179443,-0.05821765959262848
81.093869,0.04138585925102234,0.08826714754104614,0.1940796673297882
81.194411,-0.16282770037651062,-0.11198103427886963,-0.1467844396829605
81.294893,-0.09993049502372742,0.0038723349571228027,-0.07699382305145264
81.395392,0.0739724338054657,0.04750770330429077,0.1443118453025818
81.495906,0.1476830244064331,0.14677518606185913,0.14392438530921936
81.596445,-0.34324926137924194,0.006360828876495361,-0.11310875415802002
81.696969,0.2594495415687561,-0.4530078172683716,0.1905721127986908
81.797430,-0.06763088703155518,0.11533546447753906,0.1629350781440735
81.897966,0.1024242639541626,0.3507564067840576,-0.03594387322664261
81.998431,-0.026057064533233643,-0.23615556955337524,0.05185234919190407
82.098966,-0.07228189706802368,0.10468250513076782,0.08112812042236328
82.199421,0.15958410501480103,-0.020498037338256836,0.1531049758195877
82.300003,-0.01748037338256836,-0.13599073886871338,7.952749729156494e-05
82.400587,0.04117560386657715,0.042503416538238525,0.06014576554298401
82.501140,-0.02367621660232544,0.3397628664970398,-0.13498765230178833
82.601529,-0.13967594504356384,-0.4554861783981323,0.012568697333335876
82.702061,0.12235015630722046,-0.17723536491394043,0.05738160014152527
82.802576,-0.142141193151474,0.4582461714744568,0.06305724382400513
82.903182,0.002295881509780884,-0.34981924295425415,0.053789131343364716
83.003589,-0.18392598628997803,-0.06703078746795654,-0.4372488856315613
83.103897,0.15677717328071594,0.10037344694137573,0.2691737413406372
83.204751,-0.008033335208892822,-0.19656586647033691,-0.01175110787153244
83.305237,-0.010691195726394653,-0.0011644363403320312,0.037472546100616455
83.405615,0.015955179929733276,0.319164514541626,-0.14527839422225952
83.506029,-0.37528225779533386,-0.14044249057769775,-0.13045766949653625
83.606739,0.2655411958694458,-0.31400781869888306,0.07970696687698364
83.707294,-0.11704614758491516,0.2805999517440796,0.15735000371932983
83.807687,0.0410761684179306,0.14324957132339478,-0.013238310813903809
83.908217,-0.046157509088516235,-0.1465173363685608,-0.18999230861663818
84.008706,0.0744415819644928,0.19390767812728882,0.19092899560928345
84.109253,0.09485355019569397,-0.14995932579040527,0.10860687494277954
84.209723,-0.0822000801563263,-0.17613166570663452,0.051367223262786865
84.310233,0.042290300130844116,0.0871245265007019,0.03211289644241333
84.410714,-0.0017127394676208496,0.35247188806533813,-0.14170217514038086
84.511320,-0.31951138377189636,-0.347470223903656,-0.033982038497924805
84.611761,0.20899426937103271,-0.30365604162216187,0.07796426117420197
84.712307,-0.1275794804096222,0.36741846799850464,0.17930066585540771
84.812860,0.03744751214981079,0.10942894220352173,-0.11395382881164551
84.913302,-0.06491988897323608,-0.1737106442451477,-0.16961872577667236
85.013776,0.09203571081161499,0.17274874448776245,0.20401275157928467
85.114249,0.07314956188201904,-0.0917125940322876,0.06248068809509277
85.214839,-0.16461434960365295,-0.03938329219818115,-0.07306194305419922
85.315269,-0.1289960741996765,0.018461763858795166,-0.10853691399097443
85.415820,0.0253450870513916,0.016598880290985107,0.05502459406852722
85.516364,0.15861564874649048,0.11814087629318237,0.145460844039917
85.616848,-0.13413244485855103,0.17705750465393066,-0.01340775191783905
85.717336,0.3596646785736084,-0.5943782329559326,0.43751585483551025
85.817850,-0.09138941764831543,-0.010612130165100098,0.22371387481689453
85.918418,0.05340921878814697,0.4713878631591797,0.06224021315574646
86.018974,0.05983719229698181,-0.29797667264938354,0.16454803943634033
86.119343,-0.07699191570281982,0.19524312019348145,0.06910276412963867
86.219970,0.1928861141204834,-0.02355736494064331,0.1441425085067749
86.320458,-0.17850065231323242,-0.20744657516479492,-0.05052223801612854
86.420934,0.06178802251815796,-0.11701244115829468,0.07672119140625
86.521450,0.054338812828063965,0.28379398584365845,0.0031156539916992188
86.621996,-0.13376373052597046,0.3652023673057556,-0.059595584869384766
86.722476,0.1439683437347412,-0.5135359168052673,0.11483603715896606
86.822967,-0.18445736169815063,0.13380461931228638,0.2695639133453369
86.923536,0.2574155926704407,0.5192347168922424,0.07636213302612305
87.023985,-0.1984041929244995,-0.20790702104568481,-0.06313204020261765
87.124469,-0.007376670837402344,0.13399940729141235,0.1006738543510437
87.225037,0.15331381559371948,-0.026675879955291748,0.11668086051940918
87.325558,-0.2194182276725769,-0.19855213165283203,-0.02425670623779297
87.426001,0.061785340309143066,-0.11110961437225342,0.0742088109254837
87.526559,0.06109964847564697,0.24192416667938232,0.03176671266555786
87.626998,-0.13179266452789307,0.33408123254776,-0.1583535522222519
87.727585,0.17414838075637817,-0.4952933192253113,0.13612252473831177
87.828086,-0.3408694267272949,0.15861093997955322,0.13840818405151367
87.928610,0.2669488191604614,0.27602148056030273,0.03789197653532028
88.029120,-0.3605501651763916,-0.1447211503982544,-0.30232125520706177
88.129567,0.24714839458465576,0.23569881916046143,0.2576823830604553
88.230200,-0.05187016725540161,-0.15867769718170166,-0.042570292949676514
88.330735,-0.0487784743309021,-0.15697193145751953,0.014022663235664368
88.431040,0.12949210405349731,0.14166724681854248,0.04890066385269165
88.531716,0.09482234716415405,0.40535682439804077,-0.1302470564842224
88.632229,-0.3961770236492157,-0.5879454612731934,0.14843331277370453
88.732766,0.2182673215866089,-0.27832847833633423,0.10992211103439331
88.833173,-0.035303205251693726,0.5181334018707275,0.04088711738586426
88.933693,-0.12401998043060303,-0.41624200344085693,0.05818139761686325
89.034237,-0.1670171022415161,0.09464097023010254,-0.22731256484985352
89.134834,0.25151127576828003,0.1476435661315918,0.22769516706466675
89.235241,-0.3975018262863159,-0.26336032152175903,-0.20347554981708527
89.335777,0.017154395580291748,0.1111072301864624,0.0010444223880767822
89.436208,0.29021525382995605,0.25970977544784546,0.14678138494491577
89.536759,-0.17876380681991577,0.10291677713394165,-0.015427350997924805
89.637295,0.35657989978790283,-0.5892660617828369,0.4700195789337158
89.737719,-0.06191888451576233,0.2173607349395752,0.23006463050842285
89.838285,0.1471678614616394,0.3926813006401062,-0.06895594298839569
89.938796,-0.10885372757911682,-0.20944947004318237,-0.07170310616493225
90.039385,0.025955796241760254,0.16023170948028564,0.19000354409217834
90.139825,0.036601752042770386,-0.19061380624771118,0.09121972322463989
90.240404,-0.03568360209465027,-0.12235784530639648,-0.013279378414154053
90.340876,0.016443222761154175,0.24440151453018188,-0.04705730080604553
90.441306,-0.25242456793785095,0.1449107527732849,-0.13340967893600464
90.541947,0.28788501024246216,-0.2834552526473999,0.1807469129562378
90.642383,-0.19938597083091736,0.29045534133911133,0.08895206451416016
90.742899,0.07263413071632385,-0.14533472061157227,0.05732613801956177
90.843529,-0.19653427600860596,-0.07012754678726196,-0.37909257411956787
90.943919,0.1577097773551941,0.1354939341545105,0.2526053190231323
91.044452,-0.011831223964691162,-0.13608676195144653,-0.020876824855804443
91.144921,-0.13005965948104858,-0.06643897294998169,-0.03279547393321991
91.245466,0.0761980414390564,0.03478175401687622,0.07027623057365417
91.346028,0.059888362884521484,0.06378000974655151,0.031827449798583984
91.446545,-0.07681795954704285,0.3569451570510864,-0.23707157373428345
91.546975,-0.09940111637115479,-0.5201061964035034,0.1801609992980957
91.647639,0.10263782739639282,-0.17632800340652466,0.13728171586990356
91.747959,0.13418935239315033,0.7933340072631836,-0.035398125648498535
91.848498,-0.00486677885055542,-0.3856542706489563,0.23024320602416992
91.948897,-0.13463425636291504,0.11094808578491211,-0.08277827501296997
92.049516,0.15066060423851013,0.04099828004837036,0.13193780183792114
92.149969,-0.06719031929969788,-0.05600261688232422,-0.006032286211848259
92.250541,-0.021878302097320557,0.034708499908447266,-0.006379362195730209
92.351143,-0.06708213686943054,0.03127396106719971,-0.040814634412527084
92.451662,-0.015162855386734009,-0.0006469488143920898,-0.001501619815826416
92.552087,0.07206445932388306,0.05504250526428223,0.10144105553627014
92.652672,-0.16303929686546326,0.20688611268997192,-0.06608261168003082
92.753164,-0.11488765478134155,-0.31418001651763916,-0.08757346868515015
92.853679,0.11943018436431885,-0.24205893278121948,0.3900911509990692
92.954105,-0.07705768942832947,0.2942396402359009,0.054383784532547
93.054638,-0.2598983943462372,-0.2564201354980469,-0.10787439346313477
93.155104,-0.10750100016593933,0.05772054195404053,-0.16202369332313538
93.255643,0.18122223019599915,-0.04900956153869629,0.22426384687423706
93.356277,-0.025954008102416992,-0.19510549306869507,0.06694328784942627
93.456750,-0.0013125240802764893,-0.08917248249053955,0.0532299280166626
93.557138,0.028413385152816772,0.2653771638870239,0.01748257875442505
93.657789,-0.1843806356191635,0.14307373762130737,-0.1315542459487915
93.758204,0.03953909873962402,-0.42283493280410767,0.11697549372911453
93.858722,0.0071006715297698975,0.029871046543121338,0.36187469959259033
93.959194,0.011293565854430199,0.3528369069099426,0.10556221008300781
94.059794,-0.2121221423149109,-0.2755165696144104,-0.010758519172668457
94.160354,-0.10754987597465515,-0.15972447395324707,-0.3548348546028137
94.260708,0.03786948323249817,0.10568732023239136,0.1534706950187683
94.361300,0.002689957618713379,-0.13220512866973877,0.0671885758638382
94.461823,-0.027877718210220337,-0.044253766536712646,0.04800185561180115
94.562227,0.03716197609901428,0.09727483987808228,0.010095566511154175
94.662863,-0.02179674804210663,0.32063859701156616,-0.14172857999801636
94.763350,-0.1393040418624878,-0.374491810798645,-0.05337810516357422
94.863828,0.11847934126853943,-0.22203439474105835,0.27396413683891296
94.964302,-0.03616651892662048,0.24204480648040771,0.07054853439331055
95.064823,-0.3302067518234253,-0.17234712839126587,-0.14694863557815552
95.165398,-0.01687338948249817,-0.15234392881393433,-0.21067678928375244
95.265950,0.09834522008895874,0.1386328935623169,0.187267005443573
95.366399,0.04037371277809143,-0.10784912109375,0.05022001266479492
95.466909,0.00015917420387268066,-0.018920421600341797,0.0318610817193985
95.567400,0.01332777738571167,0.12676966190338135,-0.014809414744377136
95.668000,-0.1557917296886444,0.2356717586517334,-0.19216549396514893
95.768492,0.09106135368347168,-0.39957404136657715,0.15593373775482178
95.868943,0.18215858936309814,-0.10352939367294312,0.4129302501678467
95.969407,-0.17459870874881744,0.49094879627227783,-0.06855051219463348
96.069973,-0.40807288885116577,-0.41510647535324097,-0.03397226333618164
96.170491,0.0010871589183807373,-0.03449404239654541,-0.15580308437347412
96.270985,0.1675037145614624,0.076987624168396,0.18665814399719238
96.371510,0.0056182146072387695,-0.0645289421081543,0.027606241405010223
96.472054,-0.12765240669250488,-0.061129212379455566,-0.041277650743722916
96.572469,0.008323997259140015,0.1282455325126648,-0.0558893084526062
96.673038,-0.02158796787261963,0.24533939361572266,-0.10404635220766068
96.773633,0.06429970264434814,-0.47683054208755493,0.2808142900466919
96.874007,0.19253534078598022,-0.013717889785766602,0.33626866340637207
96.974524,-0.1398589313030243,0.5653734803199768,-0.11079749464988708
97.075050,-0.06830304861068726,-0.38200491666793823,0.09533309936523438
97.175671,-0.04283183813095093,0.09971565008163452,0.04680192470550537
97.276025,0.1075458824634552,0.08459699153900146,0.06862640380859375
97.376635,-0.0644608736038208,0.029285669326782227,-0.017988860607147217
97.477059,0.05811589956283569,0.247553288936615,-0.07853816449642181
97.577539,-0.16508260369300842,-0.29548412561416626,0.08667242527008057
97.678181,0.18156644701957703,-0.3458027243614197,0.43720218539237976
97.778619,-0.16048593819141388,0.333437979221344,0.07675707340240479
97.879188,-0.24283505976200104,-0.16267478466033936,-0.13246941566467285
97.979730,-0.08160251379013062,-0.15575093030929565,-0.2531200051307678
98.080168,0.12194713950157166,0.06103658676147461,0.25241541862487793
98.180721,-0.022990375757217407,-0.14911681413650513,0.051960647106170654
98.281259,0.01105046272277832,0.14896035194396973,0.016675129532814026
98.381707,-0.1642102599143982,0.21817481517791748,-0.18772971630096436
98.482176,0.1543230414390564,-0.441511869430542,0.19097721576690674
98.582715,0.11542168259620667,-0.01725977659225464,0.37562668323516846
98.683286,-0.009727925062179565,0.37623339891433716,-7.037818431854248e-05
98.783831,-0.39333826303482056,-0.27237117290496826,-0.11390329897403717
98.884312,0.015792876482009888,-0.16456282138824463,-0.13269197940826416
98.984819,0.1574094593524933,0.07746946811676025,0.25667351484298706
99.085456,-0.023900866508483887,-0.2032715082168579,0.007340665906667709
99.185775,0.0022833645343780518,0.02415633201599121,0.07410883903503418
99.286365,0.048839271068573,0.23906606435775757,-0.06632577627897263
99.386806,-0.23383474349975586,0.09639137983322144,-0.15773281455039978
99.487408,0.15745878219604492,-0.4439185857772827,0.250468373298645
99.587858,0.13711413741111755,0.14599472284317017,0.364524781703949
99.688361,0.07258199155330658,0.35150015354156494,0.04583895951509476
99.788889,-0.43176358938217163,-0.23100990056991577,-0.2386779487133026
99.889300,0.06724616885185242,-0.23422157764434814,0.07555603981018066
99.989833,0.04395383596420288,0.11682438850402832,0.10265767574310303
100.090373,0.0981508195400238,-0.05115914344787598,0.07049122452735901
100.190920,-0.05492010712623596,0.0048010945320129395,-0.03265167772769928
100.291398,0.04261964559555054,0.09596598148345947,-0.03906989097595215
100.391900,-0.014642208814620972,-0.048000216484069824,0.04316946864128113
100.492475,0.06269562244415283,0.07625174522399902,0.08854971826076508
100.592936,0.03991293907165527,0.1479017734527588,-0.08951807022094727
100.693398,-0.44430801272392273,-0.2707688808441162,-0.04589968919754028
100.793958,0.2235737442970276,-0.27376049757003784,0.10538658499717712
100.894350,0.08989489078521729,0.3017187714576721,0.2072979211807251
100.994980,-0.16549035906791687,0.26948320865631104,-0.36131274700164795
101.095487,-0.06729871034622192,-0.3305090069770813,0.1618356704711914
101.196023,0.04830256104469299,0.03972071409225464,-0.012587770819664001
101.296456,0.004563033580780029,-0.011044085025787354,0.14930438995361328
101.397019,-0.09988170862197876,0.0173148512840271,-0.17748171091079712
101.497567,-0.02982690930366516,0.05989009141921997,0.04643738269805908
101.598008,0.038529545068740845,-0.0049190521240234375,0.06885474920272827
101.698519,-0.028047919273376465,0.2634661793708801,-0.09674695134162903
101.799081,0.05698540806770325,-0.3185357451438904,0.012268096208572388
101.899515,0.014530777931213379,-0.3971003293991089,0.42907971143722534
102.000004,-0.14750155806541443,0.37901854515075684,-0.06425988674163818
102.100598,-0.11387159675359726,-0.17046070098876953,-0.09129202365875244
102.201179,-0.03275221586227417,-0.04521048069000244,-0.3035610020160675
102.301557,0.05218824744224548,0.01666957139968872,0.2673126757144928
102.402098,0.03842988610267639,-0.13791424036026,0.02868962287902832
102.502615,-0.052816957235336304,-0.07552123069763184,0.05288398265838623
102.603195,0.06519320607185364,0.21344101428985596,0.028411388397216797
102.703622,-0.33413565158843994,-0.0050321221351623535,-0.17317116260528564
102.804137,0.12424615025520325,-0.28312259912490845,0.07330602407455444
102.904669,0.019249826669692993,0.06957226991653442,0.28334200382232666
103.005102,0.08558322489261627,0.5976076722145081,0.0008497238159179688
103.105648,-0.2312699407339096,-0.4712921380996704,-0.08068746328353882
103.206320,-0.030179142951965332,0.0900568962097168,0.008564203977584839
103.306670,0.17363539338111877,0.014780104160308838,0.15019983053207397
103.407175,-0.062008410692214966,-0.11091810464859009,-0.02131342887878418
103.507749,-0.01803112030029297,-0.03593355417251587,0.030391812324523926
103.608196,0.07349970936775208,-0.006314635276794434,0.08360165357589722
103.708753,0.020212262868881226,0.22380071878433228,-0.02109837532043457
103.809231,-0.2929355502128601,-0.07118010520935059,-0.20405374467372894
103.909727,0.07711493968963623,-0.3324989676475525,0.03268343210220337
104.010255,0.13059628009796143,0.01636791229248047,0.2989758253097534
104.110818,-0.0464046448469162,0.4194861054420471,-0.023769289255142212
104.211248,-0.3109232485294342,-0.4682468771934509,-0.04622901976108551
104.311976,-0.005900681018829346,-0.03604775667190552,-0.1186780333518982
104.412359,0.17501747608184814,0.11231398582458496,0.27107155323028564
104.512838,-0.09719312191009521,-0.25515568256378174,0.005595438182353973
104.613327,0.019894063472747803,0.07655274868011475,0.11255598813295364
104.713849,0.08378666639328003,0.13688313961029053,-0.0537869930267334
104.814477,-0.4278688430786133,-0.04393702745437622,-0.17740073800086975
104.914826,0.16372284293174744,-0.46107733249664307,0.02868676371872425
105.015367,-0.054737746715545654,0.2900102734565735,0.22081303596496582
105.115941,-0.05002441257238388,0.34381842613220215,-0.22249704599380493
105.216420,0.007452845573425293,-0.31429779529571533,0.15768074989318848
105.316933,0.1536872386932373,0.2833777070045471,0.12433219701051712
105.417450,0.021736115217208862,-0.06469619274139404,0.0915570855140686
105.517935,-0.25123855471611023,-0.08757883310317993,-0.14985251426696777
105.618458,0.07921189069747925,0.19156450033187866,0.024310141801834106
105.718931,0.37207311391830444,0.2686263918876648,0.15362584590911865
105.819493,-0.43993380665779114,-0.2011657953262329,0.036479949951171875
105.919987,-0.021390974521636963,-0.6803227663040161,0.0889965295791626
106.020428,-0.3857256770133972,0.3557285666465759,0.2892068028450012
106.120953,-0.011573530733585358,-0.16588598489761353,-0.11750239133834839
106.221525,-0.20500490069389343,-0.06073504686355591,-0.2976997494697571
106.322076,0.15087592601776123,0.16639703512191772,0.2238735854625702
106.422496,-0.1081351637840271,-0.23454105854034424,0.046398892998695374
106.523073,0.02281305193901062,-0.035369277000427246,0.06514695286750793
106.623540,0.025237858295440674,0.2055414319038391,-0.008639812469482422
106.724089,-0.24487125873565674,0.11214137077331543,-0.17262707650661469
106.824531,0.09637826681137085,-0.5099732875823975,0.13397008180618286
106.925152,0.15513968467712402,0.1282414197921753,0.3402906060218811
107.025613,0.14293397963047028,0.5545450448989868,-0.15122413635253906
107.126079,-0.06271731853485107,-0.3221370577812195,0.18987321853637695
107.226553,0.05424857139587402,0.22645366191864014,0.09875203669071198
107.327127,0.17205241322517395,-0.03462928533554077,0.1074637919664383
107.427574,-0.1116676926612854,-0.13317137956619263,-0.060314878821372986
107.528253,0.11535272002220154,0.10247951745986938,0.0818261206150055
107.628614,-0.028417140245437622,0.29460954666137695,-0.11329108476638794
107.729115,-0.31075167655944824,-0.14535361528396606,-0.05286087095737457
107.829719,0.16682302951812744,-0.5095311999320984,0.0790666937828064
107.930200,-0.044483035802841187,0.21377354860305786,0.30806535482406616
108.030613,-0.14631105959415436,0.23975753784179688,-0.30900102853775024
108.131220,0.038360595703125,-0.16429781913757324,0.13929349184036255
108.231755,0.16741323471069336,0.2698008418083191,0.15285241603851318
108.332176,0.05474331974983215,-0.1549464464187622,0.15267325937747955
108.432766,-0.06188175082206726,-0.0932164192199707,0.015342533588409424
108.533235,0.06630274653434753,0.11922258138656616,0.07831770181655884
108.633749,0.07803687453269958,0.3413493037223816,-0.09705245494842529
108.734298,-0.5069249868392944,-0.2773604989051819,-0.01987329125404358
108.834788,0.16103053092956543,-0.3673088550567627,0.13775980472564697
108.935299,0.03593277931213379,0.2375720739364624,0.35593631863594055
109.035824,-0.02950052171945572,0.3579043745994568,-0.22733408212661743
109.136350,-0.12612468004226685,-0.2955552935600281,0.1451951265335083
109.236807,0.0901995301246643,0.29198282957077026,0.14025993645191193
109.337310,-0.08087459206581116,-0.017789065837860107,-0.030234545469284058
109.437824,-0.04722541570663452,0.013749539852142334,-0.012736916542053223
109.538390,0.009475469589233398,0.10776412487030029,0.08608722686767578
109.638881,-0.10217234492301941,0.06679880619049072,-0.012508034706115723
109.739362,0.1485120952129364,-0.5063261985778809,0.26525625586509705
109.839982,-0.42183929681777954,0.07851159572601318,0.2057611346244812
109.940359,-0.04989023506641388,0.343106210231781,0.06513191759586334
110.040864,0.04966539144515991,-0.33604133129119873,-0.1520271897315979
110.141414,0.01634317636489868,0.18721860647201538,0.44416719675064087
110.241968,0.08625882863998413,-0.20955723524093628,0.04352185130119324
110.342357,-0.13011199235916138,-0.07644122838973999,0.049747318029403687
110.442948,0.026109248399734497,0.02750110626220703,0.06469422578811646
110.543429,-0.06613767147064209,0.39824968576431274,-0.035256803035736084
110.643967,-0.17776760458946228,-0.5590879321098328,-0.1592034101486206
110.744481,0.2604222595691681,-0.1618802547454834,0.24253803491592407
110.844973,-0.1777176856994629,0.4122629165649414,0.07577764987945557
110.945550,-0.1432468593120575,-0.3977963924407959,-0.14386790990829468
111.046003,-0.056866854429244995,-0.11522442102432251,-0.3484080731868744
111.146431,0.04740944504737854,0.07249706983566284,0.24302160739898682
111.246955,0.039278388023376465,-0.27786797285079956,-0.0196591317653656
111.347487,-0.011338919401168823,0.11358600854873657,0.1161268949508667
111.448073,0.03342130780220032,0.2502642273902893,-0.0896013081073761
111.548531,-0.6128292083740234,-0.2326551079750061,-0.339174747467041
111.649038,0.17610514163970947,-0.5218541026115417,0.1836308240890503
111.749588,-0.01580965518951416,0.2736371159553528,0.43785974383354187
111.850086,-0.35625290870666504,0.1745200753211975,-0.20276927947998047
111.950694,-0.12945571541786194,-0.3311099410057068,-0.09293071925640106
112.051050,0.07466310262680054,0.21628838777542114,0.23155444860458374
112.151586,-0.08658429980278015,-0.22640538215637207,-0.01879964768886566
112.252112,-0.01348164677619934,-0.037454962730407715,0.019231677055358887
112.352669,0.04413434863090515,0.11085861921310425,0.06880354881286621
112.453147,-0.19586238265037537,0.22150260210037231,-0.2104349136352539
112.553594,0.1531728208065033,-0.6113526225090027,0.34765535593032837
112.654173,0.17863500118255615,0.16315734386444092,0.42001891136169434
112.754730,0.013160854578018188,0.6441922783851624,-0.111512690782547
112.855204,-0.019617199897766113,-0.5821178555488586,0.17075896263122559
112.955626,0.02825191617012024,0.24353253841400146,0.027459651231765747
113.056201,0.14483442902565002,-0.010570406913757324,0.18960197269916534
113.156718,-0.0324634313583374,-0.14381647109985352,0.025120258331298828
113.257223,0.07479625940322876,0.14804339408874512,0.034961581230163574
113.357734,0.01118922233581543,0.25065404176712036,-0.0933539867401123
113.458180,-0.4304352104663849,-0.3422326445579529,-0.09364664554595947
113.558753,0.20452523231506348,-0.4748610854148865,0.27729183435440063
113.659240,-0.028434932231903076,0.3123031258583069,0.3238709568977356
113.759791,-0.04226470738649368,0.5724851489067078,-0.2807997465133667
113.860279,-0.0811561793088913,-0.5332769155502319,0.20572388172149658
113.960854,0.08719328045845032,0.06879293918609619,-0.0525360032916069
114.061304,0.10965043306350708,0.11579835414886475,0.28372758626937866
114.161850,-0.050492823123931885,-0.17942702770233154,-0.03836137056350708
114.262328,-0.021283388137817383,0.10026288032531738,0.07385897636413574
114.362893,-0.00522187352180481,0.33699971437454224,-0.1969892978668213
114.463421,-0.3866855800151825,-0.3690139055252075,-0.056655436754226685
114.563916,0.2588304281234741,-0.30950742959976196,0.362684965133667
114.664378,0.003504157066345215,0.2567412853240967,0.3516280949115753
114.764904,-0.27191129326820374,0.4448816776275635,-0.35784751176834106
114.865346,-0.03916451334953308,-0.5333129167556763,0.27649545669555664
114.965963,0.15480229258537292,0.17190635204315186,0.09023231267929077
115.066372,0.09576094150543213,-0.07996976375579834,0.21235235035419464
115.166918,-0.13163027167320251,-0.1529483199119568,-0.06835664808750153
115.267423,0.0019463002681732178,0.048279762268066406,-0.015145957469940186
115.368024,0.039692699909210205,0.19502657651901245,0.0404331237077713
115.468449,-0.27159374952316284,0.05283993482589722,-0.27063101530075073
115.568983,0.08987325429916382,-0.257809579372406,-0.045389920473098755
115.669534,0.22972232103347778,-0.3750905990600586,0.5480665564537048
115.769971,-0.3795711100101471,0.48185330629348755,-0.09870868921279907
115.870486,-0.23224414885044098,-0.43911290168762207,-0.12300658226013184
115.971003,0.07182234525680542,0.035563528537750244,-0.04748585820198059
116.071491,0.09840330481529236,0.0278204083442688,0.2207937240600586
116.172045,-0.049323856830596924,-0.05638092756271362,-0.012906700372695923
116.272522,-0.0617404580116272,-0.008193910121917725,0.013634860515594482
116.373124,0.06388762593269348,0.09336555004119873,0.05312401056289673
116.473592,-0.37671807408332825,-0.03360950946807861,-0.18022316694259644
116.574090,0.11626982688903809,-0.3889954686164856,0.11249083280563354
116.674574,-0.07806923985481262,0.042679786682128906,0.3782427906990051
116.775006,-0.12288719415664673,0.4438549876213074,0.03346472978591919
116.875555,-0.1699877679347992,-0.46159225702285767,-0.1832600235939026
116.976120,0.04247093200683594,0.03242462873458862,0.17049476504325867
117.076553,0.08552020788192749,-0.015940368175506592,0.14121830463409424
117.177115,-0.06446874141693115,-0.10907936096191406,-0.06212906539440155
117.277691,-0.01336410641670227,-0.004140079021453857,-0.03765872120857239
117.378068,0.07118460536003113,0.286856472492218,-0.0176248699426651
117.478649,-0.2058873176574707,-0.24669557809829712,-0.07664871215820312
117.579186,0.10021507740020752,-0.3291947841644287,0.07607012987136841
117.679758,0.029100090265274048,0.149804949760437,0.292899489402771
117.780127,-0.10231074690818787,0.47252315282821655,-0.07143570482730865
117.880724,-0.24384957551956177,-0.40895652770996094,-0.12891244888305664
117.981178,0.07103097438812256,-0.09845036268234253,0.007514730095863342
118.081721,0.12970760464668274,0.07491499185562134,0.23789972066879272
118.182277,-0.06661677360534668,-0.1387661099433899,-0.03243779391050339
118.282810,-0.07115930318832397,0.016216278076171875,-0.02022331953048706
118.383140,0.02390846610069275,0.29862791299819946,-0.16778242588043213
118.483750,-0.22141602635383606,-0.3552969694137573,0.023761868476867676
118.584285,0.09791120886802673,-0.21740591526031494,0.28865981101989746
118.684917,-0.050039589405059814,0.2732265591621399,0.16577768325805664
118.785201,-0.3072924017906189,0.10977447032928467,-0.23164153099060059
118.885833,-0.012143552303314209,-0.321994423866272,-0.11484456807374954
118.986356,0.08352458477020264,0.15149307250976562,0.2054297924041748
119.086782,0.08018866181373596,-0.11856299638748169,0.10625981539487839
119.187333,-0.06144794821739197,0.027485430240631104,0.0026407241821289062
119.287904,0.019567906856536865,-0.003629624843597412,-0.022719673812389374
119.388377,0.022056013345718384,0.1167033314704895,0.007633678615093231
119.488891,-0.3686501085758209,-0.10730135440826416,-0.16716015338897705
119.589327,0.23438087105751038,-0.28931260108947754,0.16379310190677643
119.689895,0.06367707252502441,0.09953957796096802,0.23991864919662476
119.790336,-0.08581666648387909,0.5188112258911133,-0.07979430258274078
119.890821,-0.21537341177463531,-0.4337720274925232,-0.1265357881784439
119.991349,0.06520020961761475,-0.049510836601257324,0.01291060820221901
120.093270,0.13716718554496765,-0.012217879295349121,0.197428897023201
120.192404,-0.009966284036636353,-0.0047528743743896484,0.019988834857940674
120.293172,-0.03859409689903259,-0.05821859836578369,-0.060015082359313965
120.393469,0.05429786443710327,0.12788593769073486,0.039977915585041046
120.493929,-0.07042917609214783,0.06740391254425049,-0.13043361902236938
120.594440,0.04587104916572571,-0.2361193299293518,0.06899530440568924
120.695002,0.19679898023605347,-0.16277867555618286,0.3956712484359741
120.795458,-0.10720493644475937,0.39947426319122314,0.10706424713134766
120.896000,-0.5187194347381592,-0.2077317237854004,-0.3524644374847412
120.996529,0.09384486079216003,-0.2845805287361145,-0.1057630181312561
121.097026,0.06009179353713989,0.1328827142715454,0.2538198232650757
121.197521,0.08048975467681885,-0.05348318815231323,0.08209933340549469
121.298083,-0.059542447328567505,-0.034187138080596924,-0.06373989582061768
121.398558,0.03710845112800598,0.015597641468048096,0.1405525952577591
121.499051,0.07993263006210327,0.020574092864990234,0.05801744759082794
121.599574,-0.09733232855796814,0.27679240703582764,-0.07381511479616165
121.700096,-0.10680010914802551,-0.5888053178787231,0.042119383811950684
121.800531,0.18086576461791992,-0.001218557357788086,0.4688895046710968
121.901130,-0.09738603234291077,0.5031672716140747,0.020937740802764893
122.001643,-0.3357595205307007,-0.43963080644607544,-0.14163410663604736
122.102133,-0.01258397102355957,-0.21536368131637573,-0.29595351219177246
122.202590,0.08404985070228577,0.11845576763153076,0.2781386971473694
122.303146,0.04921644926071167,-0.15290123224258423,-0.044419631361961365
122.403737,-0.07218652963638306,0.031965434551239014,0.049514040350914
122.504181,0.062491774559020996,0.06563693284988403,-0.03794538974761963
122.604694,-0.06706130504608154,0.20500683784484863,-0.0856398269534111
122.705161,-0.12158596515655518,-0.5823429226875305,0.05373094975948334
122.805781,0.10532018542289734,-0.1467406153678894,0.4835512936115265
122.906220,-0.1117992252111435,0.5240844488143921,0.0479578971862793
123.006659,-0.2961711883544922,-0.6212491989135742,-0.15221118927001953
123.107231,-0.11424866318702698,-0.1459674835205078,-0.3196422755718231
123.207836,0.011937171220779419,-0.018715262413024902,0.24854803085327148
123.308196,0.09500086307525635,-0.03418862819671631,0.04613959789276123
123.408809,-0.05770832300186157,0.025668680667877197,0.015549063682556152
123.509237,0.058418601751327515,0.001412034034729004,-0.026745080947875977
123.609743,-0.054216668009757996,0.001478433609008789,0.03589504957199097
123.710344,0.012369230389595032,-0.014505922794342041,-0.0223122239112854
123.810739,-0.013590678572654724,-0.021218061447143555,0.08355623483657837
123.911339,0.03037068247795105,-0.02618938684463501,-0.025046169757843018
124.011853,-0.05192798376083374,-0.0011979937553405762,0.021457195281982422
124.112311,0.07073694467544556,0.18891042470932007,0.022906064987182617
124.212703,-0.1753372848033905,0.4609864354133606,0.013611853122711182
124.313380,0.09613195061683655,-0.32279449701309204,-0.05581551790237427
124.413858,0.04890942573547363,-0.5868518948554993,0.23854660987854004
124.514352,-0.11587096750736237,0.064547598361969,0.23116272687911987
124.614818,-0.2257486879825592,0.33527547121047974,0.031566351652145386
124.715386,-0.10257896780967712,-0.2501324415206909,0.017017126083374023
124.815906,0.02585756778717041,0.06576651334762573,0.29136258363723755
124.916426,0.17066270112991333,-0.04054194688796997,0.15369629859924316
125.016929,-0.10470503568649292,-0.10038542747497559,-0.00489044189453125
125.117450,0.0010448694229125977,0.07888418436050415,0.03752481937408447
125.217962,-0.10232073068618774,0.28103601932525635,-0.0659945011138916
125.318525,0.11175417900085449,-0.5155207514762878,-0.07220596820116043
125.418772,0.0011820197105407715,-0.22180497646331787,0.3180522322654724
125.519264,-0.04726285859942436,0.3377952575683594,0.19737964868545532
125.619903,-0.16359040141105652,-0.015626490116119385,-0.13375407457351685
125.720522,0.008932620286941528,-0.24082142114639282,-0.2231917381286621
125.820935,0.07167240977287292,0.1562192440032959,0.29866722226142883
125.921464,0.1039355993270874,-0.09637457132339478,0.053447186946868896
126.022019,-0.1172531247138977,-0.033063650131225586,-0.009625881910324097
126.122490,0.0577312707901001,-0.0277559757232666,0.013380855321884155
126.223012,0.015170961618423462,0.23429423570632935,0.04140922427177429
126.323619,-0.3684720993041992,-0.15552109479904175,-0.12688912451267242
126.423962,0.1857818067073822,-0.34481531381607056,0.035133302211761475
126.524699,0.10051056742668152,0.15444868803024292,0.21715810894966125
126.625010,-0.08700722455978394,0.3577994108200073,-0.0034640878438949585
126.725614,-0.004839032888412476,-0.3108319044113159,0.05777245759963989
126.825983,0.0899648666381836,0.19457876682281494,0.24019381403923035
126.926645,0.16089066863059998,-0.04172331094741821,0.12027367949485779
127.027143,-0.08068829774856567,-0.06797850131988525,-0.006775662302970886
127.127622,0.05303947627544403,0.07118481397628784,-0.005824655294418335
127.228094,-0.15125349164009094,0.3112414479255676,-0.15037763118743896
127.328657,0.008534908294677734,-0.6067909002304077,0.014319077134132385
127.429159,0.08684375882148743,-0.13273680210113525,0.36366236209869385
127.529657,-0.06602780520915985,0.3853069543838501,0.053352952003479004
127.630082,-0.35335808992385864,-0.29284799098968506,-0.3356536626815796
127.730760,0.06946814060211182,-0.18772822618484497,-0.08016185462474823
127.831158,0.10524138808250427,0.21366190910339355,0.2658304274082184
127.931706,0.11942097544670105,-0.11765152215957642,0.019243374466896057
128.032221,-0.14185640215873718,-0.011525332927703857,-0.01592029631137848
128.132711,0.033442288637161255,0.002465486526489258,-0.014093875885009766
128.233276,-0.02001926302909851,0.21370017528533936,0.019807174801826477
128.333787,-0.2930903136730194,-0.07999581098556519,-0.08587300777435303
128.434316,0.19720277190208435,-0.31799542903900146,0.1333954930305481
128.534833,0.14557301998138428,0.0713086724281311,0.3559872508049011
128.635213,-0.08272457867860794,0.3139262795448303,0.06269580125808716
128.735825,-0.4307735562324524,-0.4067280888557434,-0.2936612367630005
128.836309,0.04754725098609924,-0.22144412994384766,-0.16944116353988647
128.936849,0.20140615105628967,0.19516676664352417,0.320895791053772
129.037335,0.039895206689834595,-0.14469188451766968,-0.010684728622436523
129.137839,-0.14179830253124237,-0.02326422929763794,-0.03541630506515503
129.238289,-0.013905614614486694,-0.006565392017364502,-0.048306822776794434
129.338850,0.03544051945209503,0.1462116241455078,0.061595454812049866
129.439380,-0.04915530979633331,0.06939876079559326,0.0007650861516594887
129.539797,-0.3434993624687195,-0.10676002502441406,-0.07927906513214111
129.640427,0.15546831488609314,-0.4386056065559387,0.0244524497538805
129.740799,0.16171395778656006,0.07121503353118896,0.41030558943748474
129.841330,-0.04917387664318085,0.26799529790878296,0.035534560680389404
129.941857,-0.3165423274040222,-0.013883769512176514,-0.3605632781982422
130.042455,0.04464440047740936,-0.3940274119377136,0.12114068865776062
130.142946,0.08466964960098267,0.12024402618408203,0.1317959427833557
130.243408,0.1424252688884735,-0.030599594116210938,0.1053810715675354
130.343927,-0.06900599598884583,0.017196178436279297,-0.007031913846731186
130.444449,-0.04422122240066528,0.07788139581680298,-0.09500481188297272
130.544957,-0.324191153049469,-0.04026132822036743,-0.110008105635643
130.645511,0.28839007019996643,-0.4082820415496826,0.1622847318649292
130.745930,0.06752470135688782,0.12117916345596313,0.37648189067840576
130.846411,-0.2259068489074707,0.3282908797264099,-0.10644419491291046
130.946938,-0.24030117690563202,-0.4857724905014038,-0.11121687293052673
131.047545,0.12065762281417847,-0.14627867937088013,-0.11656302213668823
131.148012,0.14300024509429932,0.12811601161956787,0.31279581785202026
131.248578,0.024953097105026245,-0.12665027379989624,-0.01755564659833908
131.349063,-0.0745442807674408,0.08466649055480957,0.0022853617556393147
131.449538,-0.03270149230957031,0.19612598419189453,-0.19206881523132324
131.550041,-0.333322674036026,-0.20847094058990479,-0.10590729117393494
131.650549,0.2416873574256897,-0.3542536497116089,0.15965546667575836
131.751158,0.07176849246025085,0.11208581924438477,0.4165792465209961
131.851536,-0.13366618752479553,0.4775487184524536,-0.08296281099319458
131.952081,-0.25716739892959595,-0.5695677995681763,-0.05602836608886719
132.052603,0.10778588056564331,0.011044800281524658,-0.09761536121368408
132.153066,0.16869744658470154,0.07107692956924438,0.2537083029747009
132.253600,0.016448408365249634,-0.0946381688117981,0.016472458839416504
132.354123,-0.07963956892490387,-0.0355493426322937,0.013559699058532715
132.454688,0.04119768738746643,0.10424447059631348,-0.008631706237792969
132.555163,-0.13941314816474915,0.17643606662750244,-0.11502803862094879
132.655646,-0.08795750141143799,-0.41081494092941284,-0.013624325394630432
132.756149,0.18816259503364563,-0.22760391235351562,0.40426695346832275
132.856606,-0.020622730255126953,0.2635018825531006,0.21236729621887207
132.957206,-0.2802654504776001,0.31039959192276,-0.10335266590118408
133.057707,-0.18848606944084167,-0.40762418508529663,-0.009576350450515747
133.158204,0.024154752492904663,-0.1069747805595398,0.015050284564495087
133.258723,0.21280544996261597,0.08226430416107178,0.2763040065765381
133.359271,-0.00037598609924316406,-0.12191230058670044,-0.009779810905456543
133.459818,-0.09870852530002594,0.05125689506530762,-0.06446897983551025
133.560269,-0.013337865471839905,-0.0546189546585083,-0.06490778923034668
133.660810,-0.024478942155838013,0.291306734085083,-0.00995839387178421
133.761297,-0.12981823086738586,-0.28410661220550537,-0.07586848735809326
133.862013,0.26301881670951843,-0.1704564094543457,0.3642217516899109
133.962347,0.10806438326835632,0.009495019912719727,0.23583698272705078
134.062805,-0.2206341177225113,0.3934968113899231,-0.10577410459518433
134.163298,-0.28104034066200256,-0.3939114212989807,-0.20017090439796448
134.263850,0.0492134690284729,-0.024532973766326904,0.03609013557434082
134.364392,0.20231837034225464,-0.041762351989746094,0.26078081130981445
134.464776,0.06143796443939209,0.08060240745544434,0.14241981506347656
134.565348,-0.0935850739479065,-0.12071651220321655,-0.09198559820652008
134.665913,-0.04485997557640076,0.1210140585899353,-0.009281381964683533
134.766369,-0.08244171738624573,0.1620473861694336,-0.16562341153621674
134.866881,-0.15273693203926086,-0.2118220329284668,0.05526840686798096
134.967340,0.33347296714782715,-0.414584755897522,0.34687668085098267
135.067946,0.03431260585784912,0.14571285247802734,0.29821890592575073
135.168416,-0.23355993628501892,0.3832901120185852,-0.17950880527496338
135.268836,-0.2155573070049286,-0.44675737619400024,-0.1265721321105957
135.369645,0.11205613613128662,-0.09084028005599976,0.009065024554729462
135.469986,0.14188671112060547,0.12319600582122803,0.292045533657074
135.570487,0.06260934472084045,-0.06933706998825073,-0.0051232585683465
135.670994,-0.0706447958946228,-0.03250110149383545,0.05947112664580345
135.771430,-0.01429089903831482,0.1264568567276001,-0.05940777063369751
135.871976,-0.34606215357780457,-0.10126227140426636,-0.06114304065704346
135.972527,0.21356528997421265,-0.264540433883667,0.09740656614303589
136.072967,0.13748028874397278,0.13572829961776733,0.35796475410461426
136.173596,-0.1393406093120575,0.16947251558303833,-0.23897211253643036
136.274058,-0.17767074704170227,-0.2850603461265564,0.0042616091668605804
136.374584,0.11265695095062256,0.03949803113937378,-0.012075811624526978
136.475081,0.12461736798286438,-0.05049628019332886,0.19690844416618347
136.575665,-0.02903154492378235,-0.07003575563430786,-0.03397113084793091
136.676124,0.006194353103637695,-0.007601559162139893,0.1089940071105957
136.776595,0.09710747003555298,0.13136553764343262,-0.01781284064054489
136.877046,-0.46182912588119507,-0.14630556106567383,-0.263435035943985
136.977578,0.21867787837982178,-0.25398415327072144,0.0779467299580574
137.078131,0.056909143924713135,0.11198669672012329,0.2187311053276062
137.178615,-0.08223725110292435,0.435888409614563,-0.05393451452255249
137.279186,-0.07295429706573486,-0.4839630722999573,0.06690383702516556
137.379652,0.10647115111351013,0.197590172290802,0.07697467505931854
137.480132,0.10578981041908264,-0.07622241973876953,0.12833034992218018
137.580615,-0.0197114497423172,-0.03760635852813721,-0.0057010650634765625
137.681240,0.029420822858810425,-0.06989550590515137,0.04640936851501465
137.781731,-0.030368641018867493,0.32853955030441284,-0.11407256126403809
137.882118,-0.03785805404186249,-0.509234607219696,-0.010615333914756775
137.982629,0.11957836151123047,0.027476608753204346,0.17376169562339783
138.083246,0.020968131721019745,0.17726832628250122,0.0948781669139862
138.183837,-0.2878287136554718,-0.037280142307281494,-0.3355103135108948
138.284259,0.08885052800178528,-0.24724608659744263,-0.09983783215284348
138.384767,0.16046586632728577,0.2643604874610901,0.28018420934677124
138.485283,0.08359035849571228,-0.18660223484039307,0.04409705102443695
138.585727,-0.021144583821296692,0.125809907913208,0.00499957799911499
138.686304,-0.3194704055786133,0.05099254846572876,-0.236159548163414
138.786785,0.22821864485740662,-0.3601230978965759,0.283524751663208
138.887242,0.10239171981811523,0.10498392581939697,0.27324289083480835
138.987774,0.01662929356098175,0.3340020179748535,0.09324042499065399
139.088312,-0.4279458522796631,-0.4346664547920227,-0.3332037627696991
139.188803,0.12684696912765503,-0.10258018970489502,0.08368276059627533
139.289324,0.11187341809272766,0.09172958135604858,0.14496934413909912
139.389870,0.015108078718185425,-0.014291822910308838,0.049927353858947754
139.490334,-0.1963152289390564,-0.05523425340652466,-0.12251603603363037
139.590810,-0.15587672591209412,0.11110568046569824,-0.1333373785018921
139.691392,0.23245292901992798,-0.36900216341018677,0.1996440440416336
139.791789,0.1592436134815216,0.041576504707336426,0.3998371362686157
139.892254,-0.24486735463142395,0.2748996615409851,-0.0784042477607727
139.992836,-0.2430967092514038,-0.4137732982635498,-0.08796088397502899
140.093431,0.1420193612575531,-0.05046641826629639,-0.08189462870359421
140.193905,0.13307374715805054,0.1097976565361023,0.24006527662277222
140.294433,-0.0020446181297302246,-0.08413070440292358,-0.018489301204681396
140.394966,-0.027993321418762207,0.07122719287872314,0.009063009172677994
140.495458,-0.2839387357234955,0.12564772367477417,-0.20296621322631836
140.595925,0.13462218642234802,-0.3594750761985779,0.12560981512069702
140.696494,0.19757625460624695,-0.10318470001220703,0.3033880591392517
140.796951,-0.13774791359901428,0.22950559854507446,0.09986263513565063
140.897474,-0.3729257583618164,-0.13705170154571533,-0.3989914655685425
140.998046,0.1109546422958374,-0.14700710773468018,0.06378477811813354
141.098532,0.11433395743370056,0.1564003825187683,0.18218785524368286
141.198970,0.06825536489486694,-0.1084333062171936,0.08374963700771332
141.299513,-0.02914649248123169,-0.041345834732055664,0.005796968936920166
141.399997,0.06068098545074463,0.14507067203521729,0.052531540393829346
141.500543,-0.4646911919116974,0.04834038019180298,-0.32140815258026123
141.601066,0.3146090507507324,-0.39909446239471436,0.2640979290008545
141.701506,0.1237608790397644,0.18019461631774902,0.24331778287887573
141.802087,-0.10776935517787933,0.32880014181137085,-0.10793937742710114
141.902654,-0.07880604267120361,-0.3958593010902405,0.10196278244256973
142.003049,0.06891971826553345,0.19093048572540283,0.072339728474617
142.103591,0.1367824673652649,-0.06076240539550781,0.10373847186565399
142.204041,-0.0007577836513519287,-0.09353512525558472,0.08645559102296829
142.304609,0.03585365414619446,0.12920480966567993,0.0071422383189201355
142.405138,-0.053459376096725464,0.31523144245147705,-0.15693700313568115
142.505732,0.06777852773666382,-0.5387384295463562,0.1535179316997528
142.606128,0.051448047161102295,0.02863413095474243,0.3566601276397705
142.706662,-0.002372726798057556,0.23488181829452515,0.06742683053016663
142.807237,-0.3933964967727661,-0.05270397663116455,-0.26441895961761475
142.907692,0.08858376741409302,-0.25210481882095337,0.08481227606534958
143.008123,0.050568848848342896,0.21073681116104126,0.18497997522354126
143.108697,0.11009049415588379,-0.1601545810699463,0.07370388507843018
143.209202,-0.166122704744339,-0.04553639888763428,-0.018779166042804718
143.309663,-0.042141884565353394,0.07579672336578369,-0.08292806893587112
143.410182,-0.2788727879524231,0.14980947971343994,-0.1629631519317627
143.510737,0.21278071403503418,-0.5118641257286072,0.20314383506774902
143.611183,0.1348559558391571,0.010045051574707031,0.42806506156921387
143.711705,-0.135458305478096,0.36350053548812866,-0.013183444738388062
143.812220,-0.2725663185119629,-0.4203526973724365,-0.26233792304992676
143.912674,0.11866018176078796,-0.09205728769302368,-0.032146990299224854
144.013236,0.08357492089271545,0.13154762983322144,0.16790109872817993
144.113799,-0.07855665683746338,-0.1264514923095703,-0.11231803894042969
144.214292,-0.1708362102508545,0.15910398960113525,-0.15384268760681152
144.314767,-0.12507593631744385,-0.1271202564239502,-0.0731908529996872
144.415350,0.26503053307533264,-0.38696932792663574,0.4648479223251343
144.515796,-0.09812778234481812,0.08268922567367554,0.1556389033794403
144.616292,-0.28898245096206665,0.012066900730133057,-0.27915263175964355
144.716822,0.04880046844482422,-0.24204784631729126,-0.03872024640440941
144.817301,0.1293463110923767,0.12739306688308716,0.07575610280036926
144.917878,-0.12210214138031006,-0.17524635791778564,-0.12775929272174835
145.018368,0.12764832377433777,0.04778939485549927,0.14727385342121124
145.118922,-0.04470092058181763,0.10077869892120361,-0.01945328712463379
145.219361,-0.2332419753074646,-0.14687895774841309,-0.17146825790405273
145.319873,0.09205210208892822,-0.26007020473480225,-0.031010419130325317
145.420391,0.02294677495956421,0.1727932095527649,0.2716042697429657
145.520929,-0.24714110791683197,0.08965307474136353,-0.19237101078033447
145.621331,-0.02787989377975464,-0.2045375108718872,-0.006806731224060059
145.721935,0.07666948437690735,0.1323561668395996,0.13800516724586487
145.822461,0.11302053928375244,-0.0444754958152771,0.12754201889038086
145.922943,-0.006928443908691406,-0.10125821828842163,0.04945653676986694
146.023458,0.04225084185600281,0.3558822274208069,0.08256056904792786
146.123988,-0.42274850606918335,-0.19555437564849854,-0.2784719467163086
146.224453,0.12053117156028748,-0.20245575904846191,0.1581466794013977
146.324932,0.048505812883377075,0.0998794436454773,0.11558538675308228
146.425516,-0.17034173011779785,0.39494144916534424,-0.031762123107910156
146.525912,0.054437458515167236,-0.40501487255096436,0.15726876258850098
146.626490,0.11945080757141113,0.35138827562332153,0.2439575344324112
146.727017,0.0821571946144104,-0.22721993923187256,-0.013404369354248047
146.827614,-0.05657614767551422,0.051572322845458984,0.13620822131633759
146.928041,0.06960803270339966,-0.0032622218132019043,-0.020973429083824158
147.028577,-0.11876961588859558,0.30574607849121094,0.03576380014419556
147.129102,-0.12508565187454224,-0.6207355260848999,-0.07333636283874512
147.229586,0.18145695328712463,-0.004033386707305908,0.33755218982696533
147.330112,0.01763857901096344,0.3436499238014221,0.06193673610687256
147.430660,-0.257698118686676,-0.32930076122283936,-0.2275322675704956
147.531127,0.011072754859924316,-0.1580871343612671,-0.20044110715389252
147.631587,0.10464310646057129,0.16695213317871094,0.1873365044593811
147.732145,-0.10560569167137146,-0.1581771969795227,-0.14002209901809692
147.832640,-0.005483061075210571,0.14704495668411255,0.04159361124038696
147.933138,0.12742099165916443,0.1778082251548767,-0.059255123138427734
148.033658,0.09801536798477173,-0.3395286202430725,0.1715570092201233
148.134155,0.17764514684677124,-0.22975927591323853,0.2505704164505005
148.234648,-0.23823121190071106,0.3503665328025818,0.253431499004364
148.335130,-0.26591020822525024,-0.36954593658447266,-0.3560645580291748
148.435695,-0.04021561145782471,-0.018078744411468506,-0.14730072021484375
148.536193,0.08507770299911499,0.04370462894439697,0.08746600151062012
148.636705,-0.047616660594940186,-0.07757830619812012,-0.04146510362625122
148.737246,0.045100778341293335,0.1538810133934021,-0.03318902850151062
148.837746,-0.22558334469795227,0.1629970669746399,-0.18743479251861572
148.938192,0.22075870633125305,-0.42576783895492554,0.15256136655807495
149.038833,-0.0283699631690979,-0.12049061059951782,0.23146116733551025
149.139240,-0.04244735836982727,0.44187915325164795,0.0038471966981887817
149.239711,-0.023930624127388,-0.44909459352493286,0.014436127617955208
149.340324,0.021897971630096436,0.15460097789764404,-0.024289965629577637
149.440855,0.09799039363861084,-0.00943601131439209,0.10567337274551392
149.541379,-0.07572972774505615,0.0024288296699523926,-0.05048206448554993
149.641773,-0.03557008504867554,0.13120746612548828,-0.08156737685203552
149.742304,-0.001366347074508667,-0.1753934621810913,0.023366272449493408
149.842782,0.10985222458839417,-0.23000764846801758,0.201127290725708
149.943373,-0.09842745959758759,0.28419119119644165,0.14964309334754944
150.043832,-0.17506632208824158,-0.10443919897079468,-0.25310152769088745
150.144360,0.006394565105438232,-0.11350512504577637,-0.024951577186584473
150.244832,0.08249491453170776,0.0996813178062439,0.17157426476478577
150.345431,0.005100876092910767,-0.1307392120361328,0.03992348909378052
150.446007,-0.014233648777008057,-0.055844247341156006,0.09697574377059937
150.546443,0.0020775198936462402,0.2510473132133484,-0.0012295246124267578
150.646932,-0.34656697511672974,-0.12404751777648926,-0.164994478225708
150.747386,0.11706933379173279,-0.22928351163864136,0.029871508479118347
150.847941,0.028006821870803833,0.09829020500183105,0.1728546917438507
150.948432,-0.1428365409374237,0.18631845712661743,-0.007871076464653015
151.049023,-0.10253173112869263,-0.22813773155212402,0.041813671588897705
151.149454,0.14696750044822693,0.16532963514328003,0.1983279138803482
151.249962,0.11250236630439758,-0.13537698984146118,0.10527706146240234
151.350463,-0.021361440420150757,-0.015249848365783691,0.07031828165054321
151.451041,0.03638702630996704,0.11699223518371582,0.008963391184806824
151.551476,-0.2120266854763031,0.17779487371444702,-0.19059467315673828
151.651993,0.10032853484153748,-0.3851734399795532,0.20701217651367188
151.752508,0.1573818325996399,-0.037808895111083984,0.3791373372077942
151.852989,0.05074891448020935,0.31479811668395996,0.188099205493927
151.953478,-0.37679776549339294,-0.29829704761505127,-0.23414182662963867
152.054031,-0.016230851411819458,-0.13976013660430908,-0.13055159151554108
152.154563,0.21462321281433105,0.07825881242752075,0.18910880386829376
152.255033,-0.04050147533416748,-0.09236645698547363,0.06565576791763306
152.355542,-0.09196341037750244,-0.11912655830383301,-0.0037369728088378906
152.456142,0.06106939911842346,0.0360567569732666,0.04307931661605835
152.556528,-0.02183118462562561,0.21278035640716553,-0.0782584547996521
152.657163,-0.20327886939048767,-0.26370465755462646,-0.06362354755401611
152.757574,0.0450720489025116,-0.16688090562820435,0.3056551218032837
152.858067,0.0285768061876297,0.3529524803161621,0.16456139087677002
152.958643,-0.3187423050403595,-0.15068072080612183,-0.30772697925567627
153.059168,-0.06976956129074097,-0.1854819655418396,-0.011709451675415039
153.159696,0.15935301780700684,0.0928449034690857,0.18240368366241455
153.260161,0.07857170701026917,-0.10403060913085938,0.05703270435333252
153.360713,-0.18309637904167175,0.027456223964691162,-0.06590914726257324
153.461184,0.039494216442108154,0.2219768762588501,-0.03930264711380005
153.561623,-0.022571086883544922,0.15181422233581543,-0.10425476729869843
153.662190,0.10202589631080627,-0.37004178762435913,0.197254940867424
153.763617,0.10837280750274658,-0.19614273309707642,0.3632921576499939
153.863295,-0.21109841763973236,0.44101059436798096,0.0004863440990447998
153.963697,-0.27007654309272766,-0.374431312084198,-0.12827253341674805
154.064228,0.09997376799583435,0.035408735275268555,0.08206798136234283
154.164748,0.14173755049705505,-0.07809120416641235,0.17088967561721802
154.265246,-0.09194383025169373,0.005625486373901367,-0.005737476050853729
154.365809,-0.07369893789291382,-0.11438769102096558,-0.025188744068145752
154.466205,0.10395359992980957,0.34905415773391724,-0.04385107755661011
154.566770,-0.15556731820106506,-0.214732825756073,-0.1529359221458435
154.667347,0.18777304887771606,-0.30184227228164673,0.23782560229301453
154.767770,-0.009754151105880737,0.015566051006317139,0.18288585543632507
154.868294,-0.2504075765609741,0.31534451246261597,-0.16841012239456177
154.968789,-0.18940988183021545,-0.37414830923080444,-0.016165971755981445
155.069260,0.17643773555755615,0.18112832307815552,0.18480277061462402
155.169936,0.07162031531333923,-0.17443430423736572,0.10116903483867645
155.270342,-0.09061664342880249,0.009135425090789795,0.010041654109954834
155.370864,-0.003857553005218506,0.0568615198135376,-0.0690067857503891
155.471400,0.05018669366836548,0.30198538303375244,-0.007319271564483643
155.571836,-0.016326218843460083,-0.4336968660354614,0.041409850120544434
155.672483,0.14313200116157532,-0.24136298894882202,0.3321532905101776
155.772863,-0.09752613306045532,0.20059198141098022,0.049704670906066895
155.873332,-0.2782708406448364,0.16041821241378784,-0.20309102535247803
155.973914,-0.06560561060905457,-0.3344273567199707,-0.0407370962202549
156.074396,0.19426441192626953,0.18901151418685913,0.23532438278198242
156.174873,0.0138949453830719,-0.2782132029533386,-0.009748384356498718
156.275476,-0.0431387722492218,-0.010659396648406982,0.07554906606674194
156.375978,-0.02614453434944153,0.17682063579559326,-0.06145383417606354
156.476478,-0.042462438344955444,0.20063304901123047,-0.16587220132350922
156.577063,0.02336728572845459,-0.5583264827728271,0.0925220251083374
156.677516,0.17337608337402344,-0.05272740125656128,0.43571728467941284
156.778034,-0.08501280844211578,0.17178714275360107,0.030514031648635864
156.878512,-0.22692890465259552,0.1015702486038208,-0.268064022064209
156.979066,0.03145763278007507,-0.3530593514442444,0.06399261951446533
157.079493,0.13865074515342712,0.28731662034988403,0.1635330319404602
157.180040,0.06128916144371033,-0.20866185426712036,0.011598773300647736
157.280542,-0.032124221324920654,0.06358712911605835,0.04751408100128174
157.381031,0.02931368350982666,-0.022222518920898438,-0.0439872145652771
157.481585,-0.0669935941696167,0.3086621165275574,-0.12410460412502289
157.582038,-0.18167850375175476,-0.5283693671226501,-0.07777360081672668
157.682506,0.1898585855960846,0.011226534843444824,0.5156003832817078
157.783177,0.030025064945220947,0.11807423830032349,0.03541800379753113
157.883601,-0.2790088653564453,0.2907581329345703,-0.23749136924743652
157.984055,-0.02429547905921936,-0.44459354877471924,0.24443483352661133
158.084580,0.11507898569107056,0.2794274687767029,0.13512152433395386
158.185994,0.05523562431335449,-0.18341022729873657,0.08521372079849243
158.285684,-0.05349379777908325,0.01619774103164673,0.04187941178679466
158.386177,0.012739121913909912,-0.03805840015411377,-0.027836918830871582
158.486662,-0.03456220030784607,0.44031649827957153,-0.023113369941711426
158.587103,-0.24515601992607117,-0.5063115954399109,-0.015697509050369263
158.687660,0.15498942136764526,0.05680972337722778,0.4807480573654175
158.788284,0.04472967982292175,0.22524040937423706,0.08915731310844421
158.888673,-0.41857677698135376,0.10073381662368774,-0.2926560640335083
158.989226,0.07744377851486206,-0.3290364742279053,0.13336169719696045
159.089697,0.1535540521144867,0.3044812083244324,0.216111958026886
159.190179,-0.0026077628135681152,-0.23103368282318115,0.024866044521331787
159.290701,-0.04266884922981262,0.11579221487045288,0.04775595664978027
159.391193,-0.062010496854782104,0.2324002981185913,-0.13093888759613037
159.491749,-0.29661819338798523,-0.23948228359222412,-0.07960093021392822
159.592269,0.19981664419174194,-0.43779367208480835,0.24660468101501465
159.692811,-0.10721686482429504,0.36799973249435425,0.3257963955402374
159.793269,-0.46214088797569275,0.03616541624069214,-0.4039325714111328
159.893759,0.03667911887168884,-0.27206534147262573,0.2566101551055908
159.994284,0.12659531831741333,0.15356510877609253,0.08740830421447754
160.094790,0.0334395170211792,-0.06090068817138672,0.13369376957416534
160.195306,-0.0342525839805603,-0.03729736804962158,-0.01664566993713379
160.295822,0.09372532367706299,0.21622520685195923,0.058642804622650146
160.396296,-0.3155377209186554,-0.11743003129959106,-0.2238997220993042
160.496856,0.161726713180542,-0.35989922285079956,0.3313206434249878
160.597295,0.00825643539428711,0.12527114152908325,0.2022821009159088
160.697867,-0.20890796184539795,0.4140143394470215,-0.12323831021785736
160.798370,-0.04666242003440857,-0.424113929271698,0.14977765083312988
160.898982,0.08019563555717468,0.26280516386032104,0.14000000059604645
160.999302,0.07729384303092957,-0.08142900466918945,0.05753938853740692
161.099961,-0.08082818984985352,-0.07020598649978638,0.05760455131530762
161.200421,0.08211535215377808,0.06793886423110962,-0.027798883616924286
161.300873,-0.18732652068138123,0.1769506335258484,-0.1748870611190796
161.401469,0.08979380130767822,-0.4025726914405823,0.15741193294525146
161.501870,0.16945219039916992,-0.016363799571990967,0.5065504312515259
161.602419,0.08329424262046814,0.3064389228820801,0.04329487681388855
161.702927,-0.47328710556030273,-0.2818734645843506,-0.3270719051361084
161.803478,0.03870430588722229,-0.1930636167526245,0.010652124881744385
161.904005,0.009305298328399658,0.0924343466758728,0.19295497238636017
162.004532,-0.05491724610328674,-0.08147376775741577,0.022811174392700195
162.105023,-0.0294245183467865,0.029734134674072266,0.043551087379455566
162.205440,0.09916499257087708,0.08286046981811523,0.05873572826385498
162.305978,-0.009366273880004883,-0.00026166439056396484,0.015556633472442627
162.406499,-0.010388419032096863,-0.02651667594909668,0.006986141204833984
162.506959,-0.05779372155666351,-0.03255409002304077,0.010145366191864014
162.607511,0.04803040623664856,0.0520167350769043,0.006230354309082031
162.708101,-0.00770115852355957,-0.0462992787361145,-0.016755104064941406
162.808567,-0.0199386328458786,0.0247994065284729,0.024863481521606445
162.909076,-0.016419589519500732,-0.046736299991607666,-0.038179755210876465
163.009552,-0.0009883642196655273,0.02234429121017456,0.04332917928695679
163.110191,0.001563921570777893,-0.042851388454437256,-0.01902914047241211
163.210600,0.0022231340408325195,0.0389324426651001,0.044768571853637695
163.311045,0.011761501431465149,-0.025681495666503906,-0.029754340648651123
163.411587,0.009487748146057129,0.045702457427978516,0.059081077575683594
163.512079,0.005834862589836121,-0.022150039672851562,-0.049173712730407715
163.612595,-0.028381064534187317,0.14087390899658203,0.0323491096496582
163.713141,-0.09102848172187805,0.1249282956123352,-0.02194678783416748
163.813648,-0.12575393915176392,-0.21693867444992065,-0.10164758563041687
163.914095,0.08671590685844421,-0.3335595726966858,0.21269401907920837
164.014658,0.031534790992736816,0.0970802903175354,0.26105380058288574
164.115113,-0.21676576137542725,0.38724297285079956,-0.02794128656387329
164.215654,-0.23782658576965332,-0.22369396686553955,-0.1100832149386406
164.316169,0.004010260105133057,-0.23872524499893188,0.031114287674427032
164.416674,0.0883558988571167,0.05829411745071411,0.23429074883460999
164.517159,0.05431389808654785,-0.057298362255096436,0.0038388967514038086
164.617682,-0.06605356931686401,0.058130741119384766,0.04581320285797119
164.718216,0.03850400447845459,-0.3976418375968933,-0.04011112451553345
164.818782,0.2110227346420288,-0.1329835057258606,0.24892660975456238
164.919259,0.23184871673583984,-0.2578515410423279,0.04301753640174866
165.019733,0.17104750871658325,0.10483741760253906,0.08761554956436157
165.120305,0.04514521360397339,0.18072855472564697,0.21950602531433105
165.220798,-0.01573854684829712,0.21166102588176727,0.19844120740890503
165.321305,-0.016635239124298096,0.23366978764533997,-0.07384240627288818
165.421791,0.13892412185668945,0.25795021653175354,-0.05610477924346924
165.522276,-0.11227691173553467,0.0771283283829689,-0.3239821195602417
165.622778,-0.30845099687576294,0.21093279123306274,-0.016426563262939453
165.723283,0.15841352939605713,0.1437452882528305,-0.0745997428894043
165.823901,-0.073963463306427,-0.06874892115592957,0.1544070839881897
165.924313,0.13033151626586914,0.028029799461364746,0.16148990392684937
166.024790,-0.05220746994018555,-0.017201364040374756,-0.02385658025741577
166.125425,0.13200145959854126,-0.09702616930007935,0.04146528244018555
166.225853,0.03213012218475342,0.034014225006103516,0.009716689586639404
166.326381,-0.002186387777328491,0.0009789466857910156,0.05727487802505493
166.426864,0.08059301972389221,0.007729947566986084,0.08619886636734009
166.527374,-0.11185508966445923,-0.007856309413909912,0.020467102527618408
166.627886,0.04586249589920044,0.023958861827850342,0.04895108938217163
166.728437,-0.04401350021362305,-0.018459856510162354,-0.007552206516265869
166.828945,0.046774089336395264,0.013391077518463135,0.01778554916381836
166.929442,-0.05315041542053223,-0.026336252689361572,-0.008938848972320557
167.029966,0.050522446632385254,0.002489447593688965,0.005970597267150879
167.130406,-0.0631057620048523,-0.02752864360809326,-0.012404143810272217
167.230936,0.04551577568054199,-0.0020671486854553223,0.009281784296035767
167.331457,-0.07204854488372803,-0.03812140226364136,-0.026933759450912476
167.432000,0.04637348651885986,0.0048337578773498535,0.011414676904678345
167.532450,-0.06228548288345337,-0.015176773071289062,-0.019217580556869507
167.632931,0.04225534200668335,-0.012071490287780762,0.01769605278968811
167.733504,-0.05526578426361084,-0.025384962558746338,-0.025654315948486328
167.834029,0.04755139350891113,-0.0037479400634765625,0.022986531257629395
167.934620,-0.04200303554534912,-0.008322358131408691,-0.017111539840698242
168.035006,0.036187827587127686,-0.016761600971221924,0.02149084210395813
168.135483,-0.05106377601623535,-0.012894392013549805,-0.021541237831115723
168.236027,0.04026073217391968,-0.007800042629241943,0.01750504970550537
168.336615,-0.05647408962249756,-0.01891934871673584,-0.03028017282485962
168.437015,0.014114916324615479,-0.0002474784851074219,-0.03308779001235962
168.537535,0.15505707263946533,0.07838398218154907,-0.0338418185710907
168.638063,0.00030493736267089844,-0.07751435041427612,0.11341968178749084
168.738648,0.011505842208862305,0.0029924213886260986,0.05211326479911804
168.839194,-0.05234074592590332,-0.027716130018234253,-0.050012171268463135
168.939591,-0.09512394666671753,-0.0018096864223480225,-0.05134683847427368
169.040128,0.047360122203826904,0.1291416883468628,-0.06450846791267395
169.140652,-0.009225726127624512,0.09096604585647583,-0.18703529238700867
169.241206,0.0033833980560302734,0.11957627534866333,-0.1859714388847351
169.341801,0.040898799896240234,0.16123133897781372,0.013578884303569794
169.442301,-0.03966060280799866,-0.049865007400512695,0.07001447677612305
169.544016,-0.05621761083602905,0.07700538635253906,0.002753675915300846
169.643181,0.02961885929107666,-0.016087710857391357,0.022720813751220703
169.743846,-0.0577751100063324,0.03956800699234009,-0.0017439648509025574
169.844625,-0.01042550802230835,-0.26185572147369385,0.09781104326248169
169.944805,0.07794064283370972,-0.19129234552383423,0.022608935832977295
170.045322,0.12207618355751038,-0.050290703773498535,0.06446164846420288
170.145745,0.07137081027030945,0.12405502796173096,0.08965989947319031
170.246256,0.026851683855056763,0.2029474377632141,0.1658385992050171
170.346808,0.012077867984771729,0.17298763990402222,0.061410874128341675
170.447302,-0.11272522807121277,0.037212073802948,0.02494463324546814
170.547742,0.1234840452671051,-0.3090546727180481,0.08804991841316223
170.648138,-0.05554991960525513,-0.029913902282714844,-0.2864477038383484
170.748833,0.11831128597259521,0.09596753120422363,-0.025910675525665283
170.849219,0.032939016819000244,0.14618855714797974,0.0693655014038086
170.949805,0.00588303804397583,-0.025137662887573242,0.10988807678222656
171.050252,-0.08350104093551636,0.09082895517349243,0.05803370475769043
171.150860,-0.015751242637634277,-0.03604245185852051,0.043887972831726074
171.251278,-0.042350828647613525,0.0868227481842041,0.06058394908905029
171.351890,0.0666334331035614,-0.028506696224212646,0.027812734246253967
171.452397,-0.025455713272094727,0.08776599168777466,-0.05911535024642944
171.552844,-0.08532285690307617,-0.033519208431243896,0.07783547043800354
171.653449,-0.011504054069519043,0.09993445873260498,-0.02400904893875122
171.753880,-0.014252573251724243,-0.08220416307449341,0.1226738691329956
171.854445,-0.0157620906829834,0.03478795289993286,-0.09778183698654175
171.954978,0.08242490887641907,-0.01698935031890869,0.043715715408325195
172.055431,-0.1787600815296173,-0.03740847110748291,-0.1514660120010376
172.155914,0.09951668977737427,-0.07339644432067871,-0.1835833191871643
172.256408,-0.03398174047470093,0.046287477016448975,-0.04677659273147583
172.356964,0.10790422558784485,0.05992865562438965,-0.14426594972610474
172.457455,-0.14325374364852905,0.18490594625473022,-0.08018705248832703
172.557923,-0.023490309715270996,-0.24408435821533203,0.061412513256073
172.658509,0.14850673079490662,-0.2964935898780823,0.16772222518920898
172.758990,-0.06875026226043701,0.11220860481262207,0.12133878469467163
172.859448,0.028727814555168152,0.09173476696014404,-0.04847097396850586
172.959960,-0.16635529696941376,0.01997673511505127,-0.17197346687316895
173.060518,0.020288795232772827,-0.04208862781524658,0.04564759135246277
173.160989,0.12064400315284729,-0.039767444133758545,0.08978903293609619
173.261520,-0.019767731428146362,-0.07436531782150269,0.02231377363204956
173.362038,0.027862727642059326,0.05327790975570679,0.04564774036407471
173.462453,0.01925969123840332,0.16148042678833008,-0.03519749641418457
173.562996,-0.15565446019172668,-0.1827552318572998,-0.055163681507110596
173.663657,0.14936557412147522,-0.12407630681991577,0.18053436279296875
173.764064,-0.024098344147205353,0.20885443687438965,0.027528345584869385
173.864574,0.041811503469944,0.15063047409057617,-0.00883936882019043
173.965080,-0.3221510648727417,-0.1487593650817871,-0.17640294134616852
174.065639,0.11663347482681274,0.011108756065368652,0.09556496143341064
174.166077,0.11392819881439209,-0.05710035562515259,0.03102123737335205
174.266568,0.031682997941970825,-0.11095356941223145,0.006065011024475098
174.367115,-0.11215582489967346,-0.26569461822509766,0.08168625831604004
174.467574,0.10046413540840149,0.2584834694862366,0.1279975175857544
174.568166,-0.16701412200927734,0.38985729217529297,-0.42831718921661377
174.668694,-0.16716152429580688,-0.228815495967865,-0.19709795713424683
174.769121,0.1634177714586258,-0.2771102786064148,0.2246895730495453
174.869633,-0.054800234735012054,0.060166358947753906,0.1294683814048767
174.970230,-0.19992110133171082,0.08062052726745605,-0.06221044063568115
175.070703,-0.1219039261341095,0.03953498601913452,-0.16231366991996765
175.171236,-0.06438103318214417,-0.04369008541107178,0.014381617307662964
175.271700,0.0996142029762268,-0.03315460681915283,0.05577242374420166
175.372173,-0.056996554136276245,-0.05477094650268555,-0.02754664421081543
175.472764,0.061116427183151245,-0.05565279722213745,0.033884197473526
175.573188,0.010752081871032715,0.059734880924224854,0.021659404039382935
175.673806,-0.04572826623916626,0.17775416374206543,-0.07018435001373291
175.774362,-0.1181061863899231,0.015166819095611572,-0.06471842527389526
175.874763,0.03124651312828064,-0.35055458545684814,0.11565610766410828
175.975349,0.1659480333328247,0.2503187656402588,0.19635379314422607
176.075746,-0.11032235622406006,0.16026538610458374,-0.06870228052139282
176.176272,-0.21499846875667572,-0.11960750818252563,-0.0669928789138794
176.276862,0.017555922269821167,-0.1844162940979004,0.04354792833328247
176.377282,0.21072566509246826,0.1257297396659851,0.09686524420976639
176.477882,-0.03444346785545349,-0.06983447074890137,0.007934331893920898
176.578401,0.020503997802734375,-0.007291913032531738,0.0063689351081848145
176.678928,0.0251481831073761,0.03480428457260132,0.032101452350616455
176.779394,0.017079830169677734,-0.00701063871383667,0.026191003620624542
176.879864,0.010309785604476929,-0.017985820770263672,0.019219640642404556
176.980370,-0.0084705650806427,0.033531785011291504,-0.004991762340068817
177.080899,-0.054716676473617554,0.1208760142326355,-0.05947750806808472
177.181379,-0.04009819030761719,-0.21149694919586182,-0.0012952089309692383
177.281911,0.18387579917907715,-0.2382628321647644,0.1719384491443634
177.382411,0.06298428773880005,0.21301501989364624,0.13859185576438904
177.482886,-0.14555476605892181,0.14604997634887695,-0.12178218364715576
177.583378,-0.12220460176467896,-0.13333457708358765,-0.08842778205871582
177.683913,-0.09375420212745667,-0.08545583486557007,-0.06593000888824463
177.784398,0.20081478357315063,0.021722137928009033,0.09054833650588989
177.885064,-0.06523936986923218,-0.05644911527633667,-0.004007987678050995
177.985597,0.006384998559951782,-0.039213478565216064,-0.042854007333517075
178.085832,-0.059010833501815796,0.04314655065536499,-0.0319787822663784
178.186413,0.024817854166030884,-0.014034926891326904,-0.02065068483352661
178.287029,-0.09519681334495544,-0.006212353706359863,-0.0351521372795105
178.387405,0.021693825721740723,0.005985617637634277,-0.023058533668518066
178.488024,-0.0711098313331604,0.12667346000671387,-0.08803212642669678
178.588530,-0.04652869701385498,-0.14119529724121094,-0.04379904270172119
178.689045,0.10388007760047913,-0.1275177001953125,0.1443895697593689
178.789563,0.039083585143089294,0.1538066864013672,0.17203688621520996
178.890102,-0.14811532199382782,0.0692257285118103,-0.05504035949707031
178.990557,-0.10706189274787903,-0.13405054807662964,-0.12294495105743408
179.091053,0.005181491374969482,0.009045720100402832,0.040643930435180664
179.191529,0.1610015332698822,0.057412922382354736,0.12363554537296295
179.292189,-0.03362378478050232,-0.04982948303222656,0.04038667678833008
179.392589,-0.0016976147890090942,-0.028385818004608154,0.009090647101402283
179.493081,-0.03861561417579651,0.14165520668029785,-0.008704423904418945
179.593644,0.04323878884315491,-0.15765202045440674,0.06295527517795563
179.694203,0.20088952779769897,-0.12930959463119507,0.16537410020828247
179.794601,0.015336543321609497,0.23022276163101196,0.10680918395519257
179.895043,-0.09514869004487991,0.04855889081954956,-0.12093733251094818
179.995641,-0.09165023267269135,-0.21707314252853394,-0.12648046016693115
180.096078,0.06288665533065796,0.07871448993682861,0.04443727433681488
180.196593,0.1912197321653366,0.013237178325653076,0.14291276037693024
180.297180,0.022004887461662292,-0.09468734264373779,0.007132530212402344
180.397664,-0.05675290524959564,0.04095339775085449,-0.04054152965545654
180.498157,0.015204817056655884,0.03916513919830322,0.0029429346323013306
180.598688,0.014547094702720642,-0.014499127864837646,0.008938103914260864
180.699217,0.04389306902885437,-0.08289986848831177,0.028912991285324097
180.799720,0.10643276572227478,-0.10775750875473022,0.0707021951675415
180.900187,0.05197720229625702,0.1718231439590454,0.09189212322235107
181.000781,-0.14460088312625885,-0.005849719047546387,-0.09045897424221039
181.101317,-0.12360164523124695,-0.17047685384750366,-0.17790007591247559
181.201760,-0.0018710494041442871,-0.04087132215499878,-0.0038961470127105713
181.302258,0.19658461213111877,0.06067734956741333,0.09757710993289948
181.402791,-0.06371136009693146,-0.05590862035751343,-0.01896190643310547
181.503290,-0.03312931954860687,-0.03888148069381714,-0.0765899121761322
181.603797,-0.013042226433753967,0.04248344898223877,-0.019872233271598816
181.704394,0.07533031702041626,-0.03072988986968994,0.024673253297805786
181.804895,-0.023910999298095703,-0.02275979518890381,0.0036343634128570557
181.905369,0.11494292318820953,-0.055174946784973145,0.08582593500614166
182.005681,-0.013726413249969482,0.04491257667541504,0.026709794998168945
182.106287,-0.07710440456867218,0.13531267642974854,-0.10542716085910797
182.206843,-0.29359811544418335,-0.06673252582550049,-0.09500837326049805
182.307443,0.061629146337509155,-0.28191083669662476,0.05089186131954193
182.407860,0.19203096628189087,0.06356382369995117,0.23924577236175537
182.508305,-0.041503287851810455,0.2867966294288635,0.03131311386823654
182.608883,-0.2570008635520935,-0.08009618520736694,-0.1718924194574356
182.709364,-0.0016984939575195312,-0.2173423171043396,-0.018396466970443726
182.809924,0.10547101497650146,0.08082050085067749,0.09302853047847748
182.910424,0.054229915142059326,0.03130096197128296,0.03944362699985504
183.010909,-0.05729594826698303,-0.06538718938827515,0.02370622754096985
183.111508,-0.004950523376464844,0.022455036640167236,-0.027746766805648804
183.211930,-0.018519297242164612,0.02833247184753418,0.033145755529403687
183.312445,0.022746756672859192,-0.04573005437850952,0.002561792731285095
183.412933,-0.10162292420864105,0.009196639060974121,0.00829470157623291
183.513404,-0.10153265297412872,-0.16378861665725708,-0.03314720094203949
183.613965,0.007971063256263733,0.024116933345794678,0.07620781660079956
183.714448,-0.010870754718780518,0.15825051069259644,0.06292584538459778
183.814921,0.03574399650096893,0.21350926160812378,0.043978601694107056
183.915623,-0.014845550060272217,0.16505533456802368,-0.008111387491226196
184.016033,-0.05478927493095398,-0.2419116497039795,0.08603495359420776
184.116476,0.20577794313430786,-0.4393547773361206,0.2838377356529236
184.217038,0.0004964768886566162,0.12729978561401367,0.2677636742591858
184.317551,-0.12053793668746948,0.28250008821487427,-0.11829476803541183
184.418076,-0.2905954420566559,-0.2364429235458374,-0.13308286666870117
184.518587,0.11959779262542725,0.013088583946228027,-0.011442895978689194
184.619064,0.13008517026901245,0.027042090892791748,0.18479537963867188
184.719550,-0.050397396087646484,-0.25843560695648193,0.08519948273897171
184.820091,0.057629406452178955,-0.1438274383544922,0.14249403774738312
184.920563,0.035440415143966675,0.26067137718200684,0.05813869833946228
185.021049,-0.17721351981163025,0.42912548780441284,-0.183127760887146
185.121619,-0.20453450083732605,-0.2569772005081177,0.07094347476959229
185.222081,0.4382953941822052,-0.48492300510406494,0.3512638509273529
185.322577,-0.37981879711151123,0.2723885178565979,0.1433611810207367
185.423049,-0.2483825385570526,0.03898978233337402,-0.09459971636533737
185.523602,-0.03489723801612854,-0.2457948923110962,-0.2839182913303375
185.624122,0.042493462562561035,-0.023057878017425537,0.034862637519836426
185.724567,-0.02137625217437744,-0.08428215980529785,0.09066435694694519
185.825164,0.03277274966239929,0.011397838592529297,0.054392486810684204
185.925694,0.03707444667816162,0.10396009683609009,0.0169525146484375
186.026146,0.06120225787162781,0.15980303287506104,-0.12251859903335571
186.126716,-0.24843087792396545,0.0825662612915039,-0.26386332511901855
186.227199,0.08720999956130981,-0.6134902834892273,0.4045943319797516
186.327766,-0.22634780406951904,0.16528421640396118,0.22477158904075623
186.428383,-0.30121931433677673,-0.10733330249786377,-0.025454632937908173
186.528702,-0.03774949908256531,-0.08040165901184082,-0.39854896068573
186.629222,0.15745413303375244,-0.11601358652114868,0.01941859722137451
186.729761,-0.00023919343948364258,-0.015398144721984863,0.034027159214019775
186.830211,-0.04776346683502197,-0.08640873432159424,0.04553896188735962
186.930806,0.033338308334350586,-0.15010446310043335,0.14190906286239624
187.031272,0.04113584756851196,0.1266765594482422,0.19231612980365753
187.131827,-0.5881012678146362,0.4431339502334595,-0.6832002401351929
187.232274,0.8370047807693481,-1.0722765922546387,0.6263289451599121
187.332791,-0.13305766880512238,-0.08173155784606934,0.27838730812072754
187.433358,-0.4403952360153198,0.05967742204666138,-0.1656837910413742
187.533798,-0.09481832385063171,-0.09130805730819702,0.06771260499954224
187.634304,0.19403228163719177,-0.14785856008529663,0.1403954178094864
187.734771,0.011441200971603394,0.01388484239578247,0.04198518395423889
187.835368,-0.030345678329467773,0.04713243246078491,0.03219449520111084
187.935869,0.013659745454788208,-0.04402738809585571,0.07663559913635254
188.036305,0.009142041206359863,-0.002246856689453125,0.09057515859603882
188.136888,0.09470659494400024,0.2209199070930481,-0.02617347240447998
188.238091,-0.5309970378875732,-0.028968334197998047,-0.4579808712005615
188.337875,0.5312484502792358,-0.6193817853927612,0.4220885932445526
188.438388,-0.2585095763206482,0.00012153387069702148,0.3497870862483978
188.538912,-0.29084551334381104,0.11796855926513672,0.016339659690856934
188.639366,-0.7266088724136353,-0.5459160804748535,-0.1061011552810669
188.739916,0.07802018523216248,-0.1875731348991394,0.045070722699165344
188.840459,0.19822624325752258,0.031360507011413574,0.0921187698841095
188.941034,-0.02821531891822815,0.10465359687805176,0.029881983995437622
189.041523,-0.008253276348114014,0.02757793664932251,0.004987627267837524
189.141961,-0.020000919699668884,0.16026318073272705,-0.12068042159080505
189.242493,-0.011883407831192017,0.1895321011543274,-0.15325051546096802
189.342989,0.03335851430892944,0.1363130807876587,-0.08467906713485718
189.443425,-0.022643595933914185,0.17815428972244263,0.059107184410095215
189.544031,-0.05324545502662659,-0.0245932936668396,0.16743868589401245
189.644555,-0.18160510063171387,0.12204498052597046,-0.11607974767684937
189.745076,0.25580495595932007,-0.6342061758041382,0.5401265621185303
189.845503,0.0697508454322815,-0.5896013975143433,0.6722160577774048
189.946006,-0.29044216871261597,0.6153467893600464,-0.047297775745391846
190.046532,-0.6123024225234985,-0.4207910895347595,-0.23935209214687347
190.147024,0.001649022102355957,-0.06989598274230957,-0.2918053865432739
190.247552,0.03759056329727173,-0.06268829107284546,0.15935494005680084
190.348092,0.0428464412689209,-0.04524517059326172,0.06166084110736847
190.448402,-0.009377241134643555,-0.061395108699798584,0.019660115242004395
190.548935,0.046133458614349365,-0.052881836891174316,0.08725139498710632
190.649569,0.06534448266029358,0.1395336389541626,-0.11958390474319458
190.750095,-0.5807385444641113,-0.23259735107421875,-0.14648020267486572
190.850619,0.4071763753890991,-0.442854106426239,0.1405661702156067
190.951123,-0.37807968258857727,0.45311301946640015,-0.04154437780380249
191.051544,-0.14271734654903412,0.1181027889251709,0.004570957273244858
191.152122,-0.07090169191360474,-0.19133734703063965,-0.1972023844718933
191.253831,0.0313379168510437,-0.09912896156311035,0.034941017627716064
191.353153,-0.011894792318344116,0.019436895847320557,0.062275830656290054
191.453672,0.00663912296295166,0.02842622995376587,0.0125008225440979
191.554185,0.07082876563072205,0.10485851764678955,-0.05905640125274658
191.654691,0.041953980922698975,0.2662705183029175,-0.19907870888710022
191.755180,0.05917331576347351,-0.18185573816299438,0.2562110424041748
191.855739,0.6576989889144897,-0.5353788733482361,0.7835700511932373
191.956215,-0.5427578687667847,0.6302273869514465,-0.45084619522094727
192.056668,-0.14255820214748383,-0.3254240155220032,0.15338467061519623
192.157315,-0.013533532619476318,-0.12235575914382935,-0.1011161059141159
192.257731,0.07809257507324219,-0.0756797194480896,0.021538570523262024
192.358404,-0.06762731075286865,0.014998912811279297,0.06520938873291016
192.458703,0.009708940982818604,0.00924694538116455,0.028691068291664124
192.559293,0.07772603631019592,-0.0012470483779907227,0.0023325085639953613
192.659838,0.0641324520111084,0.023540616035461426,-0.0014554858207702637
192.760268,-0.5351853370666504,0.04742354154586792,-0.11927177011966705
192.860798,0.24113675951957703,-0.32191598415374756,0.20154410600662231
192.961340,-0.07504212856292725,-0.10447102785110474,0.052936673164367676
193.061782,-0.30141496658325195,0.5514881610870361,-0.09480985999107361
193.162360,-0.16145925223827362,-0.45765161514282227,0.380635142326355
193.263164,0.05507320165634155,-0.1406349539756775,-0.06899869441986084
193.363416,0.15197888016700745,-0.01122581958770752,0.12945368885993958
193.463835,-0.03875035047531128,0.052477478981018066,0.04380859434604645
193.564345,0.0012168288230895996,0.03702437877655029,0.028827577829360962
193.664848,0.03597515821456909,0.016826272010803223,0.03825622797012329
193.765321,-0.04671210050582886,0.10310477018356323,0.014696978032588959
193.865973,-0.32504114508628845,0.12607884407043457,-0.17980705201625824
193.966456,0.10641592741012573,-0.5411360859870911,0.2090303748846054
194.066882,0.4427855312824249,-0.16819393634796143,0.49576735496520996
194.167452,-0.49612706899642944,0.3807990550994873,0.1621544361114502
194.267950,-0.36118283867836,-0.2512969970703125,-0.0690690279006958
194.368460,0.10582314431667328,0.04077863693237305,0.1518000364303589
194.468986,0.08257794380187988,-0.00629580020904541,0.08948132395744324
194.569486,0.04327195882797241,0.03865706920623779,0.020517095923423767
194.669909,-0.029491931200027466,0.062237441539764404,-0.012331962585449219
194.770831,0.005969822406768799,-0.04768979549407959,-0.011074304580688477
194.870990,0.048904553055763245,0.005613267421722412,-0.007784590125083923
194.971487,-0.10060079395771027,0.17303496599197388,-0.152052104473114
195.071994,0.09035465121269226,-0.12595301866531372,0.2795611023902893
195.172506,0.3448585569858551,-0.2695431113243103,0.3603205680847168
195.272929,-0.154017373919487,0.19422835111618042,0.17867952585220337
195.373490,-0.3566387891769409,-0.03451496362686157,-0.12402421236038208
195.474101,0.06451241672039032,-0.06190592050552368,0.17878669500350952
195.574608,0.06010013818740845,-0.04837292432785034,0.1038876473903656
195.675065,0.10207965970039368,0.071616530418396,0.035509586334228516
195.775540,-0.0030070841312408447,0.04901999235153198,0.03791409730911255
195.877786,0.0014587044715881348,-0.028387784957885742,0.007790029048919678
195.976573,0.023823529481887817,-0.019307494163513184,0.023891761898994446
196.077083,-0.0033608973026275635,0.020567119121551514,0.023221462965011597
196.177641,-0.0016081780195236206,-0.013396739959716797,0.012633860111236572
196.278159,-0.013813570141792297,-0.0204353928565979,-0.0033533424139022827
196.378531,-0.010523900389671326,0.012816786766052246,-0.034935757517814636
196.479081,-0.025663048028945923,0.040251195430755615,-0.05074119567871094
196.579603,-0.02610205113887787,-0.0014479756355285645,-0.02123410999774933
196.680135,-0.004422739148139954,-0.011903107166290283,-0.031743213534355164
196.780632,0.02089846134185791,-0.006909012794494629,0.02993696928024292
196.881296,0.11910738050937653,-0.0019358992576599121,0.05319005250930786
196.981608,0.016464486718177795,0.03237795829772949,0.06383693218231201
197.082127,0.027086734771728516,0.07719171047210693,0.025458812713623047
197.182679,-0.018463164567947388,0.2371988296508789,-0.05932265520095825
197.283244,-0.29775917530059814,0.08939003944396973,-0.027775034308433533
197.383683,0.0426255464553833,-0.2910252809524536,-0.20117151737213135
197.484235,-0.23586046695709229,-0.18720096349716187,0.007823223248124123
197.584776,0.153545081615448,-0.005807161331176758,-0.022422075271606445
197.685432,0.08116817474365234,0.037962913513183594,-0.06932951509952545
197.785718,-0.0064067840576171875,-0.001386404037475586,0.0022504329681396484
197.886163,-0.03632575273513794,0.055190831422805786,0.04196980595588684
197.986789,-0.061875879764556885,0.08689981698989868,0.051941633224487305
198.087217,-0.03360539674758911,0.044892340898513794,0.05878269672393799
198.209221,0.013848364353179932,0.023522764444351196,0.028669923543930054
198.288427,-0.05854344367980957,0.009597808122634888,0.007081508636474609
198.388953,0.025329947471618652,-0.0016380548477172852,-0.016226619482040405
198.489378,0.009684324264526367,0.014372408390045166,-0.019364207983016968
198.589947,-0.02119755744934082,0.014418691396713257,0.014267563819885254
198.690359,-0.0012331604957580566,0.002457350492477417,0.00507807731628418
198.790857,0.007338345050811768,0.004335731267929077,-0.003614068031311035
198.891332,-0.015859007835388184,0.015685737133026123,0.010811328887939453
198.991865,-0.0004723072052001953,0.011949151754379272,0.018621116876602173
199.092325,-0.0008086562156677246,0.013410866260528564,0.004239916801452637
199.192922,-0.010583579540252686,-0.00692903995513916,-0.005362287163734436
199.293383,-0.0006963014602661133,0.011033713817596436,-0.008693963289260864
199.393851,-0.007678806781768799,0.00467643141746521,0.007156863808631897
199.494370,-0.0028131604194641113,0.012636750936508179,0.0027043968439102173
199.594861,-0.006753027439117432,0.008258968591690063,0.010104537010192871
199.695413,0.005164146423339844,0.009832322597503662,0.006082057952880859
199.795888,-0.004235029220581055,0.006350189447402954,0.00016190111637115479
199.896383,-0.019738435745239258,0.008554905652999878,0.005045413970947266
199.997023,0.003619074821472168,0.005439490079879761,-0.0018364191055297852
200.097382,-0.010400116443634033,0.008553624153137207,0.008357986807823181
200.197989,-0.0030636191368103027,0.0036913156509399414,0.003202095627784729
200.298569,-0.0002968907356262207,0.009624212980270386,0.007153868675231934
200.398931,-0.004249989986419678,0.006154388189315796,0.006441235542297363
200.499466,-0.0033586621284484863,0.007573962211608887,-0.0017980188131332397
200.600014,-0.00599515438079834,0.011259198188781738,0.006994113326072693
200.700523,-0.0006551146507263184,0.004662811756134033,0.0022524595260620117
200.801005,-0.011093854904174805,0.005920231342315674,0.003239274024963379
200.901521,-0.012379467487335205,0.002358853816986084,-0.001934632658958435
201.001994,0.003161609172821045,0.011945217847824097,0.008729204535484314
201.102497,0.004262268543243408,0.003519028425216675,0.005123510956764221
201.202995,-0.02232760190963745,0.002423793077468872,0.004160284996032715
201.303560,0.010350465774536133,0.009189337491989136,0.0055392831563949585
201.404127,0.0011804699897766113,0.0029137730598449707,0.008455052971839905
201.504600,-0.00645756721496582,0.011082321405410767,0.0025495439767837524
201.605056,-0.001256704330444336,-7.349252700805664e-05,-0.003600016236305237
201.705623,-0.01532202959060669,0.007405638694763184,0.0061870962381362915
201.806051,0.009069740772247314,0.005731493234634399,-0.00012339651584625244
201.906606,-0.008158326148986816,0.006908416748046875,0.00705111026763916
202.007034,-0.0031232833862304688,0.00647464394569397,0.002837762236595154
202.107669,-0.007345080375671387,-0.0011288821697235107,-0.0011460930109024048
202.208109,-0.008241832256317139,0.012876391410827637,0.009602189064025879
202.308678,0.006545066833496094,0.0012910664081573486,-0.0059680938720703125
202.409170,-0.018457531929016113,0.007539600133895874,0.01128685474395752
202.509642,0.017305076122283936,0.006866365671157837,0.00566864013671875
202.610149,-0.016345500946044922,0.007528364658355713,0.008501052856445312
202.710604,0.01047283411026001,0.005895256996154785,0.0004569441080093384
202.811247,-0.015383005142211914,-0.0025196969509124756,0.007598653435707092
202.911705,-0.006727695465087891,0.011012405157089233,-0.0010461658239364624
203.012160,-0.000324249267578125,0.0020971596240997314,0.0025360584259033203
203.112765,-0.005157291889190674,0.010067284107208252,0.00989629328250885
203.213284,0.0010636448860168457,0.007016271352767944,0.0053108930587768555
203.313736,-0.002362549304962158,0.002818495035171509,0.002920284867286682
203.414270,-0.0028943419456481934,0.009724140167236328,0.009622558951377869
203.514765,0.006011009216308594,0.004173159599304199,0.002768769860267639
203.615228,-0.011136531829833984,0.0068239569664001465,0.006406798958778381
203.715757,0.0020531415939331055,0.002244621515274048,0.0002846717834472656
203.816321,-0.010038018226623535,0.005840301513671875,0.005737677216529846
203.916730,0.0161246657371521,0.007331967353820801,0.002870336174964905
204.017216,-0.02343040704727173,-0.0017299950122833252,0.005710139870643616
204.117897,0.013915002346038818,0.009416967630386353,0.005971089005470276
204.218274,-0.007280468940734863,0.0024489760398864746,0.005147084593772888
204.318764,-0.0035136938095092773,0.0016238391399383545,-0.0016142278909683228
204.419307,-0.009601593017578125,0.003808438777923584,-8.785724639892578e-05
204.519881,-0.007166743278503418,0.005366802215576172,0.007507681846618652
204.620315,0.0009253621101379395,0.004549980163574219,-0.005301833152770996
204.720829,0.004433870315551758,0.0035607516765594482,0.0010709911584854126
204.821312,-0.011097252368927002,0.0033987462520599365,0.00568746030330658
204.921802,-0.002265036106109619,0.006570935249328613,0.0005754381418228149
205.022341,-0.0008485317230224609,0.01131516695022583,0.013313308358192444
205.122918,-0.019089698791503906,0.03175848722457886,0.04263436794281006
205.223320,-0.03215527534484863,0.12182271480560303,0.10558545589447021
205.323935,-0.047950565814971924,0.11854982376098633,0.043251752853393555
205.424408,0.17061322927474976,0.07841086387634277,-0.10473756492137909
205.524901,0.25880610942840576,-0.23251938819885254,-0.35899022221565247
205.625446,-0.06598934531211853,-0.23497498035430908,-0.29150816798210144
205.726032,-0.29904237389564514,0.10492813587188721,-0.05904608964920044
205.826525,-0.2885534167289734,0.3612031936645508,0.19763779640197754
205.926882,-0.10811901092529297,0.4291321039199829,0.23003971576690674
206.027466,0.014726459980010986,0.19843173027038574,-0.2570164203643799
206.127929,0.4021743834018707,-0.11682343482971191,-0.40394702553749084
206.228538,-0.18349793553352356,-0.2553725242614746,-0.133345365524292
206.328940,-0.11875545978546143,0.03363180160522461,0.10174953937530518
206.429459,0.008986681699752808,0.06984502077102661,0.039435625076293945
206.530028,0.2816678583621979,0.07307738065719604,-0.07807272672653198
206.630449,-0.02320653200149536,-0.08955967426300049,-0.18445217609405518
206.730994,-0.3209032714366913,-0.21263372898101807,-0.2031601071357727
206.831619,-0.4203801453113556,-0.007693946361541748,-0.05994260311126709
206.931969,0.05323442816734314,0.2644912600517273,0.0652616024017334
207.032528,-0.05147075653076172,0.4626281261444092,0.17562609910964966
207.133065,0.3936554193496704,0.11252307891845703,-0.18346452713012695
207.233523,0.3709588050842285,-0.300563782453537,-0.43664485216140747
207.334096,-0.07941415905952454,0.016392439603805542,0.03790163993835449
207.434610,-0.3484283685684204,-0.053377509117126465,-0.019246041774749756
207.535103,-0.09985794126987457,-0.00029647350311279297,0.02668696641921997
207.635649,0.07030175626277924,0.11065590381622314,0.0664600133895874
207.736125,0.011499810963869095,-0.012091219425201416,-0.018038690090179443
207.836667,-0.05720299482345581,-0.12076610326766968,-0.0850113034248352
207.937175,-0.26368749141693115,-0.2729595899581909,-0.3210458755493164
208.037713,-0.023816488683223724,0.209244966506958,-0.0751638114452362
208.138117,0.1620047390460968,0.6324393153190613,0.20535553991794586
208.238834,0.3629225492477417,0.23984473943710327,-0.14898139238357544
208.339192,0.5767644643783569,-0.017200708389282227,-0.3462868332862854
208.439747,-0.36999791860580444,-0.5375629663467407,-0.755949854850769
208.540306,-0.18545129895210266,0.1380670666694641,0.08127206563949585
208.640738,-0.05790586769580841,0.1947041153907776,0.19451403617858887
208.741178,0.01370944082736969,-0.07363474369049072,-0.09176439046859741
208.841636,0.0013026148080825806,0.01900571584701538,0.015076160430908203
208.942094,-0.04990546405315399,0.017832696437835693,0.03810220956802368
209.042786,-0.010301977396011353,-0.04578685760498047,-0.021719932556152344
209.143262,-0.0044128745794296265,-0.0030762553215026855,0.03221428394317627
209.243749,0.06787382066249847,-0.0020548105239868164,-0.03851056098937988
209.344366,-0.00036463886499404907,-0.05597352981567383,-0.0863690972328186
209.444770,-0.1641170233488083,-0.07293879985809326,-0.07811564207077026
209.545258,-0.25550153851509094,-0.042035698890686035,-0.09011730551719666
209.645700,0.04997941851615906,0.7404525876045227,0.12644439935684204
209.746248,0.6569048762321472,0.040112972259521484,-0.40191349387168884
209.846804,0.2958889305591583,0.10055208206176758,-0.2921091914176941
209.947325,-0.2056722342967987,-0.5184375643730164,-0.6750162243843079
210.047814,-0.18584048748016357,-0.03942549228668213,0.026840567588806152
210.148277,0.059515997767448425,0.1904830038547516,0.20055389404296875
210.248793,0.12185263633728027,-0.03593236207962036,-0.12005078792572021
210.349355,-0.34867361187934875,-0.17643976211547852,-0.2604776620864868
210.449780,0.012298583984375,0.14663338661193848,0.0145682692527771
210.550388,0.2077307403087616,0.8092228770256042,0.09656262397766113
210.650828,0.791752815246582,0.05326735973358154,-0.3846474289894104
210.751432,-0.23667962849140167,-0.20435932278633118,-0.4814463257789612
210.851988,-0.09435567259788513,-0.40555548667907715,-0.49486154317855835
210.952414,-0.10054728388786316,0.17605623602867126,0.17967498302459717
211.052884,0.12171684205532074,0.09734123945236206,0.06248873472213745
211.153351,0.06895712018013,-0.09998732805252075,-0.15534472465515137
211.253908,-0.08234182000160217,-0.10613799095153809,-0.18058240413665771
211.354432,-0.14870649576187134,0.0803481936454773,0.011963427066802979
211.454925,0.36846500635147095,0.6200786828994751,0.10523319244384766
211.555477,0.6139581203460693,0.1707524061203003,-0.1966800093650818
211.655910,0.0675627738237381,0.1552339792251587,-0.37173211574554443
211.756458,0.2272290587425232,-0.6807870268821716,-1.0849394798278809
211.856981,-0.26101163029670715,0.2775965631008148,0.30135709047317505
211.957430,0.07011213898658752,0.19484150409698486,0.1601925492286682
212.057925,0.10473480820655823,-0.023863255977630615,-0.132124662399292
212.158440,-0.03679782152175903,-0.08368426561355591,-0.06797671318054199
212.259100,-0.065309077501297,0.060290902853012085,0.10351955890655518
212.359560,-0.01312306523323059,-0.0016306042671203613,-0.00045818090438842773
212.460120,-0.03698354959487915,-0.08987966179847717,-0.07662814855575562
212.560483,-0.1573958545923233,-0.08263903856277466,-0.04029732942581177
212.661017,0.06500882655382156,-0.19143468141555786,-0.2916576862335205
212.761572,0.6451825499534607,0.20719385147094727,-0.29612022638320923
212.862079,0.1695324182510376,0.4261118769645691,-0.18065276741981506
212.962541,-0.3482261598110199,0.1234668493270874,0.18667173385620117
213.063021,-0.7118822336196899,-0.6318674087524414,-0.44769322872161865
213.163574,0.35177022218704224,0.18000882863998413,-0.006190657615661621
213.264103,0.2696879506111145,0.147519052028656,-0.041290104389190674
213.364718,-0.19583576917648315,-0.05693250894546509,-0.025476276874542236
213.465091,0.0784941017627716,0.05987560749053955,0.004344940185546875
213.565552,0.03991478681564331,0.012389302253723145,0.0036994218826293945
213.666047,0.015055716037750244,-0.016397595405578613,-0.04220402240753174
213.766652,-0.04159325361251831,-0.055152714252471924,0.020333528518676758
213.867109,0.051670268177986145,0.030935823917388916,-0.022887349128723145
213.967636,-0.058005258440971375,0.03281790018081665,0.01605546474456787
214.068151,-0.027562260627746582,0.12171071767807007,-0.0921410322189331
214.168689,-0.0066913217306137085,-0.07610726356506348,-0.036413371562957764
214.269117,0.01740439236164093,-0.07754123210906982,0.1978386640548706
214.369686,0.07871173322200775,-0.04532349109649658,0.07793563604354858
214.470221,0.09332484006881714,-0.14829450845718384,-0.031174063682556152
214.570664,-0.008571267127990723,0.0976366400718689,0.038549840450286865
214.671224,-0.3044024109840393,0.3489646315574646,-0.08455163240432739
214.771745,-0.15699639916419983,0.03442502021789551,-0.06658560037612915
214.872230,0.4030669033527374,-0.5003904700279236,0.15718388557434082
214.972721,0.05563700199127197,-0.07926201820373535,0.43348848819732666
215.073197,-0.30254656076431274,0.37847715616226196,-0.05637484788894653
215.173821,-0.3880945146083832,-0.2297784686088562,-0.25426673889160156
215.274244,0.3287428021430969,-0.06939786672592163,0.04763084650039673
215.374806,0.08059406280517578,0.06938010454177856,0.09056591987609863
215.475279,-0.03784137964248657,-0.11495375633239746,-0.11020225286483765
215.575773,0.010831058025360107,0.056932926177978516,0.04504269361495972
215.676309,-0.17328175902366638,0.2954666018486023,-0.021697938442230225
215.776734,-0.26483213901519775,-0.3320985436439514,0.02379181981086731
215.877279,0.49928539991378784,-0.2631574869155884,0.2252202033996582
215.977852,-0.011500664055347443,0.052355825901031494,0.19876253604888916
216.078355,-0.31628039479255676,0.3516841530799866,-0.04127955436706543
216.178853,-0.30043166875839233,-0.253742516040802,-0.09048336744308472
216.279644,0.28217577934265137,-0.02366471290588379,0.07443028688430786
216.379939,0.0520118772983551,-0.05314910411834717,0.026350438594818115
216.480343,-0.07194733619689941,-0.06516104936599731,-0.016138553619384766
216.580844,0.02198430895805359,0.02289038896560669,0.029677927494049072
216.681402,-0.0682811439037323,0.26033854484558105,-0.0494617223739624
216.781841,-0.2646230459213257,-0.07613074779510498,-0.038909733295440674
216.882472,0.3505992889404297,-0.11185795068740845,0.07236456871032715
216.982880,0.22055603563785553,-0.002551257610321045,0.12254840135574341
217.083425,-0.17828044295310974,0.18105125427246094,-0.12301701307296753
217.184126,-0.36507827043533325,-0.0652623176574707,-0.021202027797698975
217.284513,0.20222997665405273,0.003572225570678711,0.06064963340759277
217.385039,0.1330474615097046,-0.04707062244415283,-0.001227259635925293
217.485446,-0.082278311252594,0.022761404514312744,-0.02616250514984131
217.585995,-0.05609104037284851,0.04888707399368286,-0.015363514423370361
217.686532,0.017067670822143555,-0.04017221927642822,0.016521692276000977
217.786910,0.08107873797416687,0.005254685878753662,0.016127169132232666
217.887442,0.006103724241256714,0.008173882961273193,-0.0031540989875793457
217.988005,-0.06371673941612244,-0.015892624855041504,-0.015485942363739014
218.088465,-0.006353646516799927,0.02676987648010254,-0.005772054195404053
218.189055,-0.0035514235496520996,0.010984957218170166,-0.007392823696136475
218.289545,-0.042242616415023804,0.028253138065338135,-0.009560763835906982
218.389958,-0.256618469953537,0.03638201951980591,-0.01633584499359131
218.490485,0.22345204651355743,-0.20210051536560059,0.07041287422180176
218.591023,0.2762134373188019,-0.08270156383514404,0.1700572967529297
218.691690,-0.016087304800748825,0.13252711296081543,0.11551612615585327
218.792103,-0.39330872893333435,0.004256606101989746,-0.09929400682449341
218.892593,-0.058875828981399536,0.07169973850250244,-0.01419040560722351
218.993057,0.16358304023742676,-0.10225427150726318,0.06169396638870239
219.093529,0.052371442317962646,-0.05413919687271118,0.01187056303024292
219.194090,-0.029125571250915527,-0.013055264949798584,0.02569657564163208
219.294594,0.03993326425552368,0.1124500036239624,-0.03473097085952759
219.395075,-0.2663741409778595,0.1143220067024231,-0.07254976034164429
219.495621,-0.0063845813274383545,-0.0820205807685852,0.07501059770584106
219.596036,0.3805616796016693,-0.1402413249015808,0.13151395320892334
219.696708,0.058220457285642624,0.05424690246582031,0.12553393840789795
219.797145,-0.23353736102581024,0.1677427887916565,-0.1555299162864685
219.897739,-0.31878572702407837,-0.1397598385810852,-0.010299503803253174
219.998166,0.2638005018234253,0.04041498899459839,0.07724034786224365
220.098692,0.08011102676391602,-0.10428225994110107,0.024249166250228882
220.199194,-0.016391605138778687,-0.12013000249862671,0.02126753330230713
220.299779,-0.04948142170906067,0.18810540437698364,0.009851574897766113
220.400209,-0.09406429529190063,0.2010682225227356,-0.08004242181777954
220.500664,-0.2715384364128113,-0.05954104661941528,0.04355376958847046
220.601252,0.192918598651886,-0.09401953220367432,0.11469170451164246
220.701736,0.33532950282096863,-0.14191865921020508,0.13766133785247803
220.802243,-0.03475420922040939,0.09441232681274414,0.1348177194595337
220.902753,-0.2997669577598572,0.20487159490585327,-0.15828454494476318
221.003240,-0.22443625330924988,-0.27615469694137573,0.033377110958099365
221.103742,0.23271486163139343,0.02181220054626465,0.06474745273590088
221.204313,-0.04453915357589722,0.0024611949920654297,-0.025428831577301025
221.304808,-0.12790215015411377,-0.031948089599609375,-0.018687725067138672
221.405317,0.02098199725151062,-0.04159998893737793,0.05789637565612793
221.505833,0.15953490138053894,0.10324054956436157,0.04274851083755493
221.606295,-0.1865958571434021,0.07973909378051758,-0.06265974044799805
221.706808,-0.12294620275497437,0.021789133548736572,0.046300143003463745
221.807259,0.34451085329055786,-0.19584232568740845,0.19006049633026123
221.907838,0.09749854356050491,0.025803089141845703,0.11141818761825562
222.008353,-0.308301717042923,0.13380300998687744,-0.1646515130996704
222.108862,-0.23631659150123596,0.024307310581207275,-0.013179570436477661
222.209409,0.2432030439376831,-0.041968584060668945,0.11803585290908813
222.309933,0.12447720766067505,-0.22277164459228516,0.02969580888748169
222.410425,-0.013623535633087158,0.07765889167785645,0.04824638366699219
222.510956,-0.052543818950653076,0.2659533619880676,-0.03970468044281006
222.611403,-0.396565318107605,-0.054702937602996826,-0.0723416805267334
222.711866,0.15013962984085083,-0.026157259941101074,0.1821361780166626
222.812310,0.3750893473625183,-0.09375077486038208,0.19537442922592163
222.912925,-0.023370593786239624,0.0663222074508667,0.07963788509368896
223.013427,-0.3363310992717743,0.1119963526725769,-0.18441861867904663
223.113965,-0.11654168367385864,-0.007884860038757324,0.03728282451629639
223.214570,0.2926690876483917,-0.06597363948822021,0.13200372457504272
223.314965,0.0038343966007232666,-0.13770920038223267,0.008598387241363525
223.415509,-0.020879656076431274,0.04022097587585449,0.012334108352661133
223.516002,0.06517153978347778,0.28650885820388794,-0.08114796876907349
223.616435,-0.35643792152404785,-0.09953004121780396,-0.04041719436645508
223.716986,0.17454349994659424,-0.04520857334136963,0.1643349528312683
223.817512,0.3428128957748413,-0.10831069946289062,0.1545807123184204
223.918044,-0.16641472280025482,0.1440224051475525,-0.02847808599472046
224.018621,-0.40366503596305847,-0.07452690601348877,-0.12455058097839355
224.119087,0.146756112575531,0.01812344789505005,0.0715751051902771
224.219500,0.2528029680252075,-0.22346490621566772,0.1293819546699524
224.320024,0.0012358427047729492,-0.13766199350357056,0.09322363138198853
224.420545,-0.07588024437427521,0.3451772928237915,0.0020760297775268555
224.521103,-0.19947373867034912,0.3381011486053467,-0.10618394613265991
224.621572,-0.151948481798172,-0.4198673963546753,0.14459484815597534
224.722115,0.29717203974723816,0.012864172458648682,0.09529399871826172
224.822589,-0.039786286652088165,0.2887948751449585,0.026638925075531006
224.923119,-0.419022798538208,-0.21019691228866577,-0.13020175695419312
225.023611,0.1557464599609375,0.05118298530578613,0.09352129697799683
225.124153,0.13532805442810059,-0.09707623720169067,0.04317772388458252
225.224767,-0.22026273608207703,-0.1411260962486267,0.020371735095977783
225.325105,0.08604660630226135,0.35206687450408936,0.05006074905395508
225.425687,0.07760971784591675,0.3463039994239807,0.0375935435295105
225.526148,-0.21962904930114746,-0.47877389192581177,0.09623196721076965
225.626634,0.35155925154685974,0.098355233669281,0.22476518154144287
225.727111,-0.10692739486694336,0.09911078214645386,-0.11723005771636963
225.827725,-0.5644262433052063,-0.3787519931793213,0.04727703332901001
225.928256,0.5142742991447449,0.13288480043411255,0.2559444308280945
226.028673,-0.03594675660133362,0.4054781198501587,-0.05255246162414551
226.129217,-0.8744579553604126,-0.8291128873825073,0.04729411005973816
226.229773,0.5705729722976685,0.19747179746627808,0.30651795864105225
226.330209,-0.006761804223060608,0.3155679702758789,-0.0006404519081115723
226.430727,-0.8279885649681091,-0.6829500198364258,-0.010565966367721558
226.531278,0.44377243518829346,0.20579910278320312,0.07337340712547302
226.631823,0.06401821970939636,-0.1532154083251953,0.08562684059143066
226.732211,-0.12442249059677124,0.018275678157806396,-0.036775290966033936
226.832796,-0.009465575218200684,0.0035699009895324707,-0.006373733282089233
226.933261,0.02179896831512451,-0.00637209415435791,0.008169889450073242
227.033756,0.016055673360824585,-0.011134922504425049,0.0063742995262146
227.134260,-0.009640723466873169,-0.0016347765922546387,-0.003981053829193115
227.234843,-0.015218287706375122,-0.021884679794311523,-0.001728057861328125
227.335328,0.02353668212890625,0.028366267681121826,0.017556458711624146
227.435838,0.0035552978515625,0.04609936475753784,-0.027418851852416992
227.536316,-0.2544815242290497,-0.08620071411132812,0.010167121887207031
227.636834,0.2226322591304779,-0.11607319116592407,0.1358102560043335
227.737297,0.10565299540758133,0.1860506534576416,0.1279149055480957
227.837918,-0.1603860706090927,0.06065225601196289,-0.13641488552093506
227.938367,-0.2962532043457031,-0.04071462154388428,-0.03901192545890808
228.038819,0.18061035871505737,0.06680828332901001,0.028161942958831787
228.139375,0.08597081899642944,-0.08370625972747803,0.011848986148834229
228.239877,-0.0858822762966156,0.03654897212982178,-0.02912461757659912
228.340433,0.005940139293670654,0.020121276378631592,-0.012414604425430298
228.440908,0.02381312847137451,-0.04219365119934082,-0.007155776023864746
228.541367,0.07099148631095886,-0.10346806049346924,-0.0552220344543457
228.641928,-0.02161744236946106,-0.2901020646095276,-0.08832705020904541
228.742578,0.010290414094924927,-0.2005312442779541,0.1374385952949524
228.842995,0.23422053456306458,0.16600054502487183,0.163752019405365
228.943412,0.17426812648773193,0.12812203168869019,0.19052237272262573
229.043936,-0.29561537504196167,-0.0484887957572937,-0.34754931926727295
229.144608,0.06630516052246094,0.2249070703983307,0.09306812286376953
229.245067,-0.2178223729133606,0.118345707654953,-0.11011099815368652
229.345522,-0.0648173987865448,0.06906750798225403,-0.06215566396713257
229.445980,0.06393975019454956,0.044098496437072754,0.028854727745056152
229.546546,-0.037106484174728394,0.011779487133026123,-0.0026530027389526367
229.647004,-0.06955105066299438,0.0641452968120575,-0.012320339679718018
229.747536,-0.12181761860847473,0.16620653867721558,-0.0474013090133667
229.848043,-0.06441611051559448,0.11126255989074707,0.11442703008651733
229.948577,0.2043193131685257,-0.3603278398513794,0.145429790019989
230.049032,0.18376776576042175,-0.1374238133430481,0.11540842056274414
230.149576,-0.042423494160175323,0.16224271059036255,0.026719748973846436
230.250067,-0.3681737184524536,-0.01273113489151001,-0.13441073894500732
230.350597,0.06164205074310303,0.06246912479400635,0.013109683990478516
230.451118,0.13194680213928223,-0.12191158533096313,0.13495689630508423
230.551586,-0.03499028831720352,-0.08966314792633057,-0.001734912395477295
230.652080,-0.030098214745521545,0.07887136936187744,-0.0005934238433837891
230.752567,-0.1013346016407013,0.13675278425216675,-0.09882503747940063
230.853135,-0.11747404932975769,-0.1962805986404419,0.12040042877197266
230.953573,0.2957730293273926,-0.18809103965759277,0.16071641445159912
231.054097,0.004026457667350769,0.044061362743377686,0.1936677098274231
231.154655,-0.2815914750099182,0.05320847034454346,-0.204642653465271
231.255159,-0.2651937007904053,0.10338550806045532,-0.12854963541030884
231.355649,0.2550589144229889,-0.0735737681388855,0.1493684947490692
231.456175,0.14950086176395416,-0.15460121631622314,0.0897417664527893
231.556666,-0.000866129994392395,0.03611636161804199,0.01248180866241455
231.657235,-0.027243979275226593,0.06488782167434692,0.018347322940826416
231.757702,-0.02047644555568695,0.08542478084564209,-0.038488686084747314
231.858294,-0.18082328140735626,0.02184218168258667,-0.1285141110420227
231.958504,0.24017006158828735,-0.14089053869247437,0.07788565754890442
232.059255,0.18445876240730286,-0.045249223709106445,0.15908700227737427
232.159806,-0.15211495757102966,0.10588037967681885,-0.01746499538421631
232.260226,-0.3662102222442627,0.03899472951889038,-0.0981898307800293
232.360726,0.1937568485736847,0.02067124843597412,0.028975695371627808
232.461267,0.20256942510604858,-0.1626492738723755,0.11888253688812256
232.561670,0.06901942193508148,-0.007808685302734375,0.02829769253730774
232.662290,-0.04303364455699921,0.24888628721237183,-0.05765408277511597
232.762942,-0.309328556060791,0.208490252494812,-0.13127967715263367
232.863302,-0.06631429493427277,-0.17182081937789917,0.1812424659729004
232.963745,0.3895259499549866,-0.09441274404525757,0.12304401397705078
233.064336,-0.005293816328048706,0.1619587540626526,0.0806933045387268
233.164819,-0.3499680757522583,-0.06836599111557007,-0.19637370109558105
233.265334,0.013157526962459087,0.04869800806045532,-0.0266302227973938
233.365849,0.14686787128448486,-0.057311058044433594,0.06966638565063477
233.466332,-0.027831368148326874,0.010774850845336914,-0.024446487426757812
233.566908,-0.030986879020929337,0.023934364318847656,-0.021269261837005615
233.667435,0.014038972556591034,-0.010386407375335693,-0.001666933298110962
233.767826,0.000543348491191864,0.028664767742156982,-0.018529385328292847
233.868384,-0.014082364737987518,-0.010780572891235352,-0.0011698901653289795
233.969032,0.0018258392810821533,0.0012965798377990723,-0.006275802850723267
234.069341,0.006057731807231903,-0.0031296610832214355,-0.002001166343688965
234.169924,-0.01664072275161743,-0.009649276733398438,0.0008283257484436035
234.270352,-0.01617465913295746,0.0022780895233154297,-0.009180545806884766
234.370940,-0.007767729461193085,0.010844409465789795,0.011256515979766846
234.471490,0.01643729954957962,0.002355635166168213,0.00042724609375
234.571893,-0.010697394609451294,0.01673126220703125,-0.02230563759803772
234.672442,-0.0031750649213790894,-0.004283130168914795,-0.007270365953445435
234.773020,0.01657487452030182,0.005432605743408203,0.007161438465118408
234.873384,0.003294214606285095,0.00010848045349121094,0.006815552711486816
234.974052,-0.06438334286212921,0.003162384033203125,-0.030304014682769775
235.074472,-0.1997324526309967,0.02193295955657959,0.002086073160171509
235.174981,0.19252972304821014,-0.10988730192184448,0.09088000655174255
235.275505,0.167438343167305,-0.03900492191314697,0.10001164674758911
235.376104,-0.0536549836397171,0.18475675582885742,0.08175987005233765
235.476511,-0.2684922218322754,-0.06505405902862549,-0.05574476718902588
235.576944,0.07061918824911118,-0.07311129570007324,0.03202405571937561
235.677502,0.14644385874271393,0.005423009395599365,0.07215768098831177
235.778040,-0.04070969671010971,-0.013947844505310059,-0.02087467908859253
235.878648,0.006734441965818405,-0.020738303661346436,0.032015085220336914
235.979128,0.07107239216566086,-0.01345062255859375,0.024168789386749268
236.079566,0.022932082414627075,-0.025850653648376465,0.02714693546295166
236.180121,-0.025940850377082825,0.1448771357536316,-0.003576308488845825
236.280616,-0.16398796439170837,0.1480979323387146,-0.10979235172271729
236.381112,-0.1814870983362198,-0.25253552198410034,0.22413313388824463
236.481600,0.39162778854370117,-0.12149155139923096,0.03327631950378418
236.582053,-0.050837695598602295,0.16408896446228027,0.09486797451972961
236.682711,-0.28741317987442017,0.0020735859870910645,-0.1599597930908203
236.783078,0.03699328750371933,-0.03253215551376343,0.0586511492729187
236.883699,0.1858181357383728,-0.026524841785430908,0.061300128698349
236.984124,-0.033909108489751816,-0.04233753681182861,-0.03281530737876892
237.084724,-0.02527717314660549,0.029329895973205566,-0.011287808418273926
237.185215,0.04547075182199478,-0.03125715255737305,0.024984002113342285
237.285685,0.00317376758903265,-0.006206870079040527,0.00562286376953125
237.386181,0.009424706920981407,-0.028418421745300293,0.025192677974700928
237.486633,0.02376847341656685,0.01158154010772705,0.014163166284561157
237.587140,0.03166748210787773,0.0799328088760376,-0.020526587963104248
237.687707,-0.1171983927488327,0.13367509841918945,-0.08338809013366699
237.788224,-0.376430481672287,-0.11046749353408813,0.0459861159324646
237.888676,0.2916673719882965,-0.09959971904754639,0.18006104230880737
237.989241,0.27250850200653076,-0.06484901905059814,0.18766731023788452
238.089675,-0.23419296741485596,0.17301154136657715,-0.07741200923919678
238.190134,-0.3897334933280945,-0.04695993661880493,-0.08879253268241882
238.290757,-0.0035995319485664368,-0.09992587566375732,0.08151717483997345
238.391293,0.24660758674144745,0.03622543811798096,0.06246110796928406
238.491741,0.0039822012186050415,-0.07880127429962158,-0.008769392967224121
238.592261,-0.021208450198173523,-0.002753734588623047,0.02215731143951416
238.692746,0.07079700380563736,-0.07366275787353516,0.04431375861167908
238.793314,0.0859631896018982,-0.02650219202041626,0.06812787055969238
238.893782,-0.055352114140987396,0.13609319925308228,-0.008327990770339966
238.994383,-0.2418622374534607,0.18827414512634277,-0.11991626024246216
239.094802,-0.28378891944885254,-0.162733793258667,0.0802660584449768
239.195277,0.4430468678474426,-0.12708443403244019,0.1727999448776245
239.295899,0.17966604232788086,0.13758403062820435,0.24151021242141724
239.396366,-0.3980202078819275,0.13420146703720093,-0.45577099919319153
239.496851,-0.4557047486305237,-0.13472002744674683,-0.007967233657836914
239.597344,0.21452337503433228,0.0526466965675354,0.1030815839767456
239.697894,0.154374897480011,-0.06733936071395874,0.033491551876068115
239.798469,-0.06456390023231506,-0.012727200984954834,-0.0391809344291687
239.898848,-0.05203680694103241,0.031150460243225098,-0.016940683126449585
239.999442,0.037060320377349854,-0.02009141445159912,0.0004317760467529297
240.099873,0.05065611004829407,-0.0011524558067321777,0.0013380944728851318
240.200413,-0.03512158989906311,0.027879059314727783,-0.010857507586479187
240.300939,0.014133989810943604,-0.021969735622406006,0.016899019479751587
240.401437,-0.0010199695825576782,0.020821094512939453,-0.0005165338516235352
240.501877,-0.0014643669128417969,-0.005557358264923096,0.009621202945709229
240.602476,-0.022134333848953247,-0.019695401191711426,-0.005487024784088135
240.702971,-0.005467206239700317,0.00872260332107544,-0.013193190097808838
240.803403,-0.014393508434295654,-0.002118229866027832,-0.016611039638519287
240.904010,-0.009355723857879639,-0.00048345327377319336,-0.0008811652660369873
241.004469,-0.10737842321395874,-0.05271494388580322,-0.0036393702030181885
241.104933,-0.20464497804641724,-0.06235593557357788,-0.11618910729885101
241.205448,-0.2129940390586853,-0.1506333351135254,-0.16625866293907166
241.306028,-0.12445788085460663,0.13248616456985474,0.1581888198852539
241.406551,-0.1427328884601593,0.25568658113479614,0.05812615156173706
241.506989,0.06307116150856018,-0.3924536108970642,0.7477775812149048
241.607497,0.7139142751693726,-0.46428799629211426,0.3896409273147583
241.708067,-0.10306866466999054,-0.04183298349380493,0.34446650743484497
241.808584,-0.5669277906417847,0.5433251261711121,-0.10981768369674683
241.908986,-0.4452042877674103,-0.4742380976676941,-0.10277926921844482
242.009550,0.2300025224685669,0.08872216939926147,0.10797503590583801
242.110104,-0.03992040455341339,-0.021980881690979004,0.03727191686630249
242.210745,0.020760774612426758,-0.23215419054031372,0.0003668069839477539
242.311244,0.1286177933216095,0.06906801462173462,0.1230027973651886
242.411706,-0.0667368620634079,0.3968864679336548,-0.09169739484786987
242.512056,-0.6494759321212769,-0.2071685791015625,-0.14374911785125732
242.612588,0.5656338930130005,-0.20864301919937134,0.25938713550567627
242.713134,0.20013248920440674,-0.008835136890411377,0.2390102744102478
242.813715,-0.24819085001945496,0.11307263374328613,-0.15234166383743286
242.914147,-0.4450753629207611,-0.09030401706695557,-0.052714526653289795
243.014620,0.27323007583618164,0.028143763542175293,0.07865652441978455
243.115113,0.07786564528942108,-0.07063943147659302,0.07561072707176208
243.215651,-0.09059962630271912,-0.05725884437561035,-0.050248920917510986
243.316199,0.06041218340396881,-0.07073426246643066,0.013563275337219238
243.416713,0.08285042643547058,0.04672163724899292,0.05565634369850159
243.517232,-0.12333299219608307,0.3187864422798157,-0.093788743019104
243.617770,-0.296436071395874,-0.12022417783737183,-0.20618733763694763
243.718221,0.39724865555763245,-0.1374126672744751,0.12971001863479614
243.818739,0.16161707043647766,-0.07699441909790039,0.21246099472045898
243.919275,-0.21562758088111877,0.18221044540405273,-0.10045576095581055
244.019736,-0.32818615436553955,-0.022762298583984375,-0.104897141456604
244.120201,0.11966875195503235,0.018096446990966797,0.04677027463912964
244.220736,0.16473937034606934,-0.09520947933197021,0.03265073895454407
244.321276,-0.09511268138885498,-0.31081128120422363,-0.03912755846977234
244.421812,-0.07964468002319336,-0.21219396591186523,-0.023183584213256836
244.522217,0.06662514805793762,0.3221333622932434,0.07524889707565308
244.622754,-0.14623020589351654,0.5037833452224731,-0.047019511461257935
244.723266,-0.13900545239448547,0.17406827211380005,-0.1973482370376587
244.823772,0.2979208528995514,-0.4462522268295288,0.286548376083374
244.924333,0.08178414404392242,-0.11802911758422852,0.30022144317626953
245.024860,-0.3610716462135315,0.3501579165458679,-0.2776641845703125
245.125435,0.12110196799039841,-0.24991798400878906,0.2316265106201172
245.225908,-0.11596360802650452,-0.08435481786727905,-0.08141571283340454
245.326408,-0.044098734855651855,-0.028382480144500732,0.05822154879570007
245.426861,0.00894579291343689,-0.07672584056854248,0.03987222909927368
245.527339,-0.004147231578826904,0.01398611068725586,0.04005837440490723
245.627922,0.036053359508514404,0.038679659366607666,0.05201524496078491
245.728364,0.0719311386346817,0.0904037356376648,0.040358394384384155
245.828943,0.04946955293416977,0.25072240829467773,-0.06908053159713745
245.929421,-0.36659371852874756,-0.3882150650024414,-0.042987704277038574
246.029942,0.4225063920021057,-0.203077495098114,0.0993509292602539
246.130367,0.03986695408821106,0.16265881061553955,0.26245665550231934
246.230940,-0.171249657869339,0.5251957178115845,-0.19974172115325928
246.331311,0.07679620385169983,-0.35843199491500854,0.2079097032546997
246.431782,-0.16836240887641907,-0.005419015884399414,-0.11604535579681396
246.532516,0.05730181932449341,0.05539381504058838,0.01572120189666748
246.632928,-0.005615651607513428,-0.031275808811187744,-0.004097342491149902
246.733467,-0.00019256770610809326,0.02073734998703003,-0.017125070095062256
246.834021,0.05497433990240097,0.05228447914123535,0.008588731288909912
246.934495,0.034471843391656876,0.06731492280960083,-0.02711385488510132
247.035002,-0.051813941448926926,0.0204809308052063,-0.07251757383346558
247.135571,0.04666625335812569,-0.21303707361221313,0.00947338342666626
247.235977,0.20515890419483185,-0.1228451132774353,0.21011239290237427
247.336468,-0.15731477737426758,0.212030291557312,0.11757999658584595
247.437079,-0.04140955209732056,0.11538106203079224,-0.1557796597480774
247.537547,-0.07922057062387466,-0.1347377896308899,0.08499956130981445
247.638005,0.0029474645853042603,0.026681721210479736,0.01945599913597107
247.738563,0.1344200223684311,0.003190457820892334,0.05873742699623108
247.839090,-0.023585215210914612,-0.04277467727661133,-0.01253470778465271
247.939560,-0.07258020341396332,0.017886042594909668,-0.034960150718688965
248.040024,0.055517226457595825,0.04716145992279053,0.0001742243766784668
248.140595,0.03203364089131355,0.0009677410125732422,0.005924791097640991
248.241136,-0.013805851340293884,-0.04249930381774902,0.023527026176452637
248.341706,-0.006405007094144821,-0.008000969886779785,-7.049739360809326e-05
248.442099,0.0017162896692752838,0.02492654323577881,7.56382942199707e-05
248.542653,-0.012603040784597397,-0.0067476630210876465,-0.012629106640815735
248.643109,-0.0389692485332489,0.00801241397857666,-0.0362536758184433
248.743617,-0.09102518856525421,0.05401557683944702,-0.07268530130386353
248.844206,-0.1326359510421753,0.0037595033645629883,-0.08788186311721802
248.944599,-0.020534701645374298,0.05377918481826782,-0.013544201850891113
249.045119,0.04980391263961792,0.07778143882751465,0.037039220333099365
249.145890,-0.05309346318244934,0.1014864444732666,-0.06389451026916504
249.246239,0.08040961623191833,-0.3865770697593689,0.2991586923599243
249.346731,0.26991480588912964,-0.3109794855117798,0.4735960364341736
249.447167,-0.08204087615013123,0.07004672288894653,0.18535369634628296
249.547724,-0.3563551604747772,0.32873594760894775,-0.17836645245552063
249.648133,-0.15167325735092163,-0.32157963514328003,0.018028557300567627
249.748646,0.0177631676197052,-0.08082854747772217,-0.10941654443740845
249.849224,0.04645264148712158,0.024191558361053467,0.10358186066150665
249.949689,-0.012029975652694702,-0.001520395278930664,0.0009804368019104004
250.050248,-0.007135927677154541,-0.049568355083465576,0.024967074394226074
250.150776,0.041573673486709595,0.031201422214508057,0.068765789270401
250.251431,0.005575746297836304,0.113231360912323,-0.018591642379760742
250.351855,-0.23512160778045654,-0.005254507064819336,-0.1082770824432373
250.452245,0.23194727301597595,-0.35552000999450684,0.06835943460464478
250.552799,0.1917089819908142,-0.15794914960861206,0.3160524070262909
250.653438,-0.2725813090801239,0.3621758222579956,-0.09814125299453735
250.753794,-0.07796850800514221,-0.2699007987976074,0.048394739627838135
250.854332,0.02085833251476288,-0.13095945119857788,-0.1479511857032776
250.954745,0.0777481198310852,0.08777111768722534,0.1310378611087799
251.055352,0.02015787363052368,0.019145667552947998,0.03294104337692261
251.155866,-0.01954290270805359,-0.05424487590789795,-0.005740955471992493
251.256401,0.008622050285339355,0.019235670566558838,0.019291579723358154
251.356719,0.06628629565238953,0.04941755533218384,0.01670469343662262
251.457238,-0.049877166748046875,0.19140994548797607,-0.12838029861450195
251.557640,-0.2560669183731079,-0.19648057222366333,-0.028782635927200317
251.658290,0.3648500144481659,-0.30816876888275146,0.2590816020965576
251.758895,-0.03354320675134659,0.09757620096206665,0.31185248494148254
251.859217,-0.3569909930229187,0.29873228073120117,-0.08763048052787781
251.959659,-0.07524773478507996,-0.3070363402366638,-0.04158669337630272
252.060179,0.1150188073515892,-0.11477887630462646,0.010839402675628662
252.160726,0.030237391591072083,0.05682271718978882,0.07795675098896027
252.261359,0.07095134258270264,-0.0028020739555358887,-0.028143510222434998
252.361894,-0.04270493984222412,0.00020754337310791016,-0.0410102903842926
252.462561,0.02068208158016205,-0.008188843727111816,-0.004231810569763184
252.563017,0.060575932264328,-0.022555947303771973,0.05706299841403961
252.663609,-0.0020913705229759216,0.044973015785217285,0.046794191002845764
252.764144,-0.05971856415271759,0.12683498859405518,-0.020030975341796875
252.864594,-0.3190508186817169,-0.2580597400665283,-0.0836266279220581
252.965138,0.2695960998535156,-0.25129735469818115,0.04193102940917015
253.065446,0.16198784112930298,-0.01644068956375122,0.21153470873832703
253.166152,-0.25893592834472656,0.2967159152030945,-0.049366146326065063
253.266445,-0.10020153224468231,-0.05632096529006958,-0.056643322110176086
253.366918,-0.010037586092948914,-0.21438384056091309,-0.004081662744283676
253.467606,0.012541800737380981,0.03289937973022461,0.06402672827243805
253.568030,0.14839884638786316,0.02573549747467041,0.03242635726928711
253.668643,0.0002467930316925049,-0.04976940155029297,0.01716698706150055
253.769047,-0.055492669343948364,0.008561015129089355,-0.023721814155578613
253.869568,-0.0833071768283844,0.014481723308563232,-0.04140333831310272
253.970099,0.004510968923568726,0.0010047554969787598,-0.025764167308807373
254.070547,0.08863148093223572,0.017540335655212402,0.030583158135414124
254.171259,0.019899755716323853,-0.01888298988342285,0.017982259392738342
254.271563,-0.034225285053253174,-0.028366148471832275,-0.003059864044189453
254.372139,0.00954902172088623,-0.0006960034370422363,0.012187942862510681
254.472682,0.013943254947662354,0.006122410297393799,0.010825872421264648
254.573195,-0.011237502098083496,-0.032208919525146484,0.0017690658569335938
254.673617,0.0329875648021698,-0.03718388080596924,0.052586495876312256
254.774169,0.06977519392967224,0.11538040637969971,0.05237014591693878
254.874586,-0.2834520936012268,0.10115736722946167,-0.10694564878940582
254.975111,0.27577754855155945,-0.31972193717956543,0.15122270584106445
255.075660,0.29737424850463867,-0.13788169622421265,0.2520821988582611
255.176142,-0.2808419466018677,0.37034744024276733,0.09596213698387146
255.276731,-0.39936232566833496,-0.30801576375961304,-0.12321722507476807
255.377288,-0.07102862000465393,-0.2818562388420105,-0.03635936230421066
255.477749,0.03218984603881836,0.07576662302017212,0.05256170034408569
255.578176,0.1352522373199463,0.029549777507781982,0.08831298351287842
255.678786,-0.023512810468673706,0.006994068622589111,-0.0113677978515625
255.779209,0.027237385511398315,0.024161875247955322,-0.015825629234313965
255.879824,0.08222341537475586,-0.001987457275390625,0.051210999488830566
255.980213,0.018419355154037476,-0.007023990154266357,0.022241830825805664
256.080780,-0.052773237228393555,-0.016630232334136963,0.0023689866065979004
256.181281,-0.0208490788936615,0.01434171199798584,0.013389408588409424
256.281841,0.0071045756340026855,0.005434691905975342,0.004052281379699707
256.382349,0.04049375653266907,0.17454981803894043,-0.09796664118766785
256.482821,-0.09363538026809692,-0.2743030786514282,-0.01983514428138733
256.583276,0.12558513879776,-0.3648030161857605,0.32503950595855713
256.683886,-0.19468200206756592,0.3667271137237549,0.04449090361595154
256.784292,-0.401039719581604,-0.28998470306396484,0.1174059584736824
256.884803,0.06038010120391846,-0.14363950490951538,-0.08650007843971252
256.985328,0.14657574892044067,0.10336154699325562,0.21555179357528687
257.085910,0.010207980871200562,-0.009463727474212646,-0.020962893962860107
257.186230,0.009224951267242432,0.057935476303100586,-0.027777016162872314
257.286901,0.02287253737449646,0.02635425329208374,0.013973355293273926
257.387383,-0.0012914836406707764,-0.025296151638031006,-0.003906726837158203
257.487929,-0.01994273066520691,-0.019849836826324463,-0.003849029541015625
257.588387,0.0267866849899292,-0.010941147804260254,0.016409873962402344
257.688949,0.002895355224609375,0.020530223846435547,-0.007381439208984375
257.789369,-0.00937187671661377,-0.007847070693969727,-0.002652585506439209
257.889815,0.007301062345504761,-0.00564199686050415,0.004058718681335449
257.990431,-0.008020877838134766,-0.02558368444442749,0.020524442195892334
258.090957,0.0009523332118988037,0.016308069229125977,0.03885650634765625
258.191471,0.1419629454612732,0.297480046749115,-0.2014748752117157
258.292077,-0.14453816413879395,-0.20641839504241943,-0.01696157455444336
258.392423,0.056333720684051514,-0.43250924348831177,0.17374321818351746
258.493051,0.1033029556274414,0.03030085563659668,0.3318977355957031
258.593485,-0.22140829265117645,0.3752117156982422,-0.1688462495803833
258.693968,-0.2986268103122711,-0.36203473806381226,-0.07339631766080856
258.794436,-0.06297625601291656,-0.3329158425331116,-0.0037719011306762695
258.894988,0.08777883648872375,-0.022200942039489746,0.1386169195175171
258.995470,0.05682861804962158,0.012266099452972412,0.06294918060302734
259.096072,0.022256717085838318,0.0016626715660095215,-0.0060845911502838135
259.196602,0.07755273580551147,0.05915939807891846,0.046445608139038086
259.297051,0.039504677057266235,0.11459296941757202,0.03231966495513916
259.397606,-0.008011221885681152,-0.013426065444946289,-0.0464397668838501
259.498078,0.004818454384803772,-0.0026210546493530273,-0.02932560443878174
259.598596,0.11080735921859741,0.03996056318283081,0.04937732219696045
259.699058,0.07384940981864929,-0.0243149995803833,0.018110036849975586
259.799498,-0.11154752969741821,0.07584869861602783,-0.0028794407844543457
259.900019,-0.052154213190078735,0.020501434803009033,-0.0018328428268432617
260.000571,-0.10982835292816162,0.06136280298233032,-0.10107025504112244
260.101131,-0.1033695638179779,-0.19664716720581055,-0.15236353874206543
260.201531,-0.014105737209320068,-0.06345248222351074,-0.02649468183517456
260.302082,-0.14806824922561646,0.010525047779083252,0.0908510684967041
260.402650,-0.1049032211303711,-0.08126586675643921,-0.00814288854598999
260.503105,0.07058155536651611,0.05358242988586426,-0.05208307504653931
260.603657,-0.11432752013206482,0.06828993558883667,-0.08957430720329285
260.704157,-0.10560968518257141,-0.15600377321243286,0.011647641658782959
260.804532,0.16466742753982544,-0.31832700967788696,0.15971821546554565
260.905241,0.17660632729530334,-0.03870314359664917,0.18440383672714233
261.005929,-0.21056999266147614,0.19109505414962769,0.001130133867263794
261.106163,-0.18761394917964935,0.043847084045410156,-0.18575024604797363
261.206673,-0.18058258295059204,0.10457849502563477,-0.17178016901016235
261.307298,-0.0064157843589782715,-0.05395907163619995,0.12941762804985046
261.407733,0.19276005029678345,-0.15312862396240234,0.01905125379562378
261.508187,0.11233952641487122,-0.08612805604934692,0.031500428915023804
261.608808,-0.03955391049385071,-0.010666072368621826,-0.02710375189781189
261.709249,0.00724145770072937,-0.03253990411758423,0.004322618246078491
261.809712,-0.08205071091651917,0.03269714117050171,-0.027494698762893677
261.910250,-0.04101818799972534,0.1428227424621582,-0.026417940855026245
262.010743,-0.03903090953826904,0.07089483737945557,0.00046962499618530273
262.111241,-0.04721227288246155,-0.21386313438415527,0.06785023212432861
262.211732,0.1548994779586792,-0.12889236211776733,0.09946680068969727
262.312316,0.08592306822538376,0.19219917058944702,-0.0373615026473999
262.412767,-0.051795244216918945,0.03241837024688721,-0.11728644371032715
262.513232,-0.21110792458057404,0.01471257209777832,0.006467580795288086
262.613773,-0.13591380417346954,0.05450505018234253,-0.006132960319519043
262.714259,0.20025213062763214,-0.019801855087280273,0.1123768761754036
262.814762,0.09150848537683487,-0.058351099491119385,0.01841259002685547
262.915335,-0.031400032341480255,0.007725894451141357,-0.012963585555553436
263.015889,-0.008328191936016083,-0.04858088493347168,0.03354233503341675
263.116324,0.009944148361682892,-0.06804502010345459,-0.010836958885192871
263.216876,-0.0004643648862838745,0.15290850400924683,-0.0222320556640625
263.317363,-0.09070487320423126,0.09766793251037598,-0.022025585174560547
263.417877,-0.09366187453269958,0.022295355796813965,-0.006154119968414307
263.518343,0.035490572452545166,-0.1870518922805786,0.1290888786315918
263.618898,0.19258297979831696,-0.09626346826553345,0.08578264713287354
263.719416,-0.045837242156267166,0.12709438800811768,-0.10195094347000122
263.819845,-0.10382959991693497,0.020587921142578125,0.004598438739776611
263.920304,-0.23402738571166992,0.09814494848251343,-0.007570326328277588
264.020925,0.01964738965034485,-0.04201793670654297,0.05281902849674225
264.121392,0.09096497297286987,-0.12744635343551636,0.04992467164993286
264.221991,0.03546440601348877,-0.019263088703155518,0.020816728472709656
264.322441,-0.02968740463256836,-0.01749056577682495,-0.008344575762748718
264.422972,0.02551206946372986,0.027731120586395264,0.024850904941558838
264.523402,-0.04398950934410095,0.015290439128875732,-0.01904955506324768
264.624005,0.0004852116107940674,0.022120237350463867,0.008429348468780518
264.724515,-0.009764909744262695,-0.022902190685272217,-0.011829107999801636
264.824998,0.004104346036911011,0.011241614818572998,0.012807071208953857
264.925495,-0.0504402220249176,0.024790525436401367,-0.039992913603782654
265.025938,0.03466346859931946,0.014955759048461914,0.023372486233711243
265.126448,-0.05050387978553772,-0.17620623111724854,0.09468129277229309
265.226977,0.13159054517745972,-0.005105137825012207,0.04665461182594299
265.327508,-0.09123359620571136,0.14129799604415894,-0.08792829513549805
265.427959,-0.013703010976314545,0.009750604629516602,0.013354331254959106
265.528539,-0.16235561668872833,-0.022713661193847656,-0.035254769027233124
265.629072,0.03706103563308716,-0.027185797691345215,0.02176295965909958
265.729502,0.022727757692337036,-0.04644078016281128,0.011836066842079163
265.830095,0.028941482305526733,-0.024202406406402588,0.010522842407226562
265.930578,-0.04303020238876343,-0.050996363162994385,0.0033822059631347656
266.031058,0.06821051239967346,-0.04126179218292236,0.03911517560482025
266.131638,0.004470378160476685,0.046122610569000244,-0.01172928512096405
266.232134,-0.08750346302986145,0.11511611938476562,-0.07663433253765106
266.332472,-0.0969465970993042,0.09327107667922974,-0.03220492601394653
266.433068,-0.11322319507598877,-0.006107211112976074,0.010449707508087158
266.533594,0.08937802910804749,-0.1779172420501709,0.12190057337284088
266.634140,0.1604006290435791,-0.11848372220993042,0.06695306301116943
266.734588,-0.06808030605316162,0.10501623153686523,-0.046848833560943604
266.835098,-0.0743890106678009,0.05916935205459595,-0.03220921754837036
266.935635,-0.2022629976272583,0.02018672227859497,-0.059020817279815674
267.036102,-0.04419231414794922,0.0001939535140991211,0.02965419739484787
267.136664,0.1560910940170288,-0.07508718967437744,0.07649201154708862
267.237173,0.04754546284675598,-0.08651477098464966,0.029312970116734505
267.337649,-0.034595951437950134,0.0262719988822937,-0.005380809307098389
267.438285,-0.010724008083343506,0.017993688583374023,-0.012294590473175049
267.538712,0.013044387102127075,-0.02690047025680542,0.006818298250436783
267.639162,-0.0005394667387008667,0.0066512227058410645,0.007947146892547607
267.739762,-0.013580262660980225,0.006644725799560547,-0.0019297562539577484
267.840243,-0.01351746916770935,0.01270371675491333,0.008674323558807373
267.940803,-0.014139637351036072,0.007961094379425049,0.0059255994856357574
268.041233,-0.0004263073205947876,-0.0006057620048522949,-0.008442763239145279
268.141726,0.007218211889266968,-0.002681732177734375,0.000386066734790802
268.242236,-0.010337427258491516,0.008449196815490723,0.004289571195840836
268.342843,-0.02055056393146515,0.005974888801574707,-0.00404280424118042
268.443317,0.0035385489463806152,-0.004316270351409912,0.009694643318653107
268.543832,0.005454003810882568,0.019297540187835693,-0.0006086155772209167
268.644349,-0.0057153403759002686,-0.000910341739654541,-0.0007343962788581848
268.744809,0.006131216883659363,0.019100844860076904,-0.004424877464771271
268.845361,-0.007289990782737732,-0.00589752197265625,-0.0019488930702209473
268.945840,0.00224129855632782,0.01130586862564087,0.007096998393535614
269.046319,-0.017247706651687622,0.008455872535705566,0.0024058297276496887
269.146839,-0.001949593424797058,-0.012337982654571533,0.0005384758114814758
269.247381,0.0003892853856086731,0.0061113834381103516,0.007371492683887482
269.347899,-0.017629586160182953,-0.008471488952636719,0.009036064147949219
269.448350,-0.001463092863559723,0.0038484930992126465,0.012977361679077148
269.548920,-0.0007675066590309143,-0.0014688372611999512,0.01046038419008255
269.649385,-0.013286419212818146,0.0024155378341674805,0.013972759246826172
269.749885,-0.011555612087249756,0.004948914051055908,0.004028499126434326
269.850414,-0.007012799382209778,-0.0022131800651550293,-0.004035234451293945
269.950845,0.040404386818408966,-0.007854163646697998,0.006125204265117645
270.051381,-0.007949553430080414,-0.005523264408111572,0.006511755287647247
270.151853,-0.030373305082321167,-0.00345689058303833,0.006385497748851776
270.252391,-0.035586535930633545,0.02615809440612793,-0.004708647727966309
270.352959,0.0068727582693099976,0.00958240032196045,0.002409219741821289
270.453337,0.014776438474655151,-0.003125131130218506,0.012469060719013214
270.554082,-0.0005775466561317444,0.001835942268371582,0.01595836877822876
270.654423,-0.008743032813072205,-0.025303423404693604,-0.002684585750102997
270.754994,0.04865734279155731,-0.04348975419998169,0.029250867664813995
270.855492,0.02447660267353058,-0.0382574200630188,0.05414195358753204
270.956085,-0.060474470257759094,-0.08981204032897949,0.09795093536376953
271.056478,-0.03844034671783447,-0.00010722875595092773,0.061649858951568604
271.157072,0.0014454945921897888,0.07472419738769531,0.02286243438720703
271.257427,-0.0075080059468746185,0.19609177112579346,0.008040543645620346
271.358057,-0.23330117762088776,0.04319852590560913,-0.354122519493103
271.458619,-0.1265287697315216,-0.4258812665939331,0.13198953866958618
271.559076,0.3297107219696045,-0.14858877658843994,0.274929404258728
271.659612,-0.08245648443698883,0.3746070861816406,0.1557263731956482
271.760057,-0.7589138150215149,-0.28137266635894775,-0.3226766884326935
271.860580,0.0832047313451767,0.20761698484420776,0.01666077971458435
271.961028,0.05476139485836029,-0.002867281436920166,0.05816413462162018
272.061598,0.12838782370090485,-0.11002767086029053,0.056286320090293884
272.162225,0.07104581594467163,-0.04378741979598999,0.033244743943214417
272.262597,-0.06282977759838104,-0.0010139942169189453,0.031068876385688782
272.363108,-0.01122438907623291,0.04782372713088989,-0.03141164779663086
272.463580,-0.014834657311439514,-0.0033146142959594727,-0.023314103484153748
272.564113,-0.0012235641479492188,0.034489572048187256,-0.038240090012550354
272.664683,-0.04521360248327255,0.05563974380493164,-0.030617937445640564
272.765178,-0.25016671419143677,-0.04829174280166626,0.022065289318561554
272.865669,0.2811245322227478,-0.3829888701438904,-0.014691740274429321
272.966059,0.13825853168964386,-0.02011585235595703,0.1991320550441742
273.066641,-0.030148344114422798,0.14831006526947021,-0.006199061870574951
273.167249,-0.7031461000442505,-0.030438780784606934,-0.26154035329818726
273.267691,-0.14816981554031372,-0.036123692989349365,0.08495844900608063
273.368228,0.05666055530309677,-0.04670870304107666,0.07412360608577728
273.468777,0.05633663386106491,-0.1637284755706787,-0.010731592774391174
273.569333,0.16317734122276306,0.04617500305175781,0.058319464325904846
273.669809,0.012254941277205944,0.092862069606781,-0.03497329354286194
273.770256,-0.08981811255216599,-0.046093881130218506,-0.03681051731109619
273.870772,0.018007740378379822,0.045884788036346436,-0.024920746684074402
273.971217,0.008639607578516006,-0.03525948524475098,0.01936548948287964
274.071931,-0.04242265969514847,0.05874311923980713,-0.0782533586025238
274.172339,0.11136992275714874,0.053314208984375,0.013627558946609497
274.272826,0.00659392774105072,-0.11604934930801392,0.1213458776473999
274.373355,0.10140726715326309,-0.1430988311767578,0.11832290887832642
274.473844,0.04000052809715271,0.011582672595977783,0.0865626335144043
274.574310,-0.3015423119068146,0.016260385513305664,-0.041613608598709106
274.674792,-0.30524855852127075,-0.031026721000671387,-0.018539264798164368
274.775327,0.24769379198551178,-0.10819977521896362,0.07284308969974518
274.875910,0.09165224432945251,0.10672551393508911,0.11144186556339264
274.976271,-0.03205481171607971,-0.04031950235366821,-0.011383384466171265
275.076816,0.04981059953570366,-0.013730347156524658,0.026976585388183594
275.177337,-0.016512764617800713,0.018046677112579346,-0.014917373657226562
275.277896,0.04828207939863205,-0.008054792881011963,0.005231022834777832
275.378367,-0.03601423650979996,0.05264925956726074,-0.0829201340675354
275.478939,-0.20066294074058533,0.04558265209197998,-0.12353861331939697
275.579387,0.10040074586868286,-0.059152841567993164,0.051336705684661865
275.679903,0.15215690433979034,-0.12432551383972168,0.20751070976257324
275.780430,-0.037349555641412735,-0.1005294919013977,-0.26322486996650696
275.880838,-0.09667876362800598,0.2979741096496582,-0.03259497880935669
275.981399,0.19220662117004395,-0.17332953214645386,0.026876866817474365
276.081881,-0.18340405821800232,-0.05143922567367554,0.11176735162734985
276.182442,0.04025471210479736,0.0014249682426452637,-0.06093549728393555
276.282976,-0.08845725655555725,0.0025386810302734375,0.007370054721832275
276.383582,0.1382155418395996,-0.20217132568359375,0.1968734860420227
276.483983,0.13278630375862122,0.2947046756744385,0.042068541049957275
276.584462,0.031283676624298096,0.29786038398742676,-0.14532548189163208
276.685065,-0.011456429958343506,-0.6679941415786743,-0.4032784402370453
276.785544,0.03467586636543274,0.07226729393005371,0.4160451292991638
276.886051,0.35592955350875854,-0.1251317858695984,0.33210620284080505
276.986503,-0.11492568254470825,0.02777773141860962,-0.32586434483528137
277.087063,0.01105886697769165,0.22092169523239136,-0.018504202365875244
277.187636,-0.07093250751495361,-0.12015277147293091,0.28590628504753113
277.288091,-0.024401545524597168,0.07972007989883423,-0.0719684362411499
277.388584,0.051600635051727295,-0.015993356704711914,0.056528687477111816
277.489010,-0.05610388517379761,-0.018435537815093994,-0.01130223274230957
277.589557,-0.09100908041000366,-0.1996920108795166,0.1046825647354126
277.690091,0.13051259517669678,0.029507935047149658,0.00826805830001831
277.790523,0.08179599046707153,0.48202359676361084,-0.10777485370635986
277.891003,-0.29115068912506104,0.16367685794830322,-0.051719486713409424
277.991570,0.37934041023254395,-0.6375916600227356,0.09976515173912048
278.092193,0.12847506999969482,-0.17171961069107056,0.17268991470336914
278.192614,-0.1317254602909088,0.06920385360717773,-0.15369611978530884
278.293079,0.048880934715270996,-0.09745651483535767,-0.05691283941268921
278.393735,-0.016767501831054688,-0.16695493459701538,0.20368853211402893
278.494102,-0.019192159175872803,-0.012196183204650879,-0.03908693790435791
278.594727,-0.07368788123130798,-0.11910533905029297,0.004458308219909668
278.695146,0.07367128133773804,-0.09699493646621704,0.0964813232421875
278.795616,-0.05545234680175781,0.12841147184371948,-0.011245131492614746
278.896123,-0.06768739223480225,0.0839422345161438,0.00889277458190918
278.996654,-0.010314524173736572,0.03827488422393799,0.009405970573425293
279.097134,-0.006228268146514893,0.01875472068786621,-0.04890522360801697
279.197670,-0.13338947296142578,0.19319623708724976,-0.17767339944839478
279.298231,-0.011730402708053589,-0.16945290565490723,0.39005476236343384
279.398852,0.23917758464813232,0.17910319566726685,0.006586849689483643
279.499329,-0.3142825961112976,-0.36054325103759766,-0.30906713008880615
279.599696,0.024549812078475952,0.1268506646156311,-0.05338585376739502
279.700341,0.05024045705795288,0.0346907377243042,0.13949954509735107
279.800701,-0.06883159279823303,-0.0952225923538208,0.008087486028671265
279.901262,-0.04947847127914429,0.10534423589706421,-0.05050954222679138
280.001743,0.05367022752761841,-0.09464043378829956,0.04376220703125
280.102194,-0.05399978160858154,0.06745690107345581,-0.0043534040451049805
280.202724,0.03949388861656189,-0.07166033983230591,-0.003842771053314209
280.303261,-0.12029492855072021,0.004554033279418945,0.03970170021057129
280.403783,0.1336357295513153,-0.08943593502044678,0.026456117630004883
280.504277,0.026295572519302368,-0.013186454772949219,0.10864436626434326
280.604832,0.018010199069976807,0.13137215375900269,0.01666349172592163
280.705322,0.019459515810012817,0.028070688247680664,0.0054988861083984375
280.805895,0.01935863494873047,-0.03303945064544678,0.009510636329650879
280.906351,0.03524518013000488,-0.027394473552703857,0.04214900732040405
281.006796,-0.05928650498390198,0.0003387928009033203,-0.01536095142364502
281.107262,0.034592002630233765,0.0924338698387146,-0.022574543952941895
281.207882,0.012247979640960693,0.04456442594528198,0.0022170543670654297
281.308367,-0.004279375076293945,0.05876585841178894,-0.01920020580291748
281.408888,-0.04038932919502258,0.0566982626914978,0.07182729244232178
281.509416,-0.1678270399570465,0.10229116678237915,-0.03926360607147217
281.609873,-0.0913550853729248,-0.0021505355834960938,0.048614323139190674
281.710466,0.16716212034225464,-0.5008841753005981,0.05299413204193115
281.810848,0.07896009087562561,-0.19513344764709473,0.16614198684692383
281.911398,0.027973473072052002,-0.08885043859481812,0.06330251693725586
282.011968,-0.16354820132255554,0.05592906475067139,-0.17987030744552612
282.112446,-0.0585344135761261,0.2119731307029724,-0.017714083194732666
282.212878,0.07255971431732178,-0.18274343013763428,0.028198838233947754
282.313490,-0.004777997732162476,0.06112450361251831,0.033986806869506836
282.413901,-0.052395135164260864,-0.12625515460968018,-0.0008173584938049316
282.514410,0.11866900324821472,-0.0666881799697876,0.08353781700134277
282.615081,-0.1125929057598114,0.060188472270965576,-0.056452155113220215
282.715496,0.025223076343536377,0.18871039152145386,-0.07570004463195801
282.815975,-0.18774038553237915,0.0007370114326477051,0.01150551438331604
282.916490,-0.04043588042259216,0.009338021278381348,0.15243464708328247
283.016907,0.05739295482635498,0.05618959665298462,0.06225389242172241
283.117540,-0.09792071580886841,-0.1570722460746765,-0.22448647022247314
283.218059,0.057136714458465576,0.18221193552017212,-0.055029988288879395
283.318576,0.016590923070907593,-0.005862295627593994,-0.07372796535491943
283.418994,0.06923189759254456,-0.011670410633087158,0.15627023577690125
283.519619,-0.06160902976989746,-0.008182704448699951,-0.045963943004608154
283.620057,0.048539698123931885,-0.11374515295028687,0.14789420366287231
283.720582,0.0004169344902038574,-0.02785736322402954,0.10972517728805542
283.821033,0.05422806739807129,0.11463165283203125,-0.05093240737915039
283.921613,-0.05474865436553955,0.25530576705932617,-0.1502702832221985
284.022088,-0.05381828546524048,0.024694323539733887,-0.13158702850341797
284.122622,-0.06684708595275879,-0.17354810237884521,0.02517491579055786
284.223090,0.23638668656349182,0.028429865837097168,0.16165143251419067
284.323633,-0.2681345045566559,-0.00047409534454345703,-0.12722235918045044
284.424158,-0.031236380338668823,0.04823178052902222,-0.08886352181434631
284.524653,0.059463322162628174,-0.03922003507614136,0.057254523038864136
284.625192,0.12225961685180664,-0.12383264303207397,0.07726913690567017
284.725628,-0.01288461685180664,0.04124957323074341,-0.012268811464309692
284.826144,-0.020089924335479736,-0.02733999490737915,-0.025267839431762695
284.926716,0.004204750061035156,0.008444488048553467,0.02117285132408142
285.027217,0.000877678394317627,0.019778430461883545,-0.02104395627975464
285.127658,-0.011172294616699219,-0.02599358558654785,0.0034933090209960938
285.228209,0.024605393409729004,0.03830885887145996,-0.012452244758605957
285.328703,-0.09105789661407471,-0.07245361804962158,-0.02955007553100586
285.429211,-0.14947426319122314,-0.038420677185058594,0.19646579027175903
285.529784,0.2713856101036072,0.07361644506454468,-0.01658332347869873
285.630226,-0.004508107900619507,0.12197262048721313,0.15498316287994385
285.730837,-0.09269917011260986,0.07255709171295166,0.054303526878356934
285.831276,-0.0017439424991607666,-0.480201780796051,0.05816304683685303
285.931760,-0.02911621332168579,-0.09945040941238403,0.0952710509300232
286.032274,0.020588040351867676,-0.03600049018859863,0.05845439434051514
286.132730,0.035642966628074646,-0.21632158756256104,-0.12028008699417114
286.233281,-0.012646660208702087,0.06444519758224487,-0.04019647836685181
286.333791,-0.04151102900505066,0.2547950744628906,-0.08131647109985352
286.434298,0.1811809241771698,-0.22494232654571533,0.003949999809265137
286.534787,-0.05991429090499878,-0.130889892578125,0.07678878307342529
286.635274,0.053913384675979614,-0.024421870708465576,-0.022019684314727783
286.735785,0.06974512338638306,0.17683452367782593,-0.003076791763305664
286.836367,-0.01877710223197937,0.2857705354690552,-0.10753488540649414
286.936793,0.037480831146240234,-0.37062710523605347,0.008295238018035889
287.037287,-0.014319539070129395,-0.012982189655303955,0.22499293088912964
287.137883,0.071251779794693,-0.06681537628173828,-0.009669840335845947
287.238384,-0.13106238842010498,0.05347186326980591,-0.02215898036956787
287.338803,-0.06394755840301514,0.03433340787887573,-0.07419610023498535
287.439384,0.04521968960762024,0.0021535158157348633,0.045401811599731445
287.539894,-0.030884087085723877,-0.1609007716178894,0.11619263887405396
287.640369,0.11412668228149414,-0.07654380798339844,0.005822539329528809
287.740836,0.03170901536941528,0.11732101440429688,0.0922669768333435
287.841373,0.0992087721824646,0.11453825235366821,-0.007856369018554688
287.941763,-0.20984309911727905,0.19379377365112305,-0.10195308923721313
288.042536,0.037508487701416016,-0.5162256956100464,-0.0829402506351471
288.142963,-0.10396051406860352,-0.046024441719055176,0.2654968202114105
288.243470,0.17749762535095215,-0.13650262355804443,0.018705666065216064
288.344113,-0.10752665996551514,0.0247880220413208,-0.1561330258846283
288.444510,0.08994710445404053,0.11321800947189331,-0.00032383203506469727
288.545026,0.09873008728027344,-0.09687387943267822,0.10275804996490479
288.645495,-0.08475595712661743,-0.05934131145477295,-0.0240633487701416
288.745993,-0.04641157388687134,0.013029277324676514,-0.05493021011352539
288.846580,-0.06388384103775024,-0.08418309688568115,0.055536508560180664
288.947015,0.01124882698059082,-0.07855749130249023,0.08142918348312378
289.047541,0.03912663459777832,0.0735735297203064,0.036586910486221313
289.148051,0.00883418321609497,0.18691664934158325,-0.09451210498809814
289.248526,-0.11620908975601196,0.08656144142150879,-0.128997802734375
289.349089,0.073314368724823,-0.38409775495529175,-0.033894360065460205
289.449517,0.044872283935546875,0.04159122705459595,0.09021270275115967
289.550063,-0.15637117624282837,-0.23087728023529053,-0.0410078763961792
289.650560,-0.06321406364440918,0.10450863838195801,-0.09602963924407959
289.751050,-0.1286737322807312,-0.01006317138671875,-0.00558355450630188
289.851590,0.22747930884361267,-0.04880470037460327,0.14169493317604065
289.952099,-0.1745947003364563,0.00028133392333984375,-0.06909051537513733
290.052602,0.06001001596450806,-0.021116554737091064,-0.050775349140167236
290.153210,-0.14537477493286133,-0.07744425535202026,-0.032674580812454224
290.253580,0.1591513752937317,-0.0841410756111145,-0.19078528881072998
290.354065,0.06350097060203552,0.12608563899993896,0.0978441834449768
290.454575,0.009253084659576416,0.21051251888275146,0.07511085271835327
290.555149,-0.11612704396247864,0.04801607131958008,0.12160342931747437
290.655665,-0.005690813064575195,-0.08097302913665771,0.11574411392211914
290.756197,-0.05661168694496155,0.01349341869354248,0.014782369136810303
290.856635,-0.07247120141983032,-0.3749312162399292,-0.05639910697937012
290.957136,0.12051057815551758,-0.17348575592041016,0.17035651206970215
291.057635,-0.026719480752944946,-0.07446455955505371,0.17565348744392395
291.158289,-0.1941872239112854,-0.08552783727645874,-0.04899221658706665
291.258698,-0.005017280578613281,0.14592134952545166,0.008739888668060303
291.359224,0.06415235996246338,-0.2156810760498047,-0.036884963512420654
291.459744,-0.12330079078674316,-0.0043451786041259766,-0.01417165994644165
291.560211,-0.09069642424583435,-0.18920618295669556,0.013983845710754395
291.660596,0.04182115197181702,-0.08887934684753418,0.07161259651184082
291.761235,-0.03211674094200134,0.08094805479049683,-0.027706801891326904
291.861772,0.08281078934669495,0.21312236785888672,-0.046419620513916016
291.962261,-0.09010335803031921,0.2279369831085205,-0.08744966983795166
292.062775,0.06908220052719116,-0.3117574453353882,-0.02831399440765381
292.163265,0.05187669396400452,0.04124760627746582,0.23736482858657837
292.263727,-0.11658868193626404,-0.10096263885498047,-0.23344308137893677
292.364285,0.0010670721530914307,0.24184495210647583,-0.004968702793121338
292.464705,0.06399786472320557,-0.06416499614715576,-0.0576452910900116
292.565405,0.09353905916213989,-0.052347779273986816,0.1290178894996643
292.665895,-0.15847164392471313,-0.06583541631698608,-0.10725602507591248
292.766353,-0.1708914339542389,-0.1597079634666443,0.1075173020362854
292.866766,0.02623724937438965,-0.02546483278274536,0.0965721607208252
292.967292,0.05423921346664429,0.25753211975097656,0.06275177001953125
293.067814,0.019858509302139282,0.206204354763031,-0.07110774517059326
293.168410,-0.04308021068572998,0.054403841495513916,-0.1683359146118164
293.268814,0.10177633166313171,-0.36013609170913696,-0.13371151685714722
293.369356,0.018586814403533936,-0.028332889080047607,0.13829755783081055
293.469852,0.031039521098136902,-0.2539067268371582,0.18107539415359497
293.570327,-0.1335095763206482,0.11038780212402344,-0.08052515983581543
293.670847,0.07392635941505432,0.09340924024581909,-0.07498520612716675
293.771434,0.06447681784629822,-0.14796799421310425,0.1390741467475891
293.871862,-0.09050098061561584,-0.012548625469207764,-0.016403943300247192
293.972398,-0.12296313047409058,-0.1567525863647461,-0.08171027898788452
294.072969,0.19537127017974854,-0.18737459182739258,0.13044840097427368
294.173439,-0.08458560705184937,0.18510854244232178,-0.0010001659393310547
294.273955,-0.0006211400032043457,0.21615588665008545,-0.15206652879714966
294.374514,-0.006822437047958374,0.22305655479431152,-0.15330761671066284
294.475008,0.15647181868553162,-0.3039690852165222,-0.219539612531662
294.575439,-0.02204194664955139,-0.025988399982452393,0.498913437128067
294.675965,0.133262038230896,-0.10883563756942749,0.2609248161315918
294.776482,-0.09503749012947083,0.15923672914505005,-0.16154679656028748
294.877038,-0.03405559062957764,0.023006439208984375,-0.17180943489074707
294.977558,0.10418552160263062,-0.10068124532699585,0.02111336588859558
295.078053,0.030450105667114258,-0.06712204217910767,0.16369205713272095
295.178595,-0.028958678245544434,0.012288808822631836,-0.11254686117172241
295.278978,-0.02068638801574707,-0.031008422374725342,0.010537266731262207
295.379551,0.013754308223724365,-0.008480072021484375,0.015299022197723389
295.479981,-0.04363143444061279,0.013248264789581299,-0.06550860404968262
295.580531,0.0016225576400756836,-0.05123269557952881,0.03285294771194458
295.681111,-0.037148237228393555,0.043999552726745605,-0.040163248777389526
295.781593,0.0012573599815368652,-0.05807548761367798,0.04997813701629639
295.882106,-0.0017579197883605957,0.048959195613861084,-0.04253166913986206
295.982549,-0.006106376647949219,-0.07042616605758667,0.016063332557678223
296.083112,-0.010437309741973877,0.043400704860687256,-0.027772367000579834
296.183649,-0.0014362931251525879,-0.06408315896987915,0.03017789125442505
296.284163,0.01599442958831787,0.053547799587249756,-0.02944999933242798
296.384668,-0.005255937576293945,-0.04722470045089722,0.04909014701843262
296.485137,-0.02172410488128662,0.04878872632980347,-0.030146777629852295
296.585598,-0.03487211465835571,-0.0529482364654541,0.04435086250305176
296.686182,0.0006070733070373535,0.03145599365234375,-0.03296029567718506
296.786600,-0.00922393798828125,-0.02300405502319336,0.05986717343330383
296.887112,-0.0311509370803833,0.025418758392333984,-0.04000669717788696
296.987651,0.029474914073944092,0.012846529483795166,0.07856911420822144
297.088132,-0.016184866428375244,0.0007066726684570312,-0.041419267654418945
297.188655,0.04548466205596924,0.021831810474395752,0.0660923421382904
297.289219,-0.002198934555053711,-0.008173882961273193,-0.03769683837890625
297.389685,0.055509328842163086,0.003618299961090088,0.046134233474731445
297.490143,-0.02929002046585083,-0.0018526315689086914,-0.022072911262512207
297.590701,0.042622148990631104,0.004332900047302246,0.039697110652923584
297.691231,-0.03386110067367554,0.015396595001220703,-0.011740148067474365
297.791767,0.023184895515441895,-0.008897483348846436,0.012562930583953857
297.892181,-0.033848464488983154,0.01830977201461792,0.0015224218368530273
297.992762,0.0023239850997924805,-0.02559185028076172,-0.012975215911865234
298.093219,-0.058200955390930176,0.015517950057983398,-0.021257638931274414
298.193794,-0.02071857452392578,-0.10965567827224731,-0.02039515972137451
298.294205,0.29598796367645264,-0.15932965278625488,-0.1297324299812317
298.394802,0.07685115933418274,0.015850365161895752,-0.03080296516418457
298.495234,0.08361288905143738,0.0925666093826294,0.09303128719329834
298.595780,-0.1704067587852478,-0.0697411298751831,0.2600867748260498
298.696290,-0.1400843858718872,0.05613011121749878,0.18910080194473267
298.796787,-0.10699212551116943,0.10732302069664001,0.09828686714172363
298.897263,-0.11795857548713684,-0.10596930980682373,-0.006686270236968994
298.997808,0.08773186802864075,-0.1403025984764099,-0.08481615781784058
299.098277,0.010923594236373901,0.10798686742782593,-0.06515958905220032
299.198933,-0.1294112503528595,-0.310973584651947,-0.20015233755111694
299.299407,0.01477213203907013,-0.018424808979034424,0.2612494230270386
299.399926,0.02857855334877968,-0.19396817684173584,0.006079912185668945
299.500310,0.1325046420097351,-0.0443040132522583,0.15803730487823486
299.600917,-0.24031540751457214,0.03227466344833374,-0.17122888565063477
299.701360,-0.11549344658851624,0.24586045742034912,-0.003939270973205566
299.801837,0.12442484498023987,-0.17399412393569946,-0.08748811483383179
299.902428,0.08752848953008652,0.05937635898590088,0.14311003684997559
300.002886,0.035290516912937164,-0.15800124406814575,-0.08880650997161865
300.103453,0.11280152201652527,0.025652766227722168,0.07945358753204346
300.203907,0.07361894845962524,-0.10589909553527832,-0.011017560958862305
300.304478,0.022643446922302246,0.088437020778656,0.054297804832458496
300.404924,-0.009724825620651245,-0.015545964241027832,-0.022768914699554443
300.505492,-0.14980027079582214,0.1473407745361328,-0.011233210563659668
300.605932,-0.14172843098640442,0.060481905937194824,-0.08710414171218872
300.706416,-0.15083110332489014,0.1157374382019043,-0.015784800052642822
300.806940,-0.32615435123443604,0.10899168252944946,0.1359044313430786
300.907494,0.4478897154331207,0.3313559889793396,0.3883224129676819
301.007997,0.36644408106803894,-0.27824968099594116,-0.03777885437011719
301.108426,0.07003627717494965,-0.100558340549469,0.08090817928314209
301.209001,-0.0356697179377079,0.039828360080718994,0.05489534139633179
301.309591,-0.1536574363708496,0.06398314237594604,-0.038715660572052
301.409984,-0.11366106569766998,0.16804158687591553,-0.010375380516052246
301.510519,0.013400107622146606,-0.11692506074905396,0.049305498600006104
301.611034,0.12177020311355591,0.03660339117050171,0.16329723596572876
301.711359,-0.07959073781967163,0.0063863396644592285,-0.033676743507385254
301.811798,0.0029206275939941406,0.0226362943649292,0.04902929067611694
301.912573,-0.046658024191856384,0.016130805015563965,0.008921921253204346
302.013102,0.02141590416431427,-0.03359431028366089,-0.0059735774993896484
302.113589,-0.03808937966823578,0.00906527042388916,0.054461896419525146
302.214084,0.08045192062854767,-0.07588624954223633,0.0021149516105651855
302.314702,-0.06196151673793793,0.00567936897277832,0.017099738121032715
302.415067,0.03529246151447296,-0.0633285641670227,0.03153318166732788
302.515613,0.0170687735080719,-0.03354823589324951,0.03338336944580078
302.616125,0.014776468276977539,0.05820775032043457,0.035712480545043945
302.716572,-0.18524318933486938,-0.010138452053070068,-0.06364262104034424
302.817093,0.07715821266174316,0.3019511103630066,0.06021922826766968
302.917661,-0.2496820092201233,0.013297021389007568,0.016396164894104004
303.018174,0.34351715445518494,-0.269961953163147,0.18972313404083252
303.118998,-0.020839150995016098,-0.05485957860946655,0.024062752723693848
303.219192,-0.013928549364209175,-0.026367127895355225,-0.03493541479110718
303.319727,-0.07810316979885101,0.08727031946182251,-0.11301553249359131
303.420125,-0.10924568772315979,0.16904675960540771,0.06805658340454102
303.520662,0.04584439843893051,-0.16429495811462402,-0.08937615156173706
303.621281,0.1449897587299347,-0.0018792152404785156,0.10689693689346313
303.721697,-0.09736807644367218,-0.056136369705200195,-0.1254461407661438
303.822178,0.08832335472106934,0.061390697956085205,0.1074901819229126
303.922728,-0.050387926399707794,-0.06261014938354492,-0.10628706216812134
304.023208,0.13153597712516785,-0.019860267639160156,0.09179830551147461
304.123812,-0.0006669759750366211,-0.11091750860214233,-0.03602635860443115
304.224228,-0.00803646445274353,0.1199684739112854,0.06746399402618408
304.324838,-0.010799705982208252,0.12571418285369873,-0.09477031230926514
304.425365,-0.059637606143951416,0.24094772338867188,-0.03108847141265869
304.525748,-0.02585683763027191,-0.16903573274612427,-0.10509943962097168
304.626276,0.1317322850227356,-0.10728567838668823,0.18675100803375244
304.726726,0.01899959146976471,-0.07988858222961426,-0.014715254306793213
304.827413,0.040149424225091934,-0.002838730812072754,0.09251463413238525
304.927807,-0.08250284194946289,0.17064988613128662,-0.05641937255859375
305.028321,-0.12299536168575287,0.05723613500595093,-0.03570067882537842
305.128901,0.15838497877120972,0.10071069002151489,0.07257992029190063
305.229366,0.11874832957983017,-0.12421661615371704,-0.007747828960418701
305.329820,-0.0026271939277648926,0.056686460971832275,0.06007647514343262
305.430430,0.021793395280838013,0.008921265602111816,0.023793518543243408
305.530873,0.001291319727897644,0.04273843765258789,0.05151939392089844
305.631397,0.12385272234678268,-0.14013630151748657,-0.007470369338989258
305.731935,0.04809349775314331,0.020539581775665283,0.04450023174285889
305.832397,-0.10739853978157043,0.22151505947113037,-0.021432876586914062
305.932881,-0.18051815032958984,0.11994040012359619,-0.08505105972290039
306.033392,0.23147812485694885,-0.1880788803100586,0.1729755401611328
306.133880,0.2563396096229553,-0.16799992322921753,0.2217615842819214
306.234404,-0.13639794290065765,0.10353177785873413,0.0009850859642028809
306.334877,-0.3013667166233063,0.3048640489578247,-0.11917400360107422
306.435429,0.005976289510726929,-0.08657753467559814,0.03263622522354126
306.535947,0.19599230587482452,-0.16877847909927368,0.14443933963775635
306.636445,-0.019218862056732178,-0.009608328342437744,-0.04927635192871094
306.736955,-0.030589088797569275,0.04972481727600098,-0.0006590485572814941
306.837418,0.022868454456329346,-0.012980520725250244,-0.0026287436485290527
306.937929,0.0434141606092453,-0.15911155939102173,0.010528504848480225
307.038418,0.04108670353889465,-0.007281243801116943,0.06624335050582886
307.138952,0.029690444469451904,0.17281579971313477,-0.023230671882629395
307.239407,-0.23344191908836365,0.3488270044326782,-0.12274634838104248
307.340034,0.17868342995643616,-0.1714625358581543,-0.016380906105041504
307.440510,-0.04247923195362091,-0.13570648431777954,0.1424793004989624
307.541103,-0.0375182069838047,-0.0936286449432373,0.014314711093902588
307.641502,-0.024575673043727875,0.111258864402771,0.012483656406402588
307.742082,-0.1960882991552353,0.20604866743087769,-0.05642765760421753
307.842364,-0.11359459161758423,-0.02046412229537964,-0.12788355350494385
307.942811,0.22508098185062408,-0.1483365297317505,0.16373109817504883
308.043307,-0.06015683710575104,-0.0007309913635253906,-0.077975332736969
308.143887,0.07744762301445007,-0.018186867237091064,0.055167436599731445
308.244447,0.16322430968284607,-0.24638402462005615,-0.05324918031692505
308.344954,0.042673349380493164,0.08486735820770264,0.1022607684135437
308.445668,-0.1338137984275818,0.26750266551971436,-0.15542030334472656
308.545979,-0.2009848952293396,0.3375365138053894,-0.06899303197860718
308.646505,0.10662296414375305,-0.5280474424362183,-0.02739572525024414
308.746957,0.04777459800243378,0.1424693465232849,0.5813336372375488
308.847461,-0.03375909477472305,-0.1713331937789917,-0.2751026749610901
308.947934,0.028130430728197098,0.06263768672943115,0.08234190940856934
309.048471,-0.12894582748413086,0.1435467004776001,-0.1630989909172058
309.149033,0.0019960105419158936,0.14447897672653198,-0.0058432817459106445
309.249485,0.15655870735645294,-0.08804023265838623,0.04206705093383789
309.349947,0.044422656297683716,-0.056066811084747314,-0.00845247507095337
309.450425,-0.1002587378025055,0.06135821342468262,-0.06343317031860352
309.550980,0.10253718495368958,-0.06491023302078247,0.04022848606109619
309.651548,-0.06927216053009033,0.010845422744750977,-0.059256792068481445
309.751960,0.0932730883359909,-0.045638978481292725,0.010121822357177734
309.852566,-0.026255160570144653,-0.08620327711105347,-0.04397916793823242
309.953029,0.008397877216339111,0.13185149431228638,0.04945796728134155
310.053533,-0.0931580662727356,0.31395602226257324,-0.08677738904953003
310.154116,0.0016259849071502686,-0.06552481651306152,0.03136312961578369
310.254501,0.03572836518287659,-0.042988359928131104,0.3087151050567627
310.355016,0.03813258558511734,-0.07819414138793945,-0.08553189039230347
310.455522,-0.10454253852367401,0.04105687141418457,-0.0637052059173584
310.556063,-0.09441789984703064,0.23941457271575928,0.05393582582473755
310.656607,0.025695398449897766,-0.10322791337966919,-0.06945616006851196
310.757072,0.0840221643447876,0.0235101580619812,0.18761998414993286
310.857554,-0.03932523727416992,-0.020229816436767578,-0.09684783220291138
310.958121,0.06892567873001099,-0.05702871084213257,0.07311052083969116
311.058517,0.02580145001411438,-0.12748342752456665,-0.032359540462493896
311.159126,0.04205334186553955,0.04471278190612793,0.08870762586593628
311.259679,-0.014152824878692627,0.1391831934452057,-0.03994268178939819
311.360121,-0.03688478469848633,0.3132464289665222,0.021801292896270752
311.460738,-0.06314998865127563,0.10059237480163574,0.021819710731506348
311.561084,0.16449204087257385,0.019598007202148438,0.36341702938079834
311.661645,0.12497194856405258,-0.10955530405044556,0.03889203071594238
311.762091,-0.06497981399297714,-0.032494306564331055,-0.019607365131378174
311.862660,-0.09543615579605103,0.21083217859268188,-0.010241568088531494
311.963138,-0.12370443344116211,0.06702101230621338,0.023283064365386963
312.063608,0.07479211688041687,-0.24566984176635742,0.026822805404663086
312.164192,0.059155046939849854,0.04044318199157715,0.11257410049438477
312.264636,-0.060318201780319214,-0.020208299160003662,-0.04570591449737549
312.365189,0.023345008492469788,0.016904115676879883,0.030167102813720703
312.465677,-0.013466089963912964,-0.009734690189361572,-0.002440333366394043
312.566192,0.02622966468334198,0.029911935329437256,0.04389035701751709
312.666718,0.10114717483520508,-0.19648092985153198,0.008584439754486084
312.767180,0.04391399025917053,-0.015561521053314209,0.09944599866867065
312.867691,0.019050031900405884,0.10009437799453735,0.0014835000038146973
312.968265,-0.05072659254074097,0.18322724103927612,-0.042797207832336426
313.068785,-0.2096272110939026,0.27991783618927,-0.05534839630126953
313.169263,0.21355605125427246,-0.3638959527015686,-0.05724990367889404
313.269778,-0.0010284632444381714,-0.037515342235565186,0.3384430408477783
313.370328,-0.0028052274137735367,-0.17889225482940674,-0.16498392820358276
313.470821,0.14210201799869537,-0.023113369941711426,0.14530813694000244
313.571379,-0.1461714506149292,0.09473174810409546,-0.02946615219116211
313.671908,-0.22668659687042236,0.15755999088287354,-0.05169880390167236
313.772465,-0.030085206031799316,-0.19550949335098267,-0.004011332988739014
313.872840,0.23523686826229095,-0.014090001583099365,0.15846669673919678
313.973313,-0.08100929856300354,-0.05146646499633789,-0.1216621994972229
314.073870,0.04374140501022339,-0.004259467124938965,0.03555697202682495
314.174359,-0.03915417194366455,-0.0545918345451355,-0.08116358518600464
314.274991,0.05212906002998352,0.04018813371658325,0.021380722522735596
314.375311,-0.058281660079956055,-0.060290634632110596,-0.066489577293396
314.475947,0.03270383179187775,0.03078162670135498,0.021239757537841797
314.576425,0.007343500852584839,-0.008175253868103027,-0.03224211931228638
314.677024,-0.0056384652853012085,0.050517499446868896,0.0453648567199707
314.777520,-0.003764122724533081,-0.00371706485748291,-0.015594899654388428
314.878022,0.012905716896057129,0.038870036602020264,0.052373647689819336
314.978488,0.012150287628173828,-0.011814653873443604,-0.007347524166107178
315.078993,-0.022196605801582336,0.038598060607910156,0.05819272994995117
315.179563,0.0076668113470077515,0.021421432495117188,0.016190290451049805
315.280074,0.02383086085319519,-0.004917919635772705,0.017990291118621826
315.380522,0.028786927461624146,-0.03840833902359009,-0.006030619144439697
315.481023,0.01529461145401001,-0.05346786975860596,-0.020993828773498535
315.581584,-0.008337229490280151,0.10626155138015747,-0.0026012063026428223
315.682060,-0.15970349311828613,0.2376316785812378,-0.04155445098876953
315.782544,0.1974603235721588,-0.28620290756225586,0.005347132682800293
315.883139,-0.02161557227373123,-0.026337087154388428,0.06751853227615356
315.983621,0.05568406358361244,-0.08269840478897095,0.01684516668319702
316.084416,0.059105146676301956,-0.016165852546691895,0.06419312953948975
316.184655,-0.16122432053089142,0.20066773891448975,-0.0994875431060791
316.285145,-0.1800931990146637,-0.033465445041656494,-0.05525386333465576
316.385674,0.12039013206958771,0.013177692890167236,0.15491825342178345
316.486047,0.023602008819580078,-0.09196054935455322,-0.05399078130722046
316.586665,-0.050526589155197144,0.11232566833496094,0.04552239179611206
316.687129,0.04027634859085083,-0.08756124973297119,-0.0340234637260437
316.787537,-0.05401945114135742,0.06928211450576782,0.024145185947418213
316.888058,0.05276891589164734,-0.06801122426986694,-0.017364025115966797
316.988697,0.053359776735305786,-0.11673158407211304,0.033866047859191895
317.089098,0.06073164939880371,-0.1002768874168396,-0.03142380714416504
317.189743,-0.07457554340362549,0.06031590700149536,-0.028117775917053223
317.290136,-0.07259625196456909,0.17305299639701843,-0.021579384803771973
317.390710,-0.2665207087993622,0.204140305519104,-0.12548810243606567
317.491220,0.10111120343208313,0.16999179124832153,0.1680891513824463
317.591722,0.4205677807331085,-0.6447163224220276,0.07684659957885742
317.692170,0.13896101713180542,-0.03208094835281372,0.2558082342147827
317.792673,-0.12744419276714325,-0.019428372383117676,-0.31598132848739624
317.893186,-0.09011715650558472,0.30248790979385376,-0.11298143863677979
317.993709,-0.023499339818954468,-0.09477216005325317,-0.07132208347320557
318.094255,0.1649552881717682,-0.04099464416503906,0.20347243547439575
318.194806,-0.1151086688041687,-0.02757328748703003,-0.14745664596557617
318.295287,0.011413335800170898,-0.04132872819900513,0.04321414232254028
318.395658,-0.03930196166038513,0.0061231255531311035,-0.07005321979522705
318.496215,-0.0036517679691314697,-0.07314956188201904,0.0072710514068603516
318.596795,-0.06235545873641968,0.011763215065002441,-0.07902836799621582
318.697332,0.023831307888031006,-0.10198307037353516,0.0082472562789917
318.797884,-0.06931129097938538,0.04378676414489746,-0.06834393739700317
318.898372,0.06720304489135742,-0.11116576194763184,-0.022388994693756104
318.998844,-0.06424587965011597,0.06469208002090454,-0.05591768026351929
319.099355,0.07606670260429382,-0.09723770618438721,-0.028322696685791016
319.199955,-0.0631546676158905,0.06953543424606323,-0.03927028179168701
319.300351,0.07730469107627869,-0.08012443780899048,-0.01191103458404541
319.400873,-0.07847505807876587,0.07321316003799438,-0.017793118953704834
319.501368,0.07184454798698425,-0.06254804134368896,0.0032942891120910645
319.601839,-0.07425209879875183,0.07072961330413818,0.0042539238929748535
319.702411,0.05315977334976196,-0.06005674600601196,-0.0022808313369750977
319.802855,-0.08321058750152588,0.03506600856781006,-0.0027170181274414062
319.903467,0.044075727462768555,-0.04392975568771362,-0.004217565059661865
320.003923,-0.08744081854820251,-0.007537364959716797,-0.036426544189453125
320.104423,0.03800639510154724,-0.029528677463531494,0.001391291618347168
320.204875,-0.07230329513549805,-0.05043470859527588,-0.08642518520355225
320.305437,0.04989349842071533,-0.009434521198272705,0.02560955286026001
320.405805,-0.06608399748802185,-0.06866967678070068,-0.12301629781723022
320.506395,0.06621623039245605,0.0239027738571167,0.06532716751098633
320.606970,-0.057534486055374146,-0.03927832841873169,-0.11456608772277832
320.707520,0.0593564510345459,0.05344182252883911,0.11010563373565674
320.808067,-0.059868693351745605,-0.022154569625854492,-0.08802008628845215
320.908672,0.042156338691711426,0.07409024238586426,0.15561091899871826
321.008955,-0.05267193913459778,-0.0062940120697021484,-0.08303022384643555
321.109376,0.02970355749130249,0.05155414342880249,0.13963985443115234
321.209925,-0.0482194721698761,-0.0031652450561523438,-0.07314401865005493
321.310468,0.013730615377426147,-0.006300389766693115,0.09227347373962402
321.411052,-0.03121846914291382,0.004765212535858154,-0.05929851531982422
321.511476,0.019277483224868774,-0.04258739948272705,0.04393559694290161
321.611907,-0.028656214475631714,0.013479828834533691,-0.034552812576293945
321.712496,0.04814571142196655,-0.03505527973175049,0.026683330535888672
321.812983,-0.015911459922790527,0.047754645347595215,0.0019327998161315918
321.913506,0.0596870481967926,-0.02169257402420044,0.032418131828308105
322.014009,-0.0021001100540161133,0.0693594217300415,0.036361753940582275
322.114528,0.0441860556602478,-0.008696675300598145,0.04055386781692505
322.215057,0.003073781728744507,0.06878739595413208,0.07851731777191162
322.315677,0.03198021650314331,0.005260944366455078,0.020886540412902832
322.416114,-0.0001531541347503662,0.03146088123321533,0.06662565469741821
322.516556,0.012752890586853027,0.01800459623336792,0.010032832622528076
322.616971,0.012575924396514893,-0.027213990688323975,0.027213096618652344
322.717487,-0.007997214794158936,0.02946305274963379,-0.005537211894989014
322.818003,0.019475102424621582,-0.0775030255317688,-0.0055037736892700195
322.918592,-0.016504675149917603,0.05347859859466553,0.0030179619789123535
323.019096,0.0419946014881134,-0.08611923456192017,-0.033644139766693115
323.119513,0.0022144317626953125,0.0846937894821167,0.04126584529876709
323.220053,0.057924509048461914,-0.06808716058731079,-0.04911792278289795
323.320493,-0.009254366159439087,0.10294246673583984,0.07502377033233643
323.421098,0.04539141058921814,-0.05294114351272583,-0.029542863368988037
323.521553,-0.00539591908454895,0.11189597845077515,0.10722136497497559
323.622025,0.029559165239334106,-0.044711410999298096,-0.03106290102005005
323.722576,-0.018995344638824463,0.08407747745513916,0.09807050228118896
323.823096,0.022708863019943237,-0.040567994117736816,-0.03216898441314697
323.923599,-0.021979540586471558,0.05246645212173462,0.07483148574829102
324.024153,0.02315172553062439,-0.04948782920837402,-0.0376775860786438
324.124739,0.005185484886169434,-0.06578397750854492,0.05253678560256958
324.225183,0.12149560451507568,-0.057832300662994385,-0.029099225997924805
324.325754,-0.0013016164302825928,0.019729197025299072,0.02260756492614746
324.426299,0.03491392731666565,0.1352728009223938,-0.007988691329956055
324.526776,-0.11683773994445801,0.2003592848777771,-0.0662316083908081
324.627202,0.000642925500869751,-0.002610325813293457,0.043182313442230225
324.727821,0.21947935223579407,-0.2040010690689087,0.20256352424621582
324.828270,0.1135605126619339,-0.10440301895141602,0.0676567554473877
324.928885,0.007485568523406982,0.1389891505241394,0.006633400917053223
325.029295,-0.17514324188232422,0.28536760807037354,-0.1512742042541504
325.129869,0.02757132053375244,0.12157785892486572,0.030470430850982666
325.230409,0.14115941524505615,-0.39531564712524414,0.07311132550239563
325.330867,0.03980827331542969,0.02478611469268799,0.019919127225875854
325.431451,-0.09541434049606323,0.04169076681137085,-0.041083455085754395
325.531912,0.08292174339294434,-0.01640993356704712,0.04483288526535034
325.632422,-0.09199464321136475,-0.006031155586242676,-0.007974207401275635
325.732924,0.019289255142211914,-0.008486747741699219,0.016263961791992188
325.833448,-0.06369900703430176,-0.02961963415145874,-0.020969390869140625
325.933915,0.056331634521484375,-0.008083760738372803,0.03487566113471985
326.034388,-0.0659448504447937,-0.024875223636627197,-0.09126567840576172
326.134890,0.07751607894897461,-0.005477726459503174,0.05580645799636841
326.235353,-0.061064720153808594,-0.005723536014556885,-0.0840320885181427
326.335962,0.08513033390045166,0.013012528419494629,0.08136355876922607
326.436383,-0.07071918249130249,-0.0062607526779174805,-0.08969593048095703
326.536954,0.062251269817352295,0.011464595794677734,0.10250669717788696
326.637488,-0.06709164381027222,-0.002080380916595459,-0.0865459144115448
326.738064,0.03711134195327759,0.005247652530670166,0.1048203706741333
326.838460,-0.06990283727645874,-0.00648421049118042,-0.09203428030014038
326.938952,0.01442497968673706,-0.016506493091583252,0.08834904432296753
327.039436,-0.07301121950149536,-0.009254932403564453,-0.09250801801681519
327.140011,0.004677176475524902,-0.049727797508239746,0.05145394802093506
327.240508,-0.08094018697738647,-0.015114188194274902,-0.08838292956352234
327.340986,0.025966525077819824,-0.06823354959487915,0.0226743221282959
327.441477,-0.06711190938949585,0.008186638355255127,-0.07377833127975464
327.542030,0.05243724584579468,-0.06822150945663452,0.010387897491455078
327.642450,-0.071727454662323,0.026491641998291016,-0.06408661603927612
327.743125,0.07562804222106934,-0.06314843893051147,0.012385189533233643
327.843553,-0.07334667444229126,0.049446165561676025,-0.0586799681186676
327.943977,0.07665941119194031,-0.06160253286361694,0.01712709665298462
328.044504,-0.08608371019363403,0.05703192949295044,-0.02928730845451355
328.145032,0.0849875807762146,-0.06075716018676758,0.015437185764312744
328.245602,-0.10704159736633301,0.05260699987411499,-0.013589680194854736
328.346112,0.07059615850448608,-0.06379950046539307,0.01382291316986084
328.446622,-0.11789238452911377,0.013491988182067871,-0.020687341690063477
328.547152,0.05629229545593262,-0.06011408567428589,0.008777916431427002
328.647639,-0.07802081108093262,-0.005869865417480469,-0.0850483775138855
328.748183,0.036123454570770264,-0.036322951316833496,0.011425197124481201
328.848656,-0.09482729434967041,-0.018584609031677246,-0.083335280418396
328.949079,0.06867194175720215,-0.04508960247039795,0.03236961364746094
329.049654,-0.06375223398208618,-0.00648343563079834,-0.08826345205307007
329.150184,0.07439470291137695,-0.021874070167541504,0.04470014572143555
329.250685,-0.027350306510925293,-0.033494412899017334,-0.05737882852554321
329.351195,0.04166674613952637,-0.03014308214187622,0.06950712203979492
329.451711,-0.003715693950653076,-0.062419593334198,-0.022033274173736572
329.552194,0.04249382019042969,-0.014087319374084473,0.04384368658065796
329.652733,-0.03070211410522461,-0.05057951807975769,-0.010503590106964111
329.753184,0.04111117124557495,0.06559640169143677,0.025937378406524658
329.853699,-0.12483787536621094,0.10011124610900879,-0.11953210830688477
329.954176,-0.1433655023574829,0.1791081726551056,-0.08349144458770752
330.054728,-0.09800732135772705,0.23587524890899658,-0.06836861371994019
330.155226,0.1067855954170227,-0.18550348281860352,0.3046448230743408
330.255779,0.03417964279651642,-0.2819764018058777,0.13164180517196655
330.356197,0.11773879826068878,0.020747244358062744,0.03932845592498779
330.456790,-0.28679630160331726,0.29680079221725464,-0.16883111000061035
330.557208,-0.05829739570617676,0.26476597785949707,-0.03794747591018677
330.657776,0.11127936840057373,-0.32941365242004395,0.1716526448726654
330.758312,0.08175551891326904,-0.08688664436340332,0.020409226417541504
330.858838,-0.08996015787124634,0.14057964086532593,-0.07000729441642761
330.959322,0.06665152311325073,-0.08773958683013916,0.01884576678276062
331.059783,0.0032483339309692383,0.07831400632858276,0.021095722913742065
331.160523,0.019747495651245117,-0.027595043182373047,-0.012659728527069092
331.260980,-0.028572440147399902,0.056651771068573,0.04332166910171509
331.361288,0.021966874599456787,-0.04403674602508545,0.006583750247955322
331.461764,-0.04613536596298218,0.04397040605545044,0.02801772952079773
331.562394,0.009189963340759277,-0.03895992040634155,0.003082454204559326
331.662901,-0.0408252477645874,0.027698636054992676,0.0070972442626953125
331.763255,0.01799023151397705,-0.023733556270599365,0.009056270122528076
331.863804,-0.002772033214569092,0.017778217792510986,-0.0005446076393127441
331.964372,0.01869291067123413,0.0007493495941162109,0.009859263896942139
332.064911,0.04113870859146118,0.014733195304870605,0.007206082344055176
332.165415,0.005026519298553467,0.016135334968566895,0.0062822699546813965
332.265928,0.05677920579910278,0.021032392978668213,0.021532773971557617
332.366349,0.013913452625274658,0.017302751541137695,0.010809481143951416
332.466957,0.05417037010192871,0.010532557964324951,0.026434510946273804
332.567347,-0.011061668395996094,0.043588995933532715,0.018950819969177246
332.667819,0.0701950192451477,0.008698761463165283,0.028918862342834473
332.768340,-0.046864449977874756,0.0424538254737854,0.02838444709777832
332.868897,0.06348192691802979,-0.007772088050842285,0.02894294261932373
332.969333,-0.08759206533432007,0.02228456735610962,0.006125509738922119
333.069875,0.06450915336608887,-0.014961838722229004,0.030014008283615112
333.170310,-0.09868574142456055,-0.0006314516067504883,-0.027103126049041748
333.270933,0.055268168449401855,-0.025336384773254395,0.037651389837265015
333.371437,-0.07485508918762207,-0.004750847816467285,-0.05858820676803589
333.472055,0.06547248363494873,-0.0215265154838562,0.045434027910232544
333.572460,-0.06479799747467041,0.0008651614189147949,-0.06961554288864136
333.673007,0.07826203107833862,-0.017810523509979248,0.06125122308731079
333.773475,-0.05976587533950806,0.013160347938537598,-0.08438971638679504
333.874001,0.08947873115539551,-0.012304902076721191,0.07664936780929565
333.974579,-0.06404167413711548,0.020329058170318604,-0.09294360876083374
334.075005,0.08011025190353394,-0.015429556369781494,0.0887841284275055
334.175539,-0.06684690713882446,0.014230608940124512,-0.09266525506973267
334.276081,0.04269486665725708,-0.02474236488342285,0.09697073698043823
334.376614,-0.0640367865562439,0.011189520359039307,-0.09746670722961426
334.477061,0.004503905773162842,-0.03457421064376831,0.08541512489318848
334.577660,-0.05580490827560425,-0.0018609166145324707,-0.08983594179153442
334.678205,-0.020316243171691895,-0.04656696319580078,0.05353498458862305
334.778625,-0.03220415115356445,-0.002576470375061035,-0.07718110084533691
334.879197,-0.01892995834350586,-0.05790060758590698,0.016380012035369873
334.979489,-0.025135695934295654,0.007689237594604492,-0.05527174472808838
335.080034,-0.0005348920822143555,-0.054891884326934814,-0.0048506855964660645
335.180541,-0.030058443546295166,0.00747758150100708,-0.03715980052947998
335.281109,0.024338722229003906,-0.04471856355667114,-0.008922368288040161
335.381594,-0.009281396865844727,0.03210735321044922,-0.016477972269058228
335.482138,0.045217812061309814,-0.10470616817474365,0.024292826652526855
335.582765,0.029646098613739014,-0.028918206691741943,0.02191862463951111
335.683285,0.05741339921951294,-0.06817048788070679,0.06898659467697144
335.783722,9.101629257202148e-05,0.05065479874610901,0.003892838954925537
335.884212,-0.02383744716644287,0.11951079964637756,-0.052069664001464844
335.984696,-0.12568575143814087,0.27195924520492554,-0.18181782960891724
336.085124,-0.24330490827560425,0.3085362911224365,-0.028835147619247437
336.185722,0.15332290530204773,-0.421989381313324,0.18723919987678528
336.286303,0.12100657820701599,-0.10530537366867065,0.22995567321777344
336.386627,0.03301456570625305,-0.124786376953125,-0.17750012874603271
336.487163,0.021185576915740967,0.28076714277267456,0.047639161348342896
336.587729,-0.47531408071517944,-0.04848271608352661,0.024382799863815308
336.688225,0.10217046737670898,-0.14293444156646729,0.14927560091018677
336.789000,0.027683377265930176,0.0057218074798583984,0.03035813570022583
336.889552,-0.05283331871032715,0.005639433860778809,-0.03999882936477661
336.990037,0.06360524892807007,0.022802352905273438,0.014819085597991943
337.090569,0.022565126419067383,0.0028263330459594727,0.0013929009437561035
337.190761,0.02579742670059204,0.0391659140586853,-0.009238064289093018
337.291376,0.019045352935791016,0.011078953742980957,0.012349486351013184
337.392121,0.030413389205932617,0.009059250354766846,0.02733701467514038
337.492537,-0.028417587280273438,0.027964353561401367,0.0053577423095703125
337.593129,0.05127662420272827,-0.0022516846656799316,0.02265477180480957
337.693605,-0.05293107032775879,0.033811986446380615,0.00684782862663269
337.794134,0.05690419673919678,-0.01957833766937256,0.021342813968658447
337.894540,-0.0926024317741394,0.018990755081176758,-0.002840399742126465
337.995074,0.04234200716018677,-0.031179070472717285,0.0202580988407135
338.095523,-0.11764794588088989,0.0021166205406188965,-0.023204535245895386
338.196097,0.035979390144348145,-0.039723336696624756,0.014037072658538818
338.296603,-0.11315500736236572,-0.004200875759124756,-0.047710955142974854
338.397113,0.03348040580749512,-0.05075216293334961,0.027021080255508423
338.497614,-0.09995174407958984,-0.004660367965698242,-0.06753292679786682
338.597972,0.05700927972793579,-0.045819997787475586,0.03878593444824219
338.698616,-0.07733452320098877,0.003392815589904785,-0.08346506953239441
338.799153,0.05454909801483154,-0.04824626445770264,0.0405924916267395
338.899656,-0.04465967416763306,0.008488357067108154,-0.07512468099594116
339.000163,0.0668715238571167,-0.031177401542663574,0.045770466327667236
339.100610,-0.006293296813964844,0.005261242389678955,-0.03953677415847778
339.201168,0.05661416053771973,-0.039189696311950684,0.05570921301841736
339.301584,0.01740497350692749,-0.04854804277420044,0.024076491594314575
339.402237,0.029318809509277344,-0.0327799916267395,0.05282860994338989
339.502576,0.016396522521972656,0.00022736191749572754,-0.010321974754333496
339.603246,0.04364168643951416,0.05485370755195618,0.017727911472320557
339.703553,-0.0903928279876709,0.11470189690589905,-0.106650710105896
339.804042,-0.1480582356452942,0.3005721867084503,-0.13387525081634521
339.904521,-0.12275850772857666,0.2928301692008972,-0.04784700274467468
340.005087,0.22979754209518433,-0.6065698862075806,0.2712699770927429
340.105539,0.1605321168899536,-0.00888758897781372,0.054705798625946045
340.205972,-0.03129419684410095,-0.08363759517669678,-0.22687339782714844
340.306545,-0.05249834060668945,0.35059070587158203,0.03905969858169556
340.407124,-0.04590111970901489,-0.19613784551620483,0.008208364248275757
340.507626,0.1520715355873108,0.015299379825592041,0.12457147240638733
340.608095,0.00648343563079834,-0.013952136039733887,-0.07004043459892273
340.708721,-0.0002332925796508789,0.03660380840301514,0.014442920684814453
340.809013,0.06170797348022461,-0.019025444984436035,-0.0073122382164001465
340.909556,0.032249629497528076,0.045472919940948486,0.017017006874084473
341.010052,0.0007522106170654297,-0.013794958591461182,-0.018977761268615723
341.110600,0.03484797477722168,0.04191964864730835,0.05423939228057861
341.211104,-0.011594772338867188,-0.015561282634735107,-0.022429555654525757
341.311584,0.015342891216278076,0.042900800704956055,0.07019960880279541
341.412148,-0.033317625522613525,-0.024651825428009033,-0.04661983251571655
341.512731,-0.017314493656158447,-0.002025783061981201,0.0646146833896637
341.613120,-0.05040401220321655,-0.023999392986297607,-0.060507893562316895
341.713708,-0.021080851554870605,-0.022993147373199463,0.05305451154708862
341.814147,-0.05708920955657959,-0.01854163408279419,-0.07065138220787048
341.914606,-0.018568754196166992,-0.04127293825149536,0.020199716091156006
342.015120,-0.03892892599105835,-0.008595407009124756,-0.0612238347530365
342.115606,0.012097179889678955,-0.044805049896240234,0.0022186338901519775
342.216113,-0.03441512584686279,0.005418539047241211,-0.04428240656852722
342.316642,0.027663350105285645,-0.04691213369369507,0.003850609064102173
342.417145,0.017522990703582764,-0.06995522975921631,0.021821975708007812
342.517685,0.03827869892120361,-0.08087164163589478,0.08860370516777039
342.618245,-0.03134429454803467,0.03351259231567383,-0.004233658313751221
342.718908,-0.022784709930419922,0.17708751559257507,-0.10164672136306763
342.819186,-0.40147101879119873,0.3638257384300232,-0.22059226036071777
342.919757,0.07616841793060303,-0.3668171763420105,0.3004651665687561
343.020350,0.18444958329200745,-0.21094268560409546,0.07827877998352051
343.120854,0.05042257905006409,-0.02994900941848755,0.01218193769454956
343.221326,-0.13161200284957886,0.4291236996650696,-0.24659514427185059
343.321880,-0.04124540090560913,-0.04639935493469238,0.005109935998916626
343.422399,0.12858211994171143,-0.09356558322906494,0.21839061379432678
343.522849,-0.03516507148742676,-0.03895622491836548,-0.06920894980430603
343.623352,-0.042964160442352295,0.038707613945007324,-0.008208781480789185
343.723900,0.05599260330200195,-0.024220764636993408,0.049681514501571655
343.824442,-0.011431396007537842,0.03851890563964844,-0.03629741072654724
343.924925,0.027175307273864746,-0.001477658748626709,0.0135670006275177
344.025363,0.038061678409576416,0.03924679756164551,0.002460390329360962
344.125988,0.00852745771408081,-0.0030868053436279297,0.007700324058532715
344.226486,0.045032382011413574,0.028381824493408203,0.01782745122909546
344.327003,0.004244804382324219,0.013447403907775879,-0.001678466796875
344.427490,0.060576438903808594,0.016811847686767578,0.02250361442565918
344.528032,-0.0387195348739624,0.019089102745056152,-0.007932215929031372
344.628513,0.05061870813369751,-0.010454237461090088,0.0375647246837616
344.729039,-0.06849032640457153,0.019006729125976562,-0.014687180519104004
344.829565,0.03853499889373779,-0.033951401710510254,0.03946295380592346
344.930057,-0.1265009045600891,0.00716632604598999,-0.03997260332107544
345.030579,0.04787534475326538,-0.049075305461883545,0.05012941360473633
345.130998,-0.1311742663383484,0.0052051544189453125,-0.06584551930427551
345.231469,0.05335134267807007,-0.05724853277206421,0.04830443859100342
345.332144,-0.11325401067733765,0.006277620792388916,-0.09908998012542725
345.432658,0.05677670240402222,-0.057885169982910156,0.06238687038421631
345.533090,-0.08812624216079712,0.0215989351272583,-0.10738146305084229
345.633531,0.06891602277755737,-0.06112039089202881,0.0764276385307312
345.734104,-0.059667885303497314,0.03625893592834473,-0.10384848713874817
345.834608,0.05199921131134033,-0.06353843212127686,0.08475786447525024
345.935119,-0.0366252064704895,-0.05415302515029907,-0.012634217739105225
346.035611,0.04114341735839844,-0.04203301668167114,0.05942156910896301
346.136158,0.006619930267333984,-0.02468910813331604,-0.004776507616043091
346.236634,0.03544217348098755,-0.013134539127349854,0.04883497953414917
346.337180,0.03352391719818115,0.07451748847961426,-0.0821155309677124
346.437671,-0.06395107507705688,0.11436450481414795,-0.06737220287322998
346.538154,-0.11154770851135254,0.13563430309295654,-0.12784609198570251
346.638670,-0.15533220767974854,0.18748441338539124,-0.014553636312484741
346.739141,0.08038294315338135,-0.19975382089614868,0.28103917837142944
346.839695,0.22394630312919617,-0.28453755378723145,0.10246628522872925
346.940118,0.0649271309375763,0.14708131551742554,0.022663772106170654
347.040719,-0.2755134105682373,0.07814455032348633,-0.16777154803276062
347.141201,-0.06798821687698364,0.1501634120941162,0.005663692951202393
347.241673,0.1284395456314087,-0.26128578186035156,0.08027723431587219
347.342250,0.14144134521484375,0.11367326974868774,0.053558170795440674
347.442780,-0.024506211280822754,-0.02583146095275879,-0.07609331607818604
347.543269,0.03391677141189575,0.039365947246551514,0.035295188426971436
347.643770,0.04025387763977051,-0.007402181625366211,-0.017128586769104004
347.744298,0.03537452220916748,0.07568281888961792,0.036828964948654175
347.844784,0.03588414192199707,-0.02324354648590088,-3.528594970703125e-05
347.945413,0.01739603281021118,0.06307709217071533,0.08254802227020264
348.045850,-0.00719296932220459,-0.016027092933654785,-0.025766462087631226
348.146262,-0.038190484046936035,0.023911893367767334,0.08062213659286499
348.246861,-0.01344388723373413,-0.015162169933319092,-0.03476977348327637
348.347308,-0.042736709117889404,-0.013132989406585693,0.07083967328071594
348.447884,-0.04723745584487915,-0.01745617389678955,-0.06500139832496643
348.548264,-0.019300222396850586,-0.036644697189331055,0.03955236077308655
348.648880,-0.04944866895675659,-0.006469547748565674,-0.0708911120891571
348.749343,0.022086143493652344,-0.03603261709213257,0.01544046401977539
348.849849,-0.040233492851257324,0.006455540657043457,-0.05311858654022217
348.950364,0.050122976303100586,-0.031773507595062256,0.011362910270690918
349.050874,-0.04347127676010132,0.013442635536193848,-0.05315887928009033
349.151415,0.05494779348373413,-0.029467225074768066,0.006092429161071777
349.251887,-0.012792646884918213,0.0027288198471069336,-0.026124954223632812
349.352448,0.04863619804382324,-0.057985544204711914,0.0430639386177063
349.452901,-0.03891342878341675,-0.03225505352020264,0.002876788377761841
349.553395,0.08712887763977051,-0.037456214427948,0.05453610420227051
349.653972,-0.030008137226104736,-0.0028153061866760254,-0.02393937110900879
349.754460,-0.014569401741027832,0.060789257287979126,-0.027598798274993896
349.855192,-0.0685650110244751,0.09478089213371277,-0.10357755422592163
349.955672,-0.10779798030853271,0.23243379592895508,-0.062071919441223145
350.056014,-0.05072617530822754,-0.11482560634613037,0.1674823760986328
350.156520,0.3323255777359009,-0.2791241407394409,0.11321437358856201
350.256912,0.11739864945411682,0.018008172512054443,0.06786292791366577
350.357483,-0.1683061718940735,0.2666088938713074,-0.17046964168548584
350.457972,-0.18715351819992065,0.17462486028671265,-0.08566272258758545
350.558469,0.1540830135345459,-0.09020817279815674,0.14048680663108826
350.659071,0.10408097505569458,-0.003448307514190674,0.09784984588623047
350.759523,-0.04354971647262573,-0.0010443329811096191,-0.06689456105232239
350.860062,0.0055217742919921875,-0.009858489036560059,0.024101704359054565
350.960564,0.04932975769042969,0.024251103401184082,-0.001831740140914917
351.061169,0.03987550735473633,0.03973400592803955,0.00928574800491333
351.161527,0.015582442283630371,0.013628125190734863,-0.0003078281879425049
351.262077,0.05300426483154297,0.010122895240783691,0.02614244818687439
351.362604,-0.027267932891845703,0.022497594356536865,-0.013212978839874268
351.462990,0.03915584087371826,-0.007150828838348389,0.01896488666534424
351.563503,-0.06252557039260864,0.015623688697814941,-0.009953200817108154
351.664071,0.03936058282852173,-0.018126308917999268,0.011609286069869995
351.764508,-0.09437304735183716,0.008659005165100098,0.007316648960113525
351.865105,0.02395087480545044,-0.04097557067871094,-9.101629257202148e-05
351.965574,-0.10436105728149414,0.0033211112022399902,0.0018403232097625732
352.066031,0.019126415252685547,-0.03456693887710571,-0.0026001334190368652
352.166593,-0.10203838348388672,-0.004778146743774414,-0.006002247333526611
352.267025,0.026799678802490234,-0.02694535255432129,-0.004104495048522949
352.367599,-0.05593264102935791,0.0014137029647827148,-0.009557843208312988
352.468167,0.031874239444732666,-0.016108036041259766,0.012171149253845215
352.568658,-0.006993532180786133,0.015919864177703857,-0.008377045392990112
352.669124,0.015912771224975586,-0.004698991775512695,6.824731826782227e-05
352.769610,0.03659635782241821,0.018712997436523438,0.014019370079040527
352.870153,0.005036413669586182,0.005213916301727295,-0.020744383335113525
352.970634,0.059489905834198,0.002059459686279297,0.024381816387176514
353.071087,-0.013700544834136963,0.024666965007781982,-0.04085183143615723
353.171790,0.06283396482467651,-0.01253587007522583,0.03010624647140503
353.272166,-0.024220824241638184,-0.010645031929016113,-0.013467639684677124
353.372873,0.04706829786300659,-0.05434459447860718,0.02921426296234131
353.473289,-0.06295257806777954,-0.05708777904510498,-0.009189486503601074
353.573830,0.04617506265640259,0.17820939421653748,-0.09473884105682373
353.674333,-0.23755627870559692,0.179615318775177,-0.12288206815719604
353.774807,0.025949537754058838,-0.294341504573822,0.2826194167137146
353.875264,0.13540789484977722,-0.15889406204223633,0.05980437994003296
353.975786,0.0437089204788208,0.12396931648254395,-0.03729277849197388
354.076363,-0.2104361653327942,0.2094191312789917,-0.21051079034805298
354.183839,-0.058887779712677,0.12413543462753296,-0.015286922454833984
354.277410,0.013191521167755127,-0.19387167692184448,0.12102293968200684
354.377902,0.12604403495788574,0.006971240043640137,0.09395536780357361
354.478355,-0.04104584455490112,0.05350518226623535,-0.057068318128585815
354.578921,0.043663084506988525,-0.040690600872039795,0.032137274742126465
354.679446,0.02243274450302124,0.0568508505821228,-0.002299189567565918
354.779933,0.030321776866912842,0.009329140186309814,0.013186514377593994
354.880485,0.03429692983627319,0.029151856899261475,0.024950802326202393
354.980968,-0.00021183490753173828,0.007399559020996094,0.010503321886062622
355.081419,0.04422032833099365,0.01602715253829956,0.02522045373916626
355.181967,-0.04425913095474243,0.019800782203674316,-0.0020167529582977295
355.282495,0.02496713399887085,0.01857095956802368,0.005087673664093018
355.382993,-0.08263927698135376,0.009754300117492676,-0.04168754816055298
355.483465,-0.030239522457122803,0.01501530408859253,0.0742071270942688
355.584038,-0.028324007987976074,-0.05888569355010986,-0.019330203533172607
355.684548,0.06853547692298889,-0.08573424816131592,0.007010817527770996
355.784854,0.009598910808563232,-0.019102156162261963,-0.02792602777481079
355.885501,-0.00891941785812378,0.20214205980300903,-0.03491196036338806
355.986109,-0.22920769453048706,-0.011850178241729736,-0.130811870098114
356.086560,0.016549527645111084,-0.09095263481140137,0.11349168419837952
356.187041,0.02952343225479126,-0.03529256582260132,0.03370705246925354
356.287510,-0.017428159713745117,0.004434168338775635,-0.054070472717285156
356.388024,0.004835665225982666,0.0005272626876831055,-0.03826940059661865
356.488789,0.09293901920318604,-0.003572702407836914,0.048769235610961914
356.589081,-0.032771408557891846,0.03682076930999756,-0.07684046030044556
356.689619,0.08851736783981323,-0.031076252460479736,0.07409024238586426
356.790095,-0.03587740659713745,0.008967339992523193,-0.06632933020591736
356.890571,-0.0017328858375549316,-0.03070068359375,0.04902857542037964
356.991156,-0.020141661167144775,0.006159424781799316,-0.03717973828315735
357.091609,-0.03147858381271362,-0.026675045490264893,0.05666607618331909
357.192174,-0.012330889701843262,0.003911256790161133,-0.022736728191375732
357.292687,-0.033160507678985596,-0.019113779067993164,0.032531559467315674
357.393196,0.024572372436523438,0.013072848320007324,0.0033191144466400146
357.493676,-0.03803330659866333,-0.015186309814453125,-0.007280856370925903
357.594184,0.03515404462814331,0.014270663261413574,0.025944232940673828
357.694660,-0.023846149444580078,0.005281031131744385,-0.029996812343597412
357.795135,0.05298757553100586,0.013648629188537598,0.04498499631881714
357.895665,-0.0071299076080322266,0.010248243808746338,-0.03967723250389099
357.996248,0.06649118661880493,0.023186981678009033,0.052748680114746094
358.096662,-0.09533244371414185,0.04250270128250122,-0.0725853443145752
358.197225,0.02619755268096924,0.03544396162033081,0.17938095331192017
358.297782,0.10950562357902527,-0.14930230379104614,-0.04721546173095703
358.398278,0.009963512420654297,-0.07468855381011963,0.12659502029418945
358.498717,0.11506819725036621,0.19239544868469238,-0.0889999270439148
358.599291,-0.2031341791152954,0.24263840913772583,-0.1406121850013733
358.699839,0.0020391345024108887,-0.06969743967056274,-0.0028234124183654785
358.800286,0.11924946308135986,-0.10534250736236572,0.2611967623233795
358.900820,-0.09357845783233643,-0.02427011728286743,-0.14169782400131226
359.001348,-0.04348182678222656,-0.034210920333862305,0.041077882051467896
359.101783,-0.03450274467468262,-0.016340911388397217,-0.06194192171096802
359.202406,-0.018097996711730957,-0.03938770294189453,0.016281545162200928
359.302780,-0.05441039800643921,-0.0042266845703125,-0.07114261388778687
359.403366,0.025839924812316895,-0.03814929723739624,0.019646286964416504
359.503900,-0.042674481868743896,0.012807786464691162,-0.06477117538452148
359.604445,0.05795431137084961,-0.0321841835975647,0.015982002019882202
359.704840,-0.018833398818969727,0.01630985736846924,-0.043021827936172485
359.805384,0.05568218231201172,-0.016196906566619873,0.011835992336273193
359.905948,0.02016526460647583,0.038857340812683105,-0.0073410868644714355
360.006464,0.036935508251190186,-0.011316239833831787,0.011241734027862549
360.106962,0.003187119960784912,0.044584035873413086,0.020448267459869385
360.207474,-0.011387288570404053,0.03329789638519287,-0.028214752674102783
360.307936,-0.026953399181365967,0.010561227798461914,0.10612562298774719
360.408614,0.07866299152374268,-0.07766616344451904,0.0386277437210083
360.509066,0.07463091611862183,-0.1495143175125122,0.01168745756149292
360.609470,0.09784328937530518,0.21216845512390137,-0.030292510986328125
360.709925,-0.3066829442977905,0.2162846326828003,-0.18631887435913086
360.810382,0.02721768617630005,0.0015245676040649414,0.029692888259887695
360.910916,0.09738385677337646,-0.19737356901168823,0.1997012197971344
361.011515,-0.03441500663757324,-0.00976485013961792,-0.06945633888244629
361.111915,0.012363672256469727,0.03360390663146973,0.00503009557723999
361.212573,0.010629415512084961,0.008908510208129883,-0.01370471715927124
361.313094,0.029934227466583252,0.02560645341873169,0.005287766456604004
361.413642,-0.01666492223739624,0.009266912937164307,-0.038472533226013184
361.513995,0.05445396900177002,-0.003233015537261963,0.03428834676742554
361.614493,-0.014552533626556396,0.013888776302337646,-0.04833036661148071
361.715020,0.060934484004974365,-0.014592170715332031,0.03553244471549988
361.815429,-0.03722435235977173,0.01927286386489868,-0.04005882143974304
361.915967,0.033601999282836914,-0.03433835506439209,0.023450255393981934
362.016505,-0.06918907165527344,0.010061323642730713,-0.022913575172424316
362.116985,0.018150687217712402,-0.05057203769683838,0.01974475383758545
362.217506,-0.09788763523101807,0.010561883449554443,-0.021774649620056152
362.318015,0.016070008277893066,-0.05410701036453247,0.009269237518310547
362.418496,-0.207868754863739,0.041511595249176025,-0.09913623332977295
362.518994,0.09156018495559692,-0.13238948583602905,0.15022951364517212
362.619649,0.16057008504867554,-0.061988770961761475,-0.022635459899902344
362.720161,0.05489325523376465,-0.08056849241256714,0.06307148933410645
362.820574,0.018049299716949463,0.29195618629455566,-0.18911701440811157
362.921103,-0.24636942148208618,0.2669776678085327,-0.07439130544662476
363.021721,0.049979984760284424,-0.29148101806640625,0.15868020057678223
363.122179,0.18242275714874268,0.006604015827178955,0.16072750091552734
363.222730,-0.04854863882064819,0.11247426271438599,-0.1114865243434906
363.323281,0.08683669567108154,-0.048124492168426514,0.08394232392311096
363.423729,-0.040741920471191406,0.04926598072052002,-0.027674734592437744
363.524298,0.0318109393119812,-0.0016857385635375977,0.03566628694534302
363.624728,0.027063429355621338,0.012539327144622803,0.020946979522705078
363.725184,-0.04464066028594971,-0.004220306873321533,0.03698277473449707
363.825649,0.02992725372314453,0.007201135158538818,0.026280373334884644
363.926238,-0.07257980108261108,0.001334846019744873,0.004706829786300659
364.026805,0.02060866355895996,-0.015270829200744629,0.02350860834121704
364.127233,-0.080375075340271,-0.0020185112953186035,-0.02717459201812744
364.227818,0.04115933179855347,-0.02095562219619751,0.038182854652404785
364.328415,-0.07278096675872803,-0.00447458028793335,-0.059573233127593994
364.428881,0.043794453144073486,-0.026121079921722412,0.04745888710021973
364.529379,-0.05774158239364624,0.005692124366760254,-0.07783013582229614
364.629918,0.06577295064926147,-0.025965988636016846,0.06452995538711548
364.730295,-0.056170880794525146,0.02588510513305664,-0.10169041156768799
364.830904,0.08339309692382812,-0.04784584045410156,0.08349242806434631
364.931382,-0.0433502197265625,0.02140873670578003,-0.09804865717887878
365.031919,0.06541812419891357,-0.036278605461120605,0.07353168725967407
365.132310,-0.056578993797302246,0.02588331699371338,-0.09278315305709839
365.232818,0.05288982391357422,-0.04523199796676636,0.08346742391586304
365.333385,-0.05555456876754761,0.01518559455871582,-0.09059575200080872
365.433938,-0.001898348331451416,-0.0502660870552063,0.0753212571144104
365.534451,-0.027310848236083984,0.008862912654876709,-0.06118786334991455
365.634976,-0.047765374183654785,-0.03862804174423218,0.044889867305755615
365.735447,-0.022924602031707764,0.0019519329071044922,-0.035837650299072266
365.835878,-0.04331594705581665,-0.022832274436950684,0.014786243438720703
365.936456,0.010899901390075684,0.014559507369995117,-0.010811150074005127
366.036976,-0.0165708065032959,-0.015314817428588867,-0.009551644325256348
366.137455,0.018405139446258545,0.016831934452056885,0.015389710664749146
366.237976,0.007474243640899658,0.006265223026275635,-0.016882717609405518
366.338480,0.033737242221832275,0.01717507839202881,0.03700783848762512
366.439043,0.03130227327346802,0.02573484182357788,-0.01350945234298706
366.539501,0.07993441820144653,0.02716749906539917,0.05927649140357971
366.640099,0.011249959468841553,0.030432045459747314,-0.027128517627716064
366.740590,0.07641810178756714,0.01726442575454712,0.07888096570968628
366.840945,-0.007659733295440674,0.0225752592086792,-0.043836355209350586
366.941490,0.050390541553497314,0.0041037797927856445,0.1000206470489502
367.042064,-0.029754638671875,0.007694602012634277,-0.05448615550994873
367.142871,0.0009728670120239258,-0.011303901672363281,0.09615272283554077
367.243290,-0.04679912328720093,-0.005842924118041992,-0.07221394777297974
367.343789,-0.008582472801208496,-0.02316516637802124,0.08051168918609619
367.444369,-0.07287812232971191,-0.008526265621185303,-0.08485764265060425
367.544850,0.010860145092010498,-0.015663087368011475,0.042629390954971313
367.645299,-0.044415414333343506,-0.05781698226928711,-0.02937421202659607
367.745827,0.06350445747375488,0.03113102912902832,0.055501461029052734
367.846374,-0.2935977578163147,0.13092759251594543,-0.12422135472297668
367.946777,-0.0028794407844543457,-0.06763619184494019,0.21870696544647217
368.047325,0.2098141312599182,-0.23104262351989746,-0.018274307250976562
368.147869,0.02225583791732788,0.13533532619476318,0.06311935186386108
368.248366,-0.15346074104309082,0.2462795376777649,-0.2819823920726776
368.348938,-0.0732463002204895,0.06304195523262024,0.08043426275253296
368.449440,0.017036259174346924,-0.14395296573638916,0.07583272457122803
368.549957,0.05052155256271362,-0.021708250045776367,0.037534475326538086
368.650424,-0.12691837549209595,0.010880589485168457,-0.05907049775123596
368.750891,-0.00011551380157470703,-0.058707237243652344,0.018786907196044922
368.851363,-0.060135602951049805,0.025433480739593506,-0.01995718479156494
368.951807,0.00615304708480835,-0.055242180824279785,0.006011396646499634
369.052363,-0.08318865299224854,0.02445352077484131,-0.031802594661712646
369.152935,0.008676111698150635,-0.05892258882522583,0.028430283069610596
369.253414,-0.05583471059799194,0.04128628969192505,-0.034343421459198
369.354008,0.023036599159240723,-0.038687825202941895,0.02664738893508911
369.454348,-0.005648493766784668,0.05064129829406738,-0.019693344831466675
369.555105,0.03876471519470215,-0.01272040605545044,0.033147960901260376
369.655501,0.03520393371582031,0.05903667211532593,0.013529688119888306
369.755976,0.04603540897369385,0.003222227096557617,0.02120700478553772
369.856408,0.040522873401641846,0.040164291858673096,0.038860857486724854
369.956975,0.030200064182281494,0.019636571407318115,0.005035728216171265
370.057489,0.04477411508560181,0.01720130443572998,0.04823654890060425
370.158056,-0.0023856163024902344,0.020191073417663574,0.010754913091659546
370.258466,0.04731816053390503,0.0013451576232910156,0.05409824848175049
370.359026,-0.06505948305130005,0.011943817138671875,0.0027579963207244873
370.459628,0.033135414123535156,-0.014705300331115723,0.04044201970100403
370.560190,-0.10667234659194946,-0.05585658550262451,0.003325045108795166
370.660551,-0.006799519062042236,0.13011491298675537,-0.02957749366760254
370.761057,-0.07378989458084106,0.0136948823928833,-0.021415352821350098
370.861545,0.20391535758972168,-0.07442253828048706,0.09253156185150146
370.962071,0.018481314182281494,-0.08921784162521362,-0.01666778326034546
371.062630,-0.011045515537261963,0.155819833278656,-0.08277779817581177
371.163067,-0.19542008638381958,0.17660653591156006,-0.13228631019592285
371.263531,0.17366564273834229,0.019709408283233643,0.07152581214904785
371.364140,0.052284300327301025,-0.23131656646728516,-0.016573548316955566
371.464616,0.022405028343200684,0.015444159507751465,-0.020985722541809082
371.565138,-0.06233060359954834,-0.023949503898620605,-0.0556054413318634
371.665747,0.04199814796447754,-0.017649412155151367,0.07954859733581543
371.766171,-0.06925654411315918,0.009843885898590088,-0.09499514102935791
371.866651,0.011503994464874268,-0.062219083309173584,0.08673062920570374
371.967209,-0.09007114171981812,-0.010042726993560791,-0.10751086473464966
372.067715,-0.01094287633895874,-0.06604242324829102,0.06784674525260925
372.168318,-0.058241963386535645,-0.002199411392211914,-0.10464411973953247
372.268778,-0.016869544982910156,-0.059828877449035645,0.03538697957992554
372.369189,-0.03258109092712402,0.00889211893081665,-0.07834303379058838
372.469804,0.0019497275352478027,-0.04666239023208618,0.006088435649871826
372.570315,-0.029826581478118896,0.020105302333831787,-0.029796361923217773
372.670799,0.025757789611816406,-0.018108844757080078,-0.015361934900283813
372.771314,0.0016779303550720215,-0.015166878700256348,0.008775085210800171
372.871769,0.06876450777053833,-0.05991441011428833,0.059373706579208374
372.972271,-0.002243936061859131,0.018446415662765503,-0.014544486999511719
373.072771,0.01730525493621826,0.16018277406692505,-0.05318450927734375
373.173376,-0.12433028221130371,0.038812875747680664,0.014805704355239868
373.273863,0.11036962270736694,-0.21526998281478882,0.2776365876197815
373.374276,0.06982696056365967,-0.04993849992752075,-0.03248238563537598
373.474864,0.012293457984924316,0.06940758228302002,-0.020322680473327637
373.575289,-0.10810732841491699,0.19899910688400269,-0.12976956367492676
373.675877,-0.0629698634147644,0.059125304222106934,-0.05407452583312988
373.776381,0.06474727392196655,-0.16496741771697998,0.11370491981506348
373.876893,-0.0017606019973754883,-0.014387667179107666,-0.00485682487487793
373.977329,-0.03077322244644165,0.07339799404144287,-0.0065649449825286865
374.077921,-0.013139605522155762,-0.013317644596099854,0.004773974418640137
374.178490,0.030080020427703857,0.030250251293182373,0.021261096000671387
374.278885,0.00553518533706665,0.004891514778137207,-0.029541373252868652
374.379444,0.0559086799621582,0.021291613578796387,0.048286259174346924
374.479979,-0.00814664363861084,0.011389493942260742,-0.04191124439239502
374.580433,0.05639362335205078,0.0010161995887756348,0.04711562395095825
374.681054,-0.051502108573913574,0.008051276206970215,-0.04626461863517761
374.781499,0.021108567714691162,-0.0551108717918396,0.04871225357055664
374.882104,-0.052867889404296875,-0.02990013360977173,-0.03630387783050537
374.982540,0.004997670650482178,-0.01685565710067749,0.011841416358947754
375.082825,-0.05356806516647339,-0.03432390093803406,-0.05175900459289551
375.183444,0.08800548315048218,0.12506231665611267,-0.03393623232841492
375.283918,-0.22876101732254028,0.1532614529132843,-0.1462588906288147
375.384362,0.06841719150543213,-0.21319741010665894,0.27497780323028564
375.484795,0.013301551342010498,-0.1732378602027893,0.03807651996612549
375.585350,0.09441620111465454,-0.00023347139358520508,0.029919445514678955
375.686131,-0.015009641647338867,0.22433865070343018,-0.16399425268173218
375.786672,-0.35742104053497314,0.24317854642868042,-0.031435251235961914
375.887111,0.023209035396575928,-0.2378159761428833,0.17081093788146973
375.987670,0.1480059027671814,-0.020719707012176514,0.13912665843963623
376.088131,-0.07942795753479004,0.07006239891052246,-0.11677944660186768
376.188751,0.06470519304275513,-0.06231433153152466,0.10215902328491211
376.289224,0.009364306926727295,0.029065608978271484,-0.02806878089904785
376.389611,-0.020778536796569824,-0.01627284288406372,0.03616088628768921
376.490168,-0.025862693786621094,-0.005463778972625732,-0.010620296001434326
376.590658,-0.026107311248779297,-0.007260560989379883,0.028858542442321777
376.691100,0.003561079502105713,0.0037320852279663086,0.010573267936706543
376.791647,-0.033525824546813965,0.013952910900115967,-0.0245780348777771
376.892104,0.04622870683670044,0.007448792457580566,0.047591209411621094
376.992772,-0.010201871395111084,0.028646886348724365,-0.04766041040420532
377.093187,0.05647695064544678,-0.002752959728240967,0.0708308219909668
377.193679,0.002653956413269043,0.018717527389526367,-0.034528374671936035
377.294174,0.09283912181854248,0.013002157211303711,0.04745784401893616
377.394782,-0.02200913429260254,-0.052963972091674805,-0.011461883783340454
377.495282,0.055570125579833984,0.04702526330947876,0.03836846351623535
377.595757,-0.049659550189971924,0.013622760772705078,-0.07850441336631775
377.696232,-0.07888466119766235,0.14082908630371094,-0.09241664409637451
377.796773,-0.21929877996444702,-0.11420255899429321,0.08840292692184448
377.897227,0.2294594645500183,-0.043315231800079346,0.20215797424316406
377.997800,0.04456925392150879,-0.1464107632637024,-0.01464146375656128
378.098368,0.017105549573898315,0.08828073740005493,-0.10203874111175537
378.198966,-0.02313143014907837,0.5697346329689026,-0.29294341802597046
378.299429,0.026351988315582275,-0.203349769115448,0.41150203347206116
378.400007,0.11156141757965088,-0.03727865219116211,0.12576335668563843
378.500492,-0.022389531135559082,0.04392051696777344,-0.09846231341362
378.600936,-0.03904879093170166,-0.035504162311553955,-0.00951242446899414
378.701415,0.02952343225479126,-0.0034029483795166016,0.0027268826961517334
378.801911,-0.009785115718841553,0.011391818523406982,-0.05419793725013733
378.902476,0.010900259017944336,-0.045389652252197266,0.026229053735733032
379.002817,-0.05236220359802246,0.0014609098434448242,-0.030012071132659912
379.103424,0.02075749635696411,-0.055043160915374756,0.01573464274406433
379.203837,-0.08229285478591919,0.013559341430664062,-0.044220179319381714
379.304504,0.01756751537322998,-0.046380817890167236,0.009265750646591187
379.404940,-0.28849130868911743,0.06842643022537231,-0.010575562715530396
379.505432,-0.00426897406578064,0.012768983840942383,0.31525295972824097
379.605958,-0.025262758135795593,0.043779194355010986,0.10216408967971802
379.706476,0.16693741083145142,0.4068828821182251,-0.3406578302383423
379.806938,0.14824354648590088,-0.013294458389282227,0.4039948582649231
379.907450,-0.06058669090270996,-0.07607084512710571,0.09741866588592529
380.007940,-0.07653534412384033,0.029578566551208496,-0.03257584571838379
380.108563,0.03809499740600586,-0.0024176836013793945,0.027254164218902588
380.209028,-0.040257811546325684,0.14705538749694824,0.039185941219329834
380.309489,0.12649616599082947,-0.3051774501800537,0.0918954610824585
380.409970,0.01912936568260193,-0.0507999062538147,0.10774564743041992
380.510561,0.15850794315338135,0.6628658771514893,-0.3940039277076721
380.611009,-0.03437906503677368,-0.08725836873054504,0.31064310669898987
380.711618,-0.02435302734375,-0.20546019077301025,0.03531855344772339
380.812136,0.05683404207229614,0.10957372188568115,-0.009602069854736328
380.912596,-0.02928823232650757,-0.03274744749069214,-0.05219310522079468
381.013073,-0.11941486597061157,0.10132598876953125,-0.03145015239715576
381.113649,-0.08989930152893066,-0.13993072509765625,0.19242018461227417
381.214169,0.34066182374954224,-0.08039957284927368,-0.041904568672180176
381.314641,0.034509241580963135,0.24824196100234985,-0.36463677883148193
381.415109,-0.3619351387023926,0.13107573986053467,0.12456321716308594
381.515699,0.051127731800079346,-0.17321938276290894,-0.033563852310180664
381.616152,0.07017868757247925,0.06706780195236206,0.04511934518814087
381.716624,-0.05881708860397339,-0.029741406440734863,-0.09114193916320801
381.817213,-0.02845299243927002,-0.003146648406982422,0.042408257722854614
381.917652,-0.016980886459350586,-0.035464704036712646,0.1595841646194458
382.018277,0.3313673436641693,-0.1664140224456787,-0.010273456573486328
382.118665,-0.03128480911254883,0.04883885383605957,-0.13570964336395264
382.219197,-0.36034613847732544,0.5008662939071655,-0.3397848904132843
382.319823,0.0525551438331604,-0.3088996410369873,0.3048880696296692
382.420223,-0.026980817317962646,-0.050782740116119385,0.05096283555030823
382.520757,-0.07580655813217163,0.03950852155685425,-0.1180495023727417
382.621298,0.022971749305725098,-0.05175143480300903,0.03036823868751526
382.721810,-0.03578728437423706,-0.029254436492919922,-0.01887977123260498
382.822306,0.09836995601654053,-0.11589604616165161,0.13117223978042603
382.922690,0.0077239274978637695,0.0826442539691925,0.003257274627685547
383.023343,0.008196592330932617,0.1168760359287262,-0.018655359745025635
383.123828,-0.05597501993179321,0.0929069072008133,-0.07087570428848267
383.224323,0.008208215236663818,-0.03885604441165924,0.046139419078826904
383.324826,-0.03314495086669922,0.12822383642196655,-0.08236157894134521
383.425388,-0.031098365783691406,0.37931159138679504,-0.12642323970794678
383.525870,0.1409292221069336,-0.4911678433418274,0.42620617151260376
383.626570,0.2238297164440155,-0.2132190465927124,0.0907895565032959
383.727090,-0.030939579010009766,0.48588794469833374,-0.25199568271636963
383.827571,-0.5486494302749634,0.13712933659553528,0.034307777881622314
383.928006,0.2539556622505188,-0.14841097593307495,0.20768523216247559
384.028422,-0.017029881477355957,0.039191216230392456,-0.09520503878593445
384.129021,0.0004596710205078125,-0.02768176794052124,-0.00775456428527832
384.229381,0.12845313549041748,-0.1711597740650177,0.20782124996185303
384.329917,-0.028172969818115234,0.19604021310806274,0.07753843069076538
384.430312,-0.12435555458068848,0.11784806847572327,-0.17128288745880127
384.531737,0.013543307781219482,0.27021679282188416,-0.09782779216766357
384.631357,-0.14740610122680664,0.14547088742256165,-0.011251270771026611
384.731985,0.12009036540985107,-0.5118768215179443,0.35592329502105713
384.832449,0.14037072658538818,-0.03942626714706421,0.12465530633926392
384.932953,-0.1817847490310669,0.45070481300354004,-0.35796213150024414
385.033475,-0.3636963367462158,0.18361791968345642,-0.07579216361045837
385.134028,0.20804071426391602,-0.25726425647735596,0.35861772298812866
385.234489,0.010210812091827393,-0.10643237829208374,-0.0924454927444458
385.335230,0.0539570152759552,0.12294721603393555,-0.0017722845077514648
385.435578,-0.008013725280761719,0.03537636995315552,-0.07193642854690552
385.536076,-0.0018433332443237305,-0.018674850463867188,0.012780427932739258
385.636591,-0.03511069715023041,0.022492289543151855,0.004832446575164795
385.737100,0.09273490309715271,-0.08611953258514404,0.12320190668106079
385.851622,0.0195235013961792,-0.24562802910804749,0.06396138668060303
385.938046,0.012577295303344727,0.158803790807724,0.12348508834838867
386.038604,-0.07216748595237732,0.1635362207889557,-0.06228393316268921
386.139201,0.04359754920005798,-0.03916488587856293,0.001036524772644043
386.239576,-0.015277445316314697,0.03194798529148102,-0.020584046840667725
386.340169,0.04805493354797363,0.054197706282138824,0.01284492015838623
386.440686,-0.07985362410545349,0.07933081686496735,0.02376425266265869
386.541176,-0.07931897044181824,0.01689356565475464,-0.043909668922424316
386.641620,-0.07276618480682373,0.19372311234474182,0.017314553260803223
386.742175,0.18551096320152283,-0.579285204410553,0.015836119651794434
386.842698,0.09802302718162537,-0.03165048360824585,0.1985931396484375
386.943225,-0.10157567262649536,0.38071173429489136,-0.08943808078765869
387.043632,-0.27015694975852966,0.17079824209213257,-0.2047656774520874
387.144244,0.15614190697669983,-0.3929705321788788,0.2338733673095703
387.244670,0.0073379576206207275,-0.09227731823921204,-0.01625925302505493
387.345289,-0.04843887686729431,0.11130619049072266,-0.06990408897399902
387.445743,0.0650172233581543,0.027467399835586548,0.07921653985977173
387.546275,-0.12750250101089478,0.061845362186431885,-0.2728891968727112
387.646722,0.027176320552825928,-0.08486518263816833,0.16500341892242432
387.747314,0.01233944296836853,-0.2573438584804535,0.17695510387420654
387.847820,0.03383472561836243,0.1584775447845459,0.20931386947631836
387.948251,-0.5881495475769043,0.11166435480117798,-0.4168432950973511
388.048797,0.1270383596420288,0.019913941621780396,0.3124622106552124
388.149380,-0.11005723476409912,-0.27874723076820374,-0.005472898483276367
388.249796,0.06740707159042358,-0.11498770117759705,0.08660119771957397
388.350393,0.00992041826248169,0.10856376588344574,-0.030301153659820557
388.450848,0.025137364864349365,0.1707628071308136,-0.001050412654876709
388.551565,-0.27327752113342285,0.3434430956840515,-0.2677125930786133
388.651878,0.1663978099822998,-0.06599375605583191,0.3921896815299988
388.752400,0.2558729648590088,-0.45528048276901245,0.03678107261657715
388.852921,0.04422774910926819,0.10639578104019165,0.07550537586212158
388.953445,-0.4564042091369629,0.2979122996330261,-0.40901732444763184
389.053856,0.21577471494674683,-0.010420143604278564,0.26650476455688477
389.154526,0.06494200229644775,-0.17962855100631714,0.10700607299804688
389.254956,0.02078068256378174,0.047508686780929565,0.006493628025054932
389.355590,-0.004050254821777344,0.038239479064941406,-0.010519027709960938
389.455871,-0.004422545433044434,-0.0794302225112915,0.016988515853881836
389.556433,-0.07761627435684204,0.13675162196159363,-0.044649600982666016
389.657032,0.03240954875946045,0.007053256034851074,0.04014462232589722
389.757413,0.028812110424041748,-0.15859490633010864,0.2520325183868408
389.857964,0.06933987140655518,0.026425302028656006,0.06305372714996338
389.958456,-0.17506462335586548,0.1989046037197113,-0.11381089687347412
390.058917,-0.059053659439086914,0.1410384476184845,-0.027454495429992676
390.159550,0.1449594497680664,-0.19260495901107788,0.24704885482788086
390.260037,0.024655699729919434,-0.030570149421691895,0.04998970031738281
390.360629,-0.032116591930389404,0.11255311965942383,-0.02128511667251587
390.461064,0.006453096866607666,-0.036277949810028076,0.0372808575630188
390.561640,0.013902425765991211,0.028805971145629883,0.043984293937683105
390.662364,-0.05428379774093628,-0.004144996404647827,-0.015236079692840576
390.762787,-0.0602726936340332,0.07413065433502197,-0.033929407596588135
390.863251,0.023734629154205322,-0.09190583229064941,0.029214024543762207
390.963677,0.12639617919921875,-0.16096949577331543,0.1771697998046875
391.064135,-0.021723657846450806,-0.0029541850090026855,0.09312236309051514
391.164683,-0.05900007486343384,0.3507528603076935,-0.1561688780784607
391.265127,-0.16461431980133057,0.09526136517524719,-0.05396479368209839
391.365626,0.13832241296768188,-0.2000579833984375,0.26093804836273193
391.466156,-0.05804336071014404,-0.02845364809036255,-0.09754633903503418
391.566680,0.04146158695220947,0.05183592438697815,0.038805484771728516
391.667190,0.0031978487968444824,-0.032535403966903687,-0.06633275747299194
391.767651,0.05778014659881592,-0.01537749171257019,0.07899981737136841
391.868185,-0.12613332271575928,0.089886873960495,-0.1941767930984497
391.968627,0.09006822109222412,0.036419302225112915,0.08949917554855347
392.069174,0.05186647176742554,-0.2745024561882019,0.14516931772232056
392.169714,0.03558793663978577,0.02090400457382202,0.09263545274734497
392.270154,-0.23392987251281738,0.23100674152374268,-0.2684018611907959
392.370724,-0.10882169008255005,0.14199599623680115,0.10247576236724854
392.471170,0.07251858711242676,-0.25581735372543335,0.15474939346313477
392.571726,-0.020247220993041992,-0.006576746702194214,0.03654825687408447
392.672261,-0.041706621646881104,0.08286577463150024,-0.12140637636184692
392.772698,0.06391626596450806,-0.057598263025283813,0.07230299711227417
392.873265,-0.033172547817230225,-0.007953792810440063,-0.04414111375808716
392.973790,0.05321240425109863,-0.032247841358184814,0.05168914794921875
393.074211,-0.024528443813323975,0.025914162397384644,-0.07782447338104248
393.174814,-0.14442044496536255,0.17828649282455444,-0.08453130722045898
393.275449,0.05655336380004883,-0.21710538864135742,0.16024279594421387
393.375803,0.19704866409301758,-0.15454107522964478,0.11831706762313843
393.476346,-0.05077815055847168,0.11259728670120239,-0.1245695948600769
393.576947,-0.17059296369552612,0.30921369791030884,-0.1850649118423462
393.677331,-0.09518641233444214,0.07013389468193054,0.021906793117523193
393.777865,0.14045625925064087,-0.23002663254737854,0.2636951208114624
393.878258,-0.08510053157806396,0.002004384994506836,-0.056072235107421875
393.978901,-0.01278609037399292,0.005227774381637573,-0.006764054298400879
394.079356,0.02627652883529663,0.04512038826942444,0.0691937804222107
394.179899,-0.015766918659210205,-0.011540055274963379,-0.025264501571655273
394.280480,0.021680355072021484,0.059676557779312134,0.06826591491699219
394.380947,0.026653945446014404,-0.08371880650520325,0.0408477783203125
394.481446,0.0611647367477417,-0.0019234716892242432,0.09093046188354492
394.582030,-0.21603745222091675,0.30214938521385193,-0.21437221765518188
394.682385,0.024115145206451416,-0.14355844259262085,0.17787998914718628
394.782898,0.21435263752937317,-0.2744506597518921,0.18116545677185059
394.896445,0.04720202088356018,0.12214457988739014,-0.0073528289794921875
394.984006,-0.3936160206794739,0.26634639501571655,-0.3452976942062378
395.084602,0.17019575834274292,0.05794176459312439,0.22119057178497314
395.185099,0.00962221622467041,-0.3132617175579071,0.1630299687385559
395.285586,0.010566771030426025,0.10612186789512634,0.02722454071044922
395.386017,-0.09257721900939941,0.023619532585144043,-0.14142262935638428
395.486543,0.053119778633117676,-0.0166570246219635,0.09114325046539307
395.587088,-0.09794837236404419,-0.011613070964813232,-0.12552857398986816
395.687657,0.062234342098236084,-0.0033966898918151855,0.034203171730041504
395.788053,-0.008464932441711426,-0.07327577471733093,0.010465860366821289
395.888515,0.09515589475631714,0.09373190999031067,-0.0075127482414245605
395.989080,-0.253213107585907,0.281469464302063,-0.26408684253692627
396.089512,0.1656508445739746,-0.25947386026382446,0.375119686126709
396.190193,0.18622860312461853,-0.20791786909103394,0.04934436082839966
396.290746,0.02222663164138794,0.23911625146865845,-0.05867677927017212
396.391217,-0.4885179400444031,0.28252407908439636,-0.2909332513809204
396.491648,0.19442898035049438,-0.16174477338790894,0.26723748445510864
396.592217,-0.07815682888031006,-0.1979520320892334,-0.08747249841690063
396.692716,-0.012330353260040283,0.10390284657478333,-0.0467187762260437
396.793134,-0.048763275146484375,-0.011268258094787598,-0.07071805000305176
396.893667,-0.00790470838546753,-0.05436614155769348,0.04871612787246704
396.994394,-0.015698254108428955,0.03009498119354248,-0.0366286039352417
397.094687,0.030522525310516357,-0.06995570659637451,0.06980907917022705
397.195226,0.04533964395523071,-0.03653836250305176,0.05069589614868164
397.295724,0.008555769920349121,0.23280516266822815,-0.06926822662353516
397.396224,-0.05149197578430176,0.19342753291130066,-0.05938059091567993
397.496709,0.1337134838104248,-0.41422730684280396,0.3370174169540405
397.597239,0.11720764636993408,-0.08730769157409668,0.054142892360687256
397.697738,-0.006133019924163818,0.2900407016277313,-0.17457866668701172
397.798219,-0.2652696371078491,0.2975459098815918,-0.2594515085220337
397.898780,0.12336099147796631,-0.21765223145484924,0.24242055416107178
397.999271,0.031445980072021484,-0.10717090964317322,0.07043975591659546
398.099761,-0.05589795112609863,0.09112727642059326,-0.11278736591339111
398.200361,0.031087934970855713,0.012363553047180176,0.0714154839515686
398.300748,-0.0197790265083313,-0.03286200761795044,-0.06245100498199463
398.401319,0.012001514434814453,0.028239786624908447,0.05734264850616455
398.501795,-0.03800070285797119,-0.02254277467727661,-0.07216644287109375
398.602314,0.027372241020202637,0.03281712532043457,0.06141179800033569
398.702839,-0.031411051750183105,-0.012863606214523315,-0.06256455183029175
398.803341,0.033395469188690186,0.024107038974761963,0.06547939777374268
398.903859,-0.05351382493972778,-0.12063324451446533,-0.021612584590911865
399.004464,0.09396994113922119,0.023982375860214233,0.1124466061592102
399.104916,-0.012413978576660156,0.1489485502243042,-0.14142686128616333
399.205383,-0.1505734920501709,0.3000863790512085,-0.06472408771514893
399.305908,0.03910064697265625,-0.45166414976119995,0.2435634732246399
399.406429,0.2050994634628296,-0.14701932668685913,0.16486841440200806
399.506862,-0.01195073127746582,0.2909593880176544,-0.23577505350112915
399.607455,-0.45079290866851807,0.4414979815483093,-0.3474505543708801
399.707907,0.1695360541343689,-0.3279092311859131,0.33570969104766846
399.808485,0.03709709644317627,-0.18154090642929077,0.10451418161392212
399.908901,-0.09475308656692505,0.1555943787097931,-0.193761944770813
400.009491,0.06704449653625488,-0.029660969972610474,0.07047122716903687
400.110046,-0.07228851318359375,-0.05794167518615723,-0.06396567821502686
400.210494,0.06392645835876465,-0.05387350916862488,0.04862338304519653
400.311235,-0.01928889751434326,0.032675743103027344,-0.057673513889312744
400.411463,-0.1331411600112915,0.18341359496116638,-0.1017075777053833
400.512031,0.006953537464141846,-0.12785324454307556,0.1649693250656128
400.612488,0.18128842115402222,-0.23940014839172363,0.182167649269104
400.713017,-0.02724224328994751,0.018530696630477905,0.0024501681327819824
400.813537,-0.268470823764801,0.23815301060676575,-0.15939509868621826
400.914030,-0.12589377164840698,0.11456668376922607,0.07073754072189331
401.014556,0.14481234550476074,-0.21992704272270203,0.196483314037323
401.115202,-0.03326183557510376,-0.004596710205078125,-0.03599143028259277
401.215593,-0.039897143840789795,0.003443211317062378,-0.05378854274749756
401.316125,0.012837827205657959,0.019355326890945435,0.01595902442932129
401.416543,-0.02679443359375,-0.01429709792137146,0.007580161094665527
401.517090,0.0092049241065979,0.037913113832473755,0.010938167572021484
401.617788,0.025644898414611816,-0.0032859742641448975,-0.00716787576675415
401.718183,0.04272747039794922,0.019203782081604004,0.05391019582748413
401.818638,0.0007365942001342773,-0.0013812780380249023,-0.007242381572723389
401.919185,0.030907511711120605,-0.05114296078681946,0.09806442260742188
402.019605,-0.1220698356628418,-0.22437629103660583,0.028743386268615723
402.120141,-0.10073506832122803,-0.10598239302635193,0.08057749271392822
402.220670,0.05954676866531372,0.1564488410949707,0.18830978870391846
402.321161,0.0932493805885315,0.27229779958724976,-0.015473008155822754
402.421597,0.16524973511695862,0.4438217878341675,0.05581563711166382
402.522167,-0.2456943392753601,-0.15650993585586548,-0.6108673810958862
402.622733,0.03606630861759186,-0.37246501445770264,-0.07616269588470459
402.723270,0.16359961032867432,0.05606889724731445,0.2595818042755127
402.823742,-0.18177947402000427,0.1255253553390503,-0.2148990035057068
402.924247,0.09966516494750977,0.4127421975135803,0.016860127449035645
403.024805,-0.03577488660812378,-0.034756481647491455,0.13903295993804932
403.125279,-0.026796281337738037,-0.1400465965270996,0.14174014329910278
403.225803,0.07274627685546875,0.02339625358581543,0.047454774379730225
403.326324,-0.0331023633480072,-0.021211981773376465,-0.020409584045410156
403.426893,0.15161988139152527,0.11495298147201538,0.05613100528717041
403.527392,-0.15405163168907166,-0.09209752082824707,-0.10628324747085571
403.627756,0.18219980597496033,0.10781639814376831,0.11965644359588623
403.728293,-0.19536370038986206,-0.15217643976211548,-0.17285484075546265
403.828925,0.19887730479240417,0.11786741018295288,0.13576805591583252
403.929338,-0.23825770616531372,-0.16067886352539062,-0.20954155921936035
404.029915,0.18755391240119934,0.13674229383468628,0.16706103086471558
404.130357,-0.30939289927482605,-0.06784051656723022,-0.3151555061340332
404.230892,0.17786982655525208,0.11784762144088745,0.25790971517562866
404.331434,-0.25287455320358276,-0.2699977159500122,-0.06516623497009277
404.431818,0.16314274072647095,-0.07012051343917847,0.2807372212409973
404.544550,-0.20418575406074524,-0.062351614236831665,-0.20891976356506348
404.632966,0.06594446301460266,0.3899761438369751,0.04327392578125
404.733516,-0.30393341183662415,0.09313061833381653,-0.38309967517852783
404.834038,0.16885778307914734,-0.051227569580078125,0.3344743251800537
404.934478,-0.10280725359916687,-0.2446693778038025,-0.032315969467163086
405.034996,0.12305024266242981,0.06747519969940186,0.13097620010375977
405.135493,-0.024090558290481567,0.019734442234039307,-0.17115885019302368
405.236079,0.05127215385437012,0.021561920642852783,0.07916629314422607
405.336481,0.04482808709144592,0.03261113166809082,-0.10307943820953369
405.436987,0.014119505882263184,-0.020911216735839844,0.04344594478607178
405.537520,0.10314282774925232,0.0733594298362732,-0.01115351915359497
405.637976,-0.01661708950996399,-0.04871797561645508,-0.003959953784942627
405.738444,0.10853493213653564,0.0988960862159729,0.06473982334136963
405.838988,-0.11772221326828003,0.09105008840560913,-0.1488809585571289
405.939490,0.21651485562324524,0.1349252462387085,0.1612260937690735
406.040028,-0.10211044549942017,-0.3216487169265747,0.07297390699386597
406.140461,0.155986949801445,-0.09794270992279053,0.16462314128875732
406.241063,-0.016118556261062622,0.08213150501251221,-0.03537231683731079
406.341584,0.015221267938613892,0.3253507614135742,-0.14160364866256714
406.442080,-0.4265091121196747,0.12762677669525146,-0.2576283812522888
406.542638,0.3252960443496704,-0.06759649515151978,0.2990621328353882
406.643039,-0.12279209494590759,-0.2975398898124695,-0.08447003364562988
406.743570,0.14064234495162964,0.13870906829833984,0.1632596254348755
406.844098,-0.2573428153991699,-0.06008505821228027,-0.28001028299331665
406.944635,0.18018898367881775,0.08734142780303955,0.205011248588562
407.045181,-0.25143808126449585,-0.13304048776626587,-0.19112664461135864
407.145761,0.14040899276733398,0.02712804079055786,0.22406548261642456
407.246187,-0.22529616951942444,-0.22536051273345947,-0.05597764253616333
407.346781,0.24970421195030212,0.09244030714035034,0.2854389548301697
407.447163,-0.249826580286026,-0.026801615953445435,-0.25011497735977173
407.547671,0.15996962785720825,0.3516797423362732,0.03458184003829956
407.648184,-0.31433606147766113,0.1562100648880005,-0.3333507180213928
407.748697,0.17648783326148987,0.3551420569419861,0.26228654384613037
407.849243,-0.033438414335250854,-0.5518807768821716,0.25025683641433716
407.949696,0.1578858345746994,-0.1556825041770935,0.2527506351470947
408.050232,-0.09852582216262817,-0.012163341045379639,-0.10036337375640869
408.150738,0.0934508740901947,0.4607822299003601,-0.11257290840148926
408.251239,-0.19429615139961243,0.1426050066947937,-0.06000626087188721
408.351736,-0.04581421613693237,-0.1927480697631836,0.09466660022735596
408.452271,0.14706391096115112,-0.09955036640167236,0.11851620674133301
408.552745,-0.1546805202960968,0.006948530673980713,-0.08266347646713257
408.653281,0.14900252223014832,0.1160781979560852,0.08356016874313354
408.753784,-0.18724370002746582,-0.1092902421951294,-0.0884706974029541
408.854335,0.1826961636543274,0.08192563056945801,0.1540234088897705
408.954845,-0.21506506204605103,-0.12109464406967163,-0.16681993007659912
409.055229,0.18632173538208008,0.11485892534255981,0.15842944383621216
409.155888,-0.21352896094322205,-0.15646064281463623,-0.19689595699310303
409.256340,0.19389837980270386,0.10350257158279419,0.18037831783294678
409.356803,-0.26410725712776184,-0.19764739274978638,-0.1885077953338623
409.457294,0.25007033348083496,0.1405370831489563,0.16804945468902588
409.557877,-0.36711809039115906,0.05190753936767578,-0.33043360710144043
409.658488,0.21145713329315186,-0.056378185749053955,0.16381263732910156
409.758958,-0.15968552231788635,-0.3128742575645447,-0.0697365403175354
409.859484,0.15571527183055878,0.08187764883041382,0.14862066507339478
409.959928,-0.23715481162071228,0.12343555688858032,-0.22057247161865234
410.060387,-0.029901593923568726,0.2892075181007385,0.06833595037460327
410.160985,0.031148284673690796,-0.17157912254333496,0.0340193510055542
410.261423,0.06654903292655945,-0.039473652839660645,0.15764504671096802
410.361945,0.006202489137649536,0.01732546091079712,-0.06151604652404785
410.462446,-0.01449573040008545,0.000929713249206543,0.04944038391113281
410.562988,0.045456111431121826,0.020498275756835938,0.015131175518035889
410.663528,-0.035152703523635864,-0.061377525329589844,0.03100287914276123
410.763905,0.1167115569114685,0.11689704656600952,-0.008933663368225098
410.864531,-0.21580839157104492,0.20742523670196533,-0.1815723180770874
410.964959,0.1293226182460785,-0.17848557233810425,0.1700344681739807
411.065517,-0.012269049882888794,-0.32514119148254395,0.039972782135009766
411.166049,0.15829753875732422,0.06849294900894165,-0.002793729305267334
411.266534,-0.14945560693740845,0.3984084725379944,-0.3069763779640198
411.367149,0.19842937588691711,0.25357919931411743,0.07340484857559204
411.467625,-0.04849940538406372,-0.29616230726242065,0.014944255352020264
411.568022,0.13701918721199036,0.06836390495300293,0.14964735507965088
411.668558,-0.2377876341342926,-0.11473226547241211,-0.2052314281463623
411.769106,0.047640323638916016,-0.054645657539367676,0.162866473197937
411.869621,0.03359803557395935,-0.11161333322525024,0.03808009624481201
411.970040,-0.05593332648277283,0.006528794765472412,0.10890108346939087
412.070580,0.18554148077964783,0.1973247528076172,0.04867178201675415
412.170966,-0.14589130878448486,0.027291029691696167,-0.12436926364898682
412.271574,-0.10030782222747803,0.06352487206459045,-0.18366968631744385
412.372122,-0.026987016201019287,0.36077195405960083,0.021548867225646973
412.472641,-0.11753323674201965,-0.12669804692268372,0.041432857513427734
412.573088,0.2646005153656006,-0.24062690138816833,0.3601354956626892
412.673640,0.0516948401927948,-0.24873456358909607,-0.0657815933227539
412.774087,0.15822109580039978,0.5589284896850586,-0.1345731019973755
412.874745,-0.22682788968086243,0.07068797945976257,-0.16588062047958374
412.975147,0.03490334749221802,-0.0807076096534729,0.14997267723083496
413.075633,0.11960345506668091,-0.040889620780944824,0.053561389446258545
413.176265,0.004476636648178101,-0.03561979532241821,-0.007205009460449219
413.276797,0.08927062153816223,0.12651067972183228,0.03040677309036255
413.377199,-0.08760896325111389,-0.14603757858276367,-0.043549418449401855
413.477759,0.1132485568523407,0.13048171997070312,0.09178447723388672
413.578167,-0.1860588788986206,-0.18247270584106445,-0.11046689748764038
413.678768,0.1424066424369812,0.1018272340297699,0.13840824365615845
413.779266,-0.21497634053230286,-0.09059524536132812,-0.20276618003845215
413.879813,0.02931693196296692,0.33271878957748413,-0.034993886947631836
413.980244,-0.08177638053894043,-0.1427997350692749,0.047933101654052734
414.080758,0.2932812571525574,-0.09362828731536865,0.3473374843597412
414.181296,-0.12722818553447723,-0.21694731712341309,-0.202009379863739
414.281882,0.12058404088020325,0.29334166646003723,0.04109543561935425
414.382380,-0.37801387906074524,-0.03019481897354126,-0.26280349493026733
414.482828,0.14618346095085144,0.13801467418670654,0.1191481351852417
414.583277,-0.04816681146621704,-0.14575791358947754,0.08706504106521606
414.683878,0.13408949971199036,0.05826294422149658,0.13156461715698242
414.784270,-0.08307558298110962,-0.03499007225036621,-0.0755760669708252
414.884839,0.09679275751113892,0.05946904420852661,0.054790377616882324
414.985360,0.013847798109054565,0.02488917112350464,-0.027491211891174316
415.085815,0.06107008457183838,0.02104896306991577,0.013982892036437988
415.186403,0.07518759369850159,0.05328071117401123,-0.02219998836517334
415.286888,0.02054065465927124,-0.03355175256729126,-0.012137770652770996
415.387430,0.11703190207481384,0.08183300495147705,0.02210235595703125
415.487907,-0.0753197968006134,-0.08240365982055664,-0.08036035299301147
415.588356,0.133346825838089,0.11721444129943848,0.060300588607788086
415.688889,-0.1655215322971344,-0.1376311182975769,-0.11059391498565674
415.789410,0.1508566439151764,0.12685704231262207,0.10764443874359131
415.889920,-0.2546961009502411,-0.18543028831481934,-0.11892759799957275
415.990387,0.15911969542503357,0.14937257766723633,0.1403430700302124
416.090912,-0.2922637164592743,-0.1971781849861145,-0.11897891759872437
416.191477,0.17594018578529358,0.16168516874313354,0.15170377492904663
416.291968,-0.24922963976860046,-0.21073102951049805,-0.09718495607376099
416.392444,0.15594661235809326,0.14340955018997192,0.1371917724609375
416.492964,-0.15264219045639038,-0.1618075966835022,-0.1083749532699585
416.593539,0.13671359419822693,0.09932106733322144,0.08323687314987183
416.693925,-0.06788676977157593,-0.08099633455276489,-0.1022234559059143
416.794485,0.1322266161441803,0.06374865770339966,0.04959285259246826
416.895000,0.020119279623031616,-0.0026453733444213867,-0.055345892906188965
416.995542,0.06961938738822937,0.019063949584960938,0.015035271644592285
417.096008,0.08605903387069702,0.06578260660171509,-0.0027713775634765625
417.196591,-0.015903890132904053,-0.03210783004760742,-0.009349822998046875
417.297041,0.131058931350708,0.11008071899414062,0.026685476303100586
417.397540,-0.10692897439002991,-0.09046119451522827,-0.034893691539764404
417.498110,0.15660887956619263,0.1415865421295166,0.0756826400756836
417.598600,-0.1666649580001831,-0.14641374349594116,-0.08496236801147461
417.699031,0.1559070348739624,0.14768636226654053,0.10583436489105225
417.799596,-0.19715598225593567,-0.17970585823059082,-0.10160809755325317
417.900115,0.14103618264198303,0.12892889976501465,0.10703259706497192
418.000590,-0.1854923665523529,-0.1551377773284912,-0.10142689943313599
418.101107,0.13863858580589294,0.1009368896484375,0.10574150085449219
418.201688,-0.1587703824043274,-0.14024442434310913,-0.11462521553039551
418.302138,0.13502514362335205,0.0869288444519043,0.08291423320770264
418.402623,-0.10985234379768372,-0.09567487239837646,-0.09244900941848755
418.503175,0.11626875400543213,0.06346595287322998,0.04667484760284424
418.603715,-0.04819127917289734,-0.03748786449432373,-0.06913191080093384
418.704132,0.07476896047592163,0.03911435604095459,0.040062129497528076
418.804677,0.0281408429145813,0.028335630893707275,-0.03521758317947388
418.905259,0.015216469764709473,-0.0011434555053710938,0.03737163543701172
419.005559,0.0771990716457367,0.0748947262763977,-0.0034821033477783203
419.106080,-0.04619413614273071,-0.044775426387786865,0.01644587516784668
419.206719,0.09977605938911438,0.10383570194244385,0.036826491355895996
419.307220,-0.1916043758392334,-0.14669764041900635,-0.052156150341033936
419.407786,0.09827616810798645,0.5772390365600586,-0.19718366861343384
419.508297,0.08091296255588531,-0.38731300830841064,0.35535353422164917
419.608954,0.2613806128501892,-0.2668946385383606,0.21044427156448364
419.709270,-0.04457138478755951,0.08229309320449829,-0.06760907173156738
419.809700,-0.06681710481643677,0.6227785348892212,-0.254513144493103
419.910316,-0.2716393768787384,-0.1732080578804016,-0.05383467674255371
420.010773,0.25618019700050354,-0.16602808237075806,0.2942168116569519
420.111329,-0.2558118402957916,-0.046689510345458984,-0.23624885082244873
420.211819,0.1201927661895752,0.13727962970733643,0.13255250453948975
420.312352,-0.19893291592597961,-0.18465125560760498,-0.11699187755584717
420.412840,0.10496768355369568,0.12777864933013916,0.15699374675750732
420.513426,-0.18110263347625732,-0.12252652645111084,-0.14482593536376953
420.614001,0.09506943821907043,0.0930333137512207,0.16989874839782715
420.714306,-0.2852361798286438,0.06272923946380615,-0.2326115369796753
420.814885,0.08833825588226318,-0.01844412088394165,0.20840096473693848
420.915417,0.16073842346668243,-0.30306828022003174,0.012483835220336914
421.015873,0.13921572268009186,0.11977517604827881,0.12134945392608643
421.116425,-0.2679320275783539,0.2938709855079651,-0.31644904613494873
421.216977,0.04591318964958191,0.03682827949523926,0.09999346733093262
421.317391,0.1259036660194397,-0.18366515636444092,0.10269725322723389
421.417917,-0.008892446756362915,0.03514343500137329,-0.020542025566101074
421.518417,0.1141878068447113,0.09888535737991333,-0.005403399467468262
421.618890,-0.06391879916191101,-0.09580671787261963,-0.05024707317352295
421.719433,0.11886405944824219,0.09406465291976929,0.0643109679222107
421.819931,-0.08845254778862,-0.08622080087661743,-0.10195809602737427
421.920516,0.09233987331390381,0.08374625444412231,0.11599844694137573
422.020994,-0.14326214790344238,-0.1113286018371582,-0.14812707901000977
422.121496,0.08894270658493042,0.09385794401168823,0.1790018081665039
422.222022,-0.2075384557247162,-0.1256980299949646,-0.20752280950546265
422.322534,0.09683847427368164,0.08505803346633911,0.19860070943832397
422.423030,-0.20729827880859375,-0.11601752042770386,-0.1926954984664917
422.523513,0.11831662058830261,0.057012856006622314,0.1843395233154297
422.624017,-0.2708185017108917,-0.1185721755027771,-0.26948386430740356
422.724562,0.03486981987953186,0.279762864112854,-0.0025634169578552246
422.825094,-0.10134956240653992,0.36171430349349976,-0.08166259527206421
422.925514,0.0034621059894561768,-0.12552130222320557,0.29891884326934814
423.026053,0.3273003101348877,-0.425581157207489,0.32347261905670166
423.126582,0.08117061853408813,-0.04916900396347046,0.15985840559005737
423.227197,0.01480400562286377,0.2772946357727051,0.04208207130432129
423.327574,-0.3895432949066162,0.03417649865150452,-0.41395413875579834
423.428124,-0.07649153470993042,-0.060619354248046875,0.04483330249786377
423.528628,0.21461248397827148,-0.08457744121551514,0.19634151458740234
423.629079,-0.16798967123031616,0.02133515477180481,-0.1267397403717041
423.729601,0.13717854022979736,-0.02426093816757202,0.10180133581161499
423.830130,-0.12592792510986328,0.005422085523605347,-0.1294267177581787
423.930627,0.12489259243011475,-0.0508556067943573,0.05898404121398926
424.031174,-0.11729174852371216,-0.03708600997924805,-0.12245148420333862
424.131661,0.14515143632888794,-0.05413028597831726,0.07463037967681885
424.232070,-0.09537780284881592,0.05361159145832062,-0.10129141807556152
424.332651,0.08518457412719727,0.13759584724903107,0.025622665882110596
424.433245,-0.15400177240371704,0.31509891152381897,-0.14479368925094604
424.533777,-0.008425414562225342,-0.21363690495491028,0.17764157056808472
424.634190,0.16535618901252747,-0.32805246114730835,0.20542651414871216
424.734650,0.011191368103027344,-0.042043089866638184,0.10911709070205688
424.835277,-0.054201722145080566,0.29369741678237915,-0.1457148790359497
424.935723,-0.13774430751800537,0.14738474786281586,-0.0016435980796813965
425.036227,0.039690375328063965,-0.12995341420173645,0.09047406911849976
425.136765,-0.07545644044876099,-0.11447468400001526,0.05794018507003784
425.237194,0.03213953971862793,0.03729301691055298,0.03416621685028076
425.337723,-0.05149894952774048,-0.012641534209251404,-0.03798407316207886
425.438301,0.1284961700439453,0.0010610967874526978,0.08449900150299072
425.538838,-0.13131648302078247,-0.04128912091255188,-0.09554421901702881
425.639270,0.11635458469390869,0.00681595504283905,0.09820050001144409
425.739852,-0.14577269554138184,0.04459869861602783,-0.10919082164764404
425.840390,0.10859102010726929,0.1574866622686386,0.019964158535003662
425.940916,-0.1292741894721985,-0.11072768270969391,0.03486168384552002
426.041350,0.137645423412323,-0.20746898651123047,0.1842908263206482
426.141980,-0.015614330768585205,-0.06125250458717346,-0.10231459140777588
426.242363,0.046228229999542236,0.13862422108650208,0.008554458618164062
426.342775,-0.0861542820930481,0.16216877102851868,-0.1467907428741455
426.443458,0.12390637397766113,-0.06262564659118652,0.15370500087738037
426.544017,-0.13773733377456665,-0.055381327867507935,-0.09988522529602051
426.644449,0.11620759963989258,-0.00460439920425415,0.1058843731880188
426.744961,-0.06582951545715332,0.0458560585975647,-0.0939064621925354
426.845490,0.027849197387695312,-0.05935385823249817,0.06968808174133301
426.945870,-0.06447106599807739,0.02840977907180786,-0.09640789031982422
427.046454,-0.009857416152954102,-0.060404106974601746,0.05066883563995361
427.146830,-0.03081226348876953,0.007364913821220398,-0.06544649600982666
427.247443,-0.0081559419631958,-0.057729318737983704,0.04229462146759033
427.348030,0.014700233936309814,0.01635582745075226,-0.04165327548980713
427.448525,0.008635222911834717,0.07311493158340454,-0.022613823413848877
427.548968,-0.020014941692352295,0.23398396372795105,-0.10757601261138916
427.649526,-0.18934577703475952,-0.37153905630111694,0.07613515853881836
427.749964,0.05222135782241821,-0.17130012810230255,0.015984296798706055
427.850495,0.05282795429229736,0.02237570285797119,0.07251054048538208
427.951005,-0.11389964818954468,0.3153761625289917,-0.1108672022819519
428.051475,-0.0017221570014953613,0.040994659066200256,0.0249861478805542
428.151978,0.04691123962402344,-0.1362503319978714,0.15081381797790527
428.252513,-0.054024457931518555,-0.04998341202735901,-0.06494945287704468
428.353014,0.12141752243041992,0.04424518346786499,0.1411905288696289
428.453574,-0.08402049541473389,0.007422223687171936,-0.1011311411857605
428.554167,0.09800058603286743,-0.0441642701625824,0.1565876603126526
428.654609,-0.13349682092666626,-0.01222267746925354,-0.13977253437042236
428.755104,0.08952349424362183,-0.06151175498962402,0.1395077109336853
428.855599,-0.09620440006256104,0.0022471100091934204,-0.13087695837020874
428.956107,0.09286230802536011,-0.021650033071637154,0.09806197881698608
429.056605,-0.05873209238052368,0.23611409962177277,-0.2256687879562378
429.157155,0.04799091815948486,0.11923179030418396,0.09022092819213867
429.257597,-0.20784056186676025,-0.28735554218292236,0.055452942848205566
429.358173,0.0979052186012268,-0.16401875019073486,0.09856057167053223
429.458594,-0.08532047271728516,0.18391327559947968,-0.07597285509109497
429.559084,0.004947066307067871,0.24951112270355225,-0.09454745054244995
429.659666,-0.03276383876800537,-0.027723707258701324,0.07369476556777954
429.760059,0.04066014289855957,-0.1888391375541687,0.09902870655059814
429.860635,-0.07102161645889282,0.03180432319641113,-0.007628262042999268
429.961248,0.03354686498641968,-0.015094712376594543,0.025695085525512695
430.061688,-0.012617766857147217,0.01364879310131073,-0.004953861236572266
430.162175,0.0034296512603759766,-0.0460132360458374,-0.008433699607849121
430.262678,0.01746201515197754,0.02463732659816742,0.03094393014907837
430.363231,-0.01971226930618286,-0.049879610538482666,-0.04623609781265259
430.463801,0.02599388360977173,-0.016963228583335876,0.06819140911102295
430.564235,0.0260087251663208,0.048018187284469604,-0.06636935472488403
430.664825,0.07760423421859741,0.2405005842447281,-0.02871525287628174
430.765287,-0.23816925287246704,-0.29696154594421387,-0.040637195110321045
430.865762,0.2111774981021881,-0.20878133177757263,0.09624278545379639
430.966277,-0.025336384773254395,0.0911036878824234,0.00903773307800293
431.066779,-0.030341506004333496,0.29656362533569336,-0.06257134675979614
431.167315,-0.09300661087036133,-0.04596111178398132,0.0408930778503418
431.267929,0.128814697265625,-0.16378642618656158,0.20198845863342285
431.368311,-0.1347506046295166,0.0277814120054245,-0.1607198715209961
431.468855,0.17198461294174194,0.00708363950252533,0.11746495962142944
431.569359,-0.1978079080581665,-0.00025731325149536133,-0.1815451979637146
431.669894,0.18313097953796387,-0.05138513445854187,0.14836549758911133
431.770350,-0.16558468341827393,0.020682185888290405,-0.1903272271156311
431.870858,0.1396007537841797,-0.07082653045654297,0.10551583766937256
431.971367,-0.14454656839370728,0.041064247488975525,-0.15143007040023804
432.071844,0.1890919804573059,0.053972601890563965,0.06989318132400513
432.172353,-0.12447106838226318,0.24814757704734802,-0.20202767848968506
432.272881,0.08979761600494385,-0.06493066251277924,0.21231704950332642
432.373443,0.07735735177993774,-0.26807713508605957,0.07628101110458374
432.473940,0.03343033790588379,-0.06430721282958984,0.06539058685302734
432.574362,-0.09926503896713257,0.22633600234985352,-0.1824982762336731
432.675015,-0.045296311378479004,0.1856866180896759,-0.038641393184661865
432.775477,0.055570006370544434,-0.12128815054893494,0.09683340787887573
432.875978,-0.07571744918823242,-0.1524428129196167,0.0073174238204956055
432.976438,0.03473013639450073,0.035337790846824646,0.036991119384765625
433.077077,-0.08974814414978027,-0.028299078345298767,-0.05199939012527466
433.177471,0.07602500915527344,-0.007322877645492554,0.06954896450042725
433.278048,-0.11758023500442505,-0.048644185066223145,-0.0631292462348938
433.378498,0.09125447273254395,-0.025575146079063416,0.08765733242034912
433.479018,-0.13289165496826172,-0.06307849287986755,-0.07309192419052124
433.579433,0.11923789978027344,-0.007697895169258118,0.1127849817276001
433.680068,-0.05251854658126831,0.03361307084560394,-0.08396553993225098
433.780467,0.11868464946746826,0.12335170060396194,0.056952834129333496
433.881109,-0.10656905174255371,0.21466422080993652,-0.1756885051727295
433.981564,0.10230767726898193,-0.13110941648483276,0.33094561100006104
434.082074,-0.10207360982894897,-0.2488507330417633,0.0852288007736206
434.182522,0.11121711134910583,-0.0019885599613189697,0.061838626861572266
434.283030,-0.05504179000854492,0.17530609667301178,-0.11610621213912964
434.383558,0.002629399299621582,0.17947113513946533,-0.013470351696014404
434.484121,-0.09639257192611694,-0.033676669001579285,-0.08866924047470093
434.584581,0.07053714990615845,-0.1541806161403656,0.18166404962539673
434.685155,-0.0791277289390564,0.0005334466695785522,-0.14581084251403809
434.785649,0.03763610124588013,-0.024893775582313538,0.05231046676635742
434.886036,-0.05063974857330322,0.045226871967315674,-0.12859463691711426
434.986636,0.02954322099685669,-0.048767492175102234,0.06285768747329712
435.087106,-0.007879972457885742,0.06560254096984863,-0.08289402723312378
435.187642,0.027121126651763916,-0.013256311416625977,0.026891767978668213
435.288155,-0.031715989112854004,0.18953156471252441,-0.052311480045318604
435.388502,-0.07526719570159912,-0.16932204365730286,0.07469671964645386
435.489110,0.05321964621543884,-0.20347830653190613,0.11510711908340454
435.589667,0.030681371688842773,0.010039418935775757,0.0535542368888855
435.690205,-0.038678884506225586,0.14473998546600342,-0.04140734672546387
435.790651,-0.11811691522598267,0.11762836575508118,-0.15731602907180786
435.891153,-0.025538980960845947,-0.11173877120018005,0.19562947750091553
435.991726,-0.031165897846221924,-0.14248186349868774,-0.04283970594406128
436.092242,0.07337766885757446,0.0498901903629303,0.09624439477920532
436.192805,-0.05365121364593506,0.008644312620162964,-0.0960308313369751
436.293240,0.07426273822784424,-0.04510214924812317,0.14355021715164185
436.393822,-0.10189270973205566,-0.01211249828338623,-0.13793343305587769
436.494219,0.09386754035949707,-0.033611878752708435,0.143047034740448
436.594804,-0.060240864753723145,0.06745916604995728,-0.12812858819961548
436.695288,0.09477901458740234,0.19624166190624237,0.010071992874145508
436.795712,-0.16824036836624146,-0.0864391028881073,-0.058637380599975586
436.896276,0.10952413082122803,-0.3060512840747833,0.22290658950805664
436.996797,-0.16728097200393677,-0.05986368656158447,-0.11924493312835693
437.097262,0.1074262261390686,0.17881165444850922,0.06856590509414673
437.197777,-0.17217004299163818,0.2739418148994446,-0.20552819967269897
437.298356,0.07907062768936157,-0.18889880180358887,0.17695528268814087
437.398879,-0.08095884323120117,-0.08424507081508636,-0.05120265483856201
437.499371,0.04932278394699097,0.03057241439819336,0.012319803237915039
437.599859,-0.033626556396484375,0.026953592896461487,-0.056652188301086426
437.700396,-0.0018164515495300293,-0.08746756613254547,0.005775392055511475
437.800861,0.005214691162109375,0.011065006256103516,-0.0065934062004089355
437.901368,0.010831832885742188,-0.023805126547813416,-0.049077749252319336
438.001833,0.014917910099029541,0.014903739094734192,-0.002580881118774414
438.102394,0.0006937980651855469,0.1281382292509079,-0.0956265926361084
438.202890,0.07596409320831299,0.20074602961540222,0.06283831596374512
438.303488,-0.15541863441467285,-0.3942660689353943,-0.0028351545333862305
438.403896,0.09977978467941284,-0.1617463231086731,0.12948006391525269
438.504443,-0.051100850105285645,0.08659523725509644,-0.027894556522369385
438.605016,0.043200552463531494,0.28004300594329834,-0.07966440916061401
438.705422,-0.10977572202682495,0.02931991219520569,-0.0382843017578125
438.805941,0.13354694843292236,-0.20339205861091614,0.19839680194854736
438.906518,-0.1255318522453308,0.01019960641860962,-0.13641715049743652
439.006930,0.13441163301467896,0.02068343758583069,0.1011049747467041
439.107437,-0.13417589664459229,-0.013996422290802002,-0.13587719202041626
439.208002,0.08486074209213257,-0.05154600739479065,0.09126424789428711
439.308628,-0.09466201066970825,-0.007177665829658508,-0.10403287410736084
439.408945,0.07431143522262573,-0.07660293579101562,0.08977854251861572
439.509482,-0.04393070936203003,0.15030628442764282,-0.14997035264968872
439.610020,0.026676952838897705,0.20479388535022736,-0.07592523097991943
439.710476,-0.13228994607925415,-0.22309160232543945,0.020534992218017578
439.811067,0.060453712940216064,-0.24765309691429138,0.14268195629119873
439.911538,-0.039955347776412964,0.05175790190696716,-0.04163181781768799
440.012036,0.04042792320251465,0.20894238352775574,-0.0982934832572937
440.112599,-0.053566575050354004,0.1797977089881897,-0.006128191947937012
440.213050,-0.036749958992004395,-0.16524383425712585,0.08312737941741943
440.313591,0.04325038194656372,-0.060338690876960754,0.12642419338226318
440.414114,-0.044213324785232544,0.026563331484794617,-0.0770336389541626
440.514547,0.09130293130874634,-0.03626352548599243,0.1327415108680725
440.615057,-0.09010490775108337,0.02527916431427002,-0.07489430904388428
440.715622,0.10340866446495056,-0.047340020537376404,0.14287865161895752
440.816110,-0.11421263217926025,0.03634878993034363,-0.13074523210525513
440.916612,0.09236714243888855,-0.03803931176662445,0.15415704250335693
441.017136,0.006182849407196045,0.3076760768890381,-0.27475327253341675
441.117661,-0.09018945693969727,-0.3788894712924957,0.26738035678863525
441.218170,-0.011453837156295776,-0.19609028100967407,-0.06781864166259766
441.318671,0.11404067277908325,0.26461005210876465,0.0752338171005249
441.419177,-0.22786390781402588,0.2749379277229309,-0.23196923732757568
441.519613,0.07589739561080933,-0.16721154749393463,0.10413271188735962
441.620182,-0.0820142924785614,-0.15411293506622314,-0.033952176570892334
441.720635,-0.06723472476005554,0.047831445932388306,0.01282113790512085
441.821210,-0.0027180761098861694,-0.006693065166473389,-0.04032975435256958
441.921730,0.040836602449417114,-0.026280909776687622,0.036975979804992676
442.022251,0.03366771340370178,0.06174764037132263,0.03899163007736206
442.122650,-0.013435333967208862,0.10065042972564697,-0.0819404125213623
442.223255,-0.018757976591587067,0.029507189989089966,0.05083191394805908
442.323823,-0.051414571702480316,-0.026555180549621582,0.0004252195358276367
442.444364,0.008125722408294678,0.0054305195808410645,0.04382586479187012
442.524808,-0.027483314275741577,-0.11206889152526855,-0.05813491344451904
442.625312,0.08108562231063843,0.11768001317977905,0.10930663347244263
442.725840,-0.0626194104552269,-0.15274262428283691,-0.15578287839889526
442.826353,0.016084522008895874,0.0048885345458984375,-0.14172828197479248
442.926892,0.10164323449134827,-0.12716126441955566,0.05687057971954346
443.027239,-0.02195221185684204,0.002115607261657715,0.1570340394973755
443.127777,-0.18751680850982666,0.2039703130722046,0.07829579710960388
443.228421,-0.17445459961891174,0.14098906517028809,-0.210433691740036
443.328902,0.019892781972885132,-0.28656435012817383,-0.2037273645401001
443.429334,0.2887745499610901,-0.29331254959106445,0.3219267725944519
443.529845,-0.05020152032375336,0.1647660732269287,0.23443472385406494
443.630363,-0.20178641378879547,0.24121642112731934,-0.12575244903564453
443.730826,0.03618831932544708,-0.1597522497177124,-0.2026510238647461
443.831387,0.04741121828556061,-0.02875494956970215,0.14090341329574585
443.931874,0.017253510653972626,-0.03455561399459839,0.04660075902938843
444.032338,0.014414981007575989,0.008599579334259033,0.0030061006546020508
444.132924,-0.04330079257488251,0.0015375018119812012,0.0036578774452209473
444.233383,0.042295798659324646,-0.018075764179229736,0.035206139087677
444.333892,-0.009445011615753174,0.039480745792388916,0.02164161205291748
444.434475,-0.07856181263923645,0.28833168745040894,-0.1275521218776703
444.534940,-0.04216107726097107,-0.2192845344543457,-0.0467413067817688
444.635457,0.1483091562986374,-0.29372698068618774,0.24276763200759888
444.736257,0.029653552919626236,0.06384319067001343,0.14494049549102783
444.836523,-0.003213677555322647,0.2898431420326233,-0.09605979919433594
444.936991,-0.2646793723106384,0.18145233392715454,-0.20514196157455444
445.037444,-0.02736261487007141,0.1641886830329895,0.01412874460220337
445.138009,-0.1270052194595337,0.02279871702194214,0.28119540214538574
445.238466,-0.06729790568351746,-0.03341132402420044,-0.1556345522403717
445.339000,0.07786834239959717,0.07206910848617554,0.0038346052169799805
445.439457,-0.0716753900051117,-0.0605350136756897,0.05393287539482117
445.540065,-0.013749361038208008,0.05737626552581787,0.022318214178085327
445.640478,-0.04554983973503113,-0.09788590669631958,-0.008493989706039429
445.741032,-0.005287885665893555,-0.05165719985961914,-0.01107168197631836
445.841565,-0.11342412233352661,0.1553632616996765,-0.1382012665271759
445.942050,0.09912598133087158,-0.24919766187667847,0.2257971167564392
446.042567,0.06841617822647095,-0.15441203117370605,0.2203608751296997
446.143046,-0.011146709322929382,0.2908051609992981,0.081398606300354
446.243553,-0.4840392470359802,0.1588146686553955,-0.3575395941734314
446.344125,0.2977728843688965,-0.8209317326545715,0.20918604731559753
446.444650,-0.03866124153137207,0.08187496662139893,0.37652111053466797
446.545158,-0.07113543152809143,-0.04052090644836426,-0.1609358787536621
446.645614,0.06613245606422424,0.040059447288513184,-0.009352505207061768
446.746155,-0.020813554525375366,-0.049298882484436035,0.026980817317962646
446.846663,0.0026619136333465576,0.040122807025909424,-0.04732641577720642
446.947220,-0.0487804114818573,-0.07517176866531372,-0.041428446769714355
447.047626,-0.003953129053115845,0.03755903244018555,0.060765981674194336
447.148211,-0.03274405002593994,-0.13384616374969482,0.01862311363220215
447.248710,0.1786283552646637,-0.13834995031356812,0.26887595653533936
447.349284,-0.08183552324771881,0.18463939428329468,0.06954777240753174
447.449651,-0.35678964853286743,0.19751715660095215,-0.2586338222026825
447.550168,0.3298680782318115,-1.0889170169830322,-0.06213924288749695
447.650689,0.02107226848602295,0.07188451290130615,0.278281569480896
447.751223,-0.1107751727104187,0.0080985426902771,-0.16684472560882568
447.851768,0.10299068689346313,-0.012742280960083008,0.005233854055404663
447.952130,-0.054055213928222656,0.02588874101638794,-0.001971304416656494
448.052687,0.07434141635894775,-0.02148139476776123,0.026564359664916992
448.153286,-0.0573580265045166,0.020927608013153076,-0.009773820638656616
448.253777,-0.027874112129211426,-0.041930973529815674,0.03323781490325928
448.354318,-0.10783594846725464,0.05257600545883179,-0.0940510630607605
448.454720,0.10442882776260376,-0.13619786500930786,0.13337182998657227
448.555324,0.1418142020702362,-0.17715001106262207,0.23134416341781616
448.655893,-0.16084328293800354,0.18460828065872192,-0.03660726547241211
448.756292,-0.36094579100608826,0.36060774326324463,-0.26871752738952637
448.856797,0.25213807821273804,-1.121010422706604,-0.17997276782989502
448.957233,0.0823565125465393,0.04422473907470703,0.36128222942352295
449.057765,-0.10180646181106567,-0.0014629960060119629,-0.18144407868385315
449.158405,0.0934218168258667,-0.055971741676330566,-0.03786197304725647
449.258877,-0.047752976417541504,0.01702970266342163,0.033736586570739746
449.359311,0.006476938724517822,-0.04678702354431152,-0.07001310586929321
449.459842,-0.024503231048583984,0.03464913368225098,0.045393526554107666
449.560411,0.019275307655334473,-0.033852994441986084,-0.06124967336654663
449.660882,-0.022337675094604492,0.04106086492538452,0.04505819082260132
449.761453,-0.08799898624420166,-0.0832100510597229,-0.10391801595687866
449.861818,-0.0722709596157074,0.049562811851501465,-0.10641205310821533
449.962382,0.19547608494758606,-0.22042638063430786,0.18077492713928223
450.062926,0.031131088733673096,0.011117517948150635,0.16278791427612305
450.163377,-0.254839152097702,0.2790061831474304,-0.106670081615448
450.263879,-0.11633473634719849,0.45901626348495483,0.007955789566040039
450.364454,-0.09193485975265503,0.07026547193527222,0.03500446677207947
450.465034,-0.016817033290863037,0.0012597441673278809,-0.02163410186767578
450.565386,0.0022223591804504395,0.019731760025024414,-0.06461265683174133
450.665943,-0.036196351051330566,-0.0022668838500976562,0.04214543104171753
450.766475,0.018592119216918945,0.018631577491760254,0.023687750101089478
450.866985,-0.020185351371765137,-0.03162747621536255,-0.052223801612854004
450.967455,0.04273834824562073,0.0425872802734375,0.08687454462051392
451.068004,-0.03364470601081848,-0.04563713073730469,-0.06765395402908325
451.168525,0.0116005539894104,0.004750490188598633,0.017389774322509766
451.268977,-0.06612366437911987,0.02850782871246338,-0.11256515979766846
451.369522,0.032011568546295166,-0.25796180963516235,0.15499377250671387
451.470097,0.09387636184692383,-0.10921144485473633,0.2559252381324768
451.570483,0.026721477508544922,0.1769239902496338,0.08329898118972778
451.671125,-0.42487943172454834,0.19770938158035278,-0.2738797664642334
451.771597,-0.008794724941253662,-0.05849999189376831,0.1037667989730835
451.872016,0.057543396949768066,-0.14557158946990967,0.048388659954071045
451.972494,0.02037447690963745,-0.06256234645843506,-0.022603332996368408
452.073058,-0.07837462425231934,0.05613189935684204,-0.05109453201293945
452.173595,0.04808562994003296,-0.015178322792053223,0.027373313903808594
452.274116,-0.05819672346115112,-0.008011579513549805,-0.015104830265045166
452.374649,-0.0018468499183654785,0.13201439380645752,-0.07500094175338745
452.475262,-0.04874908924102783,-0.1325671672821045,-0.01664447784423828
452.575714,0.13125544786453247,-0.3280584514141083,0.1331162452697754
452.676252,0.07969886064529419,-0.03755897283554077,0.2474018931388855
452.776674,-0.13283589482307434,0.176191508769989,0.05174744129180908
452.877227,-0.22280091047286987,0.17582446336746216,-0.23257571458816528
452.977593,-0.09424394369125366,-0.04367423057556152,0.037203580141067505
453.078162,0.12821835279464722,-0.11111283302307129,0.0521603524684906
453.178692,-0.04966706037521362,-0.1025078296661377,-0.007156312465667725
453.279202,0.04271465539932251,0.05388224124908447,-0.007278621196746826
453.379714,-0.05663180351257324,0.046802639961242676,-0.04581889510154724
453.480169,0.02554422616958618,-0.036178767681121826,-0.022913336753845215
453.580714,-0.052754878997802734,0.002993941307067871,-0.0036603808403015137
453.681280,0.012269794940948486,-0.027955830097198486,-0.024612903594970703
453.781785,-0.03722888231277466,0.03378915786743164,0.021894872188568115
453.882196,-0.003977060317993164,-0.03958296775817871,-0.01966676115989685
453.982762,-0.007042527198791504,0.019809365272521973,0.03659418225288391
454.083290,0.008497238159179688,-0.030067801475524902,0.0014917254447937012
454.183611,0.011850416660308838,0.0051972270011901855,0.04972851276397705
454.284306,-0.010830521583557129,-0.03562748432159424,0.0019519329071044922
454.384794,0.03574877977371216,0.024291932582855225,0.021615326404571533
454.485310,-0.014536023139953613,-0.027288079261779785,-0.001174837350845337
454.585728,0.03918832540512085,-0.016354084014892578,-0.002127021551132202
454.686284,-0.040012896060943604,-0.09387809038162231,0.004569947719573975
454.786752,0.04896950721740723,-0.12755036354064941,0.031038999557495117
454.887356,-0.028755486011505127,-0.0570489764213562,0.01584690809249878
454.987851,0.046396076679229736,0.14796864986419678,0.028810352087020874
455.088276,-0.12757420539855957,0.2773771286010742,-0.2040131688117981
455.188771,-0.1629267930984497,0.07123339176177979,-0.21182535588741302
455.289345,-0.04066574573516846,-0.31251436471939087,0.20323240756988525
455.389872,0.1620539426803589,-0.4268312454223633,0.31244462728500366
455.490385,0.009904831647872925,0.035372793674468994,0.289775013923645
455.590854,-0.007022380828857422,0.4439324140548706,0.043009817600250244
455.691434,-0.6083953380584717,0.17922449111938477,-0.29683393239974976
455.791876,0.052989423274993896,-0.07399511337280273,0.05720335245132446
455.892415,0.14930492639541626,-0.1559544801712036,0.17525655031204224
455.992915,-0.00785738229751587,-0.12628966569900513,0.020908012986183167
456.093425,-0.02426326274871826,0.05893784761428833,-0.05946415662765503
456.193911,-0.04060244560241699,0.04235881567001343,-0.04816548526287079
456.294427,-0.001042485237121582,-0.03223484754562378,-0.020006448030471802
456.394944,-0.03295391798019409,-0.0027565956115722656,0.009369984269142151
456.495450,0.02155017852783203,-0.009021401405334473,-0.04669189453125
456.595934,-0.05313664674758911,0.02297830581665039,0.010344937443733215
456.696505,0.004405796527862549,-0.02257990837097168,-0.0564306378364563
456.796950,-0.02107030153274536,0.025560438632965088,0.046913281083106995
456.897446,0.02908259630203247,-0.03977888822555542,-0.0394965261220932
456.998030,-4.661083221435547e-05,0.03715920448303223,0.05846279859542847
457.098463,0.011413633823394775,-0.014341473579406738,-0.02970293164253235
457.199058,-0.005254268646240234,-0.004539906978607178,0.06777697801589966
457.299497,0.029660463333129883,-0.039854586124420166,-0.03483721613883972
457.400023,-0.001729726791381836,-0.0037540793418884277,0.022107303142547607
457.500465,0.023852109909057617,-0.02766573429107666,-0.009038060903549194
457.601085,-0.0026437044143676758,-0.014170229434967041,0.022842109203338623
457.701531,-0.049484848976135254,-0.020780980587005615,0.056223779916763306
457.801988,-0.012839794158935547,-0.09091347455978394,-0.05771559476852417
457.902520,-0.03126394748687744,-0.0238189697265625,-0.02567353844642639
458.003052,0.004362165927886963,0.01278829574584961,0.047667503356933594
458.103591,-0.0269814133644104,-0.04157435894012451,0.026098012924194336
458.204085,-0.07737046480178833,-0.10171592235565186,0.007869601249694824
458.304623,-0.0027091801166534424,0.003684103488922119,0.0747339129447937
458.405105,-0.04948531091213226,0.16676002740859985,0.1288919448852539
458.505651,-0.06989634037017822,0.2985365390777588,-0.13186103105545044
458.606111,-0.1196373701095581,-0.12609094381332397,-0.157545804977417
458.706637,0.15942153334617615,-0.46360158920288086,0.12319797277450562
458.807097,0.013087529689073563,-0.06403720378875732,0.2269701361656189
458.907624,-0.14690397679805756,0.11427772045135498,0.00030291080474853516
459.008111,-0.17912007868289948,0.07305651903152466,-0.10358542203903198
459.108635,-0.08243684470653534,0.09079796075820923,-0.11044508218765259
459.209123,-0.10384374856948853,0.05028486251831055,-0.007024586200714111
459.309721,-0.07341107726097107,0.22593903541564941,-0.10066640377044678
459.410182,0.019049406051635742,-0.1595463752746582,0.02834385633468628
459.510706,0.10551813244819641,-0.16409021615982056,0.1274300217628479
459.611219,-0.02700066566467285,-0.07284629344940186,0.06583690643310547
459.711666,-0.027790307998657227,0.03108036518096924,-0.044498443603515625
459.812232,0.026606827974319458,0.001807868480682373,-0.00622183084487915
459.912685,-0.006361603736877441,-0.03280836343765259,-0.03221619129180908
460.013213,0.014873683452606201,0.03159332275390625,0.03014165163040161
460.113685,-0.016372472047805786,-0.016436338424682617,0.007398486137390137
460.214279,0.013721972703933716,-0.01983463764190674,-0.00962156057357788
460.314820,-0.008562475442886353,0.00708317756652832,-2.0563602447509766e-05
460.415240,0.0023013949394226074,0.01970309019088745,-0.013369321823120117
460.515740,0.023452401161193848,0.017351627349853516,0.004332542419433594
460.616266,-0.005901306867599487,0.013847112655639648,-0.01529836654663086
460.716859,0.010378271341323853,-0.025395691394805908,0.02590799331665039
460.817201,-0.0009376704692840576,0.00680088996887207,0.043883323669433594
460.917800,-0.009808629751205444,0.03487527370452881,-0.03350299596786499
461.018230,-0.015040397644042969,-0.08516526222229004,-0.028967440128326416
461.118803,0.01760321855545044,-0.008120119571685791,0.036226093769073486
461.219309,-0.005940645933151245,-0.005394041538238525,-0.010296463966369629
461.319856,-0.016149282455444336,-0.012843906879425049,-0.019228816032409668
461.420343,0.01484265923500061,0.05643993616104126,0.005909860134124756
461.520831,-0.011977136135101318,-0.006264746189117432,0.027546167373657227
461.621380,-0.007480591535568237,-0.04789692163467407,-0.014663994312286377
461.721858,-0.03165413439273834,-0.0099945068359375,-0.022523105144500732
461.822355,3.075599670410156e-05,-0.020241379737854004,0.00949108600616455
461.922935,0.0018777698278427124,0.04245901107788086,-0.01048356294631958
462.023386,0.025061041116714478,0.027358412742614746,-0.015460491180419922
462.123865,-0.026300981640815735,-0.02804851531982422,-0.04244184494018555
462.224396,0.044261544942855835,-0.027650177478790283,0.08138006925582886
462.324854,0.010055802762508392,-0.012151777744293213,0.05538362264633179
462.425385,9.785592555999756e-05,-0.001980006694793701,0.022072017192840576
462.525896,-0.010896407067775726,-0.004896998405456543,-0.029001891613006592
462.626474,0.03514762967824936,0.002339005470275879,0.0418398380279541
462.726953,-0.07324294745922089,0.0457189679145813,-0.021485209465026855
462.827451,0.004197634756565094,-0.06135666370391846,-0.02251434326171875
462.927958,-0.016746602952480316,0.09146201610565186,0.04729044437408447
463.028481,-0.07834964990615845,0.09427911043167114,-0.010405123233795166
463.129001,-0.20234592258930206,0.15629935264587402,-0.34880560636520386
463.229508,0.33037707209587097,-0.6739141345024109,0.27899181842803955
463.329998,0.04306495934724808,-0.09841376543045044,0.5409663915634155
463.430657,-0.17105227708816528,0.6640187501907349,0.056548237800598145
463.531050,-0.4491773247718811,-0.12004679441452026,-0.10631096363067627
463.631545,0.16890698671340942,-0.3159194588661194,0.13675156235694885
463.732024,0.06754010915756226,0.04926741123199463,0.045129597187042236
463.832589,0.025403320789337158,0.0039861202239990234,-0.016975075006484985
463.933048,-0.07041579484939575,-0.09036654233932495,0.04521065950393677
464.033494,-0.024583399295806885,0.00810009241104126,0.015676766633987427
464.134133,0.02216014266014099,0.01002436876296997,0.005530893802642822
464.234575,-0.01925814151763916,-0.009187281131744385,-0.02639591693878174
464.335065,0.0035397112369537354,-0.01717144250869751,0.03793361783027649
464.435634,-0.03355780243873596,-0.008545279502868652,-0.022634536027908325
464.536142,0.02450469136238098,0.021515965461730957,0.031850576400756836
464.636633,-0.003418147563934326,0.018912911415100098,0.0270061194896698
464.737075,-0.016126781702041626,-0.00156402587890625,-0.1071757972240448
464.837712,0.02319568395614624,-0.009445667266845703,0.0047401487827301025
464.938155,0.03634873032569885,0.02068185806274414,0.055866241455078125
465.038573,0.01915481686592102,0.0036925673484802246,0.026120394468307495
465.139243,-0.06051352620124817,-0.013628065586090088,-0.0012496709823608398
465.239659,0.0203092098236084,-0.004385054111480713,0.004591464996337891
465.340234,-0.003475099802017212,0.010187029838562012,-0.03809347748756409
465.440689,0.019754499197006226,-0.0865219235420227,0.013775914907455444
465.541282,-0.07184550166130066,-0.09489721059799194,0.015720665454864502
465.641619,-0.10152988135814667,0.03093796968460083,-0.03158274292945862
465.742214,-0.026928141713142395,0.21077483892440796,0.014547586441040039
465.842720,-0.24888473749160767,0.1995500922203064,-0.3392394781112671
465.943254,0.12664379179477692,-0.5180133581161499,0.4305323362350464
466.043778,0.009619932621717453,-0.11595767736434937,0.4393049478530884
466.144148,-0.174111008644104,0.4885091185569763,0.08411240577697754
466.244764,-0.6082829833030701,-0.1018209457397461,-0.2834623456001282
466.345328,0.3154459595680237,-0.27501338720321655,0.16984206438064575
466.445738,0.102090984582901,-0.09512287378311157,0.19510328769683838
466.546390,-0.07516536116600037,-0.09079253673553467,-0.055503785610198975
466.646826,0.011562198400497437,0.11901646852493286,-0.09217989444732666
466.747281,0.032080382108688354,0.08606714010238647,0.10710012912750244
466.847799,-0.09983983635902405,0.011758089065551758,0.053684115409851074
466.948223,-0.16929295659065247,0.2846982479095459,-0.2627323269844055
467.048755,0.19618141651153564,-0.7526010870933533,0.274137020111084
467.149364,0.09254381060600281,-0.37866824865341187,0.40882498025894165
467.249794,-0.2988506555557251,0.3594783544540405,0.14549368619918823
467.350367,-0.5211912393569946,0.22846245765686035,-0.12564384937286377
467.450881,0.19879931211471558,-0.11302071809768677,-0.0862775444984436
467.551339,-0.007824569940567017,-0.14479494094848633,0.21993541717529297
467.651888,-0.012415438890457153,0.005287230014801025,0.08003747463226318
467.752353,-0.03250664472579956,0.01156771183013916,-0.0719069242477417
467.852909,0.020462632179260254,-0.01299959421157837,0.014034509658813477
467.953344,0.03708145022392273,-0.04484003782272339,0.0067067742347717285
468.053844,-0.06713840365409851,0.16865801811218262,0.05835527181625366
468.154505,-0.39711475372314453,0.06607699394226074,-0.34394562244415283
468.254855,0.07364088296890259,-0.9404394626617432,0.4997367262840271
468.355402,-0.054759666323661804,-0.044887542724609375,0.5713825225830078
468.456002,-0.1925778090953827,1.3398315906524658,-0.39034080505371094
468.556387,-0.6367769241333008,-0.48854196071624756,0.03779482841491699
468.657093,0.1719515323638916,-0.08640098571777344,0.3634718656539917
468.757464,0.011985301971435547,0.0870903730392456,0.020682334899902344
468.857937,-0.021077364683151245,0.1068134605884552,-0.018420815467834473
468.958394,0.04365020990371704,0.04115745425224304,-0.013632059097290039
469.058900,-0.03477194905281067,-0.0632070004940033,-0.02133941650390625
469.159574,0.013241231441497803,-0.013256072998046875,0.02686309814453125
469.259963,0.028554141521453857,0.030650973320007324,-0.02398782968521118
469.360454,-0.030668824911117554,-0.021712899208068848,0.020749151706695557
469.460982,-0.00915592908859253,-0.036347806453704834,0.02467268705368042
469.561521,-0.0015045106410980225,0.012559115886688232,-0.004106283187866211
469.662066,-0.007435202598571777,0.07311981916427612,0.005182862281799316
469.762526,-0.2924625873565674,0.2769067883491516,-0.017115473747253418
469.863051,0.13201045989990234,-0.6211276054382324,0.22126543521881104
469.963504,0.13251090049743652,-0.17478838562965393,0.438306987285614
470.064067,-0.17729122936725616,0.2691837549209595,0.092002272605896
470.164594,-0.25104156136512756,0.34949785470962524,-0.23110169172286987
470.265006,-0.1233893632888794,-0.1575443148612976,-0.09774240851402283
470.365575,0.10990405082702637,-0.0824018120765686,0.18830427527427673
470.466173,0.07852524518966675,-0.008104205131530762,-0.026406586170196533
470.566562,-0.06875842809677124,-0.06039661169052124,0.005110621452331543
470.667289,0.02535533905029297,0.01487112045288086,0.053774625062942505
470.767610,0.0541725754737854,0.03872424364089966,-0.051780372858047485
470.868080,-0.0544734001159668,0.0035764575004577637,-0.01623287796974182
470.968669,-0.017202913761138916,-0.02001798152923584,0.013617396354675293
471.069067,0.06119346618652344,0.3753424286842346,-0.09971919655799866
471.169660,-0.3121262788772583,-0.1205216646194458,-0.1331476867198944
471.270137,0.07276147603988647,-0.6674715876579285,0.5359904170036316
471.370824,0.17371141910552979,-0.002224177122116089,0.451996386051178
471.471176,-0.05919449031352997,0.5882132053375244,0.0002301335334777832
471.571572,-0.614567220211029,-0.22930645942687988,-0.02437761425971985
471.672249,0.15153449773788452,-0.07707333564758301,-0.010574698448181152
471.772655,0.12918251752853394,-0.019496619701385498,0.1670287847518921
471.873282,-0.08539792895317078,-0.11305558681488037,-0.034828007221221924
471.973638,-0.01694577932357788,0.033911049365997314,-0.0072051286697387695
472.074220,0.09480294585227966,0.05763953924179077,-0.024419069290161133
472.174702,0.016594380140304565,-0.05072641372680664,-0.022604048252105713
472.275271,-0.015788346529006958,0.06254661083221436,-0.0032286643981933594
472.375762,-0.20165061950683594,0.6402753591537476,-0.22440657019615173
472.476269,0.09457585215568542,-0.9948538541793823,0.395010769367218
472.576700,0.015187472105026245,-0.42763087153434753,0.5914989709854126
472.677243,-0.25355100631713867,0.7151906490325928,0.12946629524230957
472.777848,-1.0105037689208984,-0.6815688014030457,-0.17212438583374023
472.878271,0.36774441599845886,-0.18691223859786987,0.32490259408950806
472.978733,0.06351208686828613,0.1119765043258667,0.0474129319190979
473.079298,-0.0882577896118164,-0.07376503944396973,-0.1371437907218933
473.179797,-0.10085263848304749,-0.04298776388168335,0.07558280229568481
473.280296,0.18669316172599792,0.004259645938873291,0.0274544358253479
473.380811,-0.07098543643951416,0.015306234359741211,-0.08129358291625977
473.481331,-0.06980505585670471,0.052292585372924805,-0.007906675338745117
473.581901,0.05860191583633423,0.11858773231506348,-0.06299543380737305
473.682276,-0.11564520001411438,0.6352845430374146,-0.354785680770874
473.782942,0.12737339735031128,-0.8350085020065308,0.34199821949005127
473.883334,-0.10917162895202637,-0.7441920638084412,0.5125889182090759
473.983889,-0.10403529554605484,1.0544865131378174,-0.252784788608551
474.084464,-0.5249460935592651,-0.3673859238624573,0.18965041637420654
474.184889,0.3464009463787079,0.14414376020431519,0.16967535018920898
474.285453,0.0839691162109375,-0.016902625560760498,-0.012853026390075684
474.385970,-0.06119740009307861,-0.06767147779464722,-0.06437605619430542
474.486391,-0.01092672348022461,-0.057245075702667236,0.0307234525680542
474.586912,-0.026747435331344604,0.02000492811203003,-0.034704744815826416
474.687596,-0.056067973375320435,-0.04410427808761597,-0.018588483333587646
474.787908,0.022340625524520874,-0.04533123970031738,0.014008164405822754
474.888404,0.013151496648788452,-0.03536456823348999,0.02896583080291748
474.988961,0.07222437858581543,0.07672840356826782,0.028738081455230713
475.089439,0.019861817359924316,0.12442922592163086,-0.12861377000808716
475.189936,-0.31971055269241333,0.1385830044746399,-0.11348569393157959
475.290480,0.18502488732337952,-0.5339174866676331,0.20052343606948853
475.390988,0.12049837410449982,-0.15465033054351807,0.41102296113967896
475.491479,-0.289667546749115,0.3426015377044678,0.062163591384887695
475.592009,-0.5825779438018799,-0.08708447217941284,-0.5102779865264893
475.692533,0.1961348056793213,-0.10576343536376953,0.21623414754867554
475.792952,0.04245010018348694,-0.08756020665168762,0.06796514987945557
475.893490,0.0018848776817321777,0.022078007459640503,-0.05267536640167236
475.994052,-0.02414986491203308,-0.006006389856338501,0.04158174991607666
476.094530,0.008573651313781738,-0.0417519211769104,-0.003224313259124756
476.194988,0.028441965579986572,0.004412025213241577,0.020367562770843506
476.295537,0.039692431688308716,0.1641654670238495,0.024403870105743408
476.396028,-0.09231418371200562,0.17101913690567017,-0.10208755731582642
476.496536,0.14234524965286255,-0.5245451331138611,0.13788825273513794
476.597093,0.11162462085485458,-0.1750541627407074,0.3252926468849182
476.697750,-0.17811277508735657,0.2909925580024719,0.059167325496673584
476.798053,-0.33332502841949463,0.2026958465576172,-0.2457212209701538
476.898675,-0.12484622001647949,-0.1442832350730896,-0.04738903045654297
476.999096,0.11369359493255615,-0.15463662147521973,0.1851813793182373
477.099574,0.03490424156188965,-0.06443387269973755,-0.028587162494659424
477.200131,0.022395551204681396,0.04699265956878662,-0.07190829515457153
477.300713,-0.06868106126785278,-0.002086043357849121,0.004995524883270264
477.401159,-0.013596117496490479,-0.030084431171417236,-0.009584784507751465
477.501616,0.04305201768875122,0.01209867000579834,0.010775566101074219
477.602180,-0.052566349506378174,-0.037616193294525146,0.0348207950592041
477.702689,0.032079726457595825,0.08362746238708496,0.017673730850219727
477.803144,-0.11026722192764282,0.1932329535484314,-0.047921985387802124
477.903732,-0.07729363441467285,-0.20588278770446777,0.00045412778854370117
478.004170,0.11637729406356812,-0.3082902431488037,0.1833605170249939
478.104686,-0.03901830315589905,0.1167382001876831,0.08464008569717407
478.205205,0.05404488742351532,0.2214341163635254,0.017532765865325928
478.305774,-0.3757077753543854,-0.04808443784713745,-0.20796313881874084
478.406225,0.09438049793243408,-0.019724786281585693,0.10837453603744507
478.506767,0.084286630153656,-0.1349971890449524,0.045039981603622437
478.607193,-0.037812888622283936,-0.006606400012969971,-0.014700323343276978
478.707694,-0.03832215070724487,0.03706002235412598,-0.021092474460601807
478.808264,0.01060381531715393,-0.037663161754608154,0.000568091869354248
478.908770,0.016246557235717773,-0.06546777486801147,0.047628819942474365
479.009342,0.012903749942779541,-0.07354700565338135,0.02702382206916809
479.109789,-0.0023511946201324463,0.02420628070831299,-0.004400283098220825
479.210302,0.002863764762878418,0.25598788261413574,0.02040836215019226
479.310880,-0.23992913961410522,0.1662445068359375,-0.09224796295166016
479.411325,-0.18032389879226685,-0.15415269136428833,-0.038308605551719666
479.511746,0.34371432662010193,-0.32348936796188354,0.36759239435195923
479.612286,0.01178431510925293,-0.04515427350997925,0.24495869874954224
479.712771,-0.11330889165401459,0.36555933952331543,0.03933858871459961
479.813337,-0.24712646007537842,0.2196245789527893,-0.22965297102928162
479.913910,-0.22627905011177063,-0.2976723313331604,-0.1384032666683197
480.014289,0.21692132949829102,-0.011663734912872314,0.16604340076446533
480.114917,0.044872403144836426,-0.1052594780921936,0.017486572265625
480.215435,-0.08347201347351074,0.00662308931350708,-0.026874423027038574
480.315870,-0.009364902973175049,0.03530728816986084,0.0015342533588409424
480.416347,0.04372259974479675,-0.08905965089797974,0.0467836856842041
480.516901,0.029416441917419434,0.03951495885848999,0.03293168544769287
480.617367,-0.05704805254936218,0.1518169641494751,-0.06410825252532959
480.717936,-0.3120756149291992,-0.13147860765457153,-0.1845320463180542
480.818424,0.17291927337646484,-0.31156057119369507,0.2012927532196045
480.918981,0.1336902678012848,-0.12905007600784302,0.03035074472427368
481.019390,-0.038144439458847046,0.3801693320274353,0.014967679977416992
481.119958,-0.3669867515563965,0.18123465776443481,-0.22753530740737915
481.220449,-0.13984540104866028,-0.26185715198516846,-0.02528691291809082
481.320980,0.2148919403553009,0.018976032733917236,0.1628505289554596
481.421447,-0.003970712423324585,-0.09490364789962769,-0.028722405433654785
481.521994,-0.0600811243057251,0.04864239692687988,-0.007220327854156494
481.622463,-0.008723258972167969,0.04620718955993652,0.0007753968238830566
481.723017,0.023299455642700195,-0.03537702560424805,-0.008604824542999268
481.823572,-0.01246720552444458,0.04410994052886963,0.005910396575927734
481.924039,-0.031190067529678345,0.04365628957748413,-0.032163187861442566
482.024527,-0.05899062752723694,0.019326388835906982,-0.04217052459716797
482.125056,-0.052469611167907715,-0.2704095244407654,0.026895463466644287
482.225422,0.11284616589546204,-0.2893286943435669,0.28144514560699463
482.326088,-0.0838765949010849,0.2876644730567932,0.10136032104492188
482.426549,0.060621075332164764,0.3048638105392456,0.05998730659484863
482.526865,-0.47228726744651794,-0.26820850372314453,-0.31276142597198486
482.627352,0.21613982319831848,0.0711890459060669,0.13295209407806396
482.727882,0.015911966562271118,-0.12018543481826782,0.03003045916557312
482.828405,-0.0006882399320602417,0.05267983675003052,-0.03341969847679138
482.928905,-0.06475463509559631,0.009734094142913818,-0.0398402214050293
483.029404,0.056444332003593445,-0.039541423320770264,0.037087976932525635
483.130123,0.04670855402946472,-0.06764155626296997,0.04439622163772583
483.230628,-0.04201507568359375,0.06101024150848389,-0.10817474126815796
483.331161,-0.01894932985305786,-0.05605882406234741,-0.0025743842124938965
483.431677,0.07631334662437439,-0.2823791205883026,-0.06091731786727905
483.532199,-0.04889138042926788,0.47199249267578125,0.05857127904891968
483.632673,-0.08473630249500275,0.07677334547042847,-0.2150108516216278
483.733145,-0.1937083601951599,-0.26762068271636963,-0.036420971155166626
483.833672,0.2727939486503601,-0.01116931438446045,0.2655671238899231
483.934084,-0.06907486915588379,-0.11802184581756592,-0.08386373519897461
484.034649,-0.0020490288734436035,0.1198778748512268,0.02668902277946472
484.135230,-0.02206176519393921,-0.00032776594161987305,-0.011172890663146973
484.235632,0.01993846893310547,-0.06751686334609985,0.012893885374069214
484.336219,0.05581054091453552,-0.0634874701499939,0.03987768292427063
484.436731,0.007215321063995361,0.010045051574707031,0.004615485668182373
484.537272,-0.02106797695159912,0.21177905797958374,-0.04993581771850586
484.637813,-0.09408360719680786,0.1368391513824463,-0.03991490602493286
484.738192,-0.11249393224716187,-0.4164917469024658,0.005734682083129883
484.838775,0.07919350266456604,-0.2940109670162201,0.05367624759674072
484.939263,-0.15226557850837708,0.3021897077560425,-0.02383267879486084
485.039758,0.1748782992362976,0.45459604263305664,0.011027216911315918
485.140259,-0.4650575518608093,-0.36264514923095703,-0.22859761118888855
485.240893,0.2525936961174011,0.058619916439056396,0.1995365023612976
485.341437,-0.016603022813796997,-0.2243272066116333,0.04082515835762024
485.441809,-0.019542604684829712,0.06204485893249512,0.019864320755004883
485.542342,-0.03805866837501526,0.055226266384124756,-0.0086422860622406
485.642799,0.01347970962524414,-0.04883676767349243,0.031056851148605347
485.743330,0.03142589330673218,-0.010232269763946533,0.02539151906967163
485.843867,-0.018218427896499634,0.018422722816467285,0.0005285739898681641
485.944329,-0.0667065680027008,0.12025153636932373,-0.07441776990890503
486.044897,-0.19249027967453003,-0.18218672275543213,-0.08717554807662964
486.145354,0.2061300277709961,-0.3746158480644226,0.35120201110839844
486.245784,0.052468761801719666,0.14950037002563477,0.17120343446731567
486.346465,0.02977396547794342,0.33490288257598877,-0.010758519172668457
486.447016,-0.583220899105072,-0.26796144247055054,-0.3199000060558319
486.547400,0.20507991313934326,-0.014605820178985596,0.1924637258052826
486.647884,-0.03594094514846802,-0.19891124963760376,0.09209707379341125
486.748339,-0.030072569847106934,-0.044222354888916016,-0.04053768515586853
486.848913,0.029288411140441895,0.14936023950576782,-0.036742568016052246
486.949420,-0.006725728511810303,-0.0333976149559021,0.01940670609474182
487.049904,-0.0009542107582092285,-0.05067300796508789,0.01614740490913391
487.150446,-0.015193283557891846,0.022095441818237305,-0.0023621320724487305
487.251050,-0.002341032028198242,-0.04661965370178223,0.029315143823623657
487.351437,-0.15008890628814697,-0.4102816581726074,0.03872901201248169
487.451957,-0.13823673129081726,0.07016444206237793,0.16300338506698608
487.552478,0.07399046421051025,0.3663175106048584,0.09122684597969055
487.653025,-0.17258840799331665,0.514011025428772,-0.430447518825531
487.753509,0.2583205997943878,-0.36400485038757324,0.028975486755371094
487.853989,0.07567688822746277,-0.46654945611953735,0.37676286697387695
487.954546,-0.48364773392677307,0.26008790731430054,-0.07849377393722534
488.054966,-0.04912023991346359,0.25665920972824097,-0.07986462116241455
488.155588,-0.4172041416168213,-0.31524378061294556,-0.38229644298553467
488.255953,0.17872703075408936,0.027535557746887207,0.32367080450057983
488.356577,-0.011653721332550049,0.05748093128204346,0.025415927171707153
488.456931,0.05161045491695404,0.032182157039642334,0.026769042015075684
488.557542,-0.04438421130180359,-0.030961692333221436,-0.00911855697631836
488.658060,-0.01211501657962799,-0.06489253044128418,-0.024699777364730835
488.758524,-0.03648477792739868,-0.008164942264556885,-0.037061870098114014
488.859083,-0.1075776219367981,0.16032403707504272,-0.15246796607971191
488.959639,0.04165858030319214,-0.05342668294906616,0.07615017890930176
489.060089,0.18572527170181274,-0.4075157642364502,0.2959901690483093
489.160605,-0.053072284907102585,0.16568845510482788,0.027417004108428955
489.261121,-0.7530418038368225,-0.04180818796157837,-0.5561798214912415
489.361648,0.12659089267253876,-0.013499677181243896,0.1091543436050415
489.462047,0.11755749583244324,-0.06919777393341064,0.0819719135761261
489.562607,0.02340605854988098,0.009252786636352539,-0.008226364850997925
489.663187,-0.008824765682220459,0.00437319278717041,0.004570692777633667
489.763614,0.01267915964126587,0.02791696786880493,0.029477417469024658
489.864096,0.02061869204044342,-0.011156737804412842,0.022512167692184448
489.964636,-0.028298065066337585,-0.011079013347625732,-0.0018147826194763184
490.065238,0.01444406807422638,0.024164795875549316,0.015721887350082397
490.165713,0.0014565587043762207,0.006057322025299072,0.001100987195968628
490.266201,0.011851459741592407,-0.0392802357673645,0.060042738914489746
490.366638,-0.010000810027122498,0.10729730129241943,-0.048350781202316284
490.467283,-0.256002813577652,0.0784880518913269,-0.02322360873222351
490.567653,0.0682373046875,-0.29595035314559937,0.1467134654521942
490.668297,0.05584365129470825,-0.09930622577667236,0.15250492095947266
490.768802,-0.040438637137413025,0.32742905616760254,-0.08224356174468994
490.869205,-0.19715258479118347,-0.10810959339141846,-0.03205069899559021
490.969718,0.0718507468700409,-0.020874083042144775,0.09455925226211548
491.070191,-0.047345325350761414,-0.06890535354614258,-0.026417464017868042
491.170722,0.06657536327838898,0.05594593286514282,0.045228421688079834
491.271342,0.008424758911132812,0.027523159980773926,0.0012476146221160889
491.371724,-0.0022033601999282837,-0.033902883529663086,0.0033490657806396484
491.472292,-0.041102856397628784,-0.02440720796585083,-0.014928877353668213
491.572765,-0.0400099903345108,0.0015237927436828613,-0.01932358741760254
491.673352,0.016777053475379944,0.007025539875030518,-0.0016846656799316406
491.773801,-0.0055850595235824585,-0.014476001262664795,-0.009623557329177856
491.874340,-0.0048201680183410645,0.011066973209381104,-0.0036554038524627686
491.974924,0.0037024766206741333,-0.0005552768707275391,0.0022620856761932373
492.075224,-0.010748177766799927,-0.02938234806060791,0.0065267086029052734
492.175809,-0.02061125636100769,0.023453116416931152,-0.01737859845161438
492.276331,0.005218178033828735,-0.01970750093460083,0.008920878171920776
492.376827,-0.009779974818229675,-0.012019574642181396,-0.0007818341255187988
492.477393,0.03563562035560608,0.10040998458862305,-0.048177480697631836
492.577857,-0.2692844271659851,0.19239884614944458,-0.20485159754753113
492.678349,-0.05770280957221985,-0.4944499731063843,0.09372299909591675
492.778864,0.1175476536154747,-0.2108384370803833,0.2585803270339966
492.879439,-0.07017828524112701,0.35640454292297363,-0.014702439308166504
492.979953,-0.32436904311180115,0.22211384773254395,-0.232258141040802
493.080407,0.08757472038269043,-0.25588899850845337,0.016754835844039917
493.180920,0.04001966118812561,-0.04004544019699097,0.1177670955657959
493.281478,-0.018878474831581116,-0.006448984146118164,-0.05005931854248047
493.381922,0.012485146522521973,0.045709431171417236,0.01150694489479065
493.482465,-0.0392342209815979,-0.020693540573120117,-0.0028978586196899414
493.582928,-0.020046308636665344,-0.0572514533996582,-0.009466797113418579
493.683455,0.011798381805419922,-0.032469093799591064,0.024764597415924072
493.783980,0.0038281232118606567,-0.031000256538391113,0.034065186977386475
493.884452,0.036866769194602966,0.1151471734046936,0.028825104236602783
493.984916,-0.0490168035030365,0.2122955322265625,-0.09125715494155884
494.085457,-0.24753990769386292,0.02960515022277832,-0.045704782009124756
494.186003,0.0811387300491333,-0.49172478914260864,0.22171670198440552
494.286562,0.11920338869094849,-0.13305479288101196,0.2088550329208374
494.386831,-0.04970267415046692,0.3964477777481079,-0.016539931297302246
494.487338,-0.4190613925457001,0.022255897521972656,-0.1107674241065979
494.587833,0.13840579986572266,-0.16910415887832642,0.09669160842895508
494.688579,-0.024108022451400757,-0.058376312255859375,0.07675063610076904
494.789158,-0.004208594560623169,0.021618306636810303,-0.049387216567993164
494.889472,0.04375505447387695,0.063540518283844,0.010407567024230957
494.990058,-0.016577452421188354,-0.04689425230026245,0.016766339540481567
495.090554,-0.005431503057479858,0.0025568604469299316,-0.004574596881866455
495.191086,-0.008114606142044067,-0.014017641544342041,0.013529151678085327
495.291517,-0.011962324380874634,-0.009642720222473145,-0.0004302859306335449
495.392028,0.035831838846206665,0.05087637901306152,0.02605491876602173
495.492604,-0.13076791167259216,0.47915130853652954,-0.1843324601650238
495.593030,-0.037579238414764404,-0.5047253966331482,0.2910846471786499
495.693612,0.1571536362171173,-0.2757549285888672,0.22864550352096558
495.794086,-0.02711889147758484,0.29710227251052856,0.0345538854598999
495.894596,-0.2907680571079254,0.36310213804244995,-0.21160250902175903
495.995196,-0.042243242263793945,-0.3316059708595276,-0.06007269024848938
496.095676,0.1670868694782257,-0.07613152265548706,0.17071276903152466
496.196134,-0.06754070520401001,0.054852843284606934,-0.03749793767929077
496.296633,-0.017562031745910645,-0.006789565086364746,-0.05282312631607056
496.397129,0.02408576011657715,-0.010404467582702637,0.041251420974731445
496.497671,-0.027482300996780396,-0.02857416868209839,0.021692931652069092
496.598166,-0.03474554419517517,-0.08434545993804932,-0.0009662508964538574
496.698659,0.04343819618225098,-0.02715444564819336,0.07845395803451538
496.799159,0.06857186555862427,0.32767558097839355,0.033930301666259766
496.899740,-0.43587952852249146,-0.08832210302352905,-0.09107014536857605
497.000159,0.13706308603286743,-0.4720289707183838,0.1973077654838562
497.100762,0.07995843887329102,-0.09533292055130005,0.3178138732910156
497.201221,-0.05233831703662872,0.411918044090271,-0.010003626346588135
497.301769,-0.4737294316291809,-0.04921036958694458,-0.13005778193473816
497.402241,0.014096200466156006,-0.27286863327026367,0.022574275732040405
497.502787,0.044675230979919434,-0.013268351554870605,0.1210610568523407
497.603336,-0.026922106742858887,0.04250955581665039,-0.08062741160392761
497.703782,0.03029388189315796,0.06599843502044678,0.010445743799209595
497.804310,-0.01562553644180298,-0.0037642717361450195,0.004233568906784058
497.904715,-0.022411108016967773,-0.04962795972824097,-0.015133529901504517
498.005242,0.011758089065551758,0.01067572832107544,0.02196452021598816
498.105840,0.005838930606842041,0.022276461124420166,0.0013613700866699219
498.206351,0.1278933882713318,0.13327699899673462,0.00025916099548339844
498.306794,-0.39193761348724365,0.11662232875823975,-0.16567009687423706
498.407173,-0.016289234161376953,-0.4319273829460144,0.1805136799812317
498.507846,0.08613315224647522,-0.20009583234786987,0.340070903301239
498.608361,-0.09350736439228058,0.37558192014694214,0.018466830253601074
498.708835,-0.20168732106685638,0.13378381729125977,-0.08324068784713745
498.809331,-0.09933078289031982,-0.26126694679260254,-0.07252392172813416
498.909909,0.14498525857925415,-0.021462202072143555,0.14429157972335815
499.010506,-0.04192200303077698,-0.006822764873504639,-0.052751898765563965
499.110896,-0.012134283781051636,0.039630353450775146,-0.04079800844192505
499.211437,-0.041001319885253906,-0.004381120204925537,-0.0024001598358154297
499.311888,-0.024898260831832886,-0.1166757345199585,0.008222341537475586
499.412440,0.056607604026794434,0.005041003227233887,0.03577810525894165
499.512984,0.04842337965965271,0.20682257413864136,0.013865470886230469
499.613378,-0.11787831783294678,0.20741766691207886,-0.13672176003456116
499.713912,-0.1658637523651123,-0.2988895773887634,-0.07814216613769531
499.814443,0.18485543131828308,-0.2998378872871399,0.273833692073822
499.914908,-0.03642153739929199,0.202528178691864,0.026351988315582275
500.015431,-0.040179044008255005,0.26124411821365356,-0.09295541048049927
500.115988,-0.3741396367549896,-0.23446661233901978,-0.19552463293075562
500.216413,0.2047344148159027,-0.04570990800857544,0.18209728598594666
500.316984,-0.0011446177959442139,-0.08423328399658203,0.02415749430656433
500.417574,-0.0681009590625763,0.03868371248245239,-0.04056578874588013
500.517949,-0.028295069932937622,0.04965299367904663,0.0003414154052734375
500.618497,0.028529584407806396,-0.024419009685516357,0.020505964756011963
500.719016,0.017509102821350098,-0.007136702537536621,0.028718173503875732
500.819605,-0.01464894413948059,0.01868581771850586,-0.008601546287536621
500.920035,-0.0037287473678588867,-0.0043103694915771484,-0.005328238010406494
501.020550,-0.012502998113632202,-0.011055827140808105,0.000491708517074585
501.121173,-0.010734021663665771,-0.0056040287017822266,-0.001976191997528076
501.221549,0.0040464699268341064,-0.02617323398590088,0.0026915669441223145
501.321988,-0.02085590362548828,0.0031238198280334473,0.022132575511932373
501.422632,-0.03005516529083252,0.027569174766540527,-0.009033560752868652
501.523129,0.006308019161224365,0.0291251540184021,-0.016853123903274536
501.623562,0.005098551511764526,0.2873871326446533,-0.09610423445701599
501.724056,-0.05235397815704346,-0.24027776718139648,0.023066818714141846
501.824636,0.13376182317733765,-0.32876497507095337,0.2627551555633545
501.925088,-0.022058755159378052,0.0861554741859436,0.178472638130188
502.025655,-0.11705003678798676,0.40204793214797974,-0.07772636413574219
502.126155,-0.4164525270462036,-0.17800724506378174,-0.23755234479904175
502.226576,0.11402943730354309,-0.3403159976005554,0.27186986804008484
502.327110,0.061564892530441284,-0.23411214351654053,0.03649407625198364
502.427663,-0.11632579565048218,-0.01181650161743164,-0.21324551105499268
502.528104,-0.023592621088027954,-0.0037118196487426758,-0.05143004655838013
502.628652,-0.02067457139492035,0.13913553953170776,0.0040149688720703125
502.729197,0.00763547420501709,0.21062403917312622,0.038020431995391846
502.829652,-0.0251166969537735,0.11712926626205444,0.09607422351837158
502.930176,0.1192956417798996,0.10753422975540161,0.2690047025680542
503.030816,0.05697590485215187,-0.14309918880462646,0.1961495280265808
503.131140,-0.02754724584519863,0.04351609945297241,-0.012027859687805176
503.231679,-0.08505918830633163,0.04718220233917236,-0.0016154050827026367
503.332248,-0.07818331569433212,-0.04026377201080322,-0.007611870765686035
503.432713,0.02524411678314209,-0.0029188990592956543,-0.013803958892822266
503.533261,0.001387517899274826,0.02311605215072632,-0.10515624284744263
503.633825,0.03862942382693291,-0.02609008550643921,-0.03278148174285889
503.734281,0.022030718624591827,-0.015011608600616455,0.04122239351272583
503.834677,-0.04296381026506424,0.03109949827194214,0.043258070945739746
503.935247,-0.03291580080986023,-0.015097737312316895,0.0031489133834838867
504.035792,-0.0034271851181983948,-0.016705572605133057,0.0006888508796691895
504.136271,0.008158184587955475,0.022140681743621826,-0.0008147358894348145
504.236746,-0.0061895474791526794,0.015296220779418945,-0.0385969877243042
504.337302,-0.01339547336101532,-0.02659749984741211,0.009649991989135742
504.437829,-0.01023663580417633,0.016675233840942383,0.014235854148864746
504.538266,0.007288508117198944,-0.023627638816833496,-0.009889841079711914
504.638914,0.008935339748859406,0.014806151390075684,-0.4168551564216614
504.739389,-0.005574733018875122,0.019504010677337646,-0.015057504177093506
504.839860,-0.029842153191566467,0.034003257751464844,0.21586662530899048
504.940356,-0.020302236080169678,0.011732220649719238,0.06317079067230225
505.040993,0.056192368268966675,-0.1160578727722168,-0.40407681465148926
505.141349,-0.17051595449447632,-0.08751177787780762,0.18805742263793945
505.241814,-0.142636239528656,-0.5135416388511658,0.0239408016204834
505.342376,0.013429611921310425,-0.26304659247398376,0.2234712839126587
505.442960,-0.08253523707389832,-0.01666128635406494,0.1612563133239746
505.543409,-0.008836150169372559,0.0687979906797409,0.1399974226951599
505.643950,0.01497727632522583,0.04619133472442627,0.12969863414764404
505.744328,-0.04921925067901611,0.07412141561508179,0.10545772314071655
505.844837,-0.11757135391235352,0.20001333951950073,-0.012013047933578491
505.945505,0.018685460090637207,0.2267545461654663,-0.002211153507232666
506.045938,0.036085665225982666,0.12796974182128906,0.0362018346786499
506.146490,0.021987199783325195,0.031065404415130615,0.02768799662590027
506.246953,0.046372294425964355,-0.04709172248840332,0.027809083461761475
506.347570,-0.025923311710357666,-0.06110149621963501,-0.011121869087219238
506.447958,-0.044938087463378906,-0.009015083312988281,-0.04207885265350342
506.548600,0.018316447734832764,-0.022337615489959717,0.020029723644256592
506.648926,0.01998281478881836,-0.004169821739196777,0.007614552974700928
506.749465,0.010758399963378906,0.009084224700927734,-0.007925659418106079
506.849992,0.030768513679504395,0.013545453548431396,0.030006855726242065
506.950547,-0.03525042533874512,0.09732943773269653,-0.020894229412078857
507.050956,-0.1667504906654358,0.11821436882019043,0.041640281677246094
507.151590,0.05192530155181885,0.18547788262367249,0.04800182580947876
507.251983,-0.043478548526763916,0.1261160969734192,0.10130631923675537
507.352537,-0.07784417271614075,0.1357378512620926,0.24896830320358276
507.452995,0.06155019998550415,0.013727724552154541,0.24364960193634033
507.553572,0.021527796983718872,0.10697430372238159,0.15200281143188477
507.654159,-0.02639874815940857,0.02210533618927002,0.07357752323150635
507.754592,-0.044356077909469604,0.1225806474685669,-0.06490761041641235
507.855040,0.04875755310058594,-0.16545385122299194,0.0829700231552124
507.955616,0.12907126545906067,-0.4799186587333679,0.11035573482513428
508.056124,0.28570494055747986,-0.1976003646850586,0.27575939893722534
508.156602,-0.010854780673980713,0.05500906705856323,-0.12795785069465637
508.257183,-0.22434720396995544,0.1896180510520935,-0.04053458571434021
508.357572,-0.17057999968528748,0.1552559733390808,-0.046682000160217285
508.458092,0.026277899742126465,-0.1194068193435669,0.08118155598640442
508.558647,0.10854962468147278,-0.08986711502075195,0.13054877519607544
508.659173,-0.011938124895095825,-0.09605669975280762,0.02122396230697632
508.759656,0.0013333559036254883,0.006193220615386963,-0.0037013590335845947
508.860147,0.003742009401321411,0.04202526807785034,-0.008663803339004517
508.960743,0.026155978441238403,-0.06474858522415161,-0.03945767879486084
509.061127,0.030979156494140625,-0.008889555931091309,0.011778563261032104
509.161691,-0.028398454189300537,0.032318830490112305,-0.001996457576751709
509.262146,-0.0518970787525177,0.11039233207702637,-0.048005878925323486
509.362782,-0.08745929598808289,0.09187090396881104,-0.03670930862426758
509.463228,0.03933560848236084,-0.2535287141799927,0.09299910068511963
509.563695,0.2084614634513855,-0.11999356746673584,0.14883476495742798
509.664240,-0.018861353397369385,0.06650286912918091,-0.0731726884841919
509.764745,-0.08993837237358093,0.10353535413742065,-0.05085766315460205
509.865255,-0.16452562808990479,0.1573978066444397,-0.045263588428497314
509.965720,-0.08487656712532043,0.062486350536346436,-0.03828248381614685
510.066366,0.04646453261375427,-0.07945883274078369,0.06736496090888977
510.167844,0.07990214228630066,-0.0684390664100647,0.053248971700668335
510.267227,-0.005270838737487793,-0.027710378170013428,-0.009199410676956177
510.367716,0.035275399684906006,0.023072898387908936,0.029687106609344482
510.468357,-0.022692590951919556,-0.0021439194679260254,-0.016659468412399292
510.568773,-0.01272881031036377,-0.000934302806854248,-0.015919655561447144
510.669372,0.02455383539199829,0.00936812162399292,0.02405986189842224
510.769780,-0.022426098585128784,-0.03058105707168579,0.0001531839370727539
510.870335,-0.01799875497817993,-0.01504361629486084,0.01609709858894348
510.970903,0.027102798223495483,-0.00015479326248168945,0.039597660303115845
511.071291,-0.013956516981124878,-0.013107717037200928,0.0008682012557983398
511.171879,-0.021511316299438477,0.016339898109436035,-0.014725595712661743
511.272453,-0.04432344436645508,0.036592841148376465,-0.02566283941268921
511.372831,-0.07788288593292236,0.08174467086791992,-0.036982446908950806
511.473401,0.035415470600128174,-0.23585844039916992,0.05313923954963684
511.573797,0.23301613330841064,-0.13240480422973633,0.13802886009216309
511.674335,-0.0005737543106079102,0.12454819679260254,-0.03530323505401611
511.774751,-0.20514371991157532,0.0761948823928833,-0.09270176291465759
511.875434,-0.0962279736995697,0.16367632150650024,-0.04500970244407654
511.975900,-0.016232281923294067,-0.06081920862197876,0.03712460398674011
512.076437,0.1275770366191864,-0.09672623872756958,0.08703175187110901
512.176941,0.013685613870620728,-0.028064191341400146,0.025414764881134033
512.277450,-0.029815703630447388,0.05804872512817383,0.005953162908554077
512.377925,-0.005381375551223755,0.01186150312423706,-0.03604847192764282
512.478441,0.026809275150299072,0.002303779125213623,0.005437076091766357
512.579004,-0.014394909143447876,-0.016732633113861084,0.003359854221343994
512.679510,-0.021876752376556396,-0.023394465446472168,0.0010634362697601318
512.779985,0.010108649730682373,0.004305422306060791,0.011638402938842773
512.880563,-0.01182025671005249,0.00125962495803833,0.004687368869781494
512.980967,0.00399431586265564,-0.015614092350006104,-0.016453474760055542
513.081516,0.05888131260871887,-0.02520698308944702,-0.006145745515823364
513.182037,0.010976701974868774,-0.010182797908782959,-0.014296680688858032
513.282610,-0.014052212238311768,0.07035911083221436,-0.07314068078994751
513.382997,-0.044210612773895264,0.1473650336265564,-0.009341031312942505
513.483549,-0.09053274989128113,0.03196239471435547,-0.03382706642150879
513.584114,-0.005603224039077759,-0.23827356100082397,0.08186179399490356
513.684598,0.16961443424224854,-0.03557908535003662,0.0795595645904541
513.785056,-0.04186193645000458,0.1304517388343811,-0.03794831037521362
513.885466,-0.06660427153110504,0.04926949739456177,-0.06817972660064697
513.986028,-0.04543033242225647,0.07839781045913696,-0.04221808910369873
514.086602,0.021210163831710815,-0.01848214864730835,0.02208268642425537
514.187078,0.03497996926307678,-0.03906220197677612,0.037214845418930054
514.287565,0.0060773491859436035,-0.009296000003814697,-0.005793094635009766
514.388003,-0.01912716031074524,0.030547618865966797,-1.3709068298339844e-05
514.488637,-0.027967840433120728,-0.008273422718048096,-0.03303191065788269
514.589111,0.026027143001556396,0.010360896587371826,-0.0013783574104309082
514.689642,-0.017899394035339355,-0.025454938411712646,0.023708999156951904
514.790073,-0.020293384790420532,-0.011577486991882324,0.009221166372299194
514.890505,0.0069474875926971436,0.0017641186714172363,0.019506096839904785
514.991098,-0.008008360862731934,-0.004797399044036865,0.029073864221572876
515.091575,-0.013412773609161377,-0.009363651275634766,-0.003591001033782959
515.192110,0.021296024322509766,0.012547135353088379,-0.007804751396179199
515.292732,0.012484490871429443,0.00023096799850463867,0.011242121458053589
515.393178,-0.009260475635528564,-0.01031506061553955,-0.005814254283905029
515.493732,0.023483097553253174,0.0440526008605957,-0.04765823483467102
515.594160,0.013733327388763428,0.1489766240119934,0.00962229073047638
515.694685,-0.10634481906890869,-0.1513769030570984,0.018170028924942017
515.795247,0.08278912305831909,-0.09351873397827148,0.12933680415153503
515.895651,0.016067057847976685,0.18610107898712158,-0.01142650842666626
515.996194,-0.014570936560630798,-0.07647216320037842,-0.029077380895614624
516.096722,-0.12030848860740662,0.0018321871757507324,-0.030576616525650024
516.197263,0.01430213451385498,-0.03222769498825073,0.03726179897785187
516.297842,0.05662846565246582,-0.06968659162521362,0.025074303150177002
516.398246,-0.022874057292938232,0.02007734775543213,-0.010642051696777344
516.498823,0.026403963565826416,0.008049607276916504,-0.0018352866172790527
516.599249,-0.008184194564819336,0.029996156692504883,-0.023317843675613403
516.699769,-0.027960538864135742,0.011384189128875732,-0.025989696383476257
516.800342,0.029838979244232178,-0.007823467254638672,0.014851406216621399
516.900743,-0.012167870998382568,-0.0024544596672058105,-0.0036440789699554443
517.001341,-0.005914449691772461,0.01361936330795288,-0.01485966145992279
517.101832,0.012839853763580322,-0.0034233927726745605,-0.0038385391235351562
517.202329,-0.006388306617736816,0.01980459690093994,-0.01081705093383789
517.302838,-0.012339174747467041,0.003818333148956299,-0.022007286548614502
517.403345,0.039398372173309326,0.004678130149841309,0.0027959048748016357
517.503831,-0.026361525058746338,-0.017039597034454346,-0.009348437190055847
517.604310,-0.008568525314331055,0.01851975917816162,-0.009876102209091187
517.704921,0.02905827760696411,0.006724417209625244,-0.01750558614730835
517.805375,-0.010234713554382324,-0.00012809038162231445,-0.022271305322647095
517.905897,-0.011402487754821777,0.0024420619010925293,-0.01995524764060974
518.006481,0.02363443374633789,-0.0021994709968566895,-0.007893562316894531
518.106853,0.018501996994018555,-0.010657310485839844,-0.0024974197149276733
518.207367,-0.01850646734237671,0.006430864334106445,-0.012832492589950562
518.307951,0.01618260145187378,0.0038320422172546387,-0.003557533025741577
518.408417,-0.008176863193511963,-0.0018630027770996094,-0.020684942603111267
518.508932,-0.02409684658050537,-0.014985859394073486,-0.012957736849784851
518.609537,0.029041588306427002,0.01634669303894043,0.010904312133789062
518.709957,-0.026564300060272217,0.006928443908691406,-0.0028019994497299194
518.810503,0.01516258716583252,-0.044142067432403564,-0.004288822412490845
518.911012,0.04007077217102051,-0.00195389986038208,0.01041361689567566
519.011448,-0.007680237293243408,-0.01324462890625,0.009803146123886108
519.111913,0.0043479204177856445,-0.010621845722198486,-0.006155416369438171
519.212507,0.0051819682121276855,0.01897597312927246,0.009188354015350342
519.313007,-0.02440124750137329,-0.008423447608947754,0.00559861958026886
519.413461,-0.022053241729736328,-0.023511826992034912,0.023094266653060913
519.513987,-0.029089510440826416,0.17440378665924072,-0.11336857080459595
519.614518,-0.24419140815734863,0.11640357971191406,-0.1084129810333252
519.715041,-0.07002359628677368,-0.3661724925041199,0.23905575275421143
519.815520,0.33892250061035156,-0.10120260715484619,0.2316896915435791
519.916146,0.0008815526962280273,0.3853070139884949,-0.04164326190948486
520.016577,-0.32841479778289795,-0.13826203346252441,0.0003460794687271118
520.116984,-0.10750341415405273,-0.10164880752563477,-0.0959068089723587
520.217581,0.18202969431877136,0.0082472562789917,0.17192603647708893
520.318057,-0.017361432313919067,-0.08090710639953613,-0.023932531476020813
520.418605,0.010082125663757324,0.002302706241607666,0.014848560094833374
520.519046,-0.0006678104400634766,0.019209563732147217,-0.004018008708953857
520.619550,-0.0003349184989929199,-0.007728159427642822,0.0008406788110733032
520.720094,0.007963180541992188,-0.0014629364013671875,0.029769480228424072
520.820592,-0.009101569652557373,-0.023108482360839844,-0.003928720951080322
520.921178,-0.005281269550323486,0.01681452989578247,-0.005730926990509033
521.021609,0.013162970542907715,0.007958292961120605,0.014891266822814941
521.122061,-0.009514808654785156,-0.007529795169830322,-0.003411203622817993
521.222643,-0.011073470115661621,0.021074235439300537,0.007127806544303894
521.323189,0.014022231101989746,-0.003985464572906494,0.022225812077522278
521.423603,-0.02233356237411499,-0.014857649803161621,-0.0018208026885986328
521.524252,-0.015002667903900146,0.0006566047668457031,0.008601129055023193
521.624561,0.01046597957611084,-0.0018706917762756348,0.01037682592868805
521.725151,-0.029922127723693848,-0.014549970626831055,-0.014983683824539185
521.825609,-0.0009303689002990723,-0.0017750859260559082,0.010037899017333984
521.926148,0.02776956558227539,0.0014778971672058105,0.005175650119781494
522.026648,-0.015008866786956787,0.002504408359527588,-0.01789116859436035
522.127201,0.0012028813362121582,0.01573801040649414,0.0005156397819519043
522.227754,0.01887798309326172,0.0008910894393920898,-0.010794967412948608
522.328191,-0.018716156482696533,-0.009979307651519775,-0.007756531238555908
522.428771,-0.012358427047729492,0.004137635231018066,-0.005432307720184326
522.529273,0.0029726624488830566,-0.0060402750968933105,0.001579582691192627
522.629702,-0.018014907836914062,-0.016626954078674316,0.004138082265853882
522.730235,-0.006123840808868408,0.011422216892242432,0.0020333826541900635
522.830809,0.003903806209564209,-0.014991998672485352,-0.0013819336891174316
522.931251,-0.005055844783782959,-0.01576322317123413,-0.002021491527557373
523.031704,-0.00974339246749878,0.008203506469726562,0.01445305347442627
523.132279,-0.00447314977645874,0.005499660968780518,-0.009018361568450928
523.232720,-0.011750102043151855,-0.009972333908081055,-0.004274845123291016
523.333302,0.005977451801300049,-0.05914205312728882,0.01929113268852234
523.433793,0.06108507513999939,-0.10010534524917603,0.06937834620475769
523.534337,0.00024005770683288574,0.047621071338653564,0.0037213265895843506
523.634771,0.0008921027183532715,0.2090628743171692,-0.13269835710525513
523.735288,-0.16575825214385986,0.15474343299865723,-0.06977896392345428
523.835838,-0.16695523262023926,-0.26105034351348877,0.09431064128875732
523.936326,0.3006174564361572,-0.2526467442512512,0.2608362138271332
524.037049,-0.04806309938430786,0.2032133936882019,0.009442329406738281
524.137466,-0.12660428881645203,0.2158292531967163,-0.2667851746082306
524.237850,-0.2828601598739624,-0.001528322696685791,-0.06658501923084259
524.338460,0.11674141883850098,0.011434614658355713,0.1287929266691208
524.438808,0.04611539840698242,-0.11020737886428833,0.023186758160591125
524.539431,-0.029684245586395264,-0.01333928108215332,0.01596643030643463
524.639898,-0.019221127033233643,0.02268165349960327,-0.026883497834205627
524.740515,-0.017603635787963867,-0.026303410530090332,-0.004685267806053162
524.840892,-0.01599907875061035,-0.01750117540359497,-0.003942251205444336
524.941403,0.006310880184173584,-0.010814130306243896,-0.00042711198329925537
525.041850,-0.001201927661895752,0.010373175144195557,0.008988380432128906
525.142427,-0.006833136081695557,0.0033168792724609375,0.007986977696418762
525.242895,0.019118010997772217,-0.014070272445678711,-0.005065947771072388
525.343475,-0.020373106002807617,0.00471341609954834,0.014222025871276855
525.443967,-0.02180314064025879,-0.0004824995994567871,-0.005533814430236816
525.544416,0.032798707485198975,-0.004681408405303955,-0.001915574073791504
525.644975,-0.017521023750305176,-0.0004531741142272949,0.007426649332046509
525.745499,-0.010030210018157959,0.009805560111999512,-0.009841740131378174
525.846024,0.007921040058135986,-0.0041561126708984375,-0.013309180736541748
525.946490,-0.013417422771453857,-0.004547417163848877,0.003703504800796509
526.047020,-0.0033044815063476562,0.0030164718627929688,-0.005056113004684448
526.147552,0.016528785228729248,-0.008692681789398193,-0.01094934344291687
526.247995,-0.0027284622192382812,-0.005650877952575684,0.013808459043502808
526.348607,-0.011631608009338379,0.01885533332824707,0.0021135956048965454
526.449047,-0.0038037896156311035,-0.008768558502197266,0.007227838039398193
526.549534,0.00906825065612793,0.003978312015533447,0.01993793249130249
526.650013,-0.013245642185211182,-0.0006315112113952637,-0.01429605484008789
526.750579,0.015308797359466553,-0.008755326271057129,-0.01620328426361084
526.851139,-0.01337200403213501,-0.0172501802444458,0.02717365324497223
526.951658,-0.009802043437957764,-0.0055509209632873535,0.007519245147705078
527.052011,-0.0002785921096801758,0.013038456439971924,0.0023065805435180664
527.152699,0.010317862033843994,-0.001048266887664795,0.04456773400306702
527.253111,-0.009489893913269043,-0.0010203123092651367,0.00463983416557312
527.353603,0.01091766357421875,0.011502683162689209,-0.017680808901786804
527.454138,0.004013478755950928,-0.017747104167938232,0.018778890371322632
527.554600,-0.015430688858032227,0.0065534114837646484,0.00046452879905700684
527.655166,-0.010148227214813232,0.0047743916511535645,-0.002019912004470825
527.755670,0.012989342212677002,-0.008334219455718994,0.03216952085494995
527.856099,-0.018663644790649414,-0.02112734317779541,0.0004749298095703125
527.956597,0.0039441585540771484,0.023085832595825195,0.008587628602981567
528.057158,0.011178135871887207,-0.0010586977005004883,0.03892642259597778
528.157636,-0.009312808513641357,-0.007483720779418945,-0.0018638372421264648
528.258147,0.004361450672149658,0.019066154956817627,-0.002251729369163513
528.358703,0.020779728889465332,-0.022880494594573975,0.011562138795852661
528.459216,-0.027452170848846436,-0.011589407920837402,-0.0014278888702392578
528.559700,-0.011870026588439941,0.021107137203216553,-0.0007243156433105469
528.660236,0.018958330154418945,-0.022046446800231934,0.002518564462661743
528.760811,-0.020734548568725586,-0.0060326457023620605,0.011975705623626709
528.861257,-0.006875336170196533,0.014624714851379395,0.004487469792366028
528.961729,-0.0019698739051818848,-0.026336491107940674,0.00033201277256011963
529.062275,0.008328735828399658,0.08409154415130615,-0.2256309986114502
529.162791,-0.21456730365753174,0.041162967681884766,0.006188102066516876
529.263268,0.11111539602279663,-0.3863179087638855,0.23675891757011414
529.363823,0.23293864727020264,-0.004629194736480713,0.1459261178970337
529.464424,-0.09675201773643494,0.2885138988494873,-0.14085271954536438
529.564697,-0.23128607869148254,0.03740990161895752,-0.13512468338012695
529.665390,-0.10394054651260376,-0.06396651268005371,0.03972131758928299
529.765914,0.03859448432922363,-0.22609150409698486,0.2354443222284317
529.866281,0.09413963556289673,-0.04202526807785034,0.009254813194274902
529.966812,-0.053314805030822754,0.06418311595916748,-0.04464083909988403
530.067315,-0.032663047313690186,0.03951054811477661,-0.004188090562820435
530.167848,0.017654895782470703,-0.014925122261047363,0.02127772569656372
530.268299,0.013561129570007324,-0.005580544471740723,0.036570608615875244
530.368818,-0.006384611129760742,0.00864875316619873,-0.01138848066329956
530.469354,0.001889348030090332,0.011404216289520264,-0.009123563766479492
530.569797,0.026431500911712646,-0.013142228126525879,0.028333336114883423
530.670436,-0.034990906715393066,-0.024634897708892822,-0.006434142589569092
530.770857,-0.00823134183883667,0.007753193378448486,-0.005254432559013367
530.871393,0.029900014400482178,-0.01025247573852539,0.008633211255073547
530.971955,0.005997896194458008,0.0027633309364318848,-0.013670027256011963
531.072324,0.032912611961364746,0.023289918899536133,-0.015416070818901062
531.172900,0.044795095920562744,-0.01834237575531006,-0.0038780570030212402
531.273421,-0.027690112590789795,-0.0019474029541015625,-0.01303371787071228
531.373958,0.00043088197708129883,0.014055848121643066,0.0016967058181762695
531.474459,0.011117935180664062,-0.016039788722991943,0.003985300660133362
531.574851,-0.03226214647293091,-0.0020985007286071777,-0.007653161883354187
531.675499,-0.0030811429023742676,0.0031209588050842285,0.00878085196018219
531.776051,0.007334649562835693,-0.004822373390197754,0.006269574165344238
531.876522,-0.042864084243774414,-0.006599545478820801,-0.002784252166748047
531.976920,-0.020305871963500977,-0.006062746047973633,-0.002576112747192383
532.077559,0.03789234161376953,0.03161203861236572,-0.014972090721130371
532.177977,-0.017056584358215332,-0.019539713859558105,0.026011943817138672
532.278496,-0.016566216945648193,-0.02888476848602295,0.03368675708770752
532.379009,-0.012731671333312988,0.001500844955444336,-0.018009155988693237
532.479529,0.0014624595642089844,0.008063197135925293,0.02527807652950287
532.580008,-0.018139243125915527,-0.01746612787246704,0.002416372299194336
532.680569,0.024044156074523926,0.020234882831573486,-0.015382632613182068
532.780965,0.0034387707710266113,-0.021845638751983643,0.03572136163711548
532.881518,-0.014591574668884277,-0.006020665168762207,6.276369094848633e-05
532.982097,0.003799259662628174,0.01470041275024414,-0.015957683324813843
533.082552,0.01773059368133545,-0.017835140228271484,0.027236223220825195
533.183009,-0.011148810386657715,-0.01525348424911499,-0.013023078441619873
533.283620,0.007837772369384766,0.018895745277404785,-0.008393943309783936
533.384003,0.01614922285079956,-0.025282740592956543,0.007172301411628723
533.484537,-0.01712822914123535,-0.0068801045417785645,0.001025080680847168
533.585073,-0.0089569091796875,0.0191800594329834,0.005319774150848389
533.685585,0.013900339603424072,-0.023170769214630127,0.006959050893783569
533.786049,-0.014077544212341309,-0.0028815865516662598,-0.007974684238433838
533.886619,-0.014293015003204346,0.004806101322174072,-0.0068092942237854
533.987145,0.0184556245803833,-0.021460771560668945,-0.005249485373497009
534.087684,-0.03906470537185669,-0.015091001987457275,-0.010551556944847107
534.188134,-0.006638884544372559,0.008177638053894043,0.005353063344955444
534.288646,0.01748710870742798,0.00020307302474975586,-0.008897587656974792
534.389080,-0.01934128999710083,-0.004755556583404541,0.003914833068847656
534.489696,-0.0014585256576538086,0.013288795948028564,0.005242481827735901
534.590168,0.008639276027679443,-0.013919532299041748,-0.020464837551116943
534.690680,-0.022724390029907227,0.004764854907989502,0.01375281810760498
534.791231,-0.001155853271484375,-0.0021538138389587402,-0.00545385479927063
534.891659,0.026574134826660156,0.007444024085998535,-0.014241546392440796
534.992161,-0.0020214319229125977,-0.007280945777893066,0.014697730541229248
535.092721,-0.017892062664031982,-0.006493747234344482,-0.0015822052955627441
535.193222,0.010968029499053955,0.015829503536224365,-0.009800359606742859
535.293828,0.00527876615524292,-0.003406226634979248,0.039189696311950684
535.394212,-0.01319587230682373,-0.014737427234649658,0.0003483593463897705
535.494740,0.0008429884910583496,0.011642038822174072,-0.008986398577690125
535.595133,0.01564192771911621,-0.021220743656158447,0.04504704475402832
535.695758,-0.025350987911224365,0.0036785006523132324,0.012635231018066406
535.796242,0.004220545291900635,0.01810133457183838,0.005767136812210083
535.896717,0.028021812438964844,-0.01918494701385498,0.02559909224510193
535.997262,-0.02906733751296997,-0.004888176918029785,-0.003763556480407715
536.097795,0.00012105703353881836,0.022745370864868164,0.009782791137695312
536.198273,0.012072086334228516,-0.024221956729888916,0.015268027782440186
536.298818,-0.02203667163848877,-0.004882633686065674,-0.01063421368598938
536.399343,-0.00802832841873169,0.010625839233398438,-0.009442850947380066
536.499891,0.018164634704589844,-0.019430875778198242,-0.007227867841720581
536.600382,-0.024995744228363037,-0.005349636077880859,-0.009101420640945435
536.700750,-0.01268923282623291,0.01828855276107788,-0.0064436644315719604
536.801286,0.014825820922851562,-0.012225091457366943,-0.014439165592193604
536.901892,-0.015690863132476807,-0.006290435791015625,-0.010703682899475098
537.002294,-0.00919044017791748,0.0006119012832641602,0.0028359293937683105
537.102868,0.0202023983001709,0.0030294060707092285,-0.021594315767288208
537.203358,0.006257116794586182,0.09621036052703857,-0.13659954071044922
537.303892,-0.2300063967704773,-0.009612500667572021,-0.020506277680397034
537.404408,0.06845992803573608,-0.34929245710372925,0.2353173792362213
537.504870,0.18508243560791016,0.025300800800323486,0.1001807451248169
537.605336,-0.12101683020591736,0.2014751434326172,-0.12245422601699829
537.705880,-0.18203610181808472,0.13741320371627808,-0.19524484872817993
537.806421,-0.2578105926513672,-0.23311495780944824,0.06923249363899231
537.906980,0.08752584457397461,-0.15274029970169067,0.26215606927871704
538.007437,0.037915170192718506,0.02038431167602539,-0.011977910995483398
538.107930,0.06811529397964478,0.051880598068237305,0.0233498215675354
538.208483,-0.004212856292724609,0.00034099817276000977,-0.01020658016204834
538.308935,0.01838129758834839,0.011004090309143066,0.002227604389190674
538.409436,-0.03833240270614624,0.23640352487564087,-0.03867495059967041
538.509927,-0.22849822044372559,-0.006345570087432861,-0.14337807893753052
538.610452,0.23725172877311707,-0.5569324493408203,0.40037059783935547
538.710959,0.04441171884536743,-0.16708064079284668,0.25601255893707275
538.811506,-0.41003718972206116,0.2908661365509033,-0.11909973621368408
538.911961,-0.4016242027282715,0.44421160221099854,-0.13236397504806519
539.012504,-0.06236153841018677,-0.176335871219635,-0.16902832686901093
539.112982,0.20200759172439575,-0.32426929473876953,0.0035482048988342285
539.213480,-0.016275227069854736,-0.1667448878288269,0.28596314787864685
539.314040,0.02686762809753418,0.09001606702804565,-0.1487950086593628
539.414520,0.14887243509292603,0.06560462713241577,-0.04915052652359009
539.515052,-0.040739595890045166,0.0059702396392822266,0.18775025010108948
539.615483,-0.26761215925216675,0.11787140369415283,-0.05736196041107178
539.716039,-0.13282650709152222,0.13558846712112427,-0.10257723927497864
539.816536,-0.012090831995010376,-0.4780937433242798,0.1254698932170868
539.917058,-0.009020507335662842,0.30390775203704834,0.18310844898223877
540.017600,-0.061141788959503174,0.06461590528488159,-0.10120311379432678
540.118100,-0.3336218595504761,0.14413011074066162,-0.19447249174118042
540.218522,0.15540283918380737,-0.09342765808105469,0.09707069396972656
540.319073,0.10867470502853394,0.18802180886268616,0.3762475252151489
540.419608,0.4287800192832947,0.012397617101669312,-1.0290616750717163
540.520088,0.15012508630752563,0.004415780305862427,0.3293302655220032
540.620598,-0.12238287925720215,0.31054604053497314,-0.015813350677490234
540.721108,-0.00225144624710083,-0.5056024789810181,-0.06475985050201416
540.821594,-0.009765088558197021,-0.09172847867012024,0.08036965131759644
540.922104,0.14811742305755615,0.05588307976722717,0.10113823413848877
541.022723,0.05695769190788269,0.018465399742126465,-0.010339558124542236
541.123071,-0.4070211946964264,-0.19722607731819153,-0.10254740715026855
541.223600,0.17160296440124512,0.13872811198234558,0.14764106273651123
541.324203,0.13929960131645203,0.10146519541740417,-0.027425527572631836
541.424613,-0.16876712441444397,0.023765891790390015,-0.19209611415863037
541.525131,0.1213596761226654,-0.0633188784122467,0.10707664489746094
541.625642,0.02937951683998108,0.09936952590942383,0.03869682550430298
541.726171,-0.4379122853279114,-0.026206880807876587,-0.12532097101211548
541.826766,0.11341458559036255,0.11592942476272583,-0.13766050338745117
541.927213,0.09072095155715942,0.14785659313201904,-0.1068345308303833
542.027697,-0.11346736550331116,0.0548366904258728,0.03466033935546875
542.128184,-0.08331573009490967,0.0725908875465393,0.12588465213775635
542.228718,-0.1981256753206253,-0.04004389047622681,0.029673099517822266
542.329254,-0.13345302641391754,0.00667494535446167,-0.008945494890213013
542.429739,-0.08130815625190735,0.043619751930236816,0.07097557187080383
542.530178,0.2136303186416626,-0.04776960611343384,0.02913767099380493
542.630720,0.4307984709739685,-0.008614957332611084,0.1435788869857788
542.731230,-0.18943801522254944,0.030823111534118652,0.07257908582687378
542.831795,-0.24350816011428833,0.03857821226119995,-0.1649436354637146
542.932304,0.15617427229881287,-0.0703398585319519,-0.040644094347953796
543.032793,0.33257490396499634,-0.224551260471344,0.10205057263374329
543.133260,-0.09515777230262756,0.09637856483459473,0.225365549325943
543.233823,-0.26864081621170044,0.1150769591331482,-0.04689657688140869
543.334231,-0.09535285830497742,-0.13753795623779297,-0.134893536567688
543.434813,0.2946133613586426,-0.28381282091140747,0.08549457788467407
543.535287,0.02570316195487976,0.16115379333496094,0.18988236784934998
543.635819,-0.34664422273635864,0.05533677339553833,-0.02374681830406189
543.736294,-0.06391498446464539,-0.14644241333007812,-0.12496697902679443
543.836831,0.347136914730072,-0.26273196935653687,0.04887862503528595
543.937386,0.0024823546409606934,0.20626556873321533,0.20347312092781067
544.037759,-0.33713555335998535,-0.014280319213867188,-0.024586528539657593
544.138448,0.0010214447975158691,-0.16389411687850952,-0.08720636367797852
544.238741,0.311539888381958,-0.18973702192306519,0.08398260176181793
544.339336,-0.10341677069664001,0.1900489330291748,0.217383474111557
544.439981,-0.29198071360588074,-0.03312671184539795,-0.06432263553142548
544.540444,0.04308444261550903,-0.12393707036972046,-0.061587631702423096
544.640893,0.27349966764450073,-0.15236705541610718,0.06348876655101776
544.741400,-0.13756930828094482,0.09002047777175903,0.12637877464294434
544.841941,-0.20087562501430511,-0.0008881092071533203,-0.09135293960571289
544.942411,0.16034886240959167,-0.10675966739654541,-0.011913947761058807
545.042970,0.23101189732551575,0.011875569820404053,0.14071440696716309
545.143670,-0.24200469255447388,0.049739062786102295,0.10503971576690674
545.243946,-0.20609509944915771,0.031904637813568115,-0.09175466746091843
545.344580,0.1573132872581482,-0.1947338581085205,-0.045501112937927246
545.444967,0.2473715841770172,0.050841569900512695,0.163462832570076
545.545509,-0.19652602076530457,0.07182884216308594,0.08894562721252441
545.645930,-0.2515939474105835,-0.02190178632736206,-0.07187485694885254
545.746483,0.1722794473171234,-0.18023955821990967,-0.05661290884017944
545.847014,0.28941890597343445,0.024730324745178223,0.16555599868297577
545.947585,-0.23186694085597992,0.1004287600517273,0.06392306089401245
546.048012,-0.2596241533756256,-0.058392882347106934,-0.07134532928466797
546.148519,0.07719025015830994,-0.2567322254180908,-0.04470062255859375
546.248991,0.29488152265548706,0.00831538438796997,0.1578395515680313
546.349549,-0.152576744556427,0.08433300256729126,0.05980980396270752
546.450005,-0.2500421702861786,-0.050914466381073,-0.09011989831924438
546.550570,0.15563303232192993,-0.21722453832626343,-0.07412147521972656
546.651113,0.2469739317893982,0.08845478296279907,0.1722615361213684
546.751572,-0.21028411388397217,0.03453010320663452,0.0836295485496521
546.852069,-0.2113412469625473,-0.06826639175415039,-0.11412084102630615
546.952643,0.1318110227584839,-0.193031907081604,-0.10302960872650146
547.053042,0.21746376156806946,0.06053125858306885,0.2615695595741272
547.153642,-0.18269747495651245,0.01836872100830078,0.0779828429222107
547.254180,-0.194374680519104,-0.1250123381614685,-0.16598057746887207
547.354669,-0.025421947240829468,-0.19880753755569458,-0.029281018301844597
547.455128,0.15315687656402588,0.036705195903778076,0.16175737977027893
547.555641,0.031243860721588135,0.05705815553665161,0.018837779760360718
547.656199,0.0044258832931518555,-0.022422432899475098,-0.007892876863479614
547.756613,0.040885210037231445,0.07796472311019897,-0.008701905608177185
547.857218,-0.06384605169296265,0.24524426460266113,-0.2308167815208435
547.957677,0.007988512516021729,-0.33048349618911743,0.07495159655809402
548.058207,0.2576315999031067,-0.22623854875564575,0.2779780924320221
548.158672,-0.18955069780349731,0.11395478248596191,0.18998923897743225
548.259314,-0.3577735424041748,0.07760220766067505,-0.18558242917060852
548.359704,-0.08673468232154846,-0.3367666006088257,-0.1446635127067566
548.460250,0.17575910687446594,-0.12846821546554565,0.1675223708152771
548.560728,0.1095573902130127,0.006036341190338135,0.12346982955932617
548.661217,-0.01261979341506958,0.008885324001312256,-0.027932584285736084
548.761637,-0.0029378533363342285,0.00046896934509277344,0.026364922523498535
548.862245,0.03925353288650513,-0.006636917591094971,0.026128530502319336
548.962736,-0.011077284812927246,0.021177291870117188,0.005279183387756348
549.063298,0.03061974048614502,0.21588951349258423,-0.003015667200088501
549.163834,-0.06550312042236328,0.03794783353805542,-0.1832268238067627
549.264189,0.20483511686325073,-0.4744328260421753,0.0982607901096344
549.364801,0.09203803539276123,-0.10731339454650879,0.319579541683197
549.465333,-0.3246000111103058,0.18751531839370728,0.10637712478637695
549.565820,-0.33966493606567383,-0.0789412260055542,-0.24457967281341553
549.666292,-0.14320409297943115,-0.113858163356781,-0.17834192514419556
549.766782,0.20445168018341064,0.03365170955657959,0.13644924759864807
549.867397,0.11102283000946045,-0.38005530834198,0.21322491765022278
549.967802,0.009983658790588379,0.055062055587768555,-0.023287445306777954
550.068338,-0.02481842041015625,-0.0020768046379089355,-0.042647406458854675
550.168816,0.012881457805633545,0.018038451671600342,0.03100752830505371
550.269350,-0.01175910234451294,-0.01931232213973999,-0.03698846697807312
550.369821,-0.0224761962890625,-0.008571445941925049,0.013238683342933655
550.470403,0.05593448877334595,0.05580252408981323,0.09078705310821533
550.570963,-0.12566769123077393,-0.0474090576171875,-0.010088056325912476
550.671342,-0.16007226705551147,-0.2076593041419983,-0.03142505884170532
550.771894,-0.06828337907791138,-0.054202258586883545,0.29507461190223694
550.872441,-0.13284054398536682,0.20016181468963623,-0.09006786346435547
550.972879,-0.22883710265159607,-0.07657337188720703,-0.26798588037490845
551.073451,0.15585321187973022,-0.2867254614830017,0.1515602469444275
551.173818,0.16176220774650574,-0.11469751596450806,0.31219482421875
551.274430,-0.2089461237192154,0.16129028797149658,0.047389596700668335
551.374855,-0.29279136657714844,-0.05640608072280884,-0.19746343791484833
551.475440,-0.25201329588890076,-0.01965862512588501,-0.17035305500030518
551.575899,0.1863398551940918,0.2625660300254822,0.2689695954322815
551.676513,-0.08424526453018188,-0.4940314292907715,0.29027703404426575
551.776921,-0.03383153676986694,0.16401565074920654,-0.06697160005569458
551.877609,-0.017975926399230957,0.003863096237182617,0.012123674154281616
551.977922,-0.03658437728881836,-0.02035146951675415,0.050756871700286865
552.078478,0.08280545473098755,-0.006841778755187988,0.07314276695251465
552.179020,-0.18293523788452148,0.025819242000579834,-0.14559519290924072
552.279480,0.21108275651931763,-0.3197705149650574,0.13698428869247437
552.380001,0.0644899308681488,0.09202951192855835,0.3230322599411011
552.480434,-0.29358232021331787,0.40101444721221924,-0.003275960683822632
552.580971,-0.4140547215938568,-0.11666291952133179,-0.2611873745918274
552.681503,0.03407841920852661,0.1532256007194519,0.10177105665206909
552.782000,0.5421099066734314,-0.9805446267127991,0.05139970779418945
552.882484,-0.0691792368888855,0.09301233291625977,-0.09222793579101562
552.983025,-0.011475741863250732,-0.10438823699951172,0.021237701177597046
553.083524,-0.024463176727294922,-0.032936275005340576,-0.004470944404602051
553.184123,0.020569443702697754,-0.08399993181228638,0.034694135189056396
553.284557,0.10884001851081848,0.21671795845031738,0.0241624116897583
553.385138,-0.19561126828193665,-0.12121850252151489,-0.09326332807540894
553.485500,0.252504825592041,-0.3323465585708618,0.1793779730796814
553.586074,0.08164089918136597,0.166307270526886,0.2851220965385437
553.686654,-0.4659879803657532,0.1406552791595459,-0.21310341358184814
553.787140,-0.17148464918136597,0.004290401935577393,-0.2497323453426361
553.887554,0.14384764432907104,-0.27636295557022095,0.03501507639884949
553.988068,0.03966331481933594,0.011863529682159424,0.26848649978637695
554.088610,-0.13784444332122803,0.040933847427368164,-0.1542358100414276
554.189100,0.04468268156051636,-0.0007669925689697266,0.053663015365600586
554.289701,-0.1234404444694519,0.0630037784576416,-0.0689011812210083
554.390159,0.06643569469451904,-0.11614978313446045,0.09454837441444397
554.490631,0.1643795669078827,-0.1852351427078247,0.20002949237823486
554.591169,-0.06958180665969849,0.22012484073638916,0.20706707239151
554.691641,-0.34834223985671997,0.14761799573898315,-0.21437039971351624
554.792100,-0.2692405879497528,-0.04973161220550537,-0.21998247504234314
554.892685,0.41359513998031616,-1.1242663860321045,0.05737560987472534
554.993210,0.03037703037261963,0.09503340721130371,0.12028785049915314
555.093684,-0.15629518032073975,-0.04233759641647339,-0.1327507495880127
555.194262,0.07203406095504761,0.04444795846939087,0.09083890914916992
555.294731,-0.06756836175918579,-0.026359260082244873,-0.02442064881324768
555.395153,-0.16878795623779297,0.0006985068321228027,-0.07802844047546387
555.495709,0.0910191535949707,-0.34020769596099854,0.07984012365341187
555.596237,0.24782222509384155,-0.006021976470947266,0.3863736391067505
555.696728,-0.20277978479862213,0.404329776763916,0.07144081592559814
555.797408,-0.37733691930770874,-0.22006934881210327,-0.23889994621276855
555.897841,-0.06917369365692139,0.3591606020927429,-0.08027330040931702
555.998284,0.5318507552146912,-1.1453790664672852,0.33837592601776123
556.098782,-0.077004075050354,0.07400894165039062,-0.02730730175971985
556.199239,-0.16330653429031372,-0.05268073081970215,-0.11244040727615356
556.299826,0.13641738891601562,-0.01763969659805298,0.07491934299468994
556.400458,-0.1533161997795105,-0.007799208164215088,-0.020196974277496338
556.500875,0.02624201774597168,-0.0014944672584533691,0.014723747968673706
556.601333,0.023769855499267578,-0.035987794399261475,-0.017424672842025757
556.701799,-0.02395772933959961,-0.003075242042541504,0.005267351865768433
556.802303,0.00404512882232666,0.007983863353729248,0.023418277502059937
556.902830,0.012374699115753174,-0.02040177583694458,0.0007852017879486084
557.003305,-0.026725351810455322,-0.0316656231880188,-0.012596309185028076
557.103826,0.04944467544555664,0.00903242826461792,0.02124929428100586
557.204399,-0.030558228492736816,-0.009657204151153564,-0.03196197748184204
557.304900,-0.008939385414123535,-0.016743779182434082,0.01727735996246338
557.405318,0.030901730060577393,0.02001899480819702,0.02811184525489807
557.505854,-0.03615325689315796,-0.03950589895248413,-0.031568050384521484
557.606405,0.019301116466522217,-0.030770957469940186,0.02185174822807312
557.706897,0.02259582281112671,0.03147405385971069,0.005508154630661011
557.807376,-0.032419025897979736,-0.032566189765930176,0.0041991472244262695
557.907898,0.025438904762268066,-0.00670391321182251,0.0241239070892334
558.008369,0.00141066312789917,0.01352459192276001,0.00493013858795166
558.109109,-0.027313649654388428,-0.019218623638153076,-0.012585818767547607
558.209440,0.0329972505569458,0.02006751298904419,0.023617058992385864
558.309987,0.018222391605377197,0.008448302745819092,0.019836843013763428
558.410616,-0.04091596603393555,-0.004265248775482178,-0.009568870067596436
558.510995,0.03440612554550171,0.013980209827423096,0.022329390048980713
558.611477,-0.01875382661819458,0.00904625654220581,0.009936779737472534
558.711966,-0.12732535600662231,-0.044881999492645264,-0.013723880052566528
558.812541,0.2583710551261902,-0.12150287628173828,0.1360381841659546
558.912993,0.041803061962127686,0.05398076772689819,0.09210553765296936
559.013501,-0.2602452039718628,0.3988550901412964,-0.019946157932281494
559.113995,-0.1335747241973877,-0.1384749412536621,-0.12301735579967499
559.214449,0.34117835760116577,-0.3381313681602478,0.1755898892879486
559.314962,0.027446210384368896,0.1005547046661377,0.26948195695877075
559.415476,-0.36483100056648254,0.11282330751419067,-0.08149513602256775
559.516044,-0.2013280689716339,-0.021532893180847168,-0.18252651393413544
559.616549,0.10728156566619873,0.10558795928955078,0.05202324688434601
559.717018,-0.06037890911102295,-0.19949281215667725,0.2745882272720337
559.817579,-0.013952314853668213,0.08078187704086304,-0.11752812564373016
559.918023,-0.02364027500152588,-0.07567065954208374,0.011035725474357605
560.018534,0.005100548267364502,0.02282571792602539,-0.002762123942375183
560.119026,-0.022113323211669922,-0.02617722749710083,-0.00464041531085968
560.219592,0.02304011583328247,0.013828039169311523,0.009429097175598145
560.320118,-0.023514091968536377,-0.012392640113830566,-0.0006839781999588013
560.420637,0.0027294158935546875,-0.0009597539901733398,0.012695908546447754
560.521219,0.011393547058105469,0.005090773105621338,0.0031493306159973145
560.621557,-0.015890836715698242,-0.015596151351928711,0.00036169588565826416
560.722106,0.009184479713439941,0.018435776233673096,0.013554766774177551
560.822646,-0.08719855546951294,0.01595062017440796,-0.016093194484710693
560.923065,0.005957305431365967,-0.11172223091125488,0.03885647654533386
561.023663,0.20455533266067505,-0.25072014331817627,0.23339873552322388
561.124266,0.03951460123062134,0.23732763528823853,0.28415369987487793
561.224745,-0.5433717966079712,0.27507203817367554,-0.2338109016418457
561.325147,-0.2892008423805237,0.15405017137527466,-0.19224075973033905
561.425680,0.2993919849395752,-0.5912444591522217,0.5701195001602173
561.526195,0.03805786371231079,0.11859005689620972,-0.03706255555152893
561.626615,-0.11450207233428955,-0.09729284048080444,-0.08520767092704773
561.727159,0.10329830646514893,0.026208996772766113,0.06566950678825378
561.827667,-0.04848957061767578,-0.018648087978363037,0.0009706020355224609
561.928292,0.015350043773651123,-0.002041637897491455,0.0008665323257446289
562.028680,-0.009807467460632324,-0.006575882434844971,0.005006745457649231
562.129162,-0.0028280019760131836,-0.0030759572982788086,0.009579300880432129
562.229679,-0.2103898525238037,-0.05027318000793457,-0.0993611216545105
562.330178,0.2209223508834839,-0.10240620374679565,0.09894344210624695
562.430719,0.17249250411987305,-0.08898597955703735,0.18985354900360107
562.531218,-0.06000876426696777,0.21918714046478271,0.11925914883613586
562.631689,-0.3188399076461792,0.041392505168914795,-0.10163699090480804
562.732240,-0.27127254009246826,0.2243976593017578,-0.098914735019207
562.832754,0.045278966426849365,-0.006248950958251953,0.2631317973136902
562.933304,0.015207409858703613,0.08774971961975098,-0.03312687575817108
563.033779,-0.06647199392318726,-0.00954502820968628,-0.012876614928245544
563.134268,0.03371739387512207,0.001017451286315918,0.046246111392974854
563.234889,0.00685352087020874,0.009613752365112305,-0.01263415813446045
563.335364,-0.014566183090209961,-0.019380569458007812,0.0212315171957016
563.435783,-0.012835025787353516,-0.006104707717895508,8.183717727661133e-05
563.536368,0.011937439441680908,0.004061639308929443,0.0008998066186904907
563.636854,-0.036520957946777344,-0.009070336818695068,0.0033936649560928345
563.737274,0.008837699890136719,-0.0071318745613098145,0.005369305610656738
563.837833,-0.008287310600280762,0.00530165433883667,-0.0052519291639328
563.938334,-0.02666032314300537,0.0014346837997436523,-0.01651923358440399
564.038922,-0.0002053976058959961,-0.02359551191329956,0.024552121758461
564.139358,0.013174474239349365,-0.0034760236740112305,-0.011429011821746826
564.239849,-0.10189712047576904,-0.04182755947113037,-0.018397271633148193
564.340606,0.028666257858276367,-0.014310061931610107,0.0019628405570983887
564.440903,-0.04856830835342407,0.010800421237945557,-0.013934195041656494
564.541473,-0.01743149757385254,-0.001307666301727295,-0.0223502516746521
564.641943,0.08439910411834717,-0.15959185361862183,0.11225402355194092
564.742437,0.14855420589447021,0.0073773860931396484,0.23376888036727905
564.842852,-0.10844191908836365,0.1569235920906067,-0.023365139961242676
564.943446,-0.19832393527030945,0.19723892211914062,-0.14166754484176636
565.043991,-0.12696152925491333,0.33729052543640137,-0.006325677037239075
565.144413,0.017676055431365967,-0.05954015254974365,0.2778531312942505
565.244911,0.03207212686538696,0.11919796466827393,-0.09407569468021393
565.345500,-0.04767918586730957,-0.019817352294921875,-0.014583341777324677
565.445872,-0.00788182020187378,0.00419992208480835,0.037311747670173645
565.546499,-0.005047202110290527,0.011628806591033936,-0.02168208360671997
565.646966,-0.008052825927734375,-0.017464280128479004,0.007141292095184326
565.747491,0.025630056858062744,0.01877284049987793,0.005086719989776611
565.847994,0.006424844264984131,0.021035611629486084,0.010256826877593994
565.948521,-0.03822261095046997,-0.012251615524291992,-0.012815356254577637
566.048969,-0.175156831741333,-0.12368649244308472,0.006844282150268555
566.149482,0.0036400556564331055,0.02258962392807007,-0.01235342025756836
566.250068,0.17680352926254272,-0.1061890721321106,0.12295690178871155
566.350530,0.09754544496536255,0.01639777421951294,0.12680840492248535
566.451012,-0.1862850785255432,0.06519865989685059,0.014217108488082886
566.551534,-0.18922248482704163,0.04295378923416138,-0.14931216835975647
566.652128,0.018639862537384033,-0.02434539794921875,0.0014666914939880371
566.752489,0.05031263828277588,-0.1099783182144165,0.10285201668739319
566.853062,-0.03622156381607056,-0.02302175760269165,-0.010422110557556152
566.953649,0.02280879020690918,0.03841125965118408,-0.008754879236221313
567.054020,-0.039202094078063965,0.12645894289016724,-0.041235774755477905
567.154670,-0.15208977460861206,-0.17928171157836914,-0.03571760654449463
567.255096,0.255268931388855,-0.25190627574920654,0.22365450859069824
567.355644,-0.0918245017528534,0.19021743535995483,0.07622674107551575
567.456142,-0.32302021980285645,0.013303101062774658,-0.16792583465576172
567.556614,0.07062208652496338,-0.028091907501220703,-0.013728410005569458
567.657174,0.16064435243606567,-0.07906526327133179,0.1540292501449585
567.757612,-0.09986710548400879,-0.04665452241897583,-0.04576033353805542
567.858146,-0.006763458251953125,0.07806330919265747,-0.03052380681037903
567.958513,0.02511531114578247,-0.05169486999511719,0.04131779074668884
568.059101,0.0003127455711364746,-0.0567699670791626,0.022509366273880005
568.159645,0.012078523635864258,0.045305848121643066,0.0024245381355285645
568.260156,-0.06355351209640503,0.03194069862365723,-0.062325119972229004
568.360687,-0.011952221393585205,-0.17899340391159058,0.03944838047027588
568.461166,0.1821208894252777,-0.09049099683761597,0.18926852941513062
568.561727,-0.08068513870239258,0.16399449110031128,0.01637190580368042
568.662104,-0.21674951910972595,0.007294833660125732,-0.07484400272369385
568.762709,-0.05205857753753662,0.06293922662734985,-0.08798208832740784
568.863286,0.17079341411590576,-0.044959425926208496,0.07941171526908875
568.963732,-0.021203577518463135,-0.08929616212844849,0.017574727535247803
569.064259,-0.02119511365890503,0.05039942264556885,-0.019233494997024536
569.164818,-0.005613863468170166,-0.011721670627593994,-0.018554389476776123
569.265254,-0.05737602710723877,0.04965054988861084,0.02474421262741089
569.365733,-0.09131067991256714,-0.02929013967514038,-0.03621844947338104
569.466269,0.13523876667022705,-0.1130150556564331,0.06641879677772522
569.566779,0.1427263617515564,-0.05797296762466431,0.1548243761062622
569.667288,-0.06774556636810303,0.0950998067855835,0.07267922163009644
569.767809,-0.19579368829727173,-0.04751962423324585,-0.14099948108196259
569.868246,-0.03582024574279785,-0.05861777067184448,-0.027816221117973328
569.968737,0.04739588499069214,-0.12997198104858398,0.0996999442577362
570.069269,0.04248565435409546,-0.07129400968551636,0.04738116264343262
570.169779,0.023119747638702393,-0.015504777431488037,0.07099461555480957
570.270379,0.041489601135253906,0.08127063512802124,0.013293981552124023
570.370827,0.07051396369934082,0.06089538335800171,0.04167044162750244
570.471345,0.022545278072357178,-0.016183316707611084,-0.0017757415771484375
570.571841,0.029252946376800537,-0.02299410104751587,0.01202404499053955
570.672398,-0.04510390758514404,0.025239169597625732,-0.26365774869918823
570.772826,0.041912972927093506,0.04299736022949219,0.08935710787773132
570.873403,0.002260267734527588,-0.08833891153335571,-0.05571931600570679
570.973851,0.009453356266021729,-0.04549163579940796,-0.14234338700771332
571.074351,-0.041307926177978516,0.07120257616043091,0.062497347593307495
571.174883,-0.05855447053909302,0.049833595752716064,0.10144355893135071
571.275437,-0.0569111704826355,0.11241239309310913,0.13111823797225952
571.375884,-0.03876444697380066,0.09344613552093506,0.1279115080833435
571.476524,-0.005647718906402588,0.019609928131103516,0.02503913640975952
571.576952,-0.050597310066223145,-0.019017517566680908,-0.015508830547332764
571.677521,-0.038141995668411255,-0.042262911796569824,-0.07554519176483154
571.777877,0.10626649856567383,-0.04522383213043213,-0.06371164321899414
571.878330,0.03546035289764404,-0.005286693572998047,-0.018025696277618408
571.978942,0.052745521068573,0.0077370405197143555,-0.02320200204849243
572.079470,0.010403811931610107,-0.013171553611755371,0.005550682544708252
572.179984,-0.017231807112693787,-0.08362483978271484,0.05283385515213013
572.280439,0.013779543340206146,-0.014085829257965088,0.004045724868774414
572.380981,0.054855041205883026,-0.07346045970916748,-0.005498528480529785
572.481458,0.0031112581491470337,-0.03515958786010742,-0.02379506826400757
572.581982,-7.274746894836426e-05,0.10635006427764893,-0.008657634258270264
572.682525,-0.14124739170074463,0.2770814895629883,-0.09220391511917114
572.782960,-0.29288434982299805,-0.0592496395111084,-0.03116452693939209
572.883517,0.25894784927368164,-0.46445584297180176,-0.017490267753601074
572.983968,0.07279561460018158,0.044777125120162964,0.13744109869003296
573.084510,-0.029291395097970963,0.40027374029159546,-0.030032634735107422
573.185018,-0.3207870423793793,-0.04489398002624512,-0.23239731788635254
573.285504,-0.05929639935493469,-0.12490034103393555,0.03215312957763672
573.386060,0.16853603720664978,-0.04948347806930542,0.12923240661621094
573.486580,0.012982755899429321,-0.023587405681610107,-0.04026216268539429
573.587013,-0.025072187185287476,0.05686390399932861,0.05825912952423096
573.687617,-0.003206789493560791,-0.10079950094223022,-0.03214532136917114
573.788058,-0.013984650373458862,-0.025170624256134033,0.03595548868179321
573.888520,-0.031162351369857788,0.0790664553642273,-0.02554219961166382
573.989057,-0.13389852643013,0.05049276351928711,-0.007019460201263428
574.089590,0.10618075728416443,-0.4394341707229614,0.06599128246307373
574.190053,0.07780531048774719,-0.04894110560417175,0.11406248807907104
574.290621,0.016244158148765564,0.36979764699935913,0.05253380537033081
574.391135,-0.27426502108573914,0.09752380847930908,-0.11669927835464478
574.491559,-0.1902158558368683,-0.28012603521347046,0.02154254913330078
574.592153,0.10990071296691895,-0.12003070116043091,0.18681460618972778
574.692683,0.0388321578502655,-0.0365867018699646,-0.0032526254653930664
574.793101,0.04160451889038086,0.048612356185913086,-0.0038704872131347656
574.893638,0.008635401725769043,0.008630454540252686,-0.0005220770835876465
574.994185,0.02092278003692627,-0.20487487316131592,-0.04389595985412598
575.094654,-0.013761207461357117,0.10223996639251709,0.0660696029663086
575.195169,-0.05982038378715515,0.21275389194488525,-0.10749667882919312
575.295717,-0.2776849865913391,0.15777933597564697,-0.1258394420146942
575.396218,0.014038637280464172,-0.3148830533027649,0.02218937873840332
575.496653,0.18819120526313782,-0.23995935916900635,0.2622993588447571
575.597274,-0.011752009391784668,0.07646757364273071,0.05387157201766968
575.697697,-0.014585509896278381,0.3743911385536194,-0.031082332134246826
575.798236,-0.3965694308280945,-0.024000585079193115,-0.20391175150871277
575.898718,0.08000608533620834,-0.1946313977241516,0.04148674011230469
575.999229,0.12508687376976013,0.034732043743133545,0.13812395930290222
576.099714,-0.003433622419834137,-0.07080107927322388,0.0439477264881134
576.200325,0.0002790391445159912,-0.10511475801467896,0.02133747935295105
576.300791,0.008784383535385132,-0.057931363582611084,0.04413720965385437
576.401232,0.031679295003414154,0.0775342583656311,0.11423742771148682
576.501836,0.017177507281303406,0.12248069047927856,-0.004294455051422119
576.602426,-0.07947299629449844,0.04804873466491699,-0.05923604965209961
576.702840,-0.07072674483060837,0.24046635627746582,0.0025999844074249268
576.803313,-0.08798329532146454,-0.22834450006484985,-0.0799371600151062
576.903862,0.10810568928718567,-0.45178288221359253,0.12759530544281006
577.004282,-0.06620615720748901,0.15927273035049438,0.18384945392608643
577.104763,-0.03099799156188965,0.3902856707572937,0.03499549627304077
577.205354,-0.2563171684741974,-0.19520103931427002,-0.22920352220535278
577.305701,0.07018262147903442,-0.11676257848739624,0.08588001132011414
577.406374,0.20470909774303436,0.02793407440185547,0.19723540544509888
577.506797,-0.06260363757610321,-0.08364260196685791,-0.04679998755455017
577.607363,-0.03873060643672943,0.09837526082992554,-0.005212247371673584
577.707899,0.006907671689987183,0.004489421844482422,0.025115013122558594
577.808391,-0.016288787126541138,-0.07245761156082153,-0.003107041120529175
577.908991,0.02823886275291443,0.06654179096221924,0.005941241979598999
578.009423,-0.056174829602241516,0.07685399055480957,-0.05900639295578003
578.109884,-0.29002347588539124,0.007128596305847168,-0.03816211223602295
578.210471,0.21157899498939514,-0.444866418838501,0.07674384117126465
578.311021,0.08310270309448242,-0.10951316356658936,0.19434285163879395
578.411471,-0.16135914623737335,0.43944740295410156,0.13718187808990479
578.511950,-0.27551400661468506,-0.10046273469924927,-0.2833375334739685
578.612521,0.03968745470046997,0.011876225471496582,0.08931002020835876
578.712951,0.11511394381523132,-0.051672935485839844,0.11522400379180908
578.813413,0.0034453272819519043,-0.08613324165344238,-0.04698836803436279
578.914005,-0.04922690987586975,0.07977741956710815,0.010482192039489746
579.014419,-0.034493401646614075,0.05838370323181152,-0.004508525133132935
579.114970,-0.09675592184066772,-0.05153787136077881,-0.07145416736602783
579.215539,0.10315102338790894,-0.2562754154205322,0.13790535926818848
579.315988,0.04323723912239075,-0.05252861976623535,0.15176433324813843
579.416601,-0.012800505384802818,0.29099565744400024,0.03263014554977417
579.517004,-0.2677450180053711,-0.08455365896224976,-0.26139262318611145
579.617532,0.023312091827392578,0.07967329025268555,0.1158592700958252
579.717968,0.06748881936073303,-0.08353215456008911,0.003111124038696289
579.818458,0.033145323395729065,-0.007991194725036621,-7.677078247070312e-05
579.919014,-0.06945228576660156,0.0415043830871582,0.025291502475738525
580.019510,0.01080949604511261,-0.014578044414520264,0.01588582992553711
580.120096,0.0487084686756134,0.047373175621032715,0.022051870822906494
580.220561,-0.027269378304481506,-0.008416056632995605,0.0018671154975891113
580.321010,-0.03490006923675537,-0.026816189289093018,-0.019172489643096924
580.421564,0.01793922483921051,0.0228005051612854,-0.0206143856048584
580.522098,-0.022368088364601135,-0.010090470314025879,0.010964274406433105
580.622668,-0.007978782057762146,0.01343071460723877,-0.006972461938858032
580.723136,-0.000818789005279541,0.04211628437042236,-0.05095687508583069
580.823647,-0.0267811119556427,-0.17556816339492798,0.008171766996383667
580.924158,0.07135447859764099,-0.13771748542785645,0.08924126625061035
581.024601,0.021854788064956665,0.1834709644317627,0.04403156042098999
581.125163,0.14614664018154144,0.14200180768966675,0.08915704488754272
581.225637,-0.3731272518634796,-0.11913156509399414,-0.2086961567401886
581.326098,0.06423883140087128,0.09373873472213745,0.05373704433441162
581.426685,0.03993357717990875,-0.1152922511100769,-0.010569959878921509
581.527180,0.030852362513542175,-0.01954472064971924,0.02959209680557251
581.627611,-0.018227651715278625,0.03131955862045288,-0.01026153564453125
581.728179,0.0034279972314834595,0.004554688930511475,0.007865071296691895
581.828667,0.013206139206886292,-0.001634836196899414,0.034972041845321655
581.929120,-0.012910276651382446,0.019148588180541992,-0.00636705756187439
582.029694,-0.010524153709411621,0.0036371946334838867,-0.033162862062454224
582.130148,-0.3315974175930023,-0.18190479278564453,-0.09998852014541626
582.230644,0.24280822277069092,-0.21990543603897095,0.18068641424179077
582.331178,-0.06804507970809937,0.327151358127594,0.13799840211868286
582.431737,-0.17877420783042908,-0.10395807027816772,0.01829737424850464
582.532207,-0.052209824323654175,0.005216240882873535,0.020854830741882324
582.632733,0.13016724586486816,0.020621836185455322,0.0783165693283081
582.733293,-0.01757851243019104,-0.043789684772491455,-0.024017393589019775
582.833760,-0.03196454048156738,0.006246507167816162,-0.004208683967590332
582.934275,0.018883585929870605,0.005041241645812988,-0.006290018558502197
583.034763,0.014781266450881958,-0.04251587390899658,0.05241799354553223
583.135292,-0.025716334581375122,0.019461393356323242,-0.025597691535949707
583.235715,-0.031247496604919434,0.022506296634674072,-0.038995563983917236
583.336289,-0.048908501863479614,-0.020958662033081055,0.019685804843902588
583.436831,0.004983663558959961,-0.07193577289581299,-0.009762287139892578
583.537312,0.029000267386436462,-0.0784987211227417,0.0019342303276062012
583.637799,0.0609712153673172,0.08996301889419556,0.08564555644989014
583.738378,-0.13580048084259033,0.1768682599067688,-0.11243897676467896
583.838814,-0.19687288999557495,-0.08339846134185791,-0.08877426385879517
583.939452,0.05901113152503967,-0.3744375705718994,0.07182365655899048
584.039879,0.10341241955757141,-0.0534588098526001,0.1803438663482666
584.140418,-0.023701921105384827,0.39243167638778687,0.044390201568603516
584.240951,-0.2569843530654907,-0.1732049584388733,-0.0796145498752594
584.341468,-0.01006990671157837,-0.20634883642196655,0.018239200115203857
584.441984,0.13611772656440735,0.15352672338485718,0.14897918701171875
584.542402,0.06946775317192078,0.25008708238601685,0.05897510051727295
584.642923,-0.1729731559753418,-0.38882172107696533,-0.12230032682418823
584.743463,0.11761963367462158,-0.15174859762191772,0.1930544376373291
584.843856,0.0472516268491745,0.1597192883491516,0.1386338472366333
584.944362,-0.03636474162340164,0.13924872875213623,0.09878212213516235
585.044866,-0.27279824018478394,-0.2500097155570984,-0.21738767623901367
585.145439,0.23697084188461304,-0.15222090482711792,0.1736968755722046
585.245901,0.047521114349365234,0.16155236959457397,0.05638855695724487
585.346481,-0.06640569865703583,0.06205064058303833,0.01404234766960144
585.446956,-0.22586765885353088,-0.2486807107925415,-0.1865006685256958
585.547417,0.1776486039161682,-0.1718870997428894,0.25243079662323
585.647973,-0.03397056460380554,0.195842444896698,0.10829043388366699
585.748563,0.04690854623913765,0.0812840461730957,-0.029653310775756836
585.848974,-0.25673121213912964,-0.026541829109191895,-0.19536513090133667
585.949487,0.11471544206142426,-0.047566354274749756,0.12354174256324768
586.049959,0.07571959495544434,-0.08514237403869629,0.03444546461105347
586.150534,-0.0292988121509552,0.0636906623840332,0.0007837414741516113
586.251162,-0.020556628704071045,-0.005443930625915527,-0.032268375158309937
586.351528,-0.005679890513420105,-0.03455013036727905,0.008216261863708496
586.452044,-0.013641491532325745,0.006823122501373291,0.017621636390686035
586.552574,-0.01088707149028778,-9.328126907348633e-05,-0.015277296304702759
586.653088,0.020668506622314453,0.0045951008796691895,-0.016914069652557373
586.753590,-0.015033170580863953,-0.01708388328552246,0.022838234901428223
586.853989,-0.016728714108467102,-0.00336456298828125,-0.015711069107055664
586.954546,0.004145756363868713,0.034055471420288086,-0.003126382827758789
587.055101,-0.017244473099708557,-0.039521634578704834,0.02433222532272339
587.155498,-0.01902376115322113,0.0008249282836914062,-0.0052182674407958984
587.256135,-0.014429569244384766,0.03516983985900879,-0.016267508268356323
587.356600,-0.11499401926994324,-0.029381096363067627,0.016502797603607178
587.457081,0.0465313196182251,-0.22945308685302734,0.031215667724609375
587.557576,0.04695703089237213,0.08563774824142456,0.13707029819488525
587.658151,0.12195755541324615,0.16291213035583496,0.08522933721542358
587.758590,-0.25740277767181396,-0.06688195466995239,-0.19962769746780396
587.859143,0.11664828658103943,0.06730502843856812,0.15386104583740234
587.959604,0.041828595101833344,-0.06588959693908691,0.004074752330780029
588.060053,-0.0470634400844574,0.002561330795288086,-0.02547389268875122
588.160616,-0.019046224653720856,0.02165275812149048,-0.0018134713172912598
588.261191,0.012059375643730164,0.007275938987731934,0.006038665771484375
588.361779,0.012710489332675934,-0.030508816242218018,0.007925271987915039
588.462217,-0.014834284782409668,-0.0015234947204589844,0.003777027130126953
588.562666,-0.0018583759665489197,0.030321717262268066,0.008069634437561035
588.663269,0.013494178652763367,-0.02181345224380493,0.008983373641967773
588.763683,0.004804551601409912,0.0165216326713562,0.012071967124938965
588.864210,0.007915250957012177,0.006585836410522461,-0.010036587715148926
588.964672,-0.0091148242354393,-0.002077460289001465,0.0206373929977417
589.065260,-0.017296627163887024,-0.02483963966369629,-0.0005827546119689941
589.165823,-0.001304522156715393,0.049121201038360596,-0.021425843238830566
589.266203,0.02552284300327301,-0.0013713240623474121,0.029820919036865234
589.366768,-0.007599309086799622,-0.0056496262550354,-0.003608882427215576
589.467284,0.00810299813747406,0.014928758144378662,-0.012250185012817383
589.567810,-0.012607470154762268,-0.011105060577392578,-0.0024271011352539062
589.668382,-0.00551258772611618,-0.026305735111236572,-0.0202181339263916
589.768717,-0.014485247433185577,0.022708535194396973,-0.009900152683258057
589.869296,-0.01842571794986725,-0.022718966007232666,0.0087968111038208
589.969780,-0.007433101534843445,0.0007120370864868164,0.00103682279586792
590.070267,-0.01102350652217865,0.01577770709991455,-0.015740156173706055
590.170816,-0.002858400344848633,-0.004976391792297363,0.006386458873748779
590.271445,-0.023390963673591614,0.04415243864059448,-0.003383159637451172
590.371774,-0.07092048227787018,7.557868957519531e-05,-0.05436807870864868
590.472308,0.03305536508560181,-0.30289947986602783,0.011566162109375
590.572849,0.12019287794828415,0.054268836975097656,0.201011061668396
590.673480,-0.07151053845882416,0.16705775260925293,0.01489400863647461
590.773856,-0.20058175921440125,0.0030943751335144043,-0.12316888570785522
590.874438,0.029238753020763397,0.023912250995635986,0.08305686712265015
590.974873,0.07358622550964355,-0.08267313241958618,0.006635427474975586
591.075399,-0.006811097264289856,0.004572272300720215,0.022985100746154785
591.175905,-0.02346426248550415,-0.017875313758850098,-0.012317061424255371
591.276479,-0.008743815124034882,0.019035398960113525,0.005128026008605957
591.376867,0.036073654890060425,-0.022108078002929688,0.003328561782836914
591.477498,-0.011618733406066895,-0.015764951705932617,0.018294215202331543
591.577941,-0.018413342535495758,-0.0062364935874938965,-0.006113827228546143
591.678438,-0.007111608982086182,-0.00585782527923584,-0.0010333061218261719
591.778924,-0.0007179826498031616,-0.006930112838745117,0.03505295515060425
591.879476,-0.016736947000026703,-0.019097626209259033,-0.015487849712371826
591.979857,0.019930899143218994,0.03259623050689697,0.007017612457275391
592.080477,-0.00952853262424469,-0.018912434577941895,0.007458090782165527
592.181003,0.00043429434299468994,-0.011180281639099121,0.001426100730895996
592.281570,0.005294248461723328,0.02763432264328003,-0.02089756727218628
592.381854,-0.01747388392686844,0.0206606388092041,0.0041754841804504395
592.482344,-0.01359625905752182,0.05147063732147217,-0.034128010272979736
592.582959,-0.06724484264850616,-0.16138356924057007,-0.06015545129776001
592.683542,0.0993058830499649,-0.05475127696990967,0.10515803098678589
592.783997,0.03338073194026947,0.08742880821228027,0.035409629344940186
592.884435,-0.06269877403974533,0.045179784297943115,-0.07417964935302734
592.984926,-0.10140933096408844,0.06731230020523071,-0.006713509559631348
593.085444,0.000440061092376709,-0.09065216779708862,0.016344308853149414
593.185992,0.07235048711299896,-0.004209697246551514,0.055074870586395264
593.286579,0.009472042322158813,-0.015988826751708984,-0.009287118911743164
593.387062,-0.06039702892303467,0.02886021137237549,-0.008324623107910156
593.487577,-0.00175456702709198,-0.0050814151763916016,-0.006271541118621826
593.588068,0.03815089166164398,0.014956951141357422,0.02631169557571411
593.688575,-0.010839447379112244,-0.022196471691131592,0.017322421073913574
593.789122,-0.006378963589668274,-0.001392662525177002,-0.000800013542175293
593.889605,0.016954123973846436,0.026484549045562744,-0.015401303768157959
593.990035,-0.016333699226379395,-0.01689445972442627,-0.0014346837997436523
594.090633,-0.011226311326026917,-0.03127568960189819,-0.012032389640808105
594.191201,-0.009293988347053528,0.03832286596298218,-0.0273626446723938
594.291618,-0.011902496218681335,-0.009243786334991455,0.02449822425842285
594.392122,0.006398946046829224,0.01966613531112671,-0.031048297882080078
594.492641,-0.22917482256889343,0.17523717880249023,-0.1016167402267456
594.593113,0.17848625779151917,-0.3658798336982727,0.03975331783294678
594.693620,0.15143850445747375,0.01873093843460083,0.2196933627128601
594.794172,0.0011599101126194,0.19530999660491943,-0.00044465065002441406
594.894895,-0.12652753293514252,0.04578500986099243,-0.10100722312927246
594.995160,-0.09160810708999634,-0.031073391437530518,0.06417667865753174
595.095683,0.14312103390693665,-0.10649663209915161,0.09205281734466553
595.196113,-0.009642094373703003,-0.04536616802215576,-0.03305870294570923
595.296609,-0.0613173246383667,0.05514395236968994,-0.004467904567718506
595.397176,-0.048923760652542114,-0.022802650928497314,-0.01838231086730957
595.497647,0.020833969116210938,-0.06609141826629639,0.002223670482635498
595.598178,0.015406131744384766,0.09920865297317505,0.01628953218460083
595.698708,0.010138541460037231,0.10376811027526855,-0.040004849433898926
595.799200,-0.17034804821014404,0.05712181329727173,-0.06718885898590088
595.899634,-0.04166331887245178,-0.24721986055374146,0.029249846935272217
596.000275,0.12238401174545288,-0.1318281888961792,0.13696634769439697
596.100753,0.013225756585597992,0.14642930030822754,0.03595757484436035
596.201223,-0.08594369888305664,0.06911486387252808,-0.008523344993591309
596.301727,-0.14313402771949768,0.013353526592254639,-0.07925534248352051
596.402258,0.03817152976989746,-0.1550413966178894,0.02251356840133667
596.502713,0.1479734182357788,-0.011073768138885498,0.1375819742679596
596.603309,-0.01745396852493286,-0.04865235090255737,-0.03144159913063049
596.703744,-0.03448498249053955,0.0825074315071106,-0.01699429750442505
596.804282,0.03677627444267273,-0.021104514598846436,0.01046973466873169
596.904844,0.03466108441352844,-0.01969212293624878,0.021566689014434814
597.005311,0.0007987320423126221,-0.011875450611114502,0.0034617185592651367
597.105803,-0.0029514729976654053,0.03302651643753052,-0.0006353259086608887
597.206289,-0.011902809143066406,0.008106648921966553,-0.007697045803070068
597.306867,-0.0813232958316803,0.20113003253936768,-0.019957661628723145
597.407284,-0.038023293018341064,-0.21985512971878052,-0.09003692865371704
597.507889,0.12107537686824799,-0.22323894500732422,0.07087922096252441
597.608308,-0.005751708056777716,0.10061788558959961,0.06511145830154419
597.708863,0.08487525582313538,0.19608354568481445,0.031604886054992676
597.809356,-0.17640867829322815,-0.0489993691444397,-0.15982010960578918
597.909910,-0.020200669765472412,-0.08337628841400146,-0.0006217360496520996
598.010369,0.17240694165229797,-0.03364980220794678,0.07727128267288208
598.110877,-0.06645387411117554,-0.013039171695709229,-0.0285947322845459
598.211392,-0.03587883710861206,0.039029836654663086,-0.013222575187683105
598.311960,0.002141714096069336,-0.00835961103439331,-0.029102981090545654
598.412448,0.0030887722969055176,-0.048536717891693115,0.03773224353790283
598.512859,0.01488998532295227,-0.015619456768035889,0.010642588138580322
598.613459,-0.013485759496688843,0.02909308671951294,-0.004234611988067627
598.714035,-0.010332554578781128,0.048944294452667236,0.028082430362701416
598.814415,0.029314935207366943,-0.047630131244659424,0.0005091726779937744
598.914927,-0.003703087568283081,0.012357831001281738,0.01099330186843872
599.015454,0.005777299404144287,-0.14191800355911255,0.004236340522766113
599.116018,0.020838037133216858,0.017294347286224365,0.07199466228485107
599.216489,-0.0030372142791748047,0.0052258968353271484,0.021369993686676025
599.316933,-0.02333611249923706,0.0530318021774292,-0.021767139434814453
599.417440,0.00547654926776886,0.08916068077087402,0.017647922039031982
599.518060,-0.06519252061843872,0.08624935150146484,-0.03721582889556885
599.618495,-0.048938244581222534,0.08104473352432251,-0.01739490032196045
599.719010,-0.13035258650779724,0.1089174747467041,-0.01911318302154541
599.819490,-0.13904809951782227,-0.07998818159103394,-0.03997412323951721
599.919980,0.028890401124954224,-0.12851375341415405,-0.015556156635284424
600.020486,0.13853701949119568,-0.12095761299133301,0.12114346027374268
600.121139,-0.009971261024475098,0.0597042441368103,0.04710102081298828
600.221491,-0.09450477361679077,0.21149665117263794,-0.09939509630203247
600.322077,-0.29345405101776123,-0.10889416933059692,-0.13436192274093628
600.422516,0.09986278414726257,-0.3365204334259033,0.10914835333824158
600.522994,0.08473610877990723,-0.12273561954498291,0.19603127241134644
600.623514,0.02958912029862404,0.2387036681175232,0.10971826314926147
600.724035,-0.028665028512477875,0.23507368564605713,0.014780938625335693
600.824615,-0.09548449516296387,-0.279557466506958,-0.15913093090057373
600.925118,0.11476713418960571,-0.04674440622329712,0.1055077314376831
601.025625,0.15458765625953674,-0.023753225803375244,0.1292649805545807
601.126092,-0.0765271782875061,-0.05611014366149902,-0.0995396077632904
601.226616,0.018547028303146362,0.05132734775543213,0.060670286417007446
601.327109,0.015988647937774658,-0.034139156341552734,0.008687198162078857
601.427594,-0.00026726722717285156,0.039840757846832275,-0.010615527629852295
601.528137,0.023725062608718872,0.00032716989517211914,0.004746615886688232
601.628658,-0.007615864276885986,-0.012863457202911377,0.008594155311584473
601.729103,-0.011368542909622192,0.010734379291534424,0.0011630654335021973
601.829672,0.02061671018600464,-0.012424349784851074,-0.005751997232437134
601.930138,0.0025078952312469482,-0.010256409645080566,0.029510140419006348
602.030651,-0.020339280366897583,-0.006005764007568359,-0.003692060708999634
602.131193,0.01667216420173645,0.005871415138244629,-0.017088741064071655
602.231713,-0.033730775117874146,0.019500315189361572,0.012746989727020264
602.332165,-0.17014452815055847,0.0071076154708862305,-0.0855986475944519
602.432718,0.10045331716537476,-0.2970468997955322,0.0187453031539917
602.533218,0.127295583486557,0.03380006551742554,0.19445985555648804
602.633655,0.08318240940570831,0.4123948812484741,0.0959019660949707
602.734287,-0.4206525981426239,-0.19869530200958252,-0.3687724173069
602.834711,0.09456205368041992,0.10349541902542114,0.10289943218231201
602.935213,0.015971869230270386,-0.1569806933403015,-0.04592394828796387
603.035696,0.0021828413009643555,0.03691738843917847,-0.00376814603805542
603.136240,-0.021936893463134766,0.035012781620025635,0.011257290840148926
603.236734,0.014964669942855835,-0.03715091943740845,0.013485252857208252
603.337249,-0.002128392457962036,0.00410383939743042,0.004148244857788086
603.437773,0.026611357927322388,-0.016103267669677734,0.012026667594909668
603.538295,0.010738790035247803,-0.018246769905090332,0.014563262462615967
603.638841,-0.029140204191207886,-0.01648050546646118,-0.007336020469665527
603.739336,0.020523488521575928,0.017876744270324707,-0.011609017848968506
603.839896,-0.0014181435108184814,-0.030627846717834473,0.016390085220336914
603.940295,-0.024619728326797485,-0.005057036876678467,-0.016155123710632324
604.040815,-0.02098497748374939,0.031627774238586426,-0.024040400981903076
604.141349,0.0010941624641418457,-0.0033368468284606934,0.0010536909103393555
604.241834,-0.0007140934467315674,-0.03679335117340088,0.008399605751037598
604.342449,-0.03020453453063965,0.01545041799545288,-0.016481101512908936
604.442795,-0.0364762544631958,0.0047699809074401855,0.019266963005065918
604.543387,0.04940512776374817,-0.00016826391220092773,-0.019165396690368652
604.644013,-0.016284644603729248,-0.015807628631591797,-0.007856249809265137
604.744400,0.002839803695678711,0.014129042625427246,0.038579702377319336
604.844892,-0.0028165876865386963,-0.010951757431030273,-0.0024195313453674316
604.945386,0.018366843461990356,0.014207184314727783,9.5367431640625e-05
605.045918,0.05373838543891907,-0.0034078359603881836,0.0016246438026428223
605.146354,-0.014889627695083618,-0.013344347476959229,0.011090457439422607
605.247009,-0.13664233684539795,-0.02858865261077881,-0.06610167026519775
605.347591,-0.0006683468818664551,-0.16889125108718872,0.04304981231689453
605.447871,0.07101559638977051,0.08789992332458496,0.08321171998977661
605.548388,0.09809146821498871,0.10568463802337646,0.08348846435546875
605.648907,-0.19906243681907654,9.781122207641602e-05,-0.018478035926818848
605.749414,-0.07327178120613098,-0.10743677616119385,0.011501193046569824
605.849927,0.06745058298110962,-0.06018298864364624,0.07039833068847656
605.950378,5.5730342864990234e-05,-0.006649374961853027,-0.03155958652496338
606.050951,-0.021556556224822998,0.05228090286254883,0.029912829399108887
606.151539,0.009819835424423218,-0.035576820373535156,-0.0023006200790405273
606.251985,0.0013418495655059814,0.031025350093841553,0.011039137840270996
606.352544,0.029926180839538574,-0.037444472312927246,0.001721501350402832
606.453002,0.00048363208770751953,-0.0045133233070373535,0.01782017946243286
606.553526,-0.016492873430252075,0.00816434621810913,-0.005766689777374268
606.654075,0.04150128364562988,0.0025095343589782715,0.020413577556610107
606.754594,0.0004756450653076172,-0.031245112419128418,0.023373544216156006
606.855000,-0.011604726314544678,0.001853346824645996,0.0016591548919677734
606.955603,0.01717442274093628,0.020673692226409912,-0.015109479427337646
607.056080,-0.036584168672561646,-0.02492058277130127,-0.007089793682098389
607.156580,-0.0058123767375946045,-0.011778175830841064,-0.015252232551574707
607.257054,-0.014376401901245117,0.03593569993972778,-0.02384352684020996
607.357589,-0.0219193696975708,-0.019616365432739258,0.028110802173614502
607.458061,0.0013599395751953125,-0.02423560619354248,-0.005507290363311768
607.558538,-0.02097421884536743,0.04477095603942871,-0.01938694715499878
607.659190,0.027488619089126587,-0.01762688159942627,0.032125115394592285
607.759807,0.02385011315345764,-0.0379679799079895,0.011400103569030762
607.860109,-0.014987409114837646,0.03916531801223755,-0.008124887943267822
607.960631,0.033655524253845215,0.002533257007598877,0.006858646869659424
608.061044,0.010200172662734985,-0.043263137340545654,0.009505987167358398
608.161552,-0.009308964014053345,0.007684648036956787,0.004379093647003174
608.262121,0.01439899206161499,0.0011834502220153809,-0.009272575378417969
608.362626,-0.02773725986480713,-0.02919095754623413,-0.0008499622344970703
608.463141,-0.015809684991836548,-0.0016333460807800293,0.0030205845832824707
608.563643,0.0012917518615722656,0.028202176094055176,-0.020405888557434082
608.664203,-0.03171151876449585,-0.024363458156585693,0.005108237266540527
608.764628,-0.008628994226455688,-0.012288987636566162,-0.008855700492858887
608.865139,-0.009156227111816406,0.02565181255340576,-0.030123114585876465
608.965684,-0.004256606101989746,-0.027167201042175293,0.0315852165222168
609.066218,-0.0052887797355651855,0.009859025478363037,-0.013856291770935059
609.166726,-0.026019901037216187,0.10806894302368164,-0.0644158124923706
609.267245,-0.10704901814460754,-0.2048892378807068,-0.008085489273071289
609.367741,0.08520472049713135,-0.18480008840560913,0.09232938289642334
609.468259,0.15520896017551422,0.30925363302230835,0.19081467390060425
609.568665,-0.09486342966556549,0.12939667701721191,-0.08278727531433105
609.669329,-0.28822022676467896,-0.04081988334655762,-0.13692259788513184
609.769719,0.08529874682426453,-0.06753885746002197,0.0573958158493042
609.870229,0.029426604509353638,-0.005172520875930786,-0.03598111867904663
609.970747,-0.009486973285675049,0.07443442940711975,0.02390044927597046
610.071248,-0.03195980191230774,-0.046578407287597656,-0.04050946235656738
610.171784,0.010491609573364258,0.0160825252532959,-0.0032860636711120605
610.272357,-0.0038913190364837646,-0.04177600145339966,0.017025232315063477
610.372855,0.01545456051826477,0.014805018901824951,0.005986571311950684
610.473296,-5.0187110900878906e-05,0.01917731761932373,-0.025659263134002686
610.573857,0.018866300582885742,-0.015500545501708984,0.04286438226699829
610.674279,0.001535564661026001,-0.007258057594299316,-0.027287006378173828
610.774703,0.01283302903175354,0.014344215393066406,-9.238719940185547e-05
610.875428,0.022608816623687744,-0.008371114730834961,0.0246160626411438
610.975819,-0.02392861247062683,-0.01830190420150757,-0.006795167922973633
611.076288,-0.004904419183731079,0.005704283714294434,0.0180128812789917
611.176867,0.029905200004577637,-0.005403578281402588,0.021091818809509277
611.277416,0.004207402467727661,-0.019254982471466064,0.01230841875076294
611.377848,-0.008037835359573364,0.009458184242248535,0.012165844440460205
611.478411,0.01879534125328064,-0.004365384578704834,-0.0014820098876953125
611.579133,-0.019600272178649902,-0.02232801914215088,-0.003480076789855957
611.679383,-0.01522839069366455,-0.00461345911026001,-0.004933655261993408
611.779849,0.011689066886901855,0.005526244640350342,-0.014356374740600586
611.880361,-0.030380547046661377,-0.0036947131156921387,-0.005289435386657715
611.980837,-0.07256734371185303,0.07805228233337402,-0.021434485912322998
612.081402,-0.16210660338401794,-0.013270854949951172,-0.04994463920593262
612.181923,0.06619679927825928,-0.49424004554748535,0.11251229047775269
612.282451,0.02097073197364807,0.10536009073257446,0.09675836563110352
612.382965,0.21123802661895752,0.36374133825302124,0.019043564796447754
612.483479,-0.5739973187446594,-0.02432212233543396,-0.24904930591583252
612.584005,0.18785399198532104,-0.05597129464149475,0.1906031370162964
612.684513,0.006128430366516113,-0.13868510723114014,-0.045743346214294434
612.784988,-0.0007559657096862793,0.02621510624885559,0.06441879272460938
612.885436,-0.02982044219970703,-0.004592299461364746,-0.01839655637741089
612.985903,0.008407533168792725,0.000493168830871582,0.01610034704208374
613.086507,0.017629534006118774,-0.0034353137016296387,0.028961479663848877
613.187071,-0.03879266977310181,0.004553765058517456,0.015421688556671143
613.287386,-0.051834702491760254,0.04604580998420715,0.00906980037689209
613.388009,-0.08866846561431885,0.15173467993736267,-0.027912557125091553
613.488515,-0.028940916061401367,-0.2567364573478699,0.0007055401802062988
613.588999,0.13079041242599487,-0.22933495044708252,0.11784172058105469
613.689544,0.06420928239822388,0.12529146671295166,0.07096058130264282
613.790047,-0.1184965968132019,0.1991850733757019,-0.09237855672836304
613.890556,-0.29321539402008057,-0.09428775310516357,-0.17659467458724976
613.991039,0.11804068088531494,-0.05012714862823486,0.04017305374145508
614.091586,0.05918461084365845,-0.16841644048690796,0.04094022512435913
614.192113,0.008263468742370605,-0.032599568367004395,0.010322988033294678
614.292593,0.00045546889305114746,0.06325268745422363,0.0017963051795959473
614.393095,0.02557620406150818,-0.0061419010162353516,0.05340409278869629
614.493574,0.017517417669296265,-0.014161109924316406,-0.003675997257232666
614.594084,-0.012499511241912842,0.036098599433898926,-0.0229337215423584
614.694663,-0.007352560758590698,0.07214784622192383,0.0055272579193115234
614.795250,-0.14749816060066223,0.1325845718383789,-0.03247630596160889
614.895615,-0.06387913227081299,-0.0909203290939331,-0.039550065994262695
614.996126,0.11569517850875854,-0.2023618221282959,0.04505646228790283
615.096671,0.07091891765594482,-0.23348790407180786,0.09142601490020752
615.197120,-0.05411183834075928,0.08991032838821411,0.04102444648742676
615.297672,0.04202514886856079,0.33670878410339355,-0.020686686038970947
615.398196,-0.3350614011287689,-0.058326125144958496,-0.13979864120483398
615.498693,0.020542263984680176,-0.07628417015075684,0.019563376903533936
615.599202,0.11261937022209167,-0.12038421630859375,-0.006987035274505615
615.699690,-0.07423299551010132,-0.03569537401199341,0.009696006774902344
615.800260,0.014429032802581787,0.011267006397247314,0.032661378383636475
615.900619,-0.018096327781677246,0.045572638511657715,-0.036534786224365234
616.001191,-0.023730695247650146,-0.00582277774810791,0.011006593704223633
616.101712,-0.002485126256942749,0.023892104625701904,-0.024438142776489258
616.202290,-0.023938357830047607,0.08011525869369507,-0.020819544792175293
616.302728,-0.07033395767211914,-0.031453728675842285,0.0023711323738098145
616.403242,0.05573737621307373,-0.18882602453231812,0.06530410051345825
616.503709,0.07105147838592529,-0.10535991191864014,0.08226799964904785
616.604277,-0.0006057322025299072,0.10183358192443848,0.03704792261123657
616.704769,-0.13083067536354065,0.11714285612106323,0.005877673625946045
616.805216,-0.10886785387992859,0.04016906023025513,-0.043484389781951904
616.905734,0.009441226720809937,0.08855199813842773,-0.025189638137817383
617.006287,-0.05670246481895447,-0.06607067584991455,-0.047901034355163574
617.106788,0.03445294499397278,-0.09106767177581787,0.002865910530090332
617.207233,0.0025376081466674805,-0.002797067165374756,-0.01284867525100708
617.307814,-0.009059041738510132,-0.012899696826934814,0.04583245515823364
617.408311,0.04189583659172058,-0.019052624702453613,0.007467985153198242
617.508853,-0.011770486831665039,0.02319866418838501,-0.008622169494628906
617.609323,0.010129928588867188,0.03002375364303589,0.034573763608932495
617.709813,-0.005103945732116699,0.09248942136764526,-0.011091232299804688
617.810360,-0.05860671401023865,-0.057061970233917236,-0.03624865412712097
617.910866,0.10143911838531494,-0.17584240436553955,0.07683220505714417
618.011353,0.08057630062103271,-0.08940786123275757,0.10405349731445312
618.111849,-0.10421141982078552,0.10479718446731567,-0.023747026920318604
618.212310,-0.008559271693229675,0.2121732234954834,-0.009636104106903076
618.312872,-0.17997145652770996,-0.0660284161567688,-0.06586915254592896
618.413427,0.013997465372085571,-0.07285106182098389,0.011380046606063843
618.513798,0.13147008419036865,-0.049086153507232666,0.06480905413627625
618.614351,-0.03627192974090576,-0.02934187650680542,0.020420044660568237
618.714932,-0.03131428360939026,0.036581337451934814,-0.010708630084991455
618.815403,-0.010793447494506836,0.025959014892578125,-0.013185679912567139
618.915884,-0.007761716842651367,0.007321596145629883,0.02916315197944641
619.016465,-0.018083810806274414,-0.050243377685546875,0.00612834095954895
619.116864,-0.08307749032974243,-0.17477208375930786,-0.02290964126586914
619.217482,0.06283846497535706,-0.05698192119598389,0.09602344036102295
619.317892,0.09119197726249695,0.18958675861358643,0.09522783756256104
619.418398,-0.15458589792251587,0.030599117279052734,-0.06095731258392334
619.518978,-0.04130440950393677,0.02133941650390625,-0.023116588592529297
619.619489,-0.001145005226135254,-0.06270509958267212,0.020341098308563232
619.719964,0.02361544966697693,-0.017779409885406494,-0.012651979923248291
619.820430,-0.010838866233825684,0.06756311655044556,-0.01772981882095337
619.920997,-0.038828641176223755,-0.02486342191696167,-0.03875046968460083
620.021450,-0.0231972336769104,-0.04340273141860962,-0.020135045051574707
620.122075,0.04015147686004639,-0.104239821434021,0.009835362434387207
620.222509,0.021311700344085693,-0.08545440435409546,0.04571080207824707
620.323034,-0.015920042991638184,0.0561755895614624,0.02942734956741333
620.423538,-0.08821216225624084,0.14287418127059937,-0.022557735443115234
620.524021,-0.06752379238605499,0.0053937435150146484,0.031224161386489868
620.624533,0.012609511613845825,-0.05954498052597046,0.008917808532714844
620.725087,0.04021891951560974,-0.03342330455780029,0.029590070247650146
620.825602,0.012255698442459106,-0.05383700132369995,0.018865495920181274
620.926025,0.023399949073791504,-0.00783538818359375,0.007592231035232544
621.026521,-0.021308302879333496,0.010896503925323486,-0.023432016372680664
621.127043,-0.057311683893203735,0.0032168030738830566,-0.022662818431854248
621.227580,0.030528724193572998,0.11252951622009277,0.038129568099975586
621.328057,-0.08833885192871094,0.10156291723251343,-0.01913607120513916
621.428533,-0.058190762996673584,-0.1685652732849121,0.022309303283691406
621.529061,0.20660650730133057,-0.20628923177719116,0.14368849992752075
621.629600,0.0905466377735138,-0.052692294120788574,0.15995651483535767
621.730092,-0.1656305193901062,0.17786109447479248,-0.04097270965576172
621.830610,-0.22504937648773193,0.05662184953689575,-0.15092092752456665
621.931092,-0.03490322828292847,0.046119093894958496,0.0030895471572875977
622.031665,0.110312819480896,-0.08154100179672241,0.07651978731155396
622.132104,0.04039645195007324,-0.08502346277236938,0.04099613428115845
622.232658,-0.008259415626525879,0.005101799964904785,-0.012108266353607178
622.333193,-0.012855768203735352,0.05506420135498047,-0.012198328971862793
622.433719,-0.0019745826721191406,-0.024686753749847412,0.030751198530197144
622.534239,0.02353331446647644,-0.008117496967315674,0.025431394577026367
622.634624,-0.062393367290496826,0.13595950603485107,-0.08120235800743103
622.735208,-0.2135787308216095,-0.05705946683883667,-0.1295274794101715
622.835721,0.1152658760547638,-0.16903120279312134,0.10614544153213501
622.936191,0.07085195183753967,-0.0011484026908874512,0.08101838827133179
623.036695,-0.04127208888530731,0.11114001274108887,-0.0034698545932769775
623.137196,-0.23569154739379883,0.10403281450271606,-0.16189759969711304
623.237756,-0.03859013319015503,0.08999484777450562,-0.023118168115615845
623.338297,0.0498887300491333,-0.0951383113861084,0.02204805612564087
623.438722,0.08774206042289734,-0.0944550633430481,0.04796174168586731
623.539376,-0.009328484535217285,0.011262595653533936,-0.032041966915130615
623.639717,-0.0834454596042633,0.027611851692199707,-0.02316904067993164
623.740344,0.02582305669784546,-0.02009636163711548,0.013297885656356812
623.840787,0.02311009168624878,0.0292891263961792,0.0021333694458007812
623.941281,-0.08889460563659668,0.07811123132705688,-0.0006232559680938721
624.041844,-0.051701098680496216,-0.17773884534835815,-0.018292009830474854
624.142276,0.13299602270126343,-0.2054089903831482,0.1567102074623108
624.242788,0.13384300470352173,0.21420377492904663,0.18934392929077148
624.343301,0.09674638509750366,0.2584683299064636,0.1737351417541504
624.443808,-0.449516236782074,-0.25332921743392944,-0.35586756467819214
624.544355,0.12576335668563843,0.024424195289611816,0.12949207425117493
624.644777,0.10158205032348633,-0.10072475671768188,0.10307613015174866
624.745324,-0.08238255977630615,-0.07294130325317383,-0.035271793603897095
624.845850,-0.031034380197525024,0.11194270849227905,-0.025744497776031494
624.946397,-0.09164541959762573,0.011706292629241943,-0.012277603149414062
625.046802,-0.00022050738334655762,-0.092304527759552,-0.007875144481658936
625.147343,-0.08224111795425415,-0.2320021390914917,-0.01680704951286316
625.247859,-0.14572998881340027,-0.16102588176727295,0.10264050960540771
625.348442,-0.003077462315559387,0.0759427547454834,0.18288856744766235
625.448893,-0.10320993512868881,0.4017915725708008,-0.0013682246208190918
625.549450,0.15521767735481262,0.0391545295715332,-0.08707469701766968
625.649938,0.3769015669822693,-0.4550383687019348,0.27151912450790405
625.750419,-0.29908880591392517,-0.03436848521232605,-0.08257877826690674
625.850911,-0.3962721824645996,0.20751971006393433,-0.24896609783172607
625.951396,-0.27683016657829285,-0.04768794775009155,-0.22693639993667603
626.051923,-0.04664725065231323,-0.152094304561615,-0.07914143800735474
626.152527,0.11761362850666046,-0.12133467197418213,0.04146397113800049
626.252887,-0.027780979871749878,0.027932405471801758,0.05312591791152954
626.353490,-0.0039044879376888275,0.07986581325531006,0.0710713267326355
626.453865,0.004428097978234291,0.11978018283843994,0.09647566080093384
626.554464,0.013586005195975304,0.12974268198013306,0.18320691585540771
626.655079,-0.10422071814537048,0.18759042024612427,-0.12048894166946411
626.755480,0.00035509467124938965,0.051748573780059814,-0.18940824270248413
626.856020,0.11301758885383606,-0.4052274227142334,0.224551260471344
626.956537,-0.11890360713005066,-0.8807359337806702,0.24017435312271118
627.057132,-0.11206045746803284,-0.18403714895248413,0.1982092261314392
627.157571,-0.30866849422454834,0.29313594102859497,-0.08928894996643066
627.257972,-0.2593521177768707,0.2015274167060852,-0.11470675468444824
627.358606,-0.010937616229057312,-0.01852428913116455,-0.09719491004943848
627.459058,0.04811933636665344,-0.1365523338317871,0.10875904560089111
627.559491,0.09092026948928833,-0.16701257228851318,0.08518683910369873
627.660157,-0.03593888878822327,-0.009856700897216797,0.02996063232421875
627.760550,0.029776550829410553,-0.0029858946800231934,0.047704875469207764
627.861131,0.009443720802664757,-0.01484757661819458,-0.0013141632080078125
627.961526,-0.13380742073059082,0.09822767972946167,-0.0507320761680603
628.062078,-0.05998823419213295,0.145610511302948,-0.12307760119438171
628.162559,-0.10832351446151733,0.13722342252731323,-0.13902127742767334
628.263060,-0.06181871145963669,-0.19827640056610107,-0.10428929328918457
628.363588,0.20749378204345703,-0.31565338373184204,0.24936002492904663
628.464155,0.07961083948612213,-0.16697847843170166,0.12267464399337769
628.564592,-0.037904590368270874,0.21637952327728271,-0.041708290576934814
628.665130,-0.2617560625076294,0.3773859143257141,-0.10016471147537231
628.765629,0.007661610841751099,-0.13510006666183472,-0.10102850198745728
628.866107,-0.05523935705423355,-0.13225483894348145,-0.039399147033691406
628.966624,0.08465735614299774,-0.022177934646606445,0.154232919216156
629.067208,0.06666014343500137,-0.032070279121398926,0.03608328104019165
629.167666,-0.04063175618648529,-0.01754206418991089,-0.01803368330001831
629.268160,-0.026317264884710312,-0.002557814121246338,-0.0027303695678710938
629.368739,-0.004827540367841721,0.013749778270721436,0.013335108757019043
629.469163,0.007874704897403717,-0.005880236625671387,-0.0034887194633483887
629.569694,-0.016852306202054024,0.01715952157974243,-0.005262315273284912
629.670257,-0.02835898846387863,0.047143518924713135,-0.014842689037322998
629.770676,-0.01613892987370491,0.001781463623046875,-0.01062476634979248
629.871248,-0.11483389139175415,0.04442077875137329,-0.034295082092285156
629.971681,-0.01646643877029419,-0.15002834796905518,-0.00864073634147644
630.072177,0.16520817577838898,-0.26907843351364136,0.11422812938690186
630.172793,0.030509978532791138,-0.18896055221557617,0.22496968507766724
630.273279,-0.15842324495315552,0.2215210199356079,-0.043689072132110596
630.373732,-0.2845311462879181,0.28510451316833496,-0.029261112213134766
630.474246,0.028070921078324318,-0.26083600521087646,-0.13795894384384155
630.574754,-0.004632115364074707,-0.057689666748046875,0.12194257974624634
630.675333,0.09470086544752121,-0.10445588827133179,0.11938995122909546
630.775781,-0.08244150876998901,-0.057342469692230225,0.005701005458831787
630.876320,-0.07861931622028351,-0.001089930534362793,0.007238030433654785
630.976839,-0.029285937547683716,0.11937260627746582,-0.042867958545684814
631.077228,-0.12422052025794983,-0.04799991846084595,-0.13570937514305115
631.177765,0.4635601043701172,-0.3305002450942993,0.3150175213813782
631.278332,-0.22609014809131622,0.12221571803092957,0.0883898138999939
631.378847,-0.21688580513000488,0.26613402366638184,0.05014026165008545
631.479361,-0.08964784443378448,-0.042894959449768066,-0.21178972721099854
631.579870,0.07828700542449951,0.0337749719619751,0.15746092796325684
631.680401,0.0652868002653122,-0.06096780300140381,0.06677097082138062
631.780914,-0.0498800128698349,0.03921717405319214,-0.029550135135650635
631.881249,0.007506288588047028,-0.02370506525039673,0.03091597557067871
631.981885,-0.043626345694065094,0.3546907901763916,-0.015696287155151367
632.082309,0.15038032829761505,-0.5458229184150696,-0.034690260887145996
632.182899,0.17068879306316376,-0.18208223581314087,0.3529960513114929
632.283392,-0.16848227381706238,0.28927719593048096,0.04802459478378296
632.383905,-0.1833476424217224,-0.25191718339920044,-0.008071601390838623
632.484189,0.09572559595108032,-0.08119523525238037,-0.09330356121063232
632.584950,0.05693564563989639,0.044755756855010986,0.20478284358978271
632.685405,0.007129590958356857,-0.02982950210571289,-0.022375643253326416
632.785935,-0.06751325726509094,-0.0029639601707458496,0.02208709716796875
632.886397,-0.0031721889972686768,0.06588798761367798,0.10233581066131592
632.986984,-0.010070603340864182,0.1690288782119751,-0.024340778589248657
633.087544,0.08227846026420593,-0.659998893737793,-0.22348707914352417
633.187972,0.025436699390411377,-0.12071841955184937,0.39669710397720337
633.288618,-0.14834292232990265,0.21674418449401855,0.16601765155792236
633.388977,-0.29433345794677734,0.2523326873779297,-0.030023276805877686
633.489531,-0.18937325477600098,-0.4311959743499756,-0.23379504680633545
633.589963,0.07321779429912567,-0.032512128353118896,0.21581465005874634
633.690448,0.03242264688014984,0.06665724515914917,0.12111473083496094
633.790885,-0.004559896886348724,-0.05238837003707886,-0.03351700305938721
633.891370,-0.06628649681806564,-0.011712253093719482,-0.037951111793518066
633.991971,0.04232950508594513,-0.014119088649749756,0.04805266857147217
634.092529,-0.011038176715373993,0.04219388961791992,0.011902034282684326
634.192986,0.003093510866165161,0.08613914251327515,-0.042831480503082275
634.293658,-0.1578042209148407,0.27269452810287476,-0.18953156471252441
634.393930,0.0749938040971756,-0.3945983052253723,-0.007109135389328003
634.494507,0.16654232144355774,-0.4207358956336975,0.41790133714675903
634.594974,-0.08641202002763748,0.003166764974594116,0.23094117641448975
634.695534,-0.401150643825531,0.45486265420913696,-0.21011263132095337
634.796090,-0.31313660740852356,-0.4070570468902588,-0.206846684217453
634.896502,0.3685252070426941,-0.44648808240890503,0.37500929832458496
634.997039,-0.044419318437576294,-0.10880833864212036,0.3714016079902649
635.097561,-0.18971532583236694,0.4529044032096863,-0.09263336658477783
635.198061,-0.10120998322963715,-0.5023384094238281,-0.1383143663406372
635.298598,0.10231827199459076,-0.24520403146743774,0.12643373012542725
635.399096,0.19355276226997375,-0.09309077262878418,0.30206555128097534
635.499599,-0.12244054675102234,0.5164696574211121,-0.03163182735443115
635.600081,-0.021405845880508423,-0.6061983108520508,-0.1672607958316803
635.700620,0.23957866430282593,-0.29362988471984863,0.2230309247970581
635.801173,0.1621766835451126,-0.17043375968933105,0.403347909450531
635.901640,-0.09074515104293823,0.3150176405906677,0.05590534210205078
636.002176,-0.28376564383506775,-0.2081817388534546,-0.21554222702980042
636.102676,-0.08894172310829163,-0.06570315361022949,0.015935063362121582
636.203209,0.2737596929073334,-0.15057283639907837,0.20394110679626465
636.303656,-0.0361194908618927,0.37251871824264526,0.0588032603263855
636.404217,-0.034402523189783096,-0.4620802402496338,-0.15511628985404968
636.504662,0.17944958806037903,-0.23862862586975098,0.1419849395751953
636.605144,0.2026977837085724,-0.10037010908126831,0.3759532570838928
636.705768,-0.05786104127764702,0.2723158597946167,0.039218902587890625
636.806226,-0.3962897062301636,0.0006390810012817383,-0.2221301794052124
636.906801,-0.07488160580396652,-0.13084417581558228,-0.070698082447052
637.007190,0.11832212656736374,-0.035722970962524414,0.12616342306137085
637.107681,0.031326472759246826,-0.02491450309753418,0.09693574905395508
637.208327,-0.025871330872178078,-0.2798061966896057,-0.05263727903366089
637.308743,0.1070840060710907,-0.09603160619735718,0.17443108558654785
637.409250,0.1237533837556839,0.02521553635597229,0.22009128332138062
637.509738,-0.25944817066192627,0.3523181080818176,-0.046382248401641846
637.610243,-0.2116405963897705,-0.15527909994125366,-0.256125807762146
637.710793,-0.00895826518535614,0.05892741680145264,0.09944206476211548
637.811231,0.16618594527244568,-0.07936495542526245,0.0748177170753479
637.911736,-0.07087188959121704,-0.02121567726135254,-0.05005443096160889
638.012313,0.0015309154987335205,0.034205615520477295,0.002672553062438965
638.112741,0.011633813381195068,0.010501682758331299,0.012071728706359863
638.213324,0.019125230610370636,-0.009801149368286133,0.010813117027282715
638.313836,0.007431007921695709,-0.04123347997665405,-0.003679335117340088
638.414269,-0.016086898744106293,0.02131420373916626,0.009944260120391846
638.514812,-0.0003221184015274048,0.02408313751220703,0.0009025335311889648
638.615410,-0.003919057548046112,-0.013734221458435059,0.013784170150756836
638.715936,-0.012628287076950073,0.0021105408668518066,0.005800127983093262
638.816293,-0.01235383003950119,-0.006587505340576172,0.022183597087860107
638.916861,0.005780450999736786,0.013912022113800049,-0.0005882978439331055
639.017329,-0.017585389316082,0.008769214153289795,0.025522828102111816
639.117882,-0.0008841678500175476,-0.006134688854217529,-0.016184091567993164
639.218351,-0.022705592215061188,0.010914802551269531,0.015932202339172363
639.318927,-0.00036682188510894775,-0.0046738386154174805,-0.010301351547241211
639.419336,-0.018656551837921143,0.011066854000091553,0.02046346664428711
639.519962,-0.0005243867635726929,-0.006425976753234863,-0.015605568885803223
639.620431,-0.02931758016347885,0.021338701248168945,0.02585124969482422
639.720973,0.009455941617488861,-0.028620243072509766,-0.02048957347869873
639.821422,-0.026612482964992523,0.0006843805313110352,0.021682024002075195
639.921970,-0.000324442982673645,0.0011329054832458496,-0.011892199516296387
640.022403,-0.0368051752448082,0.01586705446243286,0.011446118354797363
640.122958,-0.006938159465789795,-0.01254802942276001,-0.02022385597229004
640.223439,-0.031501397490501404,0.00773930549621582,0.005282402038574219
640.324014,-0.01796858012676239,-0.006965041160583496,-0.012381970882415771
640.424452,-0.04172642529010773,0.0004119873046875,-0.01022493839263916
640.524975,-0.0015614032745361328,-0.007380962371826172,0.0021509528160095215
640.625521,-0.03860792517662048,-0.002157270908355713,-0.01253199577331543
640.725960,-0.0026172995567321777,0.005555510520935059,0.0009187459945678711
640.826447,-0.02770846337080002,-0.018195748329162598,-0.014213085174560547
640.927031,0.008163779973983765,0.010861873626708984,0.00707632303237915
641.027475,-0.01885233074426651,-0.011966049671173096,-0.008882522583007812
641.127962,0.020541220903396606,-0.00021797418594360352,0.006081938743591309
641.228549,-0.010520346462726593,-0.0007294416427612305,0.007100939750671387
641.329073,0.01405809074640274,0.004641473293304443,0.0005794763565063477
641.429353,0.0005861073732376099,-0.00499272346496582,0.010286927223205566
641.530080,0.0327652245759964,-0.0006023049354553223,0.013400852680206299
641.630592,0.00023981928825378418,-0.00546640157699585,0.012570381164550781
641.731008,0.007145792245864868,0.011022388935089111,0.015668511390686035
641.831666,0.004327647387981415,-0.016444146633148193,0.011238574981689453
641.932157,0.003769397735595703,0.006340682506561279,0.021466195583343506
642.032521,0.01974385976791382,0.006992757320404053,0.012162566184997559
642.133142,0.0017224624752998352,-0.014002025127410889,0.02057439088821411
642.233654,-0.010678090155124664,0.03937488794326782,0.005399107933044434
642.334140,-0.08315030485391617,0.0033803582191467285,-0.0007553696632385254
642.434626,0.015584021806716919,-0.26212078332901,-0.01924896240234375
642.535127,0.04382580518722534,-0.07461202144622803,0.20891731977462769
642.635575,-0.08035975694656372,0.27598875761032104,-0.019283652305603027
642.736002,-0.23850533366203308,0.012743234634399414,-0.09104835987091064
642.836639,-0.12501725554466248,-0.10563957691192627,-0.09331631660461426
642.937092,0.17929524183273315,-0.06853437423706055,0.2184581160545349
643.037648,0.04056761413812637,-0.05555689334869385,-0.0003229379653930664
643.138092,-0.09060025215148926,0.041296958923339844,-0.0389590859413147
643.238673,0.01346299797296524,0.0070250630378723145,0.007443785667419434
643.339303,-0.10237939655780792,0.1391603946685791,-0.023915529251098633
643.439702,0.07400178909301758,-0.3209903836250305,-0.1255078911781311
643.540155,0.09039437770843506,-0.2821677327156067,0.3068690299987793
643.640719,-0.004619866609573364,0.17028069496154785,0.06033682823181152
643.741236,-0.18557441234588623,0.3503519296646118,0.05914562940597534
643.841735,-0.3145069479942322,-0.4290415644645691,-0.3543727993965149
643.942222,0.0888291597366333,0.0168800950050354,0.258039653301239
644.042685,0.09780396521091461,-0.03001868724822998,-0.015015959739685059
644.143283,-0.06823031604290009,0.043018877506256104,-0.013679742813110352
644.243700,0.0007076412439346313,-0.011967718601226807,-0.017177343368530273
644.344275,0.026768386363983154,0.005138576030731201,0.04676473140716553
644.444736,-0.032823994755744934,0.017486512660980225,0.005626082420349121
644.545283,-0.2585683763027191,0.15381813049316406,-0.020584583282470703
644.645748,0.22926065325737,-0.38289356231689453,0.05943101644515991
644.746355,0.02366708219051361,-0.1026289165019989,0.29615169763565063
644.846881,-0.16831456124782562,0.37971895933151245,-0.05311638116836548
644.947267,-0.5039770007133484,-0.2886161208152771,-0.3798735737800598
645.047824,0.08534115552902222,-0.06122541427612305,0.12317675352096558
645.148368,0.08655938506126404,-0.08174121379852295,0.15306860208511353
645.248835,0.014045394957065582,0.001702725887298584,0.0008205175399780273
645.349378,-0.03860267251729965,0.04547321796417236,-0.012643158435821533
645.449821,0.011977069079875946,-0.0120583176612854,0.01218324899673462
645.550364,-0.06281396746635437,0.23981702327728271,0.019587039947509766
645.650924,-0.04808932542800903,-0.37094348669052124,-0.0905681848526001
645.751337,0.23026049137115479,-0.3703756332397461,0.3396306037902832
645.851870,-0.19764164090156555,0.14389434456825256,0.20010912418365479
645.952334,-0.04224381968379021,0.22954344749450684,-0.056015968322753906
646.052886,-0.4026941657066345,-0.19397330284118652,-0.3778022527694702
646.153488,0.107537642121315,-0.026428043842315674,0.25037020444869995
646.253866,0.15916146337985992,-0.11586058139801025,0.07119733095169067
646.354505,-0.08773878216743469,-0.003028273582458496,-0.009263098239898682
646.454847,-0.035184621810913086,-0.020855724811553955,-0.027481496334075928
646.555418,-0.037362754344940186,0.24016731977462769,0.004210829734802246
646.656011,0.0041928887367248535,-0.3703196048736572,-0.06079721450805664
646.756473,0.3331465721130371,-0.3202837109565735,0.29221785068511963
646.856913,-0.1544361412525177,0.07537341117858887,0.2233256697654724
646.957400,-0.19260680675506592,0.42730361223220825,-0.09870517253875732
647.057946,-0.3545210063457489,-0.41615980863571167,-0.39796382188796997
647.158466,0.04720887541770935,0.040327370166778564,0.2530733346939087
647.259008,0.18561170995235443,-0.0037549734115600586,0.07495903968811035
647.359476,-0.06546720862388611,-0.03900563716888428,-0.0265883207321167
647.460149,-0.0347503125667572,0.043019771575927734,0.004042863845825195
647.560460,-0.1163768470287323,0.1323586106300354,-0.03917950391769409
647.661021,0.20474126935005188,-0.5723916888237,0.09469938278198242
647.761466,0.046035036444664,-0.1569194793701172,0.3659931421279907
647.861946,-0.10476884245872498,0.3491933345794678,0.07765638828277588
647.962462,-0.21636904776096344,-0.1853998899459839,-0.10477644205093384
648.063053,0.04905426502227783,-0.05595052242279053,0.014848113059997559
648.163511,0.09976145625114441,0.031899333000183105,0.2061784267425537
648.264000,0.05947064608335495,-0.1372743844985962,-0.0055158138275146484
648.364650,-0.11193647235631943,0.038980305194854736,-0.024235069751739502
648.465130,-0.043129704892635345,0.004193127155303955,-0.021349549293518066
648.565552,-0.1848088800907135,0.37540584802627563,-0.13745063543319702
648.666106,0.3232516348361969,-0.4213077425956726,-0.022282302379608154
648.766611,0.059457927942276,-0.11095023155212402,0.42985498905181885
648.867143,-0.07481414824724197,0.28469645977020264,0.06069767475128174
648.967556,-0.22122932970523834,-0.14475375413894653,-0.17050737142562866
649.068049,-0.18480682373046875,-0.09887140989303589,-0.1398094892501831
649.168632,0.16618457436561584,0.05560016632080078,0.22026050090789795
649.269187,0.03832675889134407,-0.10649722814559937,0.09732222557067871
649.369619,-0.07220526784658432,-0.09912937879562378,-0.051605403423309326
649.470086,-0.04601673781871796,0.054764628410339355,-0.014064431190490723
649.570691,0.0048792604357004166,0.03451097011566162,-0.012515485286712646
649.671227,-0.036986157298088074,-0.04623359441757202,0.023384928703308105
649.771652,0.015746932476758957,-0.021773874759674072,-0.005115926265716553
649.872132,-0.029295561835169792,0.016222834587097168,-0.01456362009048462
649.972663,-0.011731995269656181,0.010728240013122559,-0.002185523509979248
650.073147,-0.006017420440912247,-0.023190438747406006,0.011401593685150146
650.173692,-0.006804374977946281,-0.0048111677169799805,-0.013050228357315063
650.274152,-0.03546544909477234,0.0251234769821167,-0.02882590889930725
650.374773,-0.012897210195660591,-0.014539062976837158,-0.012327462434768677
650.475132,-0.01122402772307396,0.011994719505310059,0.005528301000595093
650.575701,0.009096570312976837,0.005896627902984619,-0.00821155309677124
650.676230,-0.02498830482363701,-0.008354485034942627,-0.005043745040893555
650.776827,0.026170678436756134,-0.012759387493133545,0.01825171709060669
650.877938,-0.008463606238365173,-0.03404194116592407,0.010502874851226807
650.977713,0.02985810488462448,-0.008881926536560059,0.0314500629901886
651.078321,0.05190018191933632,-0.06543368101119995,0.12480896711349487
651.178765,0.0011526606976985931,-0.25357532501220703,0.18605917692184448
651.279270,0.12774935364723206,-0.1377810835838318,0.3209106922149658
651.379714,-0.1484004557132721,0.06840038299560547,0.16777783632278442
651.480293,-0.1053779274225235,0.22728323936462402,-0.069435715675354
651.580767,-0.05034609138965607,0.17284142971038818,-0.04015505313873291
651.681329,-0.0873919427394867,-0.09570372104644775,-0.09078872203826904
651.781856,-0.028580233454704285,-0.11841672658920288,-0.0037726759910583496
651.882328,-0.023873895406723022,0.01845410466194153,0.06399428844451904
651.982846,-0.06385535001754761,-0.0025522634387016296,0.03570544719696045
652.083333,0.015419483184814453,0.08583587408065796,-0.05083930492401123
652.183683,-0.07262539863586426,-0.014608949422836304,0.003094613552093506
652.284214,-0.06331050395965576,0.04346823692321777,-0.03535020351409912
652.384741,-0.03642934560775757,0.07612699270248413,0.004931628704071045
652.485217,-0.09105804562568665,0.026293396949768066,-0.06881880760192871
652.585673,0.010854154825210571,0.009389325976371765,0.05626368522644043
652.686250,0.06019273400306702,-0.042570650577545166,0.027903258800506592
652.786770,0.013810962438583374,-0.06545226275920868,0.02568894624710083
652.887153,0.017509490251541138,-0.03734926879405975,-0.014693796634674072
652.987755,-0.021106719970703125,0.018442511558532715,-0.0009393095970153809
653.088341,-0.003993332386016846,0.004137903451919556,-0.023139894008636475
653.189020,0.0001461505889892578,-0.0020025819540023804,0.011584877967834473
653.289190,0.006490767002105713,-0.017650604248046875,-0.014405131340026855
653.389697,-0.0030433833599090576,0.012719005346298218,0.004910111427307129
653.490268,-0.005508869886398315,-0.020389527082443237,-0.011921346187591553
653.590721,0.013576805591583252,0.008617475628852844,0.012899398803710938
653.691406,-0.018337398767471313,-0.018489614129066467,-0.019494950771331787
653.791906,-0.004135221242904663,0.026764050126075745,-0.0068531036376953125
653.892401,-0.17126154899597168,0.13978226482868195,-0.040142714977264404
653.992917,-0.08382464945316315,0.1480998992919922,0.06553733348846436
654.093433,-0.08275295048952103,0.21185870468616486,0.13736116886138916
654.193920,-0.12760823965072632,0.26480531692504883,0.16064709424972534
654.294371,-0.32343590259552,0.17856374382972717,0.04527539014816284
654.394920,-0.1661747395992279,-0.5761060118675232,0.050157010555267334
654.495400,-0.1402478814125061,-0.6491968631744385,0.19764333963394165
654.596036,-0.03270471841096878,-0.006446778774261475,0.07875913381576538
654.696518,-0.1300031542778015,0.2840006947517395,-0.055908203125
654.796995,-0.19395896792411804,0.292075514793396,-0.07684993743896484
654.897605,0.15960460901260376,-0.22601163387298584,0.0058386921882629395
654.998076,-0.014123156666755676,-0.057256221771240234,0.16173136234283447
655.098604,0.010137081146240234,-0.11611592769622803,-0.03581744432449341
655.199111,-0.03780258446931839,-0.02636009454727173,0.03172707557678223
655.299598,-0.02336016297340393,0.12999564409255981,-0.03514057397842407
655.400092,0.04652149975299835,0.07073956727981567,-0.08294904232025146
655.500544,0.053056418895721436,-0.18938422203063965,0.05835002660751343
655.601176,-0.07572486996650696,-0.10578984022140503,0.11961627006530762
655.701623,-0.028341569006443024,0.001663804054260254,0.008643567562103271
655.802198,-0.027834869921207428,0.21565532684326172,-0.04770141839981079
655.902620,0.02704031765460968,0.08193713426589966,-0.07977533340454102
656.003101,-0.009737670421600342,-0.02305614948272705,0.02448791265487671
656.103574,-0.01134270429611206,-0.04275360703468323,0.03325521945953369
656.204075,-0.0403749942779541,-0.03978705406188965,-0.01878821849822998
656.304669,-0.00583186000585556,0.01701521873474121,-0.01782214641571045
656.405134,-0.01849164068698883,0.008985280990600586,0.025614261627197266
656.505620,0.004817105829715729,-0.015690267086029053,-0.0007916688919067383
656.606093,-0.021501615643501282,0.08778578042984009,0.009607791900634766
656.706648,0.028187990188598633,0.11114025115966797,-0.08170837163925171
656.807186,-0.03318706154823303,-0.10747069120407104,-0.018907487392425537
656.907620,-0.003862738609313965,-0.2668002247810364,0.045268118381500244
657.008114,-0.04256196320056915,-0.11935612559318542,0.13402795791625977
657.108657,-0.011280639097094536,0.14433974027633667,0.034792184829711914
657.209137,-0.030932754278182983,0.28352034091949463,-0.0003108978271484375
657.309700,-0.10801389813423157,0.15461653470993042,-0.13596725463867188
657.410210,-0.04147067666053772,-0.19321340322494507,-0.11270076036453247
657.510679,0.004801422357559204,-0.17430740594863892,0.10935729742050171
657.611150,0.043566614389419556,-0.0942533016204834,0.1387956738471985
657.711719,0.035852283239364624,0.06059807538986206,0.04043155908584595
657.812170,0.018148258328437805,0.019295454025268555,-0.025972425937652588
657.912717,-0.027262315154075623,-0.010144948959350586,0.017531752586364746
658.013236,-0.002441972494125366,-0.038212597370147705,0.034793734550476074
658.113852,-0.030188173055648804,0.19810128211975098,-0.055586278438568115
658.214299,-0.06898579001426697,-0.09017813205718994,-0.16349095106124878
658.314747,0.12093281745910645,-0.2988782525062561,0.1799459457397461
658.415253,0.06265567243099213,-0.09929805994033813,0.30677366256713867
658.515757,-0.2389574497938156,0.3376621603965759,0.0029162168502807617
658.616354,-0.3394015431404114,0.20167118310928345,-0.16801342368125916
658.716738,-0.09172338247299194,-0.44593578577041626,-0.10427704453468323
658.817311,-0.006334811449050903,-0.26402854919433594,0.20498976111412048
658.917875,-0.012210935354232788,0.05285823345184326,0.15137118101119995
659.018404,0.03134676814079285,0.005237579345703125,-0.039257586002349854
659.118805,-0.08778426051139832,0.07143563032150269,-0.05337798595428467
659.219363,0.008448228240013123,-0.0730370283126831,0.0084267258644104
659.319920,-0.08808483183383942,-0.02240586280822754,0.04453808069229126
659.420446,0.02793225646018982,-0.01452261209487915,0.02478426694869995
659.520836,0.06207369267940521,0.16110509634017944,0.023728877305984497
659.621514,-0.17596572637557983,-0.006115436553955078,-0.22980481386184692
659.721906,-0.13356070220470428,-0.3967726230621338,0.07781532406806946
659.822490,0.18726655840873718,-0.16958141326904297,0.3798118233680725
659.923004,-0.2951474189758301,0.29162293672561646,0.10582953691482544
660.023445,-0.25381067395210266,0.2719007134437561,-0.12398412823677063
660.123860,-0.05783458054065704,-0.46002960205078125,-0.1297430396080017
660.224311,0.09377536177635193,-0.160331130027771,0.19874238967895508
660.324918,0.041346073150634766,0.08673709630966187,0.26226556301116943
660.425579,0.04705794155597687,-0.048974037170410156,-0.031300902366638184
660.525960,-0.10567860305309296,0.045300185680389404,-0.11065405607223511
660.626474,0.03623934090137482,0.017186880111694336,0.013831853866577148
660.726950,0.0035393089056015015,-0.03600281476974487,0.04679232835769653
660.827462,-0.03272382915019989,-0.015335142612457275,-0.04895448684692383
660.927963,-0.010211542248725891,-0.024433493614196777,-0.010500550270080566
661.028413,0.04101301729679108,0.008619487285614014,0.04806077480316162
661.128986,-0.006608322262763977,-0.0018312335014343262,0.00455784797668457
661.229487,0.002751454710960388,0.026355385780334473,-0.014954209327697754
661.330026,-0.035227686166763306,-0.00434422492980957,0.006579935550689697
661.430583,-0.04078295826911926,-0.01484060287475586,-0.039065778255462646
661.531056,-0.47253772616386414,0.08107739686965942,0.07490116357803345
661.631510,0.20408537983894348,0.17257702350616455,0.11699002981185913
661.732014,0.07546887546777725,0.01634460687637329,0.09317588806152344
661.832553,-0.1011437177658081,0.03211021423339844,0.03097432851791382
661.933091,0.19567394256591797,-0.08775186538696289,0.03716862201690674
662.033525,0.10731592774391174,0.12053382396697998,-0.10671168565750122
662.134087,-0.026358574628829956,0.10076427459716797,0.01481705904006958
662.234543,-0.13955697417259216,-0.09054118394851685,-0.0710902214050293
662.335002,-0.09697410464286804,0.03781318664550781,0.020373404026031494
662.435610,-0.07080584764480591,0.04838162660598755,0.03396868705749512
662.536090,-0.06224745512008667,-0.001713573932647705,-0.0030935704708099365
662.636539,0.007613420486450195,0.06531745195388794,0.05003294348716736
662.737161,-0.022434860467910767,-0.024875938892364502,-0.03643065690994263
662.837592,0.002615213394165039,0.04510217905044556,-0.002282768487930298
662.938138,-0.023794323205947876,-0.014570355415344238,-0.016617149114608765
663.038535,-0.004433333873748779,0.0478818416595459,0.00819900631904602
663.139087,-0.011254042387008667,-0.026267290115356445,-0.034620195627212524
663.239638,0.020122289657592773,0.044789671897888184,-0.013222277164459229
663.340277,-0.012619227170944214,-0.032277464866638184,-0.03554573655128479
663.440668,-0.006149739027023315,0.037686944007873535,-0.009051471948623657
663.541215,-0.015237569808959961,-0.018507957458496094,-0.009507685899734497
663.641671,0.002350836992263794,0.03194385766983032,-0.01654505729675293
663.742129,-0.012566864490509033,-0.016589581966400146,-0.012187361717224121
663.842656,-0.007819265127182007,0.025455951690673828,-0.016873687505722046
663.943133,-0.01217198371887207,-0.013485133647918701,-0.02071213722229004
664.043667,0.0009462833404541016,0.01892310380935669,-0.015091747045516968
664.144181,-0.011583447456359863,-0.000947117805480957,-0.0014224052429199219
664.244643,-0.04937070608139038,0.08849048614501953,0.100624680519104
664.345170,-0.37646201252937317,0.1786782145500183,0.23192167282104492
664.445695,-0.15576165914535522,0.2990083694458008,-0.1465858817100525
664.546380,0.5162962675094604,-0.04320657253265381,-0.5299755334854126
664.646760,0.4473501741886139,-0.031154096126556396,-0.4460653066635132
664.747312,-0.05112433433532715,0.04635298252105713,0.0017194151878356934
664.847796,-0.38583701848983765,0.034821927547454834,0.10210919380187988
664.948209,-0.37578314542770386,0.1270189881324768,0.2761079668998718
665.048714,-0.04407535493373871,0.09486937522888184,0.06205183267593384
665.149357,0.000486716628074646,-0.012602269649505615,-0.025614619255065918
665.249705,0.18723154067993164,-0.02564162015914917,-0.10648483037948608
665.350338,0.04812696576118469,0.021065235137939453,-0.010685265064239502
665.450776,-0.034428671002388,-0.010071158409118652,-0.011996567249298096
665.551459,-0.026743605732917786,-0.009557843208312988,0.0389399528503418
665.651985,-0.02452176809310913,0.0040923357009887695,0.024674057960510254
665.752330,-0.13822603225708008,0.042887091636657715,0.127480149269104
665.852924,-0.35140588879585266,0.21123123168945312,0.15079855918884277
665.953365,0.23513415455818176,-0.05149728059768677,-0.4401286244392395
666.053825,0.6152356863021851,-0.00603252649307251,-0.47797954082489014
666.154389,0.15064075589179993,0.1332796812057495,0.12971550226211548
666.254850,-0.6470069289207458,0.1949663758277893,0.3024830222129822
666.355359,-0.5200623273849487,0.09244704246520996,0.18084478378295898
666.455874,0.4609696567058563,-0.1111653745174408,-0.3473132252693176
666.556424,0.14343999326229095,0.05420428514480591,-0.09710443019866943
666.656919,-0.031001225113868713,0.025817155838012695,0.06347298622131348
666.757348,0.003263905644416809,-0.0032169222831726074,0.1087079644203186
666.857866,-0.07476852834224701,-0.004449248313903809,-0.015599370002746582
666.958442,0.010712668299674988,0.0024073123931884766,0.03520190715789795
667.058814,-0.017860010266304016,0.0072577595710754395,-0.012068331241607666
667.159474,-0.1456187218427658,0.069577157497406,0.0447198748588562
667.259737,-0.3109583556652069,-0.08552169799804688,-0.23166847229003906
667.360443,0.5520795583724976,-0.11445856094360352,-0.47492849826812744
667.460952,0.4615565240383148,0.2700690031051636,-0.011726975440979004
667.561459,-0.22070404887199402,0.3123074769973755,0.3159056007862091
667.662038,-0.778808057308197,0.1699020266532898,0.3630196452140808
667.762480,0.052296921610832214,-0.001047968864440918,-0.21551388502120972
667.862965,0.3056226670742035,-0.05330699682235718,-0.37223345041275024
667.963537,0.023276805877685547,0.08707904815673828,-0.022034645080566406
668.064016,-0.005826860666275024,0.009173989295959473,0.04950469732284546
668.164610,-0.017864316701889038,-0.011643588542938232,0.06883060932159424
668.265066,-0.041898757219314575,-0.018254458904266357,-0.000964820384979248
668.365529,-0.02324196696281433,-0.010680198669433594,0.08138400316238403
668.466030,-0.1548675298690796,0.02556324005126953,0.01734006404876709
668.566602,-0.1596737802028656,0.11066901683807373,-0.1207730770111084
668.667064,0.5522489547729492,-0.15686899423599243,-0.5236724615097046
668.767603,0.2537037432193756,0.14422476291656494,0.035191237926483154
668.868056,-0.20739048719406128,0.1797788143157959,0.3074328303337097
668.968559,-0.619296669960022,0.2531334161758423,0.44894087314605713
669.069052,0.07482382655143738,0.1320427656173706,-0.2381463646888733
669.169615,0.25184065103530884,-0.11791563034057617,-0.3155750036239624
669.270184,0.0055849552154541016,0.025475740432739258,-0.11889547109603882
669.370620,-0.004717975854873657,0.04952049255371094,0.08331078290939331
669.471119,0.029480844736099243,-0.0266839861869812,0.006903171539306641
669.571598,0.03169059753417969,-0.029571592807769775,0.05384469032287598
669.672168,-0.049961239099502563,0.00021535158157348633,0.02916818857192993
669.772640,-0.14321506023406982,0.10484540462493896,0.15010279417037964
669.873198,-0.0716557502746582,0.2408735156059265,0.022826731204986572
669.973664,0.5063238739967346,-0.1543256640434265,-0.4384572505950928
670.074118,-0.0011871755123138428,-0.13042637705802917,-0.23956769704818726
670.174646,-0.11981320381164551,0.17326056957244873,0.21735799312591553
670.275199,-0.41729599237442017,0.1941254734992981,0.36623823642730713
670.375635,-0.14921939373016357,0.25281059741973877,0.14492613077163696
670.476180,0.3555794656276703,-0.15151691436767578,-0.30419427156448364
670.576707,0.05144822597503662,-0.03732508420944214,-0.17027992010116577
670.677153,0.03568783402442932,0.03261077404022217,-0.028944194316864014
670.777725,-0.014094531536102295,0.03647816181182861,0.0015419721603393555
670.878312,-0.03052997589111328,0.03557854890823364,-0.009593963623046875
670.978789,0.04378119111061096,0.03017789125442505,0.0361936092376709
671.079275,-0.05540362000465393,-0.013438880443572998,0.048563480377197266
671.179749,-0.08099675178527832,-0.014248549938201904,-0.007669270038604736
671.280297,0.11479514837265015,0.043977558612823486,0.10479581356048584
671.380722,0.09983915090560913,0.05607801675796509,0.05170893669128418
671.481257,0.05226066708564758,-0.11191266775131226,0.05209559202194214
671.581771,0.1852521300315857,-0.026406466960906982,-0.13131272792816162
671.682310,0.006381213665008545,0.06449621915817261,0.22967278957366943
671.782768,0.1907462179660797,0.10458946228027344,-0.15465199947357178
671.883250,-0.14459779858589172,0.28864163160324097,-0.11652302742004395
671.983782,-0.1894945204257965,-0.06128811836242676,-0.14924630522727966
672.084259,0.16371983289718628,-0.33246368169784546,0.18428993225097656
672.184789,0.0752660483121872,-0.05919760465621948,0.12129580974578857
672.285318,-0.021171674132347107,0.3685009479522705,-0.14594966173171997
672.385773,-0.24781277775764465,0.010365664958953857,-0.13397103548049927
672.486347,0.04729348421096802,-0.08019548654556274,0.15008699893951416
672.586848,-0.0009763538837432861,-0.054416775703430176,-0.0014777183532714844
672.687381,0.04796382784843445,0.072540283203125,-0.015569090843200684
672.787827,-0.06860044598579407,0.04980194568634033,-0.029491662979125977
672.888315,0.029751688241958618,0.08526533842086792,-0.040928542613983154
672.988901,-0.21038496494293213,0.3084108233451843,-0.013906538486480713
673.089317,-0.07482492923736572,-0.536742091178894,0.05905282497406006
673.189890,0.1518101692199707,-0.1968051791191101,0.18047106266021729
673.290374,0.023376479744911194,0.3952624201774597,-0.05909550189971924
673.390890,-0.2599965035915375,0.19082897901535034,-0.15081918239593506
673.491429,0.12286579608917236,-0.19381600618362427,0.08480226993560791
673.591951,-0.04697856307029724,-0.11625635623931885,0.08901453018188477
673.692403,0.04432022571563721,-0.0012905597686767578,-0.04006463289260864
673.792904,-0.0034785568714141846,0.09993231296539307,-0.017792344093322754
673.893477,0.025555402040481567,0.07848823070526123,-0.037814557552337646
673.993899,-0.03026801347732544,0.3250666856765747,-0.0043680667877197266
674.094417,-0.18969383835792542,-0.43807828426361084,-0.009917855262756348
674.194984,0.17950202524662018,-0.2873169183731079,0.2571418285369873
674.295507,-0.010757535696029663,0.3095378279685974,0.0492633581161499
674.396097,-0.39859455823898315,0.26414161920547485,-0.13791614770889282
674.496484,-0.1286773979663849,-0.16203421354293823,-0.06406182050704956
674.597017,0.08831441402435303,-0.0779523253440857,0.13506382703781128
674.697507,-0.0027196109294891357,-0.07623177766799927,-0.010844588279724121
674.797989,-0.059163302183151245,0.013318836688995361,-0.02498304843902588
674.898516,-0.011468619108200073,0.07994318008422852,-0.0011161565780639648
674.999014,0.022812485694885254,0.352983295917511,-0.07403212785720825
675.099534,-0.33162084221839905,-0.32811784744262695,-0.05571228265762329
675.200015,0.0730733871459961,-0.4843705892562866,0.1989843249320984
675.300569,0.07016472518444061,0.17125874757766724,0.23054587841033936
675.401114,-0.33566033840179443,0.5710300207138062,-0.2230778932571411
675.501598,-0.1697399765253067,-0.17141616344451904,-0.09640195965766907
675.602056,0.23920589685440063,-0.1923888921737671,0.1680508852005005
675.702572,0.03964880108833313,-0.07594698667526245,0.1373988389968872
675.803110,-0.019119739532470703,-0.026730120182037354,-0.07466232776641846
675.903658,0.024408340454101562,0.014706671237945557,0.031815409660339355
676.004068,-0.030746489763259888,0.0702284574508667,-0.006049633026123047
676.104616,-0.15738415718078613,0.1808897852897644,-0.059595584869384766
676.205169,-0.04650422930717468,-0.3653152585029602,-0.00623476505279541
676.305620,0.149723619222641,-0.17508119344711304,0.26135408878326416
676.406158,-0.13118194043636322,0.20199179649353027,-0.012794971466064453
676.506611,-0.22416315972805023,0.23731738328933716,-0.07801461219787598
676.607101,-0.18931171298027039,-0.14895844459533691,-0.11181783676147461
676.707648,0.13589322566986084,-0.37224066257476807,0.17448922991752625
676.808141,-0.022324874997138977,-0.23155862092971802,0.12225508689880371
676.908649,-0.04883195459842682,-0.025381028652191162,0.09170126914978027
677.009144,0.13418714702129364,0.15694785118103027,0.14547944068908691
677.109677,0.15034672617912292,0.23705673217773438,0.08663374185562134
677.210254,-0.016770362854003906,0.2910025119781494,-0.08572041988372803
677.310781,-0.08885493874549866,-0.09565961360931396,-0.14043927192687988
677.411351,0.04770411550998688,-0.1888437271118164,0.123904287815094
677.511795,0.14980891346931458,-0.20909416675567627,0.17600739002227783
677.612200,0.033028606325387955,0.4169045686721802,0.024106264114379883
677.712724,-0.6800068020820618,-0.031244874000549316,-0.23056262731552124
677.813207,0.049496620893478394,-0.13316428661346436,0.07847398519515991
677.913668,0.11865115165710449,-0.10520637035369873,0.08499562740325928
678.014248,-0.04359763115644455,-0.0010513663291931152,-0.008755266666412354
678.114796,0.008476078510284424,0.021842360496520996,-0.01578342914581299
678.215248,-0.06756870448589325,-0.005747020244598389,0.0001125335693359375
678.315806,0.0364409014582634,-0.008840739727020264,-0.0020003914833068848
678.416298,0.0013626068830490112,0.15126943588256836,-0.05441725254058838
678.516866,-0.12548357248306274,-0.25649333000183105,-0.05416220426559448
678.617284,0.07169828563928604,-0.2191181182861328,0.258931040763855
678.717834,0.03144758939743042,0.2248612642288208,-0.04824572801589966
678.818418,-0.4523913562297821,0.16910964250564575,-0.17518091201782227
678.918776,-0.13848929107189178,-0.17870497703552246,0.035827457904815674
679.019452,0.14081363379955292,-0.09204983711242676,0.10368525981903076
679.119904,-0.0027411282062530518,0.015232384204864502,-0.05304145812988281
679.220349,-0.03532303869724274,0.044497549533843994,-0.013749837875366211
679.320872,0.03263869881629944,-0.020633399486541748,0.014319419860839844
679.421333,-0.07311868667602539,-0.019301295280456543,0.00016611814498901367
679.521877,-0.00020530074834823608,-0.0041727423667907715,-0.02233743667602539
679.622415,-0.043715573847293854,-0.020213544368743896,-0.0022377371788024902
679.722850,0.024820759892463684,0.01201397180557251,-0.0063253045082092285
679.823413,-0.053774669766426086,-0.021793127059936523,-0.003636777400970459
679.923876,0.0288914293050766,0.019092679023742676,-0.0023166537284851074
680.024386,-0.05638391524553299,-0.008296847343444824,-0.02504754066467285
680.124882,0.029981985688209534,0.018121778964996338,-0.006387054920196533
680.225435,-0.042447954416275024,-0.01414954662322998,-0.005568385124206543
680.325948,0.03494453430175781,0.015965163707733154,0.012192189693450928
680.426467,-0.021695997565984726,-0.017807841300964355,0.0010695457458496094
680.526876,0.006673675030469894,0.011549234390258789,-0.0008561611175537109
680.627413,-0.040606070309877396,0.029954195022583008,-0.024900853633880615
680.728038,-0.04133529216051102,0.21983098983764648,-0.0926429033279419
680.828493,-0.009668320417404175,-0.3477563261985779,0.06392481923103333
680.929001,0.05110839009284973,-0.14048445224761963,0.20908695459365845
681.029490,0.009587978012859821,0.21990907192230225,0.0014360547065734863
681.129981,-0.2234955132007599,0.24848276376724243,-0.18834030628204346
681.230554,-0.0061218515038490295,-0.19306159019470215,0.021402299404144287
681.331175,0.13454937934875488,-0.044644296169281006,0.1221393346786499
681.431553,-0.10874533653259277,-0.05291116237640381,-0.049091607332229614
681.532039,-0.016931328922510147,0.0235593318939209,-0.027025043964385986
681.632509,0.008872170001268387,-0.01475679874420166,-0.000524371862411499
681.733105,0.006447324529290199,0.04429382085800171,-0.002607405185699463
681.833513,0.020746823400259018,0.0031532645225524902,-0.043546974658966064
681.934058,0.014298290014266968,0.026093900203704834,0.013974040746688843
682.034552,-0.0064931269735097885,-0.01527315378189087,-0.005490601062774658
682.134986,-0.005703248083591461,0.02862483263015747,-0.004744410514831543
682.235443,-0.06277397274971008,0.005889892578125,-0.06717556715011597
682.335940,0.05214643478393555,-0.20020413398742676,0.14337459206581116
682.436494,0.0865643173456192,0.04623830318450928,0.18428730964660645
682.537020,-0.11323928833007812,0.31197482347488403,-0.12077021598815918
682.637573,-0.15389461815357208,-0.26668745279312134,-0.10656815767288208
682.738086,0.14688074588775635,-0.035713791847229004,0.11813366413116455
682.838414,-0.03548683598637581,-0.021317005157470703,-0.022876828908920288
682.939014,-0.05038263648748398,0.0075800418853759766,-0.056714653968811035
683.039694,0.05048997700214386,0.03776276111602783,0.03434818983078003
683.140278,-0.022100776433944702,-0.0033640265464782715,-0.0004208683967590332
683.240777,0.03997330367565155,0.005869150161743164,0.025859177112579346
683.341230,-0.004808279685676098,0.021145761013031006,0.0068860650062561035
683.441713,0.029668495059013367,-0.009872794151306152,0.010344833135604858
683.542178,-0.016416534781455994,0.010260045528411865,-0.005196750164031982
683.642830,0.031368281692266464,0.006278693675994873,0.015165984630584717
683.743117,-0.020401373505592346,0.010290265083312988,-0.005958855152130127
683.843802,0.0315672904253006,0.002489328384399414,0.015265405178070068
683.944283,-0.03438301384449005,0.0016718506813049316,-0.01147538423538208
684.044746,0.028646253049373627,0.011542141437530518,0.008573651313781738
684.145249,-0.024364152923226357,0.0060953497886657715,-0.003462851047515869
684.245733,0.02800286002457142,0.005621790885925293,0.015766680240631104
684.346449,-0.03603333234786987,0.0016885995864868164,-0.006734013557434082
684.446802,0.0276048481464386,0.0037766695022583008,0.009409904479980469
684.547335,-0.028696071356534958,-0.0027927756309509277,0.0028668642044067383
684.647875,0.02433847077190876,0.014912903308868408,0.006385922431945801
684.748321,-0.044520244002342224,-0.019839227199554443,0.002999603748321533
684.848873,0.0463026687502861,0.00726085901260376,0.01796478033065796
684.949344,-0.03856214880943298,0.0029833316802978516,-0.017832636833190918
685.049885,0.0418691448867321,0.01952826976776123,0.001334071159362793
685.150391,-0.057675570249557495,-0.022277772426605225,0.0004353523254394531
685.250939,0.02029579132795334,-0.010461211204528809,0.015556693077087402
685.351420,-0.032086245715618134,0.006024301052093506,0.0075644850730896
685.451854,0.04040750861167908,0.01598644256591797,0.001988649368286133
685.552403,-0.05088766664266586,0.005283653736114502,-0.0044491589069366455
685.652910,0.029738273471593857,0.002592802047729492,0.012134730815887451
685.753444,-0.04719521850347519,0.0016517043113708496,-0.0064705610275268555
685.853939,0.03925321251153946,0.014373719692230225,0.006072252988815308
685.954456,-0.05155013129115105,-0.00031960010528564453,-0.007430851459503174
686.054903,0.04815708473324776,-0.025968074798583984,0.0038837790489196777
686.155441,-0.002675490453839302,0.03327631950378418,-0.01140826940536499
686.255872,0.08957789838314056,0.1912570595741272,-0.09512227773666382
686.356411,0.01130586862564087,-0.18196219205856323,0.17203360795974731
686.456965,0.08957000076770782,0.025021135807037354,0.11886090040206909
686.557401,-0.10216939449310303,0.19531452655792236,-0.16877681016921997
686.658087,-0.0070590185932815075,-0.014020383358001709,-0.01756417751312256
686.758498,0.03847252205014229,-0.057119667530059814,0.05733382701873779
686.858951,-0.04898262768983841,0.007974624633789062,-0.050144195556640625
686.959632,-0.0025457851588726044,-0.015556871891021729,0.0018824934959411621
687.060027,-0.04299573972821236,-0.03646862506866455,-0.007896840572357178
687.160429,0.013240911066532135,0.057174861431121826,0.002562880516052246
687.261069,0.049076009541749954,0.03575378656387329,0.04340142011642456
687.361606,0.008694633841514587,-0.023534059524536133,-0.00018018484115600586
687.461997,0.006764709949493408,-0.0017843842506408691,0.009673893451690674
687.562571,-0.010597877204418182,0.007072031497955322,-0.005117654800415039
687.663037,0.0015796571969985962,-0.01604938507080078,0.00607648491859436
687.763624,-0.017619028687477112,0.00024580955505371094,-0.013484209775924683
687.864002,0.014918074011802673,-0.0031943321228027344,0.008177995681762695
687.964562,-0.002286650240421295,0.002961874008178711,0.0003966987133026123
688.065119,0.007363557815551758,-0.006979107856750488,0.004900991916656494
688.165672,-0.05348634719848633,-0.0362170934677124,-0.024511873722076416
688.266199,-0.05811659246683121,-0.011467933654785156,-0.09395545721054077
688.366603,-0.0195428766310215,0.13351726531982422,-0.0336453914642334
688.467201,-0.0032493378967046738,0.09674346446990967,0.08234602212905884
688.567627,0.06146935001015663,-0.08758455514907837,0.07275891304016113
688.668213,0.06624747812747955,-0.18493413925170898,0.08545809984207153
688.768644,0.038164734840393066,-0.043630897998809814,0.06700575351715088
688.869193,-0.028141319751739502,0.010123729705810547,-0.012289106845855713
688.969721,0.009538844227790833,0.0612485408782959,0.013261020183563232
689.070234,-0.003990471363067627,-0.04384970664978027,-0.0005364418029785156
689.170763,0.04082547128200531,-0.18085724115371704,0.10627889633178711
689.271227,-0.002461366355419159,-0.018448352813720703,0.08458244800567627
689.371658,-0.018776491284370422,0.22803694009780884,-0.06738650798797607
689.472201,-0.06407150626182556,0.1839820146560669,-0.11128133535385132
689.572662,0.026877909898757935,-0.30419594049453735,0.039729416370391846
689.673141,0.14844129979610443,-0.20128238201141357,0.16425806283950806
689.773590,-0.08328379690647125,0.19349324703216553,0.030639171600341797
689.874218,-0.19773338735103607,0.19570541381835938,-0.1621330976486206
689.974677,-0.05825182795524597,0.03205138444900513,-0.039504408836364746
690.075142,-0.01664748787879944,-0.37285470962524414,0.016696929931640625
690.175708,0.13170470297336578,-0.14851218461990356,0.1817798614501953
690.276230,-0.05781874060630798,0.33879101276397705,-0.03741133213043213
690.376820,-0.016829758882522583,0.10391885042190552,-0.14593428373336792
690.477256,0.003622084856033325,-0.27033042907714844,0.12539434432983398
690.577616,0.03118571639060974,-0.03770911693572998,0.13671356439590454
690.678275,-0.0646943747997284,0.2661537528038025,-0.12739825248718262
690.778739,-0.08585476875305176,-0.1295558214187622,-0.08786851167678833
690.879169,0.11498716473579407,-0.31848347187042236,0.22056680917739868
690.979835,-0.001973867416381836,0.04444366693496704,0.0742182731628418
691.080293,-0.011357203125953674,0.3784756064414978,-0.17990124225616455
691.180784,-0.0022824108600616455,-0.05526310205459595,-0.020119130611419678
691.281212,0.07220980525016785,-0.27753472328186035,0.25094980001449585
691.381903,-0.025222063064575195,0.01792508363723755,0.08165156841278076
691.482257,-0.12011431157588959,0.2828924059867859,-0.22183603048324585
691.582753,0.029022008180618286,-0.029659688472747803,-0.05404460430145264
691.683311,0.16217564046382904,-0.2087957262992859,0.20774686336517334
691.783839,-0.06388339400291443,-0.006685435771942139,-0.014721870422363281
691.884288,-0.023775354027748108,0.124026358127594,-0.08595985174179077
691.984918,0.05090087652206421,-0.0028940439224243164,0.035763323307037354
692.085328,-0.006268173456192017,-0.056442081928253174,0.026017069816589355
692.185945,0.021617308259010315,0.02277219295501709,0.002166271209716797
692.286289,0.017699241638183594,-0.010093331336975098,-0.002279341220855713
692.386962,0.031336814165115356,-0.003482341766357422,0.016909360885620117
692.487372,0.00910678505897522,0.008021175861358643,-0.006423354148864746
692.587890,0.02646738290786743,-0.011615574359893799,0.0322834849357605
692.688430,0.0046477168798446655,-0.015560746192932129,-0.004100143909454346
692.788849,0.01862543821334839,0.007695317268371582,0.025092482566833496
692.889391,-0.0028052181005477905,0.009269773960113525,-0.013686299324035645
692.989917,0.026249274611473083,-0.0060086846351623535,0.019683897495269775
693.090481,-0.011035516858100891,-0.0018705129623413086,-0.006046175956726074
693.190889,0.021881043910980225,0.001087188720703125,0.020232439041137695
693.291453,-0.030792847275733948,-0.004920899868011475,-0.02098524570465088
693.391993,0.021269559860229492,-0.012034416198730469,0.013879716396331787
693.492435,-0.02795615792274475,-0.0030372142791748047,-0.029061853885650635
693.593009,0.01997227966785431,-0.013347268104553223,-0.0010417699813842773
693.693552,-0.026040256023406982,0.0003345608711242676,-0.02510303258895874
693.793933,0.04048800468444824,-0.0008193254470825195,0.00867074728012085
693.894530,-0.03606347739696503,0.005085766315460205,-0.03101825714111328
693.994998,0.036721035838127136,-0.023324012756347656,0.0034224390983581543
694.095479,-0.0716324895620346,0.0044013261795043945,-0.04691702127456665
694.195994,0.026004165410995483,-0.00897139310836792,-0.008598685264587402
694.296518,-0.0582088828086853,-0.002235114574432373,-0.03801846504211426
694.397166,0.010488376021385193,0.008763730525970459,-0.012274503707885742
694.497574,-0.03654477000236511,-0.010005712509155273,-0.018061041831970215
694.598030,0.018346741795539856,0.012430846691131592,0.004397392272949219
694.698450,-0.021142005920410156,0.0012854933738708496,-0.006744205951690674
694.799101,0.004530206322669983,0.0026796460151672363,0.005979061126708984
694.899495,-0.02720627188682556,-3.230571746826172e-05,0.00835871696472168
695.000091,0.007295683026313782,0.00350189208984375,-0.0011413097381591797
695.100557,-0.042557746171951294,-0.0023611783981323242,-0.0031113624572753906
695.201050,0.011810213327407837,0.009031593799591064,-0.010708153247833252
695.301627,-0.031155645847320557,-0.010862231254577637,0.0018059611320495605
695.402098,0.014851957559585571,0.007290780544281006,0.011040866374969482
695.502607,-0.04013685882091522,0.009028434753417969,-0.012821555137634277
695.603124,0.011415138840675354,-0.01041567325592041,0.016173720359802246
695.703651,-0.03290814161300659,0.012614607810974121,-0.014207005500793457
695.804137,0.007664412260055542,-0.002503812313079834,0.01181560754776001
695.904692,-0.02560584247112274,0.012758314609527588,-0.004538774490356445
696.005103,0.009384065866470337,-0.0035580992698669434,-0.0007428526878356934
696.105622,-0.01830412447452545,-0.0038602352142333984,-0.001901865005493164
696.206168,0.008497074246406555,0.012168526649475098,-0.00558018684387207
696.306712,-0.02004113793373108,-0.009923994541168213,0.00482022762298584
696.407162,-0.006947845220565796,0.009572744369506836,-0.00575941801071167
696.507685,-0.027211442589759827,-0.004607498645782471,0.0020883679389953613
696.608260,-0.01744331419467926,0.03882056474685669,-0.009436428546905518
696.708707,-0.1626315712928772,0.0059691667556762695,-0.10638594627380371
696.809219,0.0858161449432373,-0.29720747470855713,0.1334025263786316
696.909793,0.05518599599599838,-0.022709131240844727,0.16484975814819336
697.010266,0.07454335689544678,0.4121302366256714,-0.052620112895965576
697.110733,-0.11864849925041199,0.02923184633255005,-0.11313927173614502
697.211260,0.032622843980789185,-0.10113805532455444,0.10093212127685547
697.311792,-0.033420294523239136,-0.07779127359390259,0.010340213775634766
697.412302,-0.04098471999168396,0.06043076515197754,-0.028886020183563232
697.512783,-0.023098737001419067,-0.002545773983001709,0.012037992477416992
697.613284,0.03937894105911255,-0.013044953346252441,0.03988504409790039
697.713782,0.0007138252258300781,0.0008347630500793457,0.042274534702301025
697.814302,0.013866186141967773,-0.0017207562923431396,0.017477571964263916
697.914846,-0.02621406316757202,-0.008831590414047241,0.03595024347305298
698.015372,0.00627097487449646,0.003739386796951294,-0.004782974720001221
698.115854,-0.03733658790588379,-0.002789914608001709,0.002637326717376709
698.216415,0.009329527616500854,-0.014518201351165771,-0.012882411479949951
698.316873,-0.03502056002616882,0.006615012884140015,-0.0011417865753173828
698.417418,0.03228116035461426,-0.006004780530929565,0.016640782356262207
698.517916,-0.03516384959220886,0.01936301589012146,-0.009795546531677246
698.618482,0.027258992195129395,-0.014845520257949829,0.00033295154571533203
698.718915,-0.039233237504959106,0.0258980393409729,-0.00036716461181640625
698.819411,-0.023895591497421265,-0.019958436489105225,-0.03779798746109009
698.919951,-0.022706717252731323,-0.02843421697616577,0.02231311798095703
699.020358,0.013765275478363037,0.017296552658081055,-0.026087284088134766
699.120923,0.04563075304031372,0.023344069719314575,0.04467213153839111
699.221448,0.00952233374118805,0.017930924892425537,0.0021735429763793945
699.321965,-0.03897455334663391,-0.09711682796478271,-0.008544325828552246
699.422473,0.042380817234516144,-0.06360733509063721,0.019101977348327637
699.522925,-0.11220064759254456,0.07032060623168945,-0.04216700792312622
699.623410,-0.09022070467472076,0.04705536365509033,-0.1026003360748291
699.724000,-0.07675593346357346,0.07677102088928223,-0.07603305578231812
699.824589,-0.21118894219398499,0.08149921894073486,-0.10964488983154297
699.925134,-0.11375617980957031,-0.243985116481781,-0.020175039768218994
700.025566,0.2759467363357544,-0.3435685634613037,0.3413259983062744
700.125900,0.05809438228607178,0.08728867769241333,0.11645400524139404
700.226563,-0.2663792371749878,0.5130929350852966,-0.1583613157272339
700.327095,-0.03742402791976929,-0.011628866195678711,-0.06634831428527832
700.427523,0.1529587209224701,-0.10152548551559448,0.020159661769866943
700.528071,0.13159415125846863,-0.3010321855545044,0.2442237138748169
700.628591,-0.03181380033493042,0.03985410928726196,0.09436410665512085
700.729160,-0.11299353837966919,0.3747180700302124,-0.12027502059936523
700.829617,-0.06075906753540039,-0.3501056432723999,0.08738335967063904
700.930144,0.28315800428390503,-0.32040077447891235,0.08789771795272827
701.030589,-0.024754345417022705,-0.028212666511535645,0.19782781600952148
701.131150,-0.07857304811477661,0.24200069904327393,-0.12323850393295288
701.231667,-0.3257104754447937,0.0716867446899414,-0.11928564310073853
701.332121,0.017741233110427856,-0.21868795156478882,-0.012250959873199463
701.432651,0.30528372526168823,-0.14626407623291016,0.12216353416442871
701.533129,-0.03709794580936432,0.10483163595199585,0.11284852027893066
701.633703,-0.21467146277427673,0.37873971462249756,-0.13844478130340576
701.734149,-0.2996428310871124,-0.26118016242980957,-0.0018322765827178955
701.834828,0.26874640583992004,-0.2177756428718567,0.1634480357170105
701.935150,0.05957067012786865,0.05243051052093506,0.16671621799468994
702.035616,-0.1312764585018158,0.44947129487991333,-0.17270243167877197
702.136199,-0.35954099893569946,-0.3392181992530823,0.01639258861541748
702.236741,0.30981332063674927,-0.2094133496284485,0.08741837739944458
702.337303,-0.05629447102546692,0.18059062957763672,0.1514519453048706
702.437791,-0.1140991747379303,0.39572155475616455,-0.12536633014678955
702.538324,-0.28675907850265503,-0.2506571412086487,-0.07781213521957397
702.638753,0.20686081051826477,-0.18481701612472534,0.18674743175506592
702.739244,-0.0026261210441589355,0.1287381649017334,0.10086369514465332
702.839729,0.006547331809997559,-0.0011168122291564941,-0.04024529457092285
702.940268,-0.017755508422851562,-0.09272128343582153,-0.028697729110717773
703.040852,0.20333293080329895,-0.03145277500152588,0.07230520248413086
703.141342,-0.29886868596076965,0.7091098427772522,-0.16666865348815918
703.241828,-0.006874978542327881,-0.3528051972389221,-0.037305593490600586
703.342375,0.4625086784362793,-0.385758638381958,0.1770559549331665
703.442798,-0.34200918674468994,0.14869123697280884,0.10309791564941406
703.543384,-0.2072816789150238,0.7536038756370544,-0.2802560329437256
703.643829,0.10928770899772644,-0.8034366965293884,-0.16220813989639282
703.744376,0.0868748128414154,-0.15209096670150757,0.16108757257461548
703.844888,-0.006748557090759277,0.06310445070266724,0.1346893310546875
703.945351,-0.05144256353378296,0.09983378648757935,0.09435266256332397
704.045808,-0.1616155505180359,0.3714812994003296,-0.05349189043045044
704.146328,-0.2327873706817627,0.2990213632583618,-0.013067185878753662
704.246807,0.3686854839324951,-0.8751591444015503,0.3228433132171631
704.347369,0.07457482814788818,0.01488882303237915,0.35771119594573975
704.447849,-0.3264147639274597,0.27506810426712036,0.1370915174484253
704.548371,-0.501657247543335,0.04832643270492554,-0.33209264278411865
704.648861,0.5522328019142151,-0.41518455743789673,0.11506736278533936
704.749422,-0.057744234800338745,-0.051985979080200195,0.049987196922302246
704.849940,0.02481856942176819,0.16346031427383423,0.2155548334121704
704.950413,0.030717313289642334,0.33463025093078613,0.12175869941711426
705.050967,-0.1898559331893921,0.3358840346336365,-0.15721863508224487
705.151422,-0.15561538934707642,-0.267272412776947,-0.17018747329711914
705.251998,0.6759140491485596,-0.4140636920928955,0.20726394653320312
705.352528,-0.07215173542499542,0.2936272621154785,0.1120767593383789
705.452960,-0.1895081102848053,0.32690709829330444,0.04034179449081421
705.553461,-0.3203253448009491,0.17917096614837646,0.04657483100891113
705.654086,0.3451453745365143,-0.5708547234535217,0.09035658836364746
705.754502,0.002088576555252075,0.16427534818649292,0.07600796222686768
705.855047,0.01883980631828308,0.26166510581970215,0.06837373971939087
705.955508,-0.07162198424339294,0.3233962059020996,-0.003968775272369385
706.055950,-0.2658698558807373,-0.06518614292144775,-0.22075217962265015
706.156479,0.45201775431632996,-0.45577573776245117,0.18916428089141846
706.256939,0.03737032413482666,0.0014438629150390625,0.1798417568206787
706.357545,-0.10498178005218506,0.24375617504119873,0.14412516355514526
706.458054,-0.13956484198570251,0.42006945610046387,0.0014595985412597656
706.558487,-0.15678265690803528,-0.021814167499542236,0.09231901168823242
706.659030,0.19693917036056519,-0.5148923993110657,0.2077736258506775
706.759539,0.08267834782600403,0.1954769492149353,0.139115571975708
706.859952,-0.058770328760147095,-0.2458186149597168,-0.11260533332824707
706.960542,-0.011026263236999512,-0.06944245100021362,0.012026071548461914
707.061158,-0.01209723949432373,0.16347670555114746,0.07792115211486816
707.161615,-0.007735401391983032,0.3358858823776245,0.0684128999710083
707.262011,-0.2739908993244171,0.10291057825088501,-0.21516096591949463
707.362552,0.22239553928375244,-0.7026824355125427,0.11751174926757812
707.463104,0.20310869812965393,-0.09559893608093262,0.10178011655807495
707.563538,0.019748538732528687,0.2495415210723877,0.17580842971801758
707.664262,-0.21443209052085876,0.326529324054718,0.09219563007354736
707.764567,-0.16048914194107056,0.05376940965652466,0.021641969680786133
707.865146,0.2210606336593628,-0.4137675166130066,0.19518697261810303
707.965640,-0.0010721981525421143,0.17729437351226807,0.05527764558792114
708.066131,0.005366533994674683,0.243660569190979,0.1334739327430725
708.166655,-0.2670443058013916,0.17993205785751343,-0.19341087341308594
708.267095,0.370339035987854,-0.44548332691192627,0.1979784369468689
708.367699,0.16940845549106598,-0.08365821838378906,0.08461916446685791
708.468159,0.015420719981193542,0.12150973081588745,0.22827327251434326
708.568685,-0.17121641337871552,0.3425385355949402,0.013583719730377197
708.669224,-0.33776044845581055,0.17430800199508667,-0.2967507839202881
708.769657,0.5585154891014099,-0.2677900791168213,0.2145519256591797
708.870269,0.04963371157646179,0.13608145713806152,0.1284390687942505
708.970717,0.03716480731964111,0.14450937509536743,0.1837748885154724
709.071213,-0.08830195665359497,-0.03189492225646973,-0.16001838445663452
709.171757,-0.06390982866287231,-0.0035048723220825195,-0.0903896689414978
709.272229,-0.0025137662887573242,0.0783073902130127,0.048666536808013916
709.372740,0.04741981625556946,-0.003933608531951904,0.024069607257843018
709.473244,-0.02996523678302765,-0.05207657814025879,-0.012725591659545898
709.573708,-0.007264956831932068,-0.011267781257629395,2.6464462280273438e-05
709.674287,0.006366848945617676,0.035931169986724854,0.017874836921691895
709.774776,0.008366137742996216,0.015409469604492188,-0.004169940948486328
709.875288,0.0064004212617874146,-0.01613473892211914,-0.007659971714019775
709.975800,-0.026109904050827026,0.05534583330154419,-0.0037019848823547363
710.076284,-0.1142055094242096,0.24292922019958496,-0.08287662267684937
710.176801,-0.024378061294555664,-0.1152835488319397,-0.03560781478881836
710.277333,0.16158166527748108,-0.3880542516708374,0.10397219657897949
710.377802,0.11296504735946655,0.018203794956207275,0.14546608924865723
710.478281,-0.015277326107025146,0.26312148571014404,0.12115305662155151
710.578807,-0.2186422348022461,0.1020355224609375,0.04852426052093506
710.679415,0.029119879007339478,-0.011650443077087402,-0.028674542903900146
710.779871,0.03237108886241913,-0.36452382802963257,0.015173256397247314
710.880341,0.01548624038696289,0.1809709668159485,0.11811023950576782
710.980842,-0.03841197490692139,-0.04057103395462036,-0.09417510032653809
711.081292,-0.006661772727966309,-0.03422647714614868,0.002930879592895508
711.181881,0.0009137392044067383,0.03474944829940796,0.015455663204193115
711.282422,-0.008798748254776001,-0.029163658618927002,-0.015027523040771484
711.382865,0.01786673069000244,0.009065985679626465,0.015135467052459717
711.483442,-0.0003249645233154297,-0.0009279251098632812,-0.013799726963043213
711.583951,-0.0024191737174987793,-0.0077517032623291016,-0.0033429861068725586
711.684465,0.002706378698348999,0.012827515602111816,-0.001492917537689209
711.784891,-0.004981428384780884,-0.008643925189971924,-0.008141756057739258
711.885392,-0.006395071744918823,-0.005442559719085693,0.001504361629486084
711.985961,-0.0023179352283477783,-0.004191994667053223,-0.0002015829086303711
712.086426,0.00032770633697509766,-0.005590260028839111,-0.0011592507362365723
712.186949,0.007785171270370483,0.008947193622589111,0.004831969738006592
712.287546,-0.0020631253719329834,-0.018483281135559082,-0.014096379280090332
712.388027,0.008018672466278076,0.006579279899597168,0.004511654376983643
712.488440,-0.00948229432106018,0.0068555474281311035,-0.01508396863937378
712.588977,-0.0026942193508148193,-0.0007663965225219727,0.0042517781257629395
712.689461,0.005893290042877197,0.014119565486907959,-0.007193207740783691
712.789976,0.002040177583694458,-0.015009403228759766,-0.006511867046356201
712.890488,0.023402005434036255,0.015818536281585693,0.004505515098571777
712.991009,-0.007240951061248779,-0.0047016143798828125,-0.008574724197387695
713.091602,0.018865108489990234,-0.014688670635223389,0.0002459287643432617
713.192048,-0.00968220829963684,0.00887972116470337,0.004269659519195557
713.292532,0.003927379846572876,-0.007184863090515137,-0.010574638843536377
713.393071,-0.005770057439804077,0.002683103084564209,0.020241260528564453
713.493516,0.011141151189804077,0.004329085350036621,-0.02479308843612671
713.594139,-0.0010404884815216064,0.012051522731781006,0.015732288360595703
713.694614,0.012642234563827515,0.007695019245147705,-0.028282582759857178
713.795081,-0.007866322994232178,0.009666383266448975,0.013834834098815918
713.895561,0.007528096437454224,-0.003000497817993164,-0.025753915309906006
713.996061,-0.0017569661140441895,0.005230128765106201,0.013669967651367188
714.096534,0.008449047803878784,-0.0027742981910705566,-0.023013710975646973
714.197095,-0.010213255882263184,-0.004782497882843018,0.008794307708740234
714.297662,0.021006673574447632,0.0003593564033508301,-0.0026009678840637207
714.398297,-0.016377508640289307,-0.013445734977722168,-0.011447310447692871
714.498663,-0.021539419889450073,0.01734471321105957,0.0001766681671142578
714.599151,-0.0142744779586792,0.00012189149856567383,0.0046724677085876465
714.699696,0.053284287452697754,-0.05355477333068848,0.0363500714302063
714.800148,-0.01227349042892456,-0.00549924373626709,-0.010322868824005127
714.900640,-0.053806185722351074,-0.00319594144821167,0.03548252582550049
715.001119,-0.05792355537414551,-0.0020491480827331543,-0.04096740484237671
715.101671,-0.07213443517684937,0.019476652145385742,0.014641225337982178
715.202248,0.07485179603099823,0.047347426414489746,0.006333649158477783
715.302731,0.09372228384017944,-0.0761144757270813,0.03912484645843506
715.403351,0.024071410298347473,0.013548731803894043,0.04575145244598389
715.503722,0.004469677805900574,-0.014425396919250488,-0.007920265197753906
715.604203,-0.003661811351776123,0.025094032287597656,0.019909203052520752
715.704784,-0.003494471311569214,-0.04158693552017212,-0.03031754493713379
715.805285,0.07053431868553162,0.004010438919067383,-0.00040990114212036133
715.905669,-0.05020800232887268,-0.027076691389083862,0.0015611052513122559
716.006223,0.024010419845581055,-0.0022163987159729004,0.028530359268188477
716.106769,0.0002461373805999756,-0.0060839056968688965,-0.03247547149658203
716.207285,-0.0055602192878723145,0.01677688956260681,0.06099855899810791
716.307754,-0.026136338710784912,-0.007159292697906494,-0.0494651198387146
716.408244,-0.009916961193084717,0.015471726655960083,0.027890264987945557
716.508778,0.015505492687225342,-0.0037295520305633545,-0.02538156509399414
716.609193,-0.0336337685585022,0.014340043067932129,0.03383105993270874
716.709837,0.014266550540924072,0.004492461681365967,-0.02744048833847046
716.810277,-0.025655508041381836,-0.005981743335723877,0.024885833263397217
716.910764,0.0415647029876709,0.001880556344985962,-0.005555927753448486
717.011281,-0.03729403018951416,-0.01874670386314392,0.004609525203704834
717.111956,0.03724008798599243,0.010716438293457031,0.012971639633178711
717.212425,-0.060060858726501465,-0.029938459396362305,-0.023374617099761963
717.312869,0.05052542686462402,0.01875704526901245,0.030478239059448242
717.413413,-0.061666786670684814,-0.032371461391448975,-0.04166454076766968
717.513881,0.06359004974365234,0.020826220512390137,0.04612690210342407
717.614350,-0.04314917325973511,-0.030151695013046265,-0.062491416931152344
717.714915,0.02219301462173462,0.010354936122894287,0.05208754539489746
717.815397,-0.040906548500061035,0.0005248785018920898,-0.05058532953262329
717.915842,-0.03961831331253052,-0.003461778163909912,0.04522907733917236
718.016355,-0.06501847505569458,-0.011485576629638672,0.017054378986358643
718.116913,-0.01885855197906494,0.19364655017852783,-0.053788065910339355
718.217444,-0.10858151316642761,0.2778341770172119,-0.16529089212417603
718.317922,0.11095452308654785,-0.38023531436920166,0.36495381593704224
718.418515,0.21511457860469818,-0.17300456762313843,0.25458747148513794
718.518975,-0.006397649645805359,0.031989991664886475,-0.03927135467529297
718.619431,-0.3061668872833252,0.2081482708454132,-0.12184000015258789
718.719948,-0.08285254240036011,-0.04086583852767944,-0.04804331064224243
718.820470,0.16849973797798157,-0.09751421213150024,0.1475091576576233
718.920957,-0.001708298921585083,-0.03822296857833862,-0.0776633620262146
719.021441,-0.020999878644943237,0.03831019997596741,0.001494288444519043
719.122016,0.028897881507873535,-0.019218534231185913,-0.029613018035888672
719.222511,0.022189021110534668,-0.0347822904586792,0.01730591058731079
719.322983,-0.2133302390575409,0.29806917905807495,-0.0787438154220581
719.423616,-0.10448703169822693,-0.07243818044662476,0.08695816993713379
719.523957,0.3067913055419922,-0.29088711738586426,0.2547205686569214
719.624469,0.10856874287128448,-0.0009177029132843018,0.0897752046585083
719.725063,-0.1273149847984314,0.3135692775249481,-0.12631750106811523
719.825542,-0.4022950232028961,0.020773231983184814,-0.1101149320602417
719.926045,0.239325612783432,-0.04467010498046875,0.1770268678665161
720.026582,0.035156846046447754,-0.13607585430145264,0.004258275032043457
720.127050,-0.02991977334022522,0.10190963745117188,0.0025949478149414062
720.227643,-0.04177755117416382,-0.09143835306167603,-0.02498030662536621
720.328123,0.02345868945121765,0.018724381923675537,0.06612986326217651
720.428566,-0.0355667769908905,-0.035388827323913574,-0.04786527156829834
720.529121,-0.014089494943618774,-0.005235999822616577,0.04289650917053223
720.629457,0.012920945882797241,-0.0088270902633667,-0.0329170823097229
720.730284,0.00929442048072815,-0.03062865138053894,0.04121363162994385
720.830700,0.06975612044334412,0.06233188509941101,-0.03416341543197632
720.931109,-0.06983846426010132,0.1156626045703888,-0.08661162853240967
721.031663,-0.35249656438827515,0.1773977279663086,-0.06579893827438354
721.132041,0.1655409336090088,-0.23400622606277466,0.2708832621574402
721.232655,0.33055347204208374,-0.22976231575012207,0.2006692886352539
721.333148,0.032237857580184937,0.11730030179023743,0.07994967699050903
721.433639,-0.39028188586235046,0.2856433093547821,-0.22662794589996338
721.534201,-0.08938086032867432,-0.05327609181404114,0.02341628074645996
721.634514,0.21982839703559875,-0.08061617612838745,0.1321772336959839
721.735226,-0.022593975067138672,-0.07298821210861206,0.00464177131652832
721.835736,-0.025115758180618286,0.06660369038581848,-0.004519462585449219
721.936198,-0.025336861610412598,-0.030948549509048462,-0.006046295166015625
722.036743,0.002313166856765747,-0.03308546543121338,0.01653963327407837
722.137256,0.017148524522781372,0.02252143621444702,-0.02198493480682373
722.237700,-0.040923863649368286,0.10233902931213379,-0.07157891988754272
722.338163,-0.3243018686771393,0.07639431953430176,0.024762392044067383
722.438769,0.15373772382736206,-0.2641146779060364,0.20071959495544434
722.539230,0.24375484883785248,-0.08852103352546692,0.15321791172027588
722.639778,-0.04787856340408325,0.07704994082450867,0.017555296421051025
722.740254,-0.2275146245956421,0.143100768327713,-0.08770662546157837
722.840751,-0.06580507755279541,0.003845304250717163,-0.059388697147369385
722.941328,0.09625786542892456,-0.04108572006225586,0.0402374267578125
723.041863,-0.02375274896621704,0.00876733660697937,-0.03760659694671631
723.142246,-0.03239142894744873,-0.019935518503189087,-0.02638554573059082
723.242732,0.03810405731201172,0.01625242829322815,0.027180373668670654
723.343382,-0.002508401870727539,-0.0330105721950531,-0.017084360122680664
723.443897,0.02548232674598694,0.012227386236190796,0.027617692947387695
723.544375,-0.02862328290939331,-0.0169183611869812,-0.02805161476135254
723.644700,0.01794072985649109,0.02702343463897705,0.0015032291412353516
723.745404,-0.08536112308502197,0.06098860502243042,-0.05102097988128662
723.845852,0.012242615222930908,-0.09747958183288574,-0.015052616596221924
723.946468,0.2164977788925171,-0.045033425092697144,0.11259198188781738
724.046941,0.03870096802711487,0.035914212465286255,-0.037596702575683594
724.147368,-0.21300050616264343,0.0924617350101471,-0.006670355796813965
724.247897,-0.02377578616142273,-0.013185292482376099,-0.029022812843322754
724.348459,0.12228646874427795,-0.061676979064941406,0.07923823595046997
724.448937,-0.03316536545753479,0.029582440853118896,-0.061687469482421875
724.549451,-0.007564932107925415,-0.03144627809524536,-0.001269221305847168
724.650022,0.005978256464004517,0.06758388876914978,-0.0183255672454834
724.750390,-0.020427048206329346,-0.07376539707183838,-0.028281807899475098
724.850955,0.04364088177680969,0.06749600172042847,0.035126686096191406
724.951489,-0.056671977043151855,-0.058890312910079956,-0.02625143527984619
725.052017,0.03727397322654724,0.01861312985420227,0.04149830341339111
725.152539,0.019049793481826782,0.010207056999206543,-0.06398099660873413
725.252973,-0.03299558162689209,0.13542798161506653,-0.04554039239883423
725.353479,-0.16944044828414917,0.05446788668632507,-0.008727550506591797
725.454007,0.16449463367462158,-0.194521963596344,0.13864821195602417
725.554514,0.2739931344985962,-0.10627409815788269,0.054675161838531494
725.655013,0.02682521939277649,0.07716310024261475,-0.0808296799659729
725.755601,-0.3167096972465515,0.211125910282135,-0.11036008596420288
725.856013,-0.02039685845375061,-0.05164724588394165,0.06732314825057983
725.956569,0.1621137261390686,-0.11402320861816406,0.13498181104660034
726.057059,-0.045513808727264404,-0.0006306171417236328,-0.030176162719726562
726.157636,-0.03580847382545471,0.003260880708694458,-0.011562943458557129
726.258087,0.010818153619766235,0.010155826807022095,0.016763925552368164
726.358701,-0.014568954706192017,-0.06950327754020691,-0.02378213405609131
726.459080,0.022190332412719727,-0.14358940720558167,0.08559536933898926
726.559588,0.06392750144004822,-0.005343914031982422,-0.02243673801422119
726.660001,0.06625956296920776,0.1985231637954712,-0.017926037311553955
726.760603,-0.12594479322433472,0.26672911643981934,-0.14059662818908691
726.861118,-0.321117103099823,-0.1164444088935852,0.0954551100730896
726.961615,0.2686852514743805,-0.16283881664276123,0.10682296752929688
727.062088,0.2515288293361664,-0.19029992818832397,0.16410255432128906
727.162757,-0.07183635234832764,0.4225757420063019,-0.14763563871383667
727.263157,-0.37523895502090454,-0.0655602216720581,-0.07063353061676025
727.363634,0.22435921430587769,-0.012425541877746582,0.1189429759979248
727.464204,0.03656953573226929,-0.11787927150726318,0.027345716953277588
727.564662,-0.06410151720046997,0.0728277862071991,-0.04052466154098511
727.665204,-0.009164929389953613,-0.009913802146911621,-0.03417140245437622
727.765688,0.036123812198638916,-0.09678328037261963,-0.0724216103553772
727.866204,-0.004410505294799805,-0.07564380764961243,-0.0649765133857727
727.966708,0.04714006185531616,0.03723567724227905,0.028513312339782715
728.067175,0.000972747802734375,0.2706078886985779,0.03687840700149536
728.167789,-0.1431359052658081,0.32293224334716797,0.03710561990737915
728.268257,-0.24310153722763062,-0.5040811896324158,0.020846188068389893
728.368679,0.3866302967071533,-0.07711094617843628,0.10142499208450317
728.469262,0.0815909206867218,-0.017786026000976562,0.07530927658081055
728.569726,-0.28475695848464966,0.2564865052700043,-0.12338912487030029
728.670265,-0.09617376327514648,0.010996043682098389,-0.032581448554992676
728.770743,0.15763521194458008,-0.0890539288520813,0.04029560089111328
728.871355,0.016651391983032227,0.0012410879135131836,0.03609377145767212
728.971834,-0.07841205596923828,0.053596675395965576,-0.07385057210922241
729.072306,-0.012426495552062988,-0.012008637189865112,0.025194764137268066
729.172799,-0.11261773109436035,-0.027085036039352417,-0.07701855897903442
729.273403,-0.045729637145996094,-0.037599414587020874,-0.0248681902885437
729.373844,0.07149803638458252,0.1444893181324005,0.06052994728088379
729.474332,-0.004768490791320801,0.15157413482666016,0.2167876958847046
729.574870,-0.24647748470306396,-0.19789749383926392,-0.1513277292251587
729.675391,0.2566652297973633,-0.23862004280090332,0.1391487717628479
729.775859,0.15582740306854248,0.004197120666503906,0.1496158242225647
729.876432,-0.1313856840133667,0.21463292837142944,-0.09744703769683838
729.976837,-0.23854458332061768,0.06723952293395996,-0.0697832703590393
730.077362,0.10105878114700317,-0.06536144018173218,0.09666574001312256
730.177764,0.051980555057525635,-0.054588764905929565,0.030260682106018066
730.278344,-0.0680340826511383,0.0014069080352783203,-0.041370511054992676
730.378878,0.021535485982894897,0.010445952415466309,0.0005974173545837402
730.479361,0.036405205726623535,-0.022395223379135132,0.005212128162384033
730.579852,0.0003447532653808594,0.03211694955825806,-0.029054582118988037
730.680239,-0.06501179933547974,0.022671014070510864,-0.0347137451171875
730.780965,-0.029378801584243774,-0.055016934871673584,0.048279523849487305
730.881382,0.09952601790428162,-0.026893943548202515,0.03558117151260376
730.981931,0.014007031917572021,-0.02276870608329773,0.007991135120391846
731.082404,0.007612138986587524,0.10769963264465332,-0.09872698783874512
731.183013,-0.0850101113319397,-0.014334410429000854,-0.026322603225708008
731.283450,0.11423623561859131,-0.009764611721038818,0.003174126148223877
731.383963,0.011118680238723755,-0.03629040718078613,0.005106866359710693
731.484465,-0.013734757900238037,0.0731065571308136,-0.03543663024902344
731.585004,-0.006491661071777344,-0.05735418200492859,0.011696219444274902
731.685457,-0.028529971837997437,0.007011979818344116,-0.007837474346160889
731.785944,0.047396957874298096,-0.044750213623046875,0.029571950435638428
731.886455,0.06761181354522705,0.19179457426071167,-0.07453781366348267
731.986968,-0.2533433437347412,0.17766764760017395,-0.1233820915222168
732.087596,0.06442433595657349,-0.17997556924819946,0.20350289344787598
732.188020,0.28664928674697876,-0.19060218334197998,0.15278416872024536
732.288556,0.05240541696548462,0.026585012674331665,0.05050301551818848
732.389100,-0.36085283756256104,0.2514890730381012,-0.14633053541183472
732.489552,-0.021434366703033447,0.0194949209690094,0.08210450410842896
732.590035,0.14103072881698608,-0.13202285766601562,0.10603135824203491
732.690584,-0.0002504587173461914,-0.030413925647735596,0.007059991359710693
732.791050,-0.08592116832733154,-0.03736907243728638,-0.04166007041931152
732.891542,0.12505385279655457,-0.018435418605804443,0.010800361633300781
732.992074,0.05591508746147156,0.278461217880249,-0.11997872591018677
733.092581,-0.35999637842178345,-0.009005069732666016,-0.04911762475967407
733.193206,0.1663435399532318,-0.17677921056747437,0.19652724266052246
733.293605,0.3099403977394104,-0.12803763151168823,0.09665006399154663
733.394093,-0.05396196246147156,0.20454007387161255,-0.15966826677322388
733.494670,-0.3254625201225281,0.28696975111961365,-0.22636693716049194
733.595084,0.05011659860610962,-0.07091587781906128,0.15547329187393188
733.695700,0.18050602078437805,-0.20999276638031006,0.15311157703399658
733.796129,-0.09518945217132568,-0.07172268629074097,-0.025468528270721436
733.896715,0.013987511396408081,-0.006527364253997803,0.07629024982452393
733.997145,0.13251259922981262,0.25251057744026184,-0.08880698680877686
734.097715,-0.1815384030342102,0.3524817228317261,-0.13264966011047363
734.198280,-0.17451435327529907,-0.10711777210235596,0.0703776478767395
734.298688,0.386107861995697,-0.18046867847442627,0.38407790660858154
734.399206,0.08241215348243713,0.07652628421783447,-0.04383474588394165
734.499709,-0.34335553646087646,0.4251434803009033,-0.23491501808166504
734.600200,-0.03577297925949097,-0.05041313171386719,0.052266836166381836
734.700757,0.24327659606933594,-0.1344568133354187,0.19733309745788574
734.801200,-0.02829650044441223,0.027610421180725098,-0.054871439933776855
734.901746,-0.34566226601600647,-0.1624135971069336,-0.0339394211769104
735.002247,0.23440960049629211,0.21896719932556152,0.12882685661315918
735.102752,0.26878026127815247,0.4118998646736145,-0.11938923597335815
735.203223,-0.4010452926158905,-0.26531684398651123,0.04804331064224243
735.303787,0.30843111872673035,-0.24827229976654053,0.17112183570861816
735.404278,0.1341519057750702,0.024448484182357788,0.10412025451660156
735.504747,-0.2945747971534729,0.429644376039505,-0.2509869933128357
735.605339,-0.14163726568222046,0.03727298974990845,0.08578342199325562
735.705856,0.20131075382232666,-0.17422538995742798,0.150526762008667
735.806328,-0.0836876630783081,-0.28985148668289185,-0.0896005630493164
735.906857,-0.10758090019226074,-0.17062360048294067,-0.19576793909072876
736.007320,-0.0498812198638916,0.05761063098907471,0.18358439207077026
736.107849,0.17544037103652954,0.46725374460220337,0.218267560005188
736.208512,-0.0914929211139679,0.3620721101760864,-0.03248661756515503
736.308866,-0.9504444599151611,-0.4136672019958496,-0.8138375878334045
736.409320,0.17903931438922882,-0.38472914695739746,0.07394611835479736
736.509850,0.06588732451200485,0.0589558482170105,0.1325656771659851
736.610346,-0.1923058182001114,0.46942734718322754,-0.27040600776672363
736.710892,0.03413006663322449,-0.11567199230194092,0.1453249454498291
736.811389,0.13327400386333466,-0.15055662393569946,0.12788504362106323
736.911938,-0.06828667223453522,-0.027665138244628906,-0.0809859037399292
737.012552,0.06302811205387115,0.09576410055160522,-0.04749190807342529
737.112884,-0.08727143704891205,0.024255037307739258,-0.32865816354751587
737.213381,0.09047596901655197,0.05171245336532593,-0.12869477272033691
737.313914,-0.05834396928548813,0.12273722887039185,0.2131473422050476
737.414461,-0.11883112043142319,0.33965152502059937,0.25336217880249023
737.514905,-0.3690904378890991,0.043134450912475586,-0.11712205410003662
737.615472,0.3294624090194702,-0.7484529614448547,0.26125580072402954
737.715928,-0.22162169218063354,-0.2620452046394348,0.3538731336593628
737.816406,-0.24808016419410706,0.7076185941696167,0.059343695640563965
737.916956,0.16611017286777496,-0.1410333514213562,-0.03653448820114136
738.017467,0.22588089108467102,-0.22001886367797852,-0.04043853282928467
738.118068,-0.1503070890903473,0.0716698169708252,-0.05387675762176514
738.218561,-0.025408238172531128,-0.14070236682891846,-0.03939211368560791
738.319049,0.08782396465539932,-0.23362207412719727,0.022746801376342773
738.419482,-0.06646338850259781,0.25734347105026245,0.2059141993522644
738.519948,0.08417922258377075,0.4419097900390625,-0.048460543155670166
738.620553,-0.14745113253593445,-0.4882708191871643,-0.1900753378868103
738.721067,0.1524207890033722,-0.7424491047859192,0.3453679084777832
738.821609,-0.31162458658218384,0.4553828239440918,-0.03520858287811279
738.922077,-0.38453710079193115,0.2759900689125061,-0.0113677978515625
739.022570,0.2453928291797638,-0.14661866426467896,-0.05952310562133789
739.123085,-0.05547988414764404,-0.11874711513519287,0.026236534118652344
739.223578,-0.06730961799621582,-0.07283014059066772,-0.06374764442443848
739.324187,-0.05546468496322632,0.008173465728759766,-0.05967801809310913
739.424666,0.003954827785491943,0.19026023149490356,-0.03864246606826782
739.525104,-0.027161642909049988,0.36658525466918945,-0.21005073189735413
739.625626,0.12639778852462769,-0.21144795417785645,0.18116134405136108
739.726114,0.06273619830608368,-0.3981426954269409,0.15108788013458252
739.826698,-0.2990722954273224,0.1090044379234314,-0.07555186748504639
739.927144,-0.31558430194854736,0.2317332625389099,-0.00574570894241333
740.027666,0.08891370892524719,-0.2664644122123718,-0.03703582286834717
740.128133,0.011059284210205078,-0.07753968238830566,-0.048174262046813965
740.228599,-0.06391235440969467,-0.03351563215255737,0.13076770305633545
740.329113,-0.0415298156440258,-0.10386762022972107,0.033160388469696045
740.429659,-0.0747385025024414,-0.025126442313194275,-0.041440606117248535
740.530217,-0.04344809427857399,0.06987975537776947,0.09639757871627808
740.630682,0.16270819306373596,0.2465977966785431,0.19854795932769775
740.731160,0.048270538449287415,0.29554474353790283,-0.10213649272918701
740.831744,-0.05431830883026123,-0.35261088609695435,-0.1614333987236023
740.932273,0.11367423832416534,-0.5017822980880737,0.2679898738861084
741.032760,-0.28018122911453247,0.14472484588623047,0.05398005247116089
741.133223,-0.14430102705955505,0.3151373267173767,-0.038233160972595215
741.233748,0.07889547944068909,-0.2727532982826233,-0.03539961576461792
741.334242,0.13790488243103027,-0.26451700925827026,0.1379004716873169
741.434708,-0.12022952735424042,0.02962195873260498,0.14332783222198486
741.535246,-0.0788036435842514,0.0001919269561767578,-0.08655542135238647
741.635758,0.01623547077178955,-0.024732768535614014,0.017727971076965332
741.736279,0.13839711248874664,0.12042200565338135,0.11233389377593994
741.836702,-0.06026211380958557,0.4885047674179077,-0.2173963487148285
741.937338,-0.2215815782546997,-0.36011165380477905,-0.14346134662628174
742.037798,0.08037294447422028,-0.6092126965522766,0.2814422845840454
742.138332,-0.043858230113983154,0.0033074021339416504,0.23442649841308594
742.238825,-0.1461767703294754,0.7699471712112427,-0.17392432689666748
742.339410,-0.26880741119384766,-0.20157742500305176,-0.23963305354118347
742.439924,-0.04588693380355835,-0.3862934112548828,0.15319883823394775
742.540322,-0.0067303478717803955,-0.11483275890350342,0.22715836763381958
742.640854,-0.07402440905570984,0.007055401802062988,-0.12846052646636963
742.741363,-0.0007962882518768311,-0.008797764778137207,-0.034521639347076416
742.841906,-0.08517876267433167,0.003115415573120117,-0.030979812145233154
742.942388,-0.17124000191688538,0.08354347944259644,-0.17355287075042725
743.042893,0.08289709687232971,0.20473724603652954,0.08230090141296387
743.143405,0.11850861459970474,0.4630645513534546,0.09246402978897095
743.244017,-0.12070179730653763,-0.2797219753265381,0.054648756980895996
743.344490,-0.18106557428836823,-0.9076522588729858,0.09877783060073853
743.444904,-0.26763856410980225,0.30156803131103516,0.00211256742477417
743.545444,-0.24573801457881927,-0.1375795602798462,-0.09642359614372253
743.645903,-0.02088230848312378,-0.3008434772491455,-0.21051150560379028
743.746499,-0.10557699203491211,-0.16470372676849365,0.014402270317077637
743.846936,-0.04197534918785095,-0.07960867881774902,0.06818395853042603
743.947461,0.021471533924341202,0.08508318662643433,-0.06507629156112671
744.047959,0.017154987901449203,0.1457759141921997,0.08152776956558228
744.148560,0.09015524387359619,0.23769497871398926,0.036988258361816406
744.249002,-0.14549744129180908,0.2419613003730774,-0.09953677654266357
744.349521,0.20373204350471497,-0.5584612488746643,0.28849169611930847
744.449969,-0.03858810290694237,-0.17457503080368042,0.2839592695236206
744.550499,-0.08040449023246765,0.4572693705558777,0.06169760227203369
744.651046,-0.24798806011676788,0.02151310443878174,-0.024824023246765137
744.751606,0.08587774634361267,-0.32483625411987305,-0.04272180795669556
744.851974,-0.07412099838256836,-0.1347200870513916,0.07018435001373291
744.952545,0.035564497113227844,0.09358316659927368,0.14796465635299683
745.053013,0.02373240888118744,-0.00940030813217163,-0.08456581830978394
745.153754,-0.022245295345783234,0.04647761583328247,-0.015632450580596924
745.254005,0.022021636366844177,0.011645197868347168,0.015178143978118896
745.354528,0.050531331449747086,0.2168833613395691,0.03169912099838257
745.455069,0.06540284305810928,0.23275113105773926,-0.03913787007331848
745.555586,0.08812983334064484,-0.5103245973587036,0.07631290704011917
745.656102,0.1923081874847412,-0.3597176671028137,0.3650435209274292
745.756581,-0.28370070457458496,0.2424626350402832,0.08339333534240723
745.857130,-0.29582828283309937,0.12294095754623413,-0.16560479998588562
745.957579,-0.07168176770210266,-0.3274465799331665,-0.19933182001113892
746.058102,-0.04130348563194275,-0.1722778081893921,0.12038660049438477
746.158700,0.10096421837806702,0.017235159873962402,0.07900571823120117
746.259129,0.019691407680511475,0.04416298866271973,-0.07696413993835449
746.359641,-0.014640584588050842,0.12343525886535645,-0.03881043195724487
746.460165,-0.004878241568803787,0.2701205611228943,-0.012103080749511719
746.560652,-0.2002636194229126,-0.1550719141960144,-0.06132858991622925
746.661256,0.252435564994812,-0.3380274772644043,0.07551741600036621
746.761689,-0.07213357090950012,0.01896291971206665,0.2136366367340088
746.862246,-0.12180075794458389,0.2346872091293335,-0.05697578191757202
746.962707,0.1300216168165207,-0.16339188814163208,0.058885425329208374
747.063103,-0.021806806325912476,-0.3185715079307556,0.032844364643096924
747.163686,0.11229521036148071,-0.2873896062374115,0.34097278118133545
747.264217,0.07458856701850891,-0.12684819102287292,0.23310959339141846
747.364714,-0.027377605438232422,-0.04427832365036011,0.14979851245880127
747.465350,-0.06975191831588745,0.07952484488487244,0.15438979864120483
747.565713,-0.11345356702804565,0.17276936769485474,0.137334942817688
747.666305,-0.037547528743743896,0.2642536461353302,-0.001747727394104004
747.766757,-0.10862988233566284,0.12050825357437134,-0.014913797378540039
747.867336,-0.035849571228027344,-0.05086246132850647,-0.03505891561508179
747.967725,0.031564414501190186,-0.06613403558731079,0.010104358196258545
748.068250,-0.006823182106018066,0.0028676390647888184,-0.05086803436279297
748.168680,-0.018975377082824707,-0.008684873580932617,0.025576889514923096
748.269220,0.0039258599281311035,0.008424848318099976,-0.03726845979690552
748.369848,-0.001398622989654541,-0.02202904224395752,0.014915794134140015
748.470310,-0.014057517051696777,0.012842625379562378,-0.029635310173034668
748.570874,0.01498258113861084,-0.0011081099510192871,0.008125007152557373
748.671322,-0.020319640636444092,-0.0035066604614257812,-0.04155069589614868
748.771951,-0.007189273834228516,0.02072969079017639,0.0075836181640625
748.872401,-0.0032210946083068848,-0.00985756516456604,-0.033073365688323975
748.972945,-0.07009345293045044,0.014431297779083252,-0.008177965879440308
749.073352,-0.052598536014556885,0.05204975605010986,-0.008125901222229004
749.173909,-0.0730973482131958,0.0415271520614624,0.006593763828277588
749.274420,-0.032260119915008545,0.06327975541353226,0.06275928020477295
749.374882,-0.057368338108062744,0.05356401950120926,0.032028257846832275
749.475314,0.003003835678100586,0.04503174126148224,0.07939457893371582
749.575903,-0.012295424938201904,0.02944733202457428,0.027636408805847168
749.676476,-0.06983384490013123,-0.06650131940841675,0.05823409557342529
749.776867,-0.014174751937389374,0.06776896119117737,0.05771529674530029
749.877381,-0.05388177931308746,-0.0018361806869506836,-0.036959171295166016
749.987833,-0.056378573179244995,0.024329543113708496,-0.010014891624450684
750.078496,-0.1282009780406952,0.04450666904449463,-0.07923966646194458
750.178989,-0.038570940494537354,0.0642271637916565,0.03653061389923096
750.279650,-0.002773791551589966,-0.0399894118309021,-0.015370070934295654
750.380037,0.0808137059211731,-0.0978623628616333,-0.05911940336227417
750.480450,-0.06524008512496948,-0.1249648928642273,-0.18230396509170532
750.581004,-0.020367592573165894,-0.02081209421157837,0.06276696920394897
750.681344,-0.10752631723880768,0.28817158937454224,0.1937112808227539
750.782008,-0.07813896238803864,0.35546576976776123,0.0375286340713501
750.882427,-0.04096619784832001,-0.35571974515914917,0.2589358687400818
750.983032,0.17564591765403748,-0.473882794380188,0.17987698316574097
751.083467,-0.011172905564308167,-0.004495859146118164,0.1791137456893921
751.184041,-0.127065971493721,0.23858684301376343,0.08465576171875
751.284501,-0.18286101520061493,0.2560557723045349,-0.1852632761001587
751.385035,-0.03245050832629204,-0.2303062081336975,-0.10898041725158691
751.485522,0.1411776840686798,-0.3156542181968689,0.12897568941116333
751.586032,-0.06108074635267258,0.016166329383850098,0.11505544185638428
751.686580,0.08767776191234589,0.284524142742157,-0.10544443130493164
751.786998,-0.17347730696201324,0.29834550619125366,-0.09498751163482666
751.887543,-0.15600548684597015,-0.07738155126571655,-0.025397688150405884
751.988108,0.11726649850606918,-0.28502702713012695,0.17643782496452332
752.088606,0.13644804060459137,-0.08772337436676025,0.16562992334365845
752.189126,0.0017403662204742432,0.04486095905303955,0.15539032220840454
752.289630,-0.15263326466083527,0.1929602026939392,-0.21691876649856567
752.390086,-0.22004170715808868,0.0616113543510437,-0.04318422079086304
752.490623,0.08453604578971863,-0.12330466508865356,0.16387957334518433
752.591140,0.012124180793762207,-0.26498138904571533,0.017955303192138672
752.691753,-0.00042290985584259033,-0.03861677646636963,0.03723907470703125
752.792115,-0.03427409380674362,0.09596717357635498,0.10001492500305176
752.892797,-0.056044913828372955,0.2529749274253845,-0.029011428356170654
752.993149,-0.20463413000106812,0.12573355436325073,-0.21195542812347412
753.093663,0.10816439986228943,-0.2800649404525757,0.08873879909515381
753.194198,-0.046336203813552856,-0.2391536831855774,0.17918872833251953
753.294774,-0.0010256058303639293,0.09480392932891846,0.16133344173431396
753.395172,-0.04464275389909744,0.11996656656265259,-0.03375500440597534
753.495660,-0.10057556629180908,0.06391680240631104,-0.10421168804168701
753.596193,-0.014823615550994873,-0.06716346740722656,-0.08200210332870483
753.696733,-0.10152226686477661,-0.03602951765060425,0.02375924587249756
753.797206,0.03089427947998047,0.002140641212463379,0.06031477451324463
753.897725,0.0208062082529068,-0.007156014442443848,0.017941951751708984
753.998284,0.0007583945989608765,0.023366093635559082,0.033606112003326416
754.098736,-0.013969823718070984,-0.019028544425964355,0.0038938522338867188
754.199261,0.022640839219093323,0.025061845779418945,-0.004374563694000244
754.299793,0.01085469126701355,0.21110516786575317,-0.12365758419036865
754.400261,-0.11103761196136475,0.018573999404907227,-0.041799455881118774
754.500749,0.02718299627304077,-0.31415504217147827,0.28309333324432373
754.601290,0.09604381769895554,-0.11993002891540527,0.09071469306945801
754.701797,-0.031205445528030396,0.2930966019630432,-0.08721750974655151
754.802278,-0.15676073729991913,0.10914260149002075,-0.002325594425201416
754.902801,-0.0896051824092865,-0.11900049448013306,-0.05197560787200928
755.003278,0.054677993059158325,-0.033705949783325195,0.07024061679840088
755.103832,-0.004702389240264893,-0.0342562198638916,0.008889615535736084
755.204392,-0.027340859174728394,0.004886806011199951,-0.013993561267852783
755.304827,-0.02662140130996704,-0.011591553688049316,0.024163126945495605
755.405434,0.017630189657211304,-0.05017673969268799,-0.005617856979370117
755.505826,0.007213473320007324,-0.06479603052139282,0.029278039932250977
755.606523,0.01944318413734436,-0.064583420753479,0.034267425537109375
755.706906,0.010928988456726074,-0.015860378742218018,0.04975080490112305
755.807396,0.024970978498458862,0.002390265464782715,0.042267560958862305
755.907918,-0.011599302291870117,-0.03667682409286499,0.011135637760162354
756.008354,-0.02998971939086914,-0.05261847376823425,0.0646510124206543
756.108910,0.0037619471549987793,0.021439343690872192,0.09030789136886597
756.209462,0.047475725412368774,0.10722503066062927,0.024067342281341553
756.309924,-0.07000043988227844,0.0715799331665039,-0.04941064119338989
756.410392,-0.12219080328941345,0.0469946414232254,-0.07790356874465942
756.510929,-0.05235034227371216,0.048273198306560516,-0.023035287857055664
756.611411,0.005323827266693115,-0.0034185051918029785,-0.02356487512588501
756.711934,0.041517287492752075,-0.007844731211662292,-0.0037726163864135742
756.812507,-0.020346403121948242,-0.00031131505966186523,-0.0197637677192688
756.912979,-0.002013295888900757,-0.0031814202666282654,-0.008682191371917725
757.013486,-0.010932236909866333,0.005411610007286072,-0.015489041805267334
757.113971,0.005692094564437866,-0.004885837435722351,-0.002107381820678711
757.214491,0.01845341920852661,0.010163038969039917,-0.013612091541290283
757.314986,-0.013165771961212158,-0.01712772250175476,-0.007339835166931152
757.415455,-0.013629257678985596,0.005201488733291626,-0.01665288209915161
757.515971,-0.00810009241104126,-0.01668505370616913,-0.007797122001647949
757.616572,0.0009226202964782715,0.015391550958156586,-0.014691710472106934
757.717060,-0.002787351608276367,-0.013097062706947327,-0.007972478866577148
757.817585,0.01458054780960083,0.011398568749427795,-0.006343424320220947
757.918099,-0.007370889186859131,-0.008272826671600342,-0.00848478078842163
758.018507,-0.022447943687438965,-0.011133015155792236,-0.016026437282562256
758.119153,-0.009663999080657959,-0.011382192373275757,-0.011593103408813477
758.219555,-0.009320735931396484,0.015047088265419006,-0.014644622802734375
758.320057,0.008372366428375244,-0.00431118905544281,-0.007044792175292969
758.420462,0.011771619319915771,0.005500108003616333,-0.014479637145996094
758.521113,-0.005088984966278076,-0.007239550352096558,-0.007761895656585693
758.621597,0.011075496673583984,0.007168978452682495,-0.010614395141601562
758.722119,-0.011761128902435303,-0.012656033039093018,-0.008136093616485596
758.822650,-0.001717686653137207,0.00947330892086029,-0.011633753776550293
758.923197,-0.013729631900787354,-0.018218159675598145,-0.007474541664123535
759.023660,-0.0031943321228027344,0.008916914463043213,-0.012257814407348633
759.124181,-0.00850057601928711,-0.017435237765312195,-0.005425214767456055
759.224603,-0.013569295406341553,0.0026865750551223755,-0.013468265533447266
759.325103,-0.006883800029754639,-0.009745121002197266,-0.0072824954986572266
759.425596,-0.001621842384338379,0.010536611080169678,-0.017329514026641846
759.526230,-0.006911337375640869,-0.014488637447357178,-0.009457409381866455
759.626620,-0.01587015390396118,0.00028902292251586914,-0.020758628845214844
759.727161,-0.0004354715347290039,-0.0033614933490753174,-0.007823944091796875
759.827768,-0.00503772497177124,0.0013972818851470947,-0.02593398094177246
759.928058,-0.0037267208099365234,-0.00604364275932312,-0.007060408592224121
760.028667,-0.01472097635269165,0.005269452929496765,-0.02699291706085205
760.129205,-0.005054652690887451,-0.015327110886573792,-0.005990564823150635
760.229694,-0.022716224193572998,0.0034308284521102905,-0.025098800659179688
760.330227,-0.006763160228729248,-0.009789898991584778,-0.005447506904602051
760.430706,-0.01787734031677246,0.0029613226652145386,-0.02718198299407959
760.531230,-0.006969749927520752,-0.006925329566001892,-0.007363677024841309
760.631705,-0.02054417133331299,-0.0042734295129776,-0.028728365898132324
760.732290,-0.009106040000915527,-0.0037579238414764404,-0.005759179592132568
760.832717,-0.019743919372558594,0.0006826967000961304,-0.029525935649871826
760.933254,-0.003072798252105713,-0.006416052579879761,-0.005480349063873291
761.033767,-0.025997817516326904,-0.002281889319419861,-0.03527247905731201
761.134324,-0.003948986530303955,0.0008691251277923584,-0.0037674903869628906
761.234770,-0.029373586177825928,-0.006616681814193726,-0.03558892011642456
761.335333,-0.0019949674606323242,0.0006462633609771729,-0.004195094108581543
761.435759,-0.02433145046234131,-0.009095057845115662,-0.0330386757850647
761.536300,-0.00039571523666381836,0.004600510001182556,-0.0032601356506347656
761.636900,-0.024744093418121338,-0.0070544034242630005,-0.03075951337814331
761.737388,0.0026304125785827637,0.00415000319480896,-0.0036589503288269043
761.837870,-0.023779332637786865,-0.008842766284942627,-0.029227793216705322
761.938252,-0.006790876388549805,0.003287583589553833,-0.005338847637176514
762.038858,-0.028024375438690186,-0.011150047183036804,-0.028041481971740723
762.139318,-0.00723344087600708,-0.003865554928779602,-0.0053672194480896
762.239848,-0.03835487365722656,-0.005686119198799133,-0.03152543306350708
762.340426,0.0030231475830078125,0.0014205574989318848,-0.0037196874618530273
762.440876,-0.02578151226043701,0.0006768852472305298,-0.028799593448638916
762.541415,-0.002177417278289795,-0.002939075231552124,-0.0038658976554870605
762.641914,-0.019921720027923584,0.0014084577560424805,-0.028974294662475586
762.742446,0.0021775364875793457,-0.00019404292106628418,-0.0063779354095458984
762.842890,-0.023604869842529297,-0.007212087512016296,-0.029024839401245117
762.943401,0.004955470561981201,0.008704334497451782,-0.00825357437133789
763.043973,-0.02441871166229248,-0.00893595814704895,-0.027436256408691406
763.144438,0.001978576183319092,0.003812938928604126,-0.004529595375061035
763.244927,-0.02050185203552246,-0.009663060307502747,-0.02204573154449463
763.345416,-0.0036423206329345703,0.011353537440299988,-0.004433393478393555
763.445951,-0.1019514799118042,0.04398442804813385,-0.04849362373352051
763.546421,-0.33342692255973816,0.3047080636024475,-0.09777534008026123
763.646931,-0.206154465675354,0.10197871923446655,-0.0352553129196167
763.747593,0.1714221090078354,0.13120952248573303,0.2766941785812378
763.848036,-0.04654543846845627,0.2950326204299927,0.15137839317321777
763.948485,-0.022063791751861572,-0.3144766688346863,0.15869998931884766
764.049023,0.05843540281057358,-0.5685667991638184,0.15848982334136963
764.149645,0.14456060528755188,-0.13485825061798096,0.16636312007904053
764.250008,-0.16138489544391632,0.3814467191696167,-0.075131356716156
764.350617,-0.2665156424045563,0.09579509496688843,-0.06139707565307617
764.451029,-0.057753801345825195,-0.22130542993545532,-0.008881688117980957
764.551595,0.01865243911743164,-0.24846255779266357,0.14923524856567383
764.652168,-0.012261584401130676,-0.02251964807510376,0.049060285091400146
764.752550,0.17412923276424408,0.2603631019592285,0.02908700704574585
764.853125,-0.036143720149993896,0.3616318106651306,-0.10651302337646484
764.953569,-0.2629128694534302,-0.14802104234695435,-0.024870574474334717
765.054103,-0.06420597434043884,-0.49295997619628906,0.15279245376586914
765.154638,0.002976715564727783,-0.1117573082447052,0.21450775861740112
765.255082,0.015711814165115356,0.46320754289627075,-0.1370021104812622
765.355667,-0.19254270195960999,0.14220207929611206,-0.02431035041809082
765.456102,-0.2084980309009552,-0.24185466766357422,-0.013599216938018799
765.556630,0.030524492263793945,-0.18011373281478882,0.17654436826705933
765.657239,-0.19688785076141357,-0.19829243421554565,-0.03295600414276123
765.757624,0.018673598766326904,0.02231496572494507,0.07252240180969238
765.858138,0.20432430505752563,0.3089926242828369,0.018245339393615723
765.958604,0.07955950498580933,0.45013439655303955,-0.18438684940338135
766.059228,-0.25828176736831665,-0.12884771823883057,0.005638599395751953
766.159707,0.018627002835273743,-0.4201626181602478,0.366713285446167
766.260140,0.07640206068754196,-0.012950897216796875,0.0712851881980896
766.360660,0.03457328677177429,0.5448030829429626,-0.2902509570121765
766.461332,-0.2029433250427246,-0.1311640739440918,0.014931321144104004
766.561801,0.10997381806373596,0.01628410816192627,0.09145879745483398
766.662214,-0.08405780792236328,-0.05567216873168945,-0.013637781143188477
766.762710,0.03290042281150818,0.037754595279693604,-0.01043635606765747
766.863211,-0.008499741554260254,-0.014649391174316406,0.05348888039588928
766.963805,-0.02858826518058777,-0.01537942886352539,-0.0015404224395751953
767.064226,-0.0627061128616333,-0.03830009698867798,0.01964050531387329
767.164776,-0.36403632164001465,0.0014455914497375488,-0.28217893838882446
767.265285,-0.04862937331199646,0.037541091442108154,0.005789518356323242
767.365800,0.16757670044898987,0.22508293390274048,0.19143640995025635
767.466303,0.21743768453598022,0.3510478734970093,0.062172889709472656
767.566788,-0.2593715488910675,-0.2513812184333801,0.2656739354133606
767.667376,0.19501377642154694,-0.5293731689453125,0.14625030755996704
767.767800,-0.07243501394987106,-0.08915108442306519,0.20513522624969482
767.868331,0.07210971415042877,0.39003127813339233,-0.11151373386383057
767.968788,-0.16461887955665588,0.017860233783721924,0.06430447101593018
768.069270,-0.07581731677055359,-0.21274828910827637,0.03147923946380615
768.169857,-0.018841922283172607,-0.09583169221878052,0.05130237340927124
768.270427,0.05079808831214905,0.05797839164733887,0.027360379695892334
768.370834,0.054312676191329956,0.19303792715072632,0.017951786518096924
768.471382,0.07891190052032471,0.6273316144943237,-0.2785812020301819
768.571887,-0.30244654417037964,-0.35046976804733276,0.09279495477676392
768.672430,-0.1510549783706665,-0.48719990253448486,0.4150732755661011
768.773050,0.0630769431591034,0.033041954040527344,0.04346275329589844
768.873399,0.007095701992511749,0.5567482113838196,-0.17816424369812012
768.973885,-0.3654199540615082,-0.18817859888076782,-0.008188307285308838
769.074413,-0.050395846366882324,-0.11375194787979126,-0.013265132904052734
769.174915,0.047878265380859375,-0.04955476522445679,0.08119523525238037
769.275465,-0.025810062885284424,-0.06605032086372375,-0.05047959089279175
769.375870,-0.027449071407318115,0.008052319288253784,0.026111125946044922
769.476481,0.006821691989898682,-0.0029592812061309814,0.017974436283111572
769.576967,0.06888759136199951,0.11355370283126831,-0.022443830966949463
769.677535,0.15324342250823975,0.44695770740509033,-0.32443976402282715
769.777915,-0.32041966915130615,-0.2874833345413208,-0.04514807462692261
769.878484,-0.10614556074142456,-0.35139793157577515,0.3449322581291199
769.978970,-0.0037943944334983826,0.053032100200653076,-0.0070386528968811035
770.079490,0.0029976479709148407,0.6831540465354919,-0.23530662059783936
770.180072,-0.12297555804252625,-0.17382776737213135,-0.07290831208229065
770.280516,0.06699120998382568,-0.06787443161010742,0.12666761875152588
770.380967,0.0005344152450561523,-0.05968177318572998,0.004197150468826294
770.481524,0.010391771793365479,0.08519881963729858,-0.05757319927215576
770.581992,-0.03788989782333374,-0.006313741207122803,-0.026679128408432007
770.682476,-0.004880130290985107,-0.04774564504623413,0.01760464906692505
770.783092,0.047260165214538574,0.0373537540435791,-0.027924537658691406
770.883498,-0.11238592863082886,0.027965664863586426,-0.08262395858764648
770.984002,-0.1353541612625122,-0.004245638847351074,-0.09715771675109863
771.084523,-0.2577129304409027,0.028774559497833252,-0.1145358681678772
771.185122,-0.02844288945198059,0.08943462371826172,-0.032048165798187256
771.285578,0.11410030722618103,0.10025131702423096,0.20264214277267456
771.386066,0.29646843671798706,0.3301122188568115,0.057334840297698975
771.486652,-0.2109891176223755,0.05868518352508545,0.015155017375946045
771.587045,-0.06729060411453247,-0.6545801162719727,0.24577677249908447
771.687565,-0.059748098254203796,-0.386562705039978,0.03315389156341553
771.788166,0.19358563423156738,0.31635528802871704,0.06338006258010864
771.888637,-0.4435526132583618,0.13982194662094116,0.03633815050125122
771.989093,-0.03029930591583252,-0.02009052038192749,-0.3398537039756775
772.089612,-0.10612577199935913,-0.10995250940322876,0.10651135444641113
772.190102,-0.06775251030921936,-0.20318830013275146,-0.014157235622406006
772.290694,-0.09042102098464966,-0.04724782705307007,0.007047116756439209
772.391388,0.03246310353279114,0.11022943258285522,0.039054930210113525
772.491631,0.08880966901779175,0.2419949769973755,0.04956454038619995
772.592137,0.08931967616081238,0.34435153007507324,-0.046487390995025635
772.692668,-0.21191948652267456,-0.03782784938812256,0.008674636483192444
772.793162,0.04179948568344116,-0.550154447555542,-0.0021196603775024414
772.893681,-0.1916089653968811,-0.15290826559066772,-0.10285651683807373
772.994151,0.20766308903694153,0.615867555141449,-0.16225743293762207
773.094713,-0.19605064392089844,-0.16556930541992188,0.16659599542617798
773.195193,-0.17882484197616577,-0.05712735652923584,-0.06699740886688232
773.295760,0.09307879209518433,-0.08864879608154297,0.1030346155166626
773.396260,-0.1279221773147583,-0.06881684064865112,-0.07796525955200195
773.496732,-0.009801656007766724,0.004882216453552246,0.01700448989868164
773.597196,0.05632299184799194,0.14528203010559082,0.011878490447998047
773.697772,0.1384088099002838,0.17993628978729248,0.07449698448181152
773.798216,-0.011769205331802368,0.266917884349823,-0.1975969672203064
773.898780,-0.15450096130371094,-0.3500654697418213,0.0941934585571289
773.999271,0.07613113522529602,-0.6704826354980469,0.25553470849990845
774.099805,-0.2685289978981018,0.02367955446243286,0.06050223112106323
774.200434,-0.0011238139122724533,0.5432354807853699,-0.18722820281982422
774.300807,-0.05970744788646698,0.03751629590988159,0.1163598895072937
774.401314,-0.1295074224472046,-0.24537712335586548,-0.03703385591506958
774.501853,-0.059482693672180176,-0.04283273220062256,0.12315386533737183
774.602339,0.012002766132354736,-0.057703375816345215,-0.043880343437194824
774.702837,-0.10387390851974487,-0.027082085609436035,0.02415376901626587
774.803337,-0.025753051042556763,-0.09898847341537476,0.02401256561279297
774.903819,0.04581993818283081,0.15777796506881714,0.04266166687011719
775.004321,0.13850590586662292,0.3536330461502075,-0.06775015592575073
775.104905,-0.21334606409072876,0.09082245826721191,-0.15170377492904663
775.205381,0.24895331263542175,-0.3798278570175171,0.3498373329639435
775.305908,-0.3011758029460907,-0.18263787031173706,0.277218759059906
775.406389,-0.09534554928541183,0.4574868083000183,-0.11166179180145264
775.506874,0.13666313886642456,0.3708319664001465,-0.16477054357528687
775.607443,0.19367843866348267,-0.2225208878517151,0.03503265976905823
775.707875,-0.18992990255355835,-0.1209787130355835,0.06103163957595825
775.808374,0.09662473201751709,0.033466458320617676,0.029529035091400146
775.908876,-0.020539939403533936,0.1364566683769226,0.0014957189559936523
776.009396,-0.09602880477905273,0.009213954210281372,-0.03515148162841797
776.109932,-0.04771769046783447,-0.08771470189094543,-0.03336381912231445
776.210465,-0.014966964721679688,0.0004718601703643799,-0.03318381309509277
776.310882,0.01413583755493164,0.00985109806060791,-0.0016030073165893555
776.411511,-0.025081336498260498,0.019697964191436768,-0.0039975643157958984
776.512022,0.005923926830291748,0.012287318706512451,0.020057618618011475
776.612529,-0.03797537088394165,0.010570943355560303,-0.013042092323303223
776.712999,-0.015453517436981201,-0.08246499300003052,0.04664492607116699
776.813520,0.0018584728240966797,-0.30028441548347473,0.17820143699645996
776.914113,0.010471522808074951,-0.0676490068435669,0.08237624168395996
777.014521,-0.028514981269836426,0.24888752400875092,-0.1836400032043457
777.115006,0.05564403533935547,0.18833380937576294,-0.28481799364089966
777.215535,0.1751227080821991,0.009151548147201538,-0.0722203254699707
777.316057,0.09978654980659485,0.07841143012046814,0.143682599067688
777.416514,0.07388639450073242,0.1143304705619812,0.10661560297012329
777.517062,0.0930371880531311,0.07099127769470215,0.015314042568206787
777.617554,0.07626029849052429,0.00040841102600097656,0.04161274433135986
777.718033,0.020676016807556152,-0.02654433250427246,0.0456242561340332
777.818530,-0.022087693214416504,-0.012538999319076538,0.02422863245010376
777.919097,-0.07533824443817139,-0.013310074806213379,0.03982335329055786
778.019665,-0.04401594400405884,0.022777140140533447,0.000873565673828125
778.120066,0.13926053047180176,0.1023007333278656,-0.14027023315429688
778.220634,-0.03898465633392334,-0.013976961374282837,0.41755104064941406
778.321112,-0.25051820278167725,0.03245222568511963,0.027296006679534912
778.421621,-0.33114326000213623,0.153235524892807,-0.05433720350265503
778.522161,-0.16795295476913452,0.38533157110214233,0.20199966430664062
778.622625,-0.2807082533836365,0.3183594048023224,0.022765398025512695
778.723146,-0.1119421124458313,0.3635019063949585,0.2411346435546875
778.823626,0.19421660900115967,0.34813129901885986,0.2373819351196289
778.924146,0.1343056559562683,0.20273041725158691,0.1251468062400818
779.024636,0.22241491079330444,-0.15124905109405518,0.463434636592865
779.125136,-0.3028125762939453,-0.35908204317092896,0.18310195207595825
779.225724,-0.3527328372001648,-0.23292899131774902,0.3692261576652527
779.326200,-0.0694417953491211,-0.06975901126861572,0.00820901244878769
779.426657,-0.0011522173881530762,0.12590986490249634,0.07383185625076294
779.527222,-0.0033302903175354004,-0.2084420919418335,0.02227771282196045
779.627687,0.07674551010131836,0.056767046451568604,-0.17994341254234314
779.728268,-0.10672235488891602,-0.10147088766098022,-0.13632991909980774
779.828774,0.04741346836090088,0.06320202350616455,0.05249035358428955
779.929319,-0.0479736328125,0.0446508526802063,0.11060011386871338
780.029717,-0.1184118390083313,0.041556715965270996,-0.0193774551153183
780.130267,0.03751033544540405,0.02428269386291504,0.06330489367246628
780.230777,-0.055036306381225586,0.006169736385345459,-0.03570807725191116
780.331252,-0.013014078140258789,0.09054988622665405,-0.07810509949922562
780.431740,-0.053481101989746094,-0.06827646493911743,0.21072043478488922
780.532356,-0.1313861608505249,-0.005129575729370117,-0.1347622573375702
780.632751,0.049500226974487305,0.012805759906768799,-0.1849006712436676
780.733297,0.058699846267700195,-0.05643123388290405,0.07578405737876892
780.833809,-0.08689939975738525,0.029038727283477783,0.016657769680023193
780.934327,0.12541943788528442,0.09276515245437622,-0.08150330185890198
781.034807,-0.1071363091468811,-0.012392759323120117,-0.0348585844039917
781.135505,-0.011634588241577148,-0.01771169900894165,-0.0698336660861969
781.235798,0.04789501428604126,0.037165820598602295,0.034190356731414795
781.336421,0.043434858322143555,0.010353446006774902,0.09884631633758545
781.436930,-0.003230452537536621,-0.001669168472290039,0.046052783727645874
781.537288,-0.005787193775177002,0.026911556720733643,0.012742757797241211
781.637878,-0.0039345622062683105,0.03642171621322632,0.030912309885025024
781.738380,0.04255235195159912,-0.01047593355178833,-0.062113404273986816
781.838918,0.006020665168762207,0.02571690082550049,-0.048877835273742676
781.939473,0.004031836986541748,0.09902465343475342,0.03519940376281738
782.039894,-0.08580213785171509,-0.14725476503372192,-0.02611696720123291
782.140380,-0.03544926643371582,0.033596038818359375,-0.04174201190471649
782.240877,-0.0034584105014801025,0.062470078468322754,0.05515913665294647
782.341383,-0.1238023042678833,0.012305378913879395,-0.004598498344421387
782.441946,-0.06686541438102722,-0.009401798248291016,0.038598477840423584
782.542469,-0.10082828998565674,-0.06648451089859009,-0.021405786275863647
782.642915,0.02451828122138977,0.10295647382736206,0.016525626182556152
782.743438,-0.0668744146823883,-0.11123716831207275,0.10779735445976257
782.843897,0.20374998450279236,0.08704805374145508,0.03722280263900757
782.944437,0.033727556467056274,0.07000434398651123,-0.010896623134613037
783.044994,-0.04440397024154663,-0.05410128831863403,-0.06957799196243286
783.145452,0.021168380975723267,-0.10615617036819458,0.00833749771118164
783.246150,0.04031376540660858,0.0024589598178863525,-0.37005090713500977
783.346539,-0.051577478647232056,0.05067571997642517,0.14274060726165771
783.446976,0.027924422174692154,0.12712228298187256,0.07254165410995483
783.547508,-0.016347113996744156,-0.04168032109737396,0.09943866729736328
783.648068,-0.022859126329421997,0.10678760707378387,-0.022876262664794922
783.748489,0.005483999848365784,0.10262031853199005,-0.04270768165588379
783.849100,0.07346782088279724,0.040830597281455994,-0.030263543128967285
783.949547,0.008986905217170715,0.04236006736755371,-0.034006357192993164
784.050034,-0.09744353592395782,0.056111156940460205,-0.018146157264709473
784.150610,0.003581687808036804,0.21154814958572388,-0.02119678258895874
784.251150,-0.09733752906322479,0.06225550174713135,-0.018146812915802002
784.351567,0.038428112864494324,-0.5604823231697083,0.039187490940093994
784.452099,0.19135721027851105,-0.5195201635360718,0.22555172443389893
784.552603,-0.1554453819990158,0.07527345418930054,0.1304742693901062
784.653206,-0.2266467660665512,0.46343809366226196,-0.09843957424163818
784.753628,-0.1467471718788147,0.39841365814208984,-0.21070343255996704
784.854245,0.06575238704681396,-0.17793023586273193,0.0907391905784607
784.954620,0.17565035820007324,-0.47200238704681396,0.1107209324836731
785.055176,-0.08296471834182739,-0.2070668339729309,-0.010601222515106201
785.155703,-0.11296522617340088,0.041175901889801025,0.06279981136322021
785.256145,-0.049749284982681274,0.1388946771621704,0.1463543176651001
785.356692,0.05331572890281677,0.24135833978652954,0.02778416872024536
785.457196,-0.11169153451919556,0.4803478717803955,-0.22753757238388062
785.557634,-0.1435856819152832,0.10905712842941284,0.004507303237915039
785.658222,-0.009224310517311096,-0.46521830558776855,0.16957616806030273
785.758606,0.27012044191360474,-0.5822880864143372,0.18036305904388428
785.859163,-0.045799799263477325,0.1554226279258728,0.19996148347854614
785.959807,-0.2739102840423584,0.43346142768859863,-0.07674497365951538
786.060253,0.00021824240684509277,0.3134440779685974,0.24423909187316895
786.160807,-0.3091866374015808,-0.18695548176765442,-0.12439024448394775
786.261152,0.1969027817249298,-0.383566290140152,0.08344501256942749
786.361761,0.06707331538200378,-0.002306222915649414,0.07060879468917847
786.462327,-0.059606581926345825,-0.011608242988586426,-0.06818705797195435
786.562783,-0.030313581228256226,0.023238182067871094,0.011634886264801025
786.663453,-0.031812816858291626,-0.007520705461502075,-0.0015148520469665527
786.763724,-0.1569715142250061,-0.37957650423049927,-0.14559757709503174
786.864246,-0.1932845115661621,-0.19941315054893494,-0.09348034858703613
786.964721,-0.05376797914505005,0.0357208251953125,0.09328168630599976
787.065266,0.0799289345741272,0.3714537024497986,0.18694645166397095
787.165829,-0.015608727931976318,0.5641511082649231,-0.024437785148620605
787.266285,-0.1256018877029419,0.46602264046669006,-0.08755654096603394
787.366768,-0.2545313537120819,-0.4210059344768524,0.056155383586883545
787.467406,0.2004336267709732,-0.7028497457504272,-0.1019628643989563
787.567777,0.08621347695589066,-0.1535801738500595,0.18336176872253418
787.668384,-0.18944069743156433,0.3258858621120453,0.1043211817741394
787.768772,-0.11807563900947571,0.3888641595840454,-0.20092415809631348
787.869375,-0.15123683214187622,-0.01885998249053955,0.01975148916244507
787.969819,0.010897994041442871,-0.2578275799751282,0.13337624073028564
788.070321,0.12371757626533508,-0.12923920154571533,0.0014402270317077637
788.170854,-0.004875451326370239,0.015080094337463379,-0.07137113809585571
788.271368,-0.030599504709243774,-0.056156933307647705,0.021653175354003906
788.371895,0.016727566719055176,-0.18312180042266846,-0.04884618520736694
788.472405,0.028856754302978516,-0.054192543029785156,0.06907176971435547
788.572860,0.023149698972702026,0.2660559415817261,-0.019837141036987305
788.673497,-0.02426886558532715,0.4826273024082184,-0.1383899450302124
788.773885,0.02925926446914673,0.3575328290462494,-0.007691502571105957
788.874476,-0.08304384350776672,0.23643094301223755,0.12407106161117554
788.974928,-0.26378297805786133,-0.1862664818763733,0.13631021976470947
789.075403,-0.019002825021743774,-0.740613579750061,-0.13810551166534424
789.176018,0.11766362190246582,-0.3326006829738617,0.17363423109054565
789.276460,-0.07596291601657867,0.31081485748291016,0.17181742191314697
789.377027,-0.0005838572978973389,0.41376328468322754,-0.07312601804733276
789.477500,-0.039750099182128906,0.12111055850982666,-0.10722482204437256
789.577966,-0.003201991319656372,-0.17304134368896484,0.0433650016784668
789.678577,-0.013193458318710327,-0.21491938829421997,0.06924355030059814
789.779015,-0.02128082513809204,-0.2582627534866333,-0.03290325403213501
789.879502,0.006457731127738953,0.03861379623413086,0.09082263708114624
789.979972,0.09561648964881897,0.35270506143569946,0.14833396673202515
790.080522,-0.09736242890357971,0.36886394023895264,-0.10870575904846191
790.181079,-0.21740815043449402,-0.10191714763641357,-0.04115462303161621
790.281540,0.2649921178817749,-0.40551048517227173,0.12309640645980835
790.381986,0.03384905308485031,-0.11173355579376221,0.15266788005828857
790.482545,-0.15007284283638,0.2066066861152649,0.0868496298789978
790.583073,-0.0026313364505767822,0.20726412534713745,-0.29420042037963867
790.683510,-0.075869619846344,-0.04103821516036987,0.03248190879821777
790.784011,0.09319931268692017,-0.06676030158996582,-0.0026674866676330566
790.884558,0.009398281574249268,0.01846027374267578,0.04448437690734863
790.985206,-0.060480594635009766,-0.2225596308708191,-0.029285311698913574
791.085562,-0.052602022886276245,-0.2462131381034851,0.10021752119064331
791.186247,-0.017933756113052368,0.1522405743598938,0.0762244462966919
791.286617,0.0967547595500946,0.3728616237640381,-0.022645235061645508
791.387044,0.12010350823402405,0.394809365272522,-0.2589700222015381
791.487614,-0.320063978433609,-0.20729029178619385,0.00293809175491333
791.588057,0.20608794689178467,-0.31038302183151245,0.4678851366043091
791.688571,0.1324579119682312,-0.08654940128326416,-0.12110340595245361
791.789107,-0.09295251965522766,0.3498322367668152,-0.10868507623672485
791.889594,-0.09006285667419434,0.08070284128189087,-0.010775208473205566
791.990194,-0.029441654682159424,-0.07571136951446533,0.04970276355743408
792.090641,-0.011144846677780151,-0.15708953142166138,0.14116472005844116
792.191180,-0.05983886122703552,-0.23973628878593445,-0.05965203046798706
792.291641,-0.002044975757598877,0.05433294177055359,0.12253797054290771
792.392143,0.0979444682598114,0.30536767840385437,0.014797329902648926
792.492748,0.05272555351257324,0.38753193616867065,-0.29277467727661133
792.593209,-0.2909463047981262,-0.06059640645980835,-0.03554105758666992
792.693691,-0.10070368647575378,-0.38633662462234497,0.41812843084335327
792.794244,0.24769872426986694,-0.007926225662231445,0.06022787094116211
792.894660,-0.06142324209213257,0.3075849413871765,-0.12830042839050293
792.995186,-0.11130768060684204,0.09644514322280884,-0.07063353061676025
793.095687,0.0017824769020080566,0.0055048465728759766,0.02603447437286377
793.196319,-0.03950768709182739,-0.1113024353981018,0.18126940727233887
793.296737,-0.07473111152648926,-0.0067885518074035645,-0.11775529384613037
793.397218,0.028044521808624268,0.06287562847137451,-0.0032688379287719727
793.497707,-0.042015016078948975,0.06071248650550842,-0.1041790246963501
793.598292,-0.18869823217391968,0.038869768381118774,-0.15363025665283203
793.698811,0.014497309923171997,0.0650782585144043,0.15315699577331543
793.799283,0.28584662079811096,0.22879260778427124,-0.01608806848526001
793.899820,-0.14344161748886108,0.10678404569625854,0.15985107421875
794.000358,-0.26016414165496826,-0.41062092781066895,0.1220136284828186
794.100847,0.3782350420951843,-0.16490322351455688,0.1732780933380127
794.201292,-0.1158447265625,0.1085042953491211,-0.035985469818115234
794.301935,-0.05578729510307312,0.2074815034866333,-0.09637278318405151
794.402360,-0.15374630689620972,-0.13830626010894775,0.06374824047088623
794.502883,-0.034825265407562256,-0.1299026608467102,0.08907431364059448
794.603289,-0.040203213691711426,-0.19949495792388916,0.07660925388336182
794.703822,0.06684011220932007,0.11288154125213623,0.04170548915863037
794.804408,0.15868628025054932,0.38306480646133423,-0.06997513771057129
794.904854,-0.28973251581192017,0.2658722400665283,-0.22964632511138916
795.005347,-0.24863648414611816,-0.5149767398834229,0.2090315818786621
795.105853,0.08161649107933044,-0.11674636602401733,0.36362266540527344
795.206353,-0.05655122175812721,0.12491482496261597,-0.24220877885818481
795.306882,0.045459747314453125,0.08695518970489502,0.02652069926261902
795.407402,-0.12818312644958496,-0.014723122119903564,-0.17891526222229004
795.507966,0.006925404071807861,-0.07519400119781494,0.16757190227508545
795.608409,-0.034492433071136475,-0.17638063430786133,0.06316506862640381
795.708985,-0.0963699221611023,-0.07159441709518433,-0.008798360824584961
795.809521,-0.0007408857345581055,0.16471189260482788,0.04027509689331055
795.909909,0.12913811206817627,0.3842814564704895,-0.25329017639160156
796.010522,-0.22188633680343628,-0.10630792379379272,0.0427837073802948
796.110917,-0.12130308151245117,-0.44813206791877747,0.30339515209198
796.211438,-0.15915951132774353,0.3687896132469177,0.12149089574813843
796.311923,0.4459986686706543,0.3722342252731323,-0.18469178676605225
796.412450,-0.4040631651878357,-0.06904292106628418,-0.04957979917526245
796.512935,-0.018230736255645752,-0.0167466402053833,0.04735398292541504
796.613507,-0.0047879815101623535,-0.04342731833457947,0.06577032804489136
796.714043,-0.13080179691314697,-0.058679401874542236,-0.10660326480865479
796.814478,-0.07914954423904419,-0.07718491554260254,0.04794800281524658
796.915031,-0.03142356872558594,-0.07674288749694824,0.035085320472717285
797.015494,0.03550690412521362,0.1276249885559082,-0.09550881385803223
797.115990,0.011321187019348145,0.27164483070373535,-0.20260372757911682
797.216580,-0.21025407314300537,-0.15562283992767334,-0.04280708730220795
797.317081,-0.20211535692214966,-0.43656665086746216,0.18622273206710815
797.417597,-0.21952709555625916,0.33757591247558594,0.09071147441864014
797.518040,0.24501658976078033,0.1893133521080017,-0.09545010328292847
797.618580,-0.23286551237106323,-0.12319612503051758,-0.038188427686691284
797.719070,0.11132031679153442,0.10616809129714966,0.07170435786247253
797.819607,0.020719170570373535,-0.0074912309646606445,0.031315505504608154
797.920102,-0.04023021459579468,-0.03350400924682617,-0.12565934658050537
798.020581,0.0052700042724609375,0.06536310911178589,0.016090035438537598
798.121132,-0.006043136119842529,-0.014230072498321533,0.00807046890258789
798.221586,0.011226832866668701,-0.005292773246765137,-0.014607608318328857
798.322139,-0.015389025211334229,0.03733539581298828,-0.045269668102264404
798.422592,-0.11919295787811279,0.026016056537628174,-0.07771891355514526
798.523105,0.017649829387664795,-0.050161898136138916,0.0680398941040039
798.623617,0.12331545352935791,0.11255651712417603,0.0412825345993042
798.724125,0.2637491822242737,0.313778817653656,-0.04062366485595703
798.824710,-0.3227129578590393,-0.14743930101394653,0.01933649182319641
798.925186,0.10852515697479248,-0.3865492343902588,0.4474358558654785
799.025699,-0.04341989755630493,-0.021184861660003662,-0.17673736810684204
799.126129,-0.00016695261001586914,0.24484002590179443,-0.0003641843795776367
799.226646,-0.038903117179870605,-0.009760558605194092,-0.06062602996826172
799.327181,-0.16363835334777832,-0.06690418720245361,-0.01667886972427368
799.427691,0.08370572328567505,0.0046263933181762695,0.06391000747680664
799.528190,0.028548896312713623,0.000567018985748291,-0.03690946102142334
799.628741,-0.0017957091331481934,0.0013349056243896484,0.04587680101394653
799.729286,-0.07233625650405884,-0.156654953956604,0.09220308065414429
799.829737,-0.024318456649780273,-0.07985776662826538,0.09166029095649719
799.930222,0.0988699197769165,0.15398633480072021,0.027762770652770996
800.030776,0.17191487550735474,0.24310433864593506,-0.1444271206855774
800.131240,0.08520287275314331,0.22229599952697754,-0.2309660017490387
800.231758,-0.24182242155075073,-0.3756101131439209,0.19945135712623596
800.332289,0.024054288864135742,-0.10102671384811401,0.23020386695861816
800.432767,-0.004285722970962524,0.2122097611427307,-0.13818079233169556
800.533329,-0.06778490543365479,0.14426755905151367,-0.15342947840690613
800.633828,0.07755672931671143,-0.019264578819274902,0.03235572576522827
800.734368,0.0382997989654541,0.006160378456115723,0.163363516330719
800.834853,-0.03945738077163696,-0.06812423467636108,-0.01783236861228943
800.935269,-0.0303114652633667,0.01721125841140747,-0.04293423891067505
801.035873,-0.01923823356628418,-0.011462509632110596,0.035830140113830566
801.136352,-0.0493086576461792,-0.1537300944328308,0.13185754418373108
801.236911,0.010162293910980225,-0.02264159917831421,0.08895033597946167
801.337446,0.08404982089996338,0.15910440683364868,-0.011538535356521606
801.437829,0.11311650276184082,0.3157133460044861,-0.2486964762210846
801.538383,-0.13996577262878418,-0.05899763107299805,-0.12606456875801086
801.638863,-0.09806972742080688,-0.29839402437210083,0.34321683645248413
801.739341,0.11296665668487549,0.12574917078018188,0.123162180185318
801.839844,-0.06254833936691284,0.22367197275161743,-0.031162738800048828
801.940391,-0.31879371404647827,-0.1442921757698059,-0.36346435546875
802.040936,0.041692376136779785,-0.08144968748092651,0.2565554082393646
802.141417,0.016093134880065918,-0.052927494049072266,0.10485756397247314
802.241984,-0.04321587085723877,-0.01811063289642334,-0.08772292733192444
802.342535,0.011250019073486328,0.06007426977157593,0.01296687126159668
802.442945,-0.0029832124710083008,-0.013369321823120117,0.05925866961479187
802.543438,-0.03959876298904419,-0.03492701053619385,-0.008036136627197266
802.643918,0.00430828332901001,0.025660812854766846,-0.013625353574752808
802.744363,0.008713185787200928,-0.0059503912925720215,0.008445113897323608
802.845001,-0.027625203132629395,-0.011211693286895752,-0.017932415008544922
802.945481,0.016622543334960938,-0.0007699728012084961,-0.002660602331161499
803.045967,0.01386559009552002,0.01073223352432251,0.008296340703964233
803.146467,0.02688676118850708,0.03982740640640259,-0.028462111949920654
803.247017,0.03628617525100708,0.06158334016799927,-0.04042056202888489
803.347500,0.06074512004852295,0.07850033044815063,-0.05858457088470459
803.448025,0.1662883162498474,0.005322873592376709,0.13694822788238525
803.548437,0.0991898775100708,0.07748416066169739,0.21390527486801147
803.649106,-0.008703052997589111,-0.08269459009170532,-0.0050116777420043945
803.749531,-0.30388015508651733,-0.33122965693473816,-0.19941043853759766
803.850036,-0.05288153886795044,0.021742194890975952,0.08114761114120483
803.950498,0.00493389368057251,0.08312410116195679,-0.003435492515563965
804.051043,-0.010532736778259277,-0.04264673590660095,-0.007274240255355835
804.151649,0.0006324052810668945,-0.01464948058128357,0.01431041955947876
804.252103,0.053164899349212646,-0.01127082109451294,0.008431792259216309
804.352417,0.026290476322174072,0.04109346866607666,0.006502926349639893
804.452947,-0.0368572473526001,0.008413612842559814,0.032533884048461914
804.553478,-0.050815045833587646,-0.05367094278335571,0.005067884922027588
804.654041,0.001303553581237793,-0.01762455701828003,0.0017425715923309326
804.754576,-0.009575843811035156,0.0018170475959777832,7.62939453125e-06
804.855045,0.011404752731323242,0.002067863941192627,0.008106529712677002
804.955442,0.015579581260681152,0.0045127272605896,0.002789914608001709
805.055996,0.01385122537612915,0.008217155933380127,0.015054821968078613
805.156550,-0.023646175861358643,-0.020115375518798828,-0.008695006370544434
805.257081,-0.0017636418342590332,0.0067560672760009766,0.0008467137813568115
805.357539,-0.007972657680511475,-0.009348154067993164,0.0024310052394866943
805.458113,0.0011444091796875,8.469820022583008e-05,0.0014857351779937744
805.558640,-0.009548068046569824,-0.0016927123069763184,-0.0005052089691162109
805.659188,-0.001591026782989502,-0.0009470582008361816,-0.00839012861251831
805.759719,0.0003535151481628418,0.0009041428565979004,0.003689587116241455
805.860252,0.00458449125289917,0.0004814267158508301,0.0034738481044769287
805.960639,0.0004531741142272949,0.00046628713607788086,0.0018067657947540283
806.061239,-0.005470335483551025,-0.0025237202644348145,-0.0008330643177032471
806.161786,-0.14478635787963867,-0.1373523473739624,-0.005623072385787964
806.262124,-0.24860239028930664,-0.05012798309326172,-0.13313987851142883
806.362680,-0.08325254917144775,0.13569170236587524,0.01998656988143921
806.463259,0.16138049960136414,0.16345149278640747,0.2600363492965698
806.563722,0.4260023236274719,0.3606240749359131,0.0036330819129943848
806.664272,-0.3675383925437927,-0.30236655473709106,0.3309287428855896
806.764708,-0.3261157274246216,-0.5270726680755615,0.044972002506256104
806.865287,0.17914846539497375,0.06618082523345947,-0.1944936215877533
806.965789,-0.2807382345199585,0.22454017400741577,0.05965101718902588
807.066221,-0.004910588264465332,-0.033346354961395264,-0.05572587251663208
807.166830,-0.002575010061264038,-0.02875453233718872,0.020414352416992188
807.267336,-0.04406844079494476,0.0749664306640625,0.018597006797790527
807.367800,0.02378690242767334,0.11614987254142761,-0.009323060512542725
807.468380,0.0735640823841095,0.048624634742736816,0.06896519660949707
807.568752,0.2795102298259735,0.45745575428009033,-0.27878206968307495
807.669317,-0.005187630653381348,-0.4749453663825989,0.5419603586196899
807.769835,-0.3520659804344177,0.309245228767395,-0.16079211235046387
807.870394,-0.09086623787879944,0.11751294136047363,0.16580098867416382
807.970808,0.012738019227981567,0.10428351163864136,-0.14877837896347046
808.071431,-0.03340563178062439,-0.005517482757568359,0.06601577997207642
808.171881,-0.011190712451934814,-0.03319066762924194,0.016455471515655518
808.272456,-0.04765135049819946,-0.05470162630081177,-0.014075696468353271
808.372884,0.15024933218955994,0.054262369871139526,0.08034706115722656
808.473392,0.054728686809539795,0.06842312216758728,0.006973147392272949
808.573844,0.37834393978118896,0.6595078706741333,-0.37765538692474365
808.674470,-0.059596478939056396,-0.49258536100387573,0.5259652137756348
808.774886,-0.31802308559417725,0.13491272926330566,0.18377995491027832
808.875374,0.1840934157371521,0.19122368097305298,0.26464003324508667
808.975926,-0.06618809700012207,0.0991060733795166,-0.20117473602294922
809.076448,-0.08164697885513306,0.020413637161254883,0.03214991092681885
809.176923,0.01158672571182251,0.019819676876068115,-0.03170806169509888
809.277404,0.005444854497909546,-0.05859333276748657,0.0012296438217163086
809.377956,0.036766618490219116,-0.03555178642272949,0.016626358032226562
809.478483,-0.006968677043914795,0.02714979648590088,-0.009314477443695068
809.578964,-0.0458989143371582,-0.004432022571563721,-0.015130817890167236
809.679530,-0.027133285999298096,0.04118502140045166,-0.022221863269805908
809.779967,0.043711960315704346,0.16570228338241577,-0.03306376934051514
809.880476,0.08232903480529785,0.2601493000984192,-0.09730106592178345
809.981002,-0.09303432703018188,-0.5372998714447021,0.3339870572090149
810.081527,-0.15516898036003113,0.0024850964546203613,0.12905684113502502
810.181935,0.03507310152053833,0.3044127821922302,-0.05503726005554199
810.282518,-0.06796890497207642,0.016612648963928223,-0.07852911949157715
810.382978,-0.008141547441482544,0.08447057008743286,0.017476826906204224
810.483523,-0.034016937017440796,-0.05678081512451172,0.01277315616607666
810.584064,-0.12434558570384979,-0.1457647681236267,-0.046333253383636475
810.684533,-0.11228036880493164,0.04905569553375244,-0.19633901119232178
810.785034,-0.08747899532318115,0.06807911396026611,-0.11862528324127197
810.885508,-0.07480233907699585,0.04485774040222168,0.02821207046508789
810.986022,-0.014457039535045624,0.10465049743652344,0.15437310934066772
811.086640,0.05497169494628906,0.06132286787033081,0.21502423286437988
811.187128,0.04559706524014473,-0.06378686428070068,0.11193692684173584
811.287645,-0.005612265318632126,-0.10112321376800537,0.03591454029083252
811.388203,-0.002232153434306383,-0.09152644872665405,0.016141891479492188
811.488607,-0.016193481162190437,-0.09268754720687866,-0.02580702304840088
811.589089,0.0065653566271066666,0.022183358669281006,0.02039104700088501
811.689635,0.006143726408481598,0.123066246509552,0.12233322858810425
811.789899,-0.1985454559326172,0.3998183012008667,0.05311775207519531
811.890592,-0.1622835397720337,-0.5399174690246582,0.09121569991111755
811.991151,-0.46954989433288574,0.04133284091949463,0.0844290554523468
812.091614,0.043086402118206024,0.13122659921646118,0.03226357698440552
812.192127,-0.14643439650535583,0.11783802509307861,-0.003628671169281006
812.292593,0.03590916097164154,-0.12905466556549072,0.05561840534210205
812.393143,-0.030828431248664856,-0.04728555679321289,-0.008596241474151611
812.493742,-0.041698530316352844,0.05421948432922363,0.02302861213684082
812.594210,0.06573885679244995,0.15190792083740234,0.10515552759170532
812.694653,0.16024020314216614,0.5185246467590332,-0.21930170059204102
812.795182,0.10695654153823853,-0.5571804046630859,0.2712792158126831
812.895731,-0.3506653308868408,0.14907801151275635,0.05812942981719971
812.996209,-0.17872852087020874,-0.002736687660217285,-0.0087507963180542
813.096792,0.0063286274671554565,0.1493963599205017,-0.05848133563995361
813.197297,-0.014286831021308899,-0.028334081172943115,0.032399892807006836
813.297780,-0.022753551602363586,0.00927656888961792,-0.03125786781311035
813.398225,-0.01826135814189911,0.030639052391052246,-0.023268282413482666
813.498728,0.049072086811065674,0.053188204765319824,-0.015355229377746582
813.599258,0.0033110082149505615,-0.02116703987121582,-0.023219048976898193
813.699766,0.2788776457309723,0.5714136958122253,-0.11820805072784424
813.800214,0.049024760723114014,-0.7263675928115845,0.6845088601112366
813.900774,-0.06872747838497162,0.1986689567565918,0.19401627779006958
814.001234,-0.2431763857603073,0.05180281400680542,0.11340904235839844
814.101829,0.06263461709022522,0.14409571886062622,-0.149733304977417
814.202302,0.007388368248939514,-0.04855608940124512,0.05252432823181152
814.302757,-0.036724209785461426,-0.008037686347961426,0.0011460185050964355
814.403295,0.019270241260528564,0.008371293544769287,0.05466663837432861
814.503844,0.10915575921535492,-0.005788564682006836,0.11177337169647217
814.604335,0.4244665801525116,0.7016316056251526,-0.5220384001731873
814.704825,0.05514085292816162,-0.8381972312927246,0.678315281867981
814.805321,-0.5527784824371338,0.1744111180305481,-0.3072800636291504
814.905888,-0.183707594871521,0.05367898941040039,0.15318042039871216
815.006371,0.08300229907035828,0.16745752096176147,-0.23126906156539917
815.106948,-0.004627451300621033,-0.06179541349411011,0.029951930046081543
815.207330,-0.001241058111190796,-0.016429364681243896,-0.001336902379989624
815.307886,0.032457947731018066,0.09789729118347168,0.009265661239624023
815.408386,-0.022113502025604248,-0.03325235843658447,-0.11315354704856873
815.508919,-0.0048051923513412476,-0.12621557712554932,0.15703290700912476
815.609363,-0.23201417922973633,0.21236443519592285,-0.17451366782188416
815.709894,-0.060916393995285034,0.09478485584259033,-0.01692795753479004
815.810424,-0.08182694017887115,-0.010984838008880615,-0.011040300130844116
815.910968,-0.04072600603103638,0.05903327465057373,-0.147992342710495
816.011506,0.004600584506988525,-0.0025833845138549805,-0.05742901563644409
816.111942,-0.022976011037826538,0.03716754913330078,0.011629045009613037
816.212462,-0.041595131158828735,-0.045303165912628174,-0.00019550323486328125
816.312941,-0.08214300870895386,0.03349071741104126,-0.02135711908340454
816.413463,-0.02207931876182556,0.05325186252593994,0.02959895133972168
816.514017,-0.07272148132324219,-0.06061834096908569,-0.029379189014434814
816.614444,0.005678057670593262,-0.05228179693222046,0.018655121326446533
816.715022,0.042012691497802734,-0.0372653603553772,0.0478779673576355
816.815298,-0.060346245765686035,-0.12215882539749146,-0.03819352388381958
816.916249,-0.009085536003112793,-0.11282390356063843,0.012520432472229004
817.016474,0.017514407634735107,-0.04428255558013916,0.02808988094329834
817.116983,0.011312544345855713,0.015038847923278809,-0.01636803150177002
817.217496,0.017219722270965576,0.01992899179458618,0.0020521879196166992
817.318048,0.023799657821655273,0.022955656051635742,0.03593719005584717
817.418591,-0.04202580451965332,-0.011000394821166992,0.0018700361251831055
817.519035,-0.02191901206970215,-0.011128365993499756,-0.004770219326019287
817.619550,-0.007290363311767578,-0.005849599838256836,0.0064771175384521484
817.720110,-0.0034539103507995605,-0.006722986698150635,-0.004979193210601807
817.820676,-0.02599543333053589,-0.022458970546722412,-0.025801002979278564
817.921111,-0.04118385910987854,-0.05213648080825806,-0.031158149242401123
818.021602,-0.021129101514816284,-0.030001461505889893,-0.006240248680114746
818.122071,0.06976425647735596,0.10103762149810791,0.07693397998809814
818.222664,0.0752350389957428,0.12838774919509888,-0.1694166660308838
818.323099,-0.12336927652359009,-0.34199219942092896,0.1893024444580078
818.423638,0.01903390884399414,0.12287455797195435,-0.010935962200164795
818.524124,-0.15601742267608643,0.1693088412284851,0.10277581214904785
818.624601,0.012672841548919678,0.11787581443786621,-0.10188430547714233
818.725182,0.01914331316947937,-0.045185625553131104,-0.021798551082611084
818.825638,-0.07267212867736816,0.0009729266166687012,-0.015570878982543945
818.926187,0.025244861841201782,-0.01033562421798706,0.030262410640716553
819.026669,0.013974875211715698,0.005949825048446655,0.007104754447937012
819.127203,-0.010517716407775879,0.00811922550201416,0.015308618545532227
819.227648,0.04214489459991455,0.03715851902961731,0.06323111057281494
819.328359,-0.4444740414619446,0.16868239641189575,-0.303414911031723
819.428697,-0.011521697044372559,-0.5711585283279419,0.581142008304596
819.529143,0.00015850365161895752,0.09166544675827026,0.09660094976425171
819.629744,-0.2034240961074829,0.13617205619812012,0.11203467845916748
819.730233,-0.046188682317733765,0.033422112464904785,-0.23274099826812744
819.830682,0.04313090443611145,-0.01829206943511963,0.03530168533325195
819.931282,-0.019774824380874634,-0.05021101236343384,0.01907527446746826
820.031794,0.02098861336708069,-0.055546581745147705,0.027989447116851807
820.132206,-0.008214175701141357,-0.06089794635772705,0.04948782920837402
820.232711,-0.000814974308013916,0.002857029438018799,0.011977791786193848
820.333315,-0.009883999824523926,0.04945385456085205,-0.029495656490325928
820.433763,0.08324170112609863,0.049507975578308105,0.04908132553100586
820.534263,0.34973642230033875,0.7419621348381042,-0.244063138961792
820.634717,0.08325397968292236,-0.8355916142463684,0.5231885313987732
820.735356,-0.35106539726257324,0.3810599446296692,-0.2425849437713623
820.835853,-0.28072044253349304,0.17944276332855225,0.21876907348632812
820.936295,0.19463346898555756,0.07060787081718445,-0.2725565433502197
821.036776,0.011698327958583832,-0.04394632577896118,0.016271352767944336
821.137343,-0.02838192880153656,-0.00555989146232605,0.0022048354148864746
821.237876,0.02370179444551468,-0.0029479265213012695,0.008674085140228271
821.338496,0.005551457405090332,0.02561357617378235,0.024278879165649414
821.438891,0.04462195187807083,0.09150764346122742,0.06142103672027588
821.539386,-0.1418159008026123,0.2388514280319214,-0.06420671939849854
821.639868,0.14767518639564514,-0.4338909387588501,0.0022944211959838867
821.740389,-0.23603874444961548,0.1627088189125061,0.06701672077178955
821.840868,-0.1802222728729248,0.251862108707428,-0.02610480785369873
821.941419,0.10094581544399261,0.15602123737335205,-0.003856837749481201
822.041926,0.0118885338306427,0.0025995969772338867,0.051779747009277344
822.142394,-0.06951925158500671,0.06949293613433838,-0.06121009588241577
822.242899,-0.06433422863483429,0.08498740196228027,-0.10122179985046387
822.343484,-0.059713780879974365,0.09259152412414551,0.02967733144760132
822.443873,0.03183239698410034,-0.05426400899887085,0.10759824514389038
822.544467,-0.05897289514541626,-0.10825085639953613,0.02648448944091797
822.644962,-0.027086496353149414,-0.07799094915390015,-0.03253757953643799
822.745455,0.034768909215927124,-0.11631900072097778,0.07666218280792236
822.845935,-0.006174325942993164,-0.057894229888916016,0.027291417121887207
822.946406,0.016795843839645386,0.04961150884628296,0.08954930305480957
823.046940,-0.23000943660736084,-0.15609097480773926,-0.11319804191589355
823.147543,0.04559001326560974,-0.25391900539398193,0.062132418155670166
823.247961,0.1490362286567688,-0.11599618196487427,0.040094852447509766
823.348524,-0.20923206210136414,0.17482978105545044,-0.03646540641784668
823.448980,-0.02684512734413147,0.1057707667350769,-0.05360877513885498
823.549551,-0.03757162392139435,-0.022795140743255615,-0.058262526988983154
823.650103,0.041470497846603394,-0.023061931133270264,0.004368424415588379
823.750594,0.012788549065589905,-0.05405038595199585,-0.020203351974487305
823.851053,0.0026507750153541565,0.08055102825164795,0.04653739929199219
823.951534,-0.03660126030445099,0.12086087465286255,-0.03414416313171387
824.051998,0.010186322033405304,-0.0050773024559021,-0.01270747184753418
824.152573,0.001726500689983368,-0.03976184129714966,0.017005205154418945
824.253044,-0.08285287022590637,-0.0261077880859375,-0.10714846849441528
824.353588,0.0640343725681305,-0.2037285566329956,0.21506273746490479
824.454064,0.01909402757883072,-0.03555154800415039,0.03810226917266846
824.554596,-0.06558579206466675,0.12223726511001587,-0.07046139240264893
824.655122,-0.01338571310043335,-0.009070396423339844,-0.014546036720275879
824.755612,0.01684103161096573,-0.004238426685333252,0.017842113971710205
824.856123,-0.027969107031822205,0.02871459722518921,-0.04159623384475708
824.956712,-0.01654134690761566,0.031044304370880127,-0.008481383323669434
825.057089,-0.0015313103795051575,-0.028869569301605225,-0.019141972064971924
825.157665,-0.00934726744890213,-0.009134352207183838,-0.050104737281799316
825.258175,-0.010258227586746216,-0.0012561678886413574,0.029169440269470215
825.358671,0.10013742744922638,-0.006158649921417236,0.037226200103759766
825.459138,-0.03677453100681305,-0.0040190815925598145,0.06985259056091309
825.559684,0.04023520648479462,0.1265137791633606,0.159626305103302
825.660252,-0.2801315486431122,-0.24427706003189087,0.028744637966156006
825.760633,0.050189197063446045,-0.17797887325286865,-0.15106165409088135
825.861174,-0.1428375244140625,0.1594904661178589,0.06316369771957397
825.961711,0.04212352633476257,0.12427473068237305,-0.08916205167770386
826.062213,-0.03885447978973389,0.09867697954177856,-0.06437498331069946
826.162733,-0.02083072066307068,-0.07062828540802002,0.08180546760559082
826.263193,0.0004297494888305664,-0.060423970222473145,-0.06558340787887573
826.363724,0.0006361156702041626,-0.02566349506378174,0.031949520111083984
826.464265,0.026245415210723877,-0.0237504243850708,0.020966768264770508
826.564705,0.09120045602321625,-0.0008069276809692383,0.09793931245803833
826.665315,0.012887299060821533,0.02165570855140686,-0.00010645389556884766
826.765770,0.025647759437561035,0.011625587940216064,0.05670905113220215
826.866316,0.1266365647315979,0.47574758529663086,-0.11766606569290161
826.966751,0.06184959411621094,-0.5621080994606018,0.28314638137817383
827.067187,-0.3425532281398773,0.12219810485839844,-0.055455565452575684
827.167812,-0.08926112949848175,0.09892868995666504,0.08292526006698608
827.268447,0.025139570236206055,0.06353145837783813,-0.27929434180259705
827.368744,-0.023280203342437744,-0.0009341835975646973,0.05611264705657959
827.469304,0.02942723035812378,-0.06116187572479248,0.011116087436676025
827.569786,0.010113939642906189,-0.02065056562423706,0.02450704574584961
827.670353,0.004623636603355408,0.03432905673980713,0.0031509101390838623
827.770806,0.008854001760482788,-0.0066751837730407715,0.0028644204139709473
827.871414,-0.021891236305236816,-0.0017646551132202148,0.009535253047943115
827.971797,-0.03320406377315521,-0.03473585844039917,-0.013934493064880371
828.072319,0.002911880612373352,-0.010789036750793457,0.0051171183586120605
828.172890,0.04727742075920105,0.044167399406433105,0.06367141008377075
828.273377,0.021297723054885864,0.28890514373779297,0.17676830291748047
828.373885,-0.1548352837562561,-0.2969967722892761,0.35223549604415894
828.474412,-0.1412312388420105,-0.05666273832321167,-0.004376471042633057
828.574841,-0.05378588289022446,0.015395045280456543,0.07703924179077148
828.675444,-0.07528229057788849,0.08264923095703125,-0.28154146671295166
828.775919,-0.0386383980512619,0.0880470871925354,0.10319828987121582
828.876360,-0.007313087582588196,0.08493983745574951,-0.009408652782440186
828.976864,0.0241994708776474,-0.008534669876098633,0.02213132381439209
829.077379,-0.022794276475906372,-0.1055905818939209,0.08031713962554932
829.178062,-0.05901035666465759,-0.23162001371383667,-0.01036769151687622
829.278483,-0.11212113499641418,-0.08232951164245605,0.0395580530166626
829.378926,-0.021937161684036255,0.018591105937957764,0.0812455415725708
829.479446,0.08941781520843506,0.23295241594314575,0.19865399599075317
829.579951,0.017648518085479736,0.4336662292480469,-0.059233665466308594
829.680447,0.09494331479072571,-0.41462916135787964,0.2003002166748047
829.780971,-0.1505880057811737,-0.20325469970703125,0.32599443197250366
829.881417,0.048121288418769836,-0.02039194107055664,0.17518353462219238
829.982121,-0.13154490292072296,0.06021803617477417,-0.10617983341217041
830.082534,-0.04678072780370712,0.11208295822143555,-0.02456730604171753
830.182954,0.009657323360443115,0.1690526008605957,-0.10693663358688354
830.283578,-0.07699589431285858,0.19016343355178833,-0.05886596441268921
830.383988,0.02034536749124527,0.10861712694168091,0.03338003158569336
830.484491,-0.05531078577041626,-0.037579476833343506,0.10857230424880981
830.584986,-0.03659015893936157,-0.6087163090705872,0.03458142280578613
830.685579,-0.10195997357368469,0.13216614723205566,0.026869654655456543
830.786158,-0.13457053899765015,0.007450997829437256,-0.1088305115699768
830.886543,-0.11364984512329102,0.0013734102249145508,0.08360368013381958
830.987068,0.060860179364681244,0.045133769512176514,0.04020977020263672
831.087569,0.033416152000427246,0.07971805334091187,0.07367843389511108
831.188065,-0.02490166574716568,0.0288047194480896,0.025910496711730957
831.288604,-0.05274979770183563,0.021080732345581055,-0.05137908458709717
831.389071,0.004133306443691254,0.03252899646759033,0.006860136985778809
831.489606,0.03289758414030075,0.2478959560394287,0.0336766242980957
831.590128,-0.01881389319896698,0.2219732403755188,-0.05793386697769165
831.690601,-0.06703582406044006,-0.25003015995025635,0.0018161535263061523
831.791116,-0.11689949780702591,-0.609737753868103,0.23089420795440674
831.891640,-0.12359844148159027,-0.09007531404495239,0.01796633005142212
831.992100,-0.0962970182299614,0.4222481846809387,-0.1571982502937317
832.092605,-0.24522846937179565,0.06325829029083252,-0.12148219347000122
832.193143,0.061352819204330444,-0.06882160902023315,0.09024471044540405
832.293736,0.030289560556411743,-0.12688469886779785,0.14114558696746826
832.394198,-0.07158546149730682,0.009920299053192139,-0.10767662525177002
832.494614,0.007465004920959473,0.0203438401222229,0.030650317668914795
832.595173,0.006409764289855957,-0.03225600719451904,0.06248462200164795
832.695631,0.00873875617980957,-0.02797776460647583,0.00561898946762085
832.796137,-0.025183185935020447,-0.0528140664100647,0.035871267318725586
832.896710,-0.008014023303985596,-0.034220218658447266,0.008199751377105713
832.997157,-0.033326223492622375,0.02270263433456421,-0.01567375659942627
833.097667,-0.010793939232826233,0.051279544830322266,-0.0599515438079834
833.198289,0.011471882462501526,0.17526918649673462,-0.052136361598968506
833.298815,0.014799386262893677,0.43903517723083496,-0.10512065887451172
833.399232,-0.06247586011886597,-0.42139458656311035,0.05040419101715088
833.499719,-0.005860507488250732,-0.34468352794647217,0.3900909423828125
833.600290,-0.08571679145097733,0.1300903558731079,-0.00502467155456543
833.700789,-0.07235915958881378,0.3583309054374695,-0.13958942890167236
833.801268,-0.2613365352153778,-0.19627636671066284,-0.22550392150878906
833.901781,0.13872796297073364,0.02237910032272339,0.18423181772232056
834.002247,0.042056530714035034,-0.041996121406555176,0.10729742050170898
834.102844,-0.06678153574466705,-0.02504265308380127,-0.08528512716293335
834.203306,-0.027287468314170837,0.031196236610412598,-0.05991041660308838
834.303782,0.03706395626068115,-0.051157593727111816,0.08858290314674377
834.404378,-0.024696603417396545,-0.05717247724533081,0.016556978225708008
834.504792,-0.031359121203422546,-0.0830734372138977,0.02510163187980652
834.605367,0.007378101348876953,0.047551870346069336,-0.013425767421722412
834.705817,0.015825167298316956,0.46010029315948486,0.16556179523468018
834.806326,-0.17384424805641174,-0.3435664772987366,0.21826425194740295
834.906862,0.1013336181640625,-0.1280781626701355,0.08988416194915771
835.007333,-0.1755169779062271,0.22840017080307007,-0.010613858699798584
835.107764,-0.08284604549407959,-0.05026036500930786,-0.12795493006706238
835.208397,-0.022604279220104218,0.07903754711151123,0.06264233589172363
835.308971,0.04234657436609268,-0.026814579963684082,-0.0005899667739868164
835.409384,-0.049891866743564606,-0.03612780570983887,0.022159457206726074
835.509914,9.690225124359131e-05,-0.08994412422180176,0.029906660318374634
835.610407,-0.01817658543586731,0.004767119884490967,-0.00770944356918335
835.710895,-0.02196875959634781,-0.0007808804512023926,0.021491050720214844
835.811372,-0.029951326549053192,0.004498541355133057,-0.029932618141174316
835.911975,0.00541127473115921,0.02775251865386963,-0.0037496089935302734
836.012355,-0.0022546350955963135,-0.00872814655303955,0.0037685632705688477
836.112890,0.029670022428035736,0.018816590309143066,0.021704494953155518
836.213446,-0.00027144700288772583,0.02163231372833252,-0.013919532299041748
836.313937,0.05720054358243942,-0.012104153633117676,0.10033029317855835
836.414402,-0.04031842201948166,0.07628625631332397,-0.06272530555725098
836.515041,0.007415771484375,-0.0752527117729187,0.0067806243896484375
836.615533,0.019079849123954773,0.05666989088058472,-0.10583752393722534
836.716019,-0.06416843831539154,-0.0181543231010437,-0.05893146991729736
836.816599,-0.0005525052547454834,-0.0023689866065979004,-0.033506929874420166
836.917099,0.011893421411514282,0.007204592227935791,-0.01180410385131836
837.017461,-0.016391292214393616,0.02443718910217285,0.033082008361816406
837.117955,-0.008385680615901947,0.02603679895401001,0.049812912940979004
837.218515,-0.005503103137016296,0.009834110736846924,0.023108839988708496
837.318998,0.015881896018981934,0.0032826662063598633,0.005428910255432129
837.419547,0.0036494284868240356,0.006194591522216797,0.011799633502960205
837.520052,0.000733301043510437,-0.007079720497131348,-0.008343696594238281
837.620494,0.0016210004687309265,-0.002002894878387451,0.0006476044654846191
837.721102,0.0017627254128456116,0.0017516613006591797,-0.001744687557220459
837.821578,-0.004487656056880951,-0.005487263202667236,-0.005793452262878418
837.922173,-0.0006593391299247742,-0.0020633935928344727,-0.0021409988403320312
838.022518,0.007915802299976349,0.0009428858757019043,-0.002923250198364258
838.123076,-0.0010627582669258118,-0.0019468069076538086,-0.009718537330627441
838.223556,-0.00261031836271286,0.004696071147918701,0.011190593242645264
838.324060,-0.005145378410816193,0.001490175724029541,0.014043807983398438
838.424627,-0.015577428042888641,-0.008477091789245605,-0.008590519428253174
838.525094,0.0006517767906188965,-0.006138205528259277,-0.008238554000854492
838.625615,0.006658449769020081,0.007196307182312012,0.007700324058532715
838.726150,0.0025408416986465454,0.0028849244117736816,-0.0029228925704956055
838.826654,-0.0038861408829689026,-0.0016709566116333008,0.00018805265426635742
838.927134,0.002603501081466675,0.00018614530563354492,0.0019408464431762695
839.027641,-0.0028158873319625854,0.004583537578582764,0.01005089282989502
839.128157,-0.003031313419342041,-0.006747424602508545,-0.009670734405517578
839.228772,0.0022741109132766724,-0.0023960471153259277,-0.004073679447174072
839.329237,-0.0033426955342292786,-0.000686943531036377,-0.0021979808807373047
839.429691,0.00011851638555526733,-0.0022619962692260742,0.0024239420890808105
839.530256,0.0009483844041824341,0.0025476813316345215,0.006377816200256348
839.630678,-0.011888392269611359,0.004258096218109131,0.003309488296508789
839.731209,-0.004163503646850586,-0.005616128444671631,0.0024228692054748535
839.831702,-0.001437559723854065,-0.0017247200012207031,-0.00017720460891723633
839.932029,-0.011464297771453857,0.004399240016937256,0.0028905868530273438
840.032779,0.0033536404371261597,0.0006287097930908203,0.00386965274810791
840.133186,0.0009104236960411072,0.004707694053649902,0.0018861889839172363
840.233714,0.002231188118457794,0.0015721917152404785,0.00025916099548339844
840.334230,-0.002630949020385742,0.003961086273193359,-0.004845738410949707
840.434780,-0.008946403861045837,-0.009212076663970947,-0.011957406997680664
840.535214,-0.006120897829532623,-0.005168497562408447,-0.013657629489898682
840.635782,0.03239653259515762,0.021319210529327393,0.01307755708694458
840.736278,0.018171370029449463,-0.01691681146621704,-0.006556570529937744
840.836788,-0.03869929164648056,0.01199638843536377,-0.017635226249694824
840.937236,-0.001098722219467163,0.0035436153411865234,0.03329610824584961
841.037794,-0.007594577968120575,0.01439601182937622,0.022018909454345703
841.138430,-0.021110251545906067,-0.023462951183319092,-0.015245556831359863
841.238797,-0.010480783879756927,-0.00855487585067749,-0.008323431015014648
841.339409,0.024858519434928894,0.020662367343902588,0.026684820652008057
841.439833,-0.015536993741989136,-0.0031409859657287598,-0.004517734050750732
841.540299,0.007217831909656525,-0.002594888210296631,0.0019106268882751465
841.640823,-0.0037261471152305603,0.011550664901733398,0.009130299091339111
841.741394,-0.01324407011270523,0.0030472874641418457,0.00529325008392334
841.841842,-0.009614430367946625,-0.002849102020263672,0.005020260810852051
841.942360,0.0036004111170768738,-0.003481268882751465,-0.005855977535247803
842.042818,0.005318246781826019,-0.0031394362449645996,-0.005691587924957275
842.143346,-0.0030790716409683228,0.003258228302001953,-0.004533886909484863
842.243842,0.0024420320987701416,0.0017374753952026367,0.0075217485427856445
842.344442,-0.0033851563930511475,0.0017572641372680664,0.005111217498779297
842.444868,-0.005942694842815399,-0.00223386287689209,-0.003145277500152588
842.545368,-0.003056354820728302,-0.00044035911560058594,-0.003957867622375488
842.645925,0.0010935738682746887,0.0008510947227478027,0.004145801067352295
842.746409,-0.0025866106152534485,-0.004463791847229004,0.006082653999328613
842.846953,-0.005998857319355011,0.004120767116546631,0.0010320544242858887
842.947488,0.00298338383436203,0.0025029778480529785,0.003556370735168457
843.047948,-0.0070565566420555115,-0.0011313557624816895,0.0005665421485900879
843.148512,-0.005526036024093628,-0.002168715000152588,-0.0028821229934692383
843.248981,-0.0012314245104789734,0.0018268227577209473,-0.0005638599395751953
843.349417,-0.002713225781917572,-0.004194498062133789,-0.0018813610076904297
843.449951,-0.003648005425930023,0.0001984238624572754,0.0029795169830322266
843.550455,0.0004638060927391052,0.0034298300743103027,0.004996120929718018
843.651089,-0.008725397288799286,-0.001974940299987793,0.003946483135223389
843.751483,-0.006416186690330505,0.0036278367042541504,0.009281754493713379
843.851972,0.008573547005653381,-0.0023047327995300293,-0.005140423774719238
843.952503,0.0068106502294540405,-0.0008290410041809082,-0.008647799491882324
844.052984,-0.0018725097179412842,0.005348384380340576,0.0051996707916259766
844.153632,0.00025897473096847534,-0.002238035202026367,-0.0019437670707702637
844.254050,-0.0070449113845825195,-0.00013309717178344727,-0.0027565956115722656
844.354524,0.0005398169159889221,-0.0008544921875,-0.0014780759811401367
844.455009,7.177144289016724e-05,0.0035269856452941895,0.003625154495239258
844.555584,-0.006138645112514496,-0.004484832286834717,-0.001172482967376709
844.656187,0.0006317794322967529,0.0019251108169555664,0.003671407699584961
844.756580,0.006223917007446289,0.005779922008514404,-0.0040825605392456055
844.857132,-0.008997127413749695,-0.005398750305175781,0.00018775463104248047
844.957574,0.002879820764064789,0.00602412223815918,0.0010004043579101562
845.058110,-0.0008518919348716736,-0.0018967390060424805,-0.0038548707962036133
845.158622,-0.0072335004806518555,0.0023294687271118164,0.0040541887283325195
845.259105,0.0011057406663894653,0.0012334585189819336,0.0016869306564331055
845.359604,0.0027456730604171753,0.0008946061134338379,-0.00298994779586792
845.460173,-0.005798347294330597,0.0018503665924072266,0.0003591775894165039
845.560609,-0.007076442241668701,0.0014119148254394531,0.0047070980072021484
845.661145,-0.002167515456676483,-0.0006167292594909668,-0.00437474250793457
845.761643,0.006633684039115906,-0.00736767053604126,-0.01024484634399414
845.862225,0.023811936378479004,-0.0023450255393981934,-0.06390106678009033
845.962731,0.020207442343235016,0.0146675705909729,-0.014815330505371094
846.063135,0.002891629934310913,0.01518237590789795,-0.015321493148803711
846.163726,0.02736038714647293,0.0048514604568481445,0.029395997524261475
846.264201,-0.0007400959730148315,0.010121166706085205,0.04093742370605469
846.364626,-0.03773089498281479,0.0007241368293762207,0.038458168506622314
846.465241,-0.021931961178779602,-0.005569756031036377,0.016312360763549805
846.565648,-0.050516992807388306,-0.007202088832855225,0.02387082576751709
846.666300,-0.014200709760189056,-0.003592252731323242,-0.0176699161529541
846.766815,-0.009195767343044281,0.018942832946777344,0.0087202787399292
846.867209,0.004941992461681366,-0.009680032730102539,0.0001080632209777832
846.967796,-0.003063306212425232,0.0080680251121521,0.014350175857543945
847.068186,-0.004954956471920013,-0.010297656059265137,-0.01828986406326294
847.168780,-0.003138825297355652,0.005362391471862793,0.012345314025878906
847.269329,-0.015802625566720963,0.00034290552139282227,0.0050504207611083984
847.369778,-0.029611928388476372,-0.007917165756225586,-0.0055901408195495605
847.470333,-0.020950807258486748,-0.009126603603363037,-0.020570337772369385
847.570755,-0.006023462861776352,0.003230452537536621,0.0023526549339294434
847.671309,-0.04795432090759277,-0.008580923080444336,0.03404676914215088
847.771860,-0.02113785594701767,-0.010608673095703125,0.015787959098815918
847.872339,0.034822359681129456,0.000264585018157959,-0.006991922855377197
847.972733,-0.0023698359727859497,0.023852050304412842,0.038585364818573
848.073262,0.0026488229632377625,-0.024974405765533447,-0.05732303857803345
848.173857,0.05578272417187691,0.01581937074661255,-0.04985833168029785
848.274249,-0.03744732588529587,0.03535038232803345,0.060786545276641846
848.374791,-0.030417729169130325,-0.021189332008361816,0.009422659873962402
848.475355,0.13643524050712585,-0.0044814348220825195,0.004448354244232178
848.576021,0.018316563218832016,-0.004156827926635742,-0.04519808292388916
848.676447,-0.02413751929998398,0.017309725284576416,-0.023222923278808594
848.776848,-0.004033446311950684,-0.017158567905426025,-0.041562676429748535
848.877270,0.011836156249046326,0.039810001850128174,-0.05016094446182251
848.977931,-0.009029671549797058,0.10494780540466309,0.016095638275146484
849.078419,-0.060271263122558594,0.04425513744354248,-0.0011290907859802246
849.178899,-0.014558181166648865,0.004388153553009033,-0.06307113170623779
849.279382,-0.026174873113632202,0.008573353290557861,0.02749037742614746
849.379906,-0.1018395721912384,0.03302818536758423,0.081393301486969
849.480384,0.05685774236917496,-0.09553468227386475,-0.12049716711044312
849.580861,0.3035247027873993,-0.2579713463783264,-0.09187877178192139
849.681434,0.06764964759349823,-0.15414774417877197,0.21992194652557373
849.781932,-0.24577949941158295,0.042148470878601074,0.2182166576385498
849.882389,-0.2799317240715027,0.15352624654769897,-0.10168425738811493
849.982932,-0.07495276629924774,-0.0023548007011413574,-0.18968816101551056
850.083474,0.18374599516391754,-0.19794422388076782,-0.12913930416107178
850.183985,0.13607117533683777,-0.09689682722091675,0.004610419273376465
850.284493,0.007931660860776901,-0.003319680690765381,0.05253499746322632
850.385006,-0.0486677810549736,0.02571249008178711,0.026801705360412598
850.485515,-0.06164233759045601,0.06043881177902222,-0.027437910437583923
850.585995,-0.10871361941099167,0.08447378873825073,-0.1148969978094101
850.686490,-0.0366075336933136,-0.011368155479431152,-0.25914835929870605
850.786997,0.26993346214294434,-0.2169094681739807,-0.0706525444984436
850.887490,0.1019124686717987,-0.16301828622817993,0.21338415145874023
850.988035,-0.24649201333522797,0.07960635423660278,0.1680794060230255
851.088490,-0.363705575466156,0.14932304620742798,-0.08335596323013306
851.189092,0.05351537466049194,-0.048939406871795654,-0.22289830446243286
851.289585,0.18647009134292603,-0.16907626390457153,-0.08261123299598694
851.390045,0.0507051907479763,-0.01949131488800049,0.0773308277130127
851.490496,-0.032206032425165176,0.02128016948699951,0.032821252942085266
851.591017,-0.025137536227703094,0.014237761497497559,-0.008507490158081055
851.691591,-0.033886849880218506,0.033538877964019775,-0.013514876365661621
851.792019,-0.10981336236000061,0.11558496952056885,-0.10190819203853607
851.892540,0.05506017059087753,-0.06316876411437988,-0.12215583771467209
851.993121,0.21479971706867218,-0.2370387315750122,-0.008365035057067871
852.093567,0.0474688857793808,-0.06779313087463379,0.1930389106273651
852.194030,-0.20703208446502686,0.09138357639312744,0.181807279586792
852.294601,-0.273987740278244,0.11163949966430664,-0.03129350394010544
852.395203,-0.02208755724132061,-0.05328327417373657,-0.21364080905914307
852.495595,0.15534567832946777,-0.17137420177459717,-0.12271249294281006
852.596090,0.13626261055469513,-0.09007972478866577,0.06742894649505615
852.696629,0.00786154717206955,0.009478509426116943,0.10136067867279053
852.797147,-0.04581489413976669,0.04810166358947754,0.020004332065582275
852.897707,-0.053751591593027115,0.031737565994262695,0.0031607747077941895
852.998187,-0.04504581168293953,0.009158134460449219,-0.006049808114767075
853.098718,-0.020757190883159637,-0.05891674757003784,-0.16655004024505615
853.199168,0.19703136384487152,-0.12560886144638062,-0.034840092062950134
853.299755,0.08082383871078491,-0.10833090543746948,0.1878175437450409
853.400270,-0.13165467977523804,0.06938439607620239,0.19423124194145203
853.500748,-0.2565886378288269,0.10747110843658447,-0.06550854444503784
853.601210,-0.115670345723629,-0.018255531787872314,-0.16273190081119537
853.701679,0.11525045335292816,-0.14631962776184082,-0.25327205657958984
853.802175,0.13752484321594238,-0.12521207332611084,-0.018811818212270737
853.902760,0.07418009638786316,-0.04157060384750366,0.08323036134243011
854.003170,-0.019100472331047058,0.028866469860076904,0.0996176153421402
854.103702,-0.051019087433815,0.03967583179473877,0.01964014768600464
854.204227,-0.04556962847709656,0.010796546936035156,-0.05694841966032982
854.304873,-0.0015656054019927979,-0.005174219608306885,-0.025961099192500114
854.405275,-0.09124495089054108,-0.03853219747543335,-0.36308616399765015
854.505791,0.2247515320777893,-0.1310431957244873,0.0024253763258457184
854.606259,0.017885755747556686,-0.14028537273406982,0.24458706378936768
854.706655,-0.21632283926010132,0.08559650182723999,0.27761995792388916
854.807272,-0.2303398698568344,0.1584031581878662,0.06495077908039093
854.907780,-0.17686952650547028,-0.00935441255569458,-0.1528850793838501
855.008299,0.031424492597579956,-0.17336595058441162,-0.17402829229831696
855.108795,0.1488892138004303,-0.17593157291412354,-0.031827449798583984
855.209330,0.10282766819000244,-0.08004802465438843,0.1077958419919014
855.309954,0.011104404926300049,0.005510509014129639,0.15364356338977814
855.410270,-0.0378277450799942,0.04845637083053589,0.0652727484703064
855.510930,-0.034421324729919434,0.014066934585571289,-0.04429459571838379
855.611396,-0.0004961341619491577,-0.014873981475830078,-0.07336997985839844
855.711899,0.010983303189277649,-0.012318670749664307,-0.007695972919464111
855.812312,0.004263684153556824,0.004913806915283203,0.05821108818054199
855.912886,-0.014478564262390137,0.0006161332130432129,0.05560469999909401
856.013415,0.034112364053726196,-0.040791213512420654,0.03247535228729248
856.113922,0.08969458937644958,-0.064486563205719,0.06706708669662476
856.214438,0.07064642012119293,-0.0008825063705444336,0.051172737032175064
856.314951,-0.03132951259613037,0.055072784423828125,-0.00933605432510376
856.415364,-0.11598017811775208,0.03032785654067993,-0.0490836501121521
856.515951,-0.11931729316711426,0.040683209896087646,-0.0450664758682251
856.616527,-0.09485629200935364,0.018287837505340576,-0.03084743395447731
856.716924,-0.02548244595527649,-0.006710231304168701,-0.022106528282165527
856.817446,0.019324898719787598,0.009354352951049805,-0.04833388328552246
856.917940,-0.04562084376811981,-0.014986097812652588,-0.04567897319793701
857.018428,-0.02812117338180542,-0.10857707262039185,-0.24124574661254883
857.119062,0.27911168336868286,-0.1371336579322815,0.019618092104792595
857.219493,0.04684758931398392,-0.1357959508895874,0.23276600241661072
857.319971,-0.2575724720954895,0.05462539196014404,0.2795332372188568
857.420449,-0.3153136372566223,0.1345943808555603,-0.003171619027853012
857.520938,-0.18960751593112946,-0.04799973964691162,-0.33223846554756165
857.621436,0.08226001262664795,-0.21591717004776,-0.23032589256763458
857.722040,0.1816384494304657,-0.1536903977394104,0.10244595259428024
857.822570,0.09151512384414673,-0.022235989570617676,0.13579143583774567
857.923018,0.003208726644515991,0.032736778259277344,0.06508946418762207
858.023561,0.013644605875015259,-0.0005826950073242188,0.0110017079859972
858.123954,0.049572840332984924,-0.051039040088653564,0.04973721504211426
858.224551,0.029897615313529968,-0.011753976345062256,0.0003896951675415039
858.324994,-0.048807114362716675,0.02934587001800537,-0.015822172164916992
858.425512,-0.10461810976266861,0.06572586297988892,-0.022036783397197723
858.526026,-0.17614375054836273,0.021388113498687744,0.06457556039094925
858.626598,-0.07425665855407715,-0.10556060075759888,-0.22338615357875824
858.727002,0.34346649050712585,-0.23194009065628052,0.018216736614704132
858.827585,0.12027747929096222,-0.10573714971542358,0.2171846330165863
858.928147,-0.28983962535858154,0.03684067726135254,0.1904892474412918
859.028678,-0.399838924407959,0.1367838978767395,-0.09005069732666016
859.129117,-0.19149509072303772,-0.01532834768295288,-0.2047196328639984
859.229684,0.15935301780700684,-0.2765621542930603,-0.14578473567962646
859.330090,0.18946745991706848,-0.09999442100524902,0.11297094821929932
859.430664,0.039326101541519165,0.019190609455108643,0.13775044679641724
859.531198,-0.03743702173233032,0.022923707962036133,0.007665993645787239
859.631588,-0.03205901384353638,0.016341447830200195,-0.0841207504272461
859.732219,-0.0433744341135025,0.007236599922180176,-0.06808245182037354
859.832755,0.006599292159080505,0.0028794407844543457,-0.020245075225830078
859.933171,0.03693801164627075,-0.014541029930114746,0.046128153800964355
860.033673,0.0405907928943634,-0.007791876792907715,0.06553465127944946
860.134167,0.008465856313705444,-0.011374235153198242,0.04818928241729736
860.234693,-0.049080535769462585,0.013203859329223633,0.007070183753967285
860.335293,-0.1252855509519577,0.037359654903411865,-0.15755701065063477
860.435747,-0.17530348896980286,-0.10524892807006836,-0.128989577293396
860.536231,0.375201940536499,-0.21690958738327026,0.13162630796432495
860.636690,0.15895885229110718,-0.22861260175704956,0.43340301513671875
860.737280,-0.29614144563674927,0.020771503448486328,0.2364978790283203
860.837752,-0.44203242659568787,0.10480892658233643,-0.04189145565032959
860.938264,-0.22682355344295502,-0.04143238067626953,-0.1473097801208496
861.038818,0.0685642659664154,-0.3542245030403137,-0.34456178545951843
861.139262,0.2047984004020691,-0.20166748762130737,-0.11085273325443268
861.239905,0.11498865485191345,-0.007397294044494629,0.08201569318771362
861.340413,-0.044707030057907104,0.03023982048034668,0.14017467200756073
861.440788,-0.023831605911254883,0.022881507873535156,0.021713078022003174
861.541249,-0.009738445281982422,-0.028078019618988037,-0.06683897972106934
861.641840,-0.01619449257850647,-0.019694209098815918,-0.05199086666107178
861.742280,-0.007914692163467407,0.013237833976745605,0.005944373086094856
861.842780,0.0002047419548034668,0.005536258220672607,0.023800015449523926
861.943325,0.0022143125534057617,-0.007023215293884277,0.021553635597229004
862.043831,0.021926671266555786,-0.006431877613067627,-0.0014992961660027504
862.144335,-0.0028384625911712646,-0.005018353462219238,0.038490891456604004
862.244870,-0.0041068196296691895,0.008502483367919922,-0.012476325035095215
862.345378,-0.0007006525993347168,0.0154457688331604,0.010669950395822525
862.445904,-0.05916161835193634,0.04474341869354248,0.009941816329956055
862.546425,-0.2046690434217453,-0.007861077785491943,-0.23541510105133057
862.646916,0.1591099500656128,-0.23835402727127075,-0.2015916109085083
862.747403,0.32103365659713745,-0.1983059048652649,0.045744508504867554
862.847904,-0.14410361647605896,-0.012846708297729492,0.4157310724258423
862.948368,-0.44563594460487366,0.11292916536331177,0.1305418759584427
863.049002,-0.41739535331726074,0.011659741401672363,-0.18733714520931244
863.149466,-0.021750643849372864,-0.2735022306442261,-0.1538858711719513
863.249919,0.23165029287338257,-0.3973435163497925,-0.0429074764251709
863.350387,0.12156537175178528,-0.06265836954116821,0.2587859630584717
863.450911,-0.03886505961418152,0.042652130126953125,0.2816771864891052
863.551408,-0.023282408714294434,0.09031504392623901,0.10975039005279541
863.652028,-0.015137270092964172,0.01908254623413086,-0.06526201963424683
863.752491,-0.01886087656021118,-0.039608001708984375,-0.09831666201353073
863.852906,0.006859883666038513,0.007483303546905518,-0.030482999980449677
863.953475,0.002508103847503662,0.025615394115447998,0.05011982470750809
864.053951,-0.02065633237361908,0.042021751403808594,0.014185495674610138
864.154536,-0.10163488984107971,-0.06138497591018677,-0.24155974388122559
864.254987,0.26206719875335693,-0.23102468252182007,-0.05193226784467697
864.355516,0.09359155595302582,-0.13283127546310425,0.24224931001663208
864.456007,-0.3516061305999756,0.08962756395339966,0.15283352136611938
864.556516,-0.3951239287853241,0.070445716381073,-0.27530431747436523
864.656973,0.046053048223257065,-0.19977378845214844,-0.20650455355644226
864.757485,0.16870731115341187,-0.22027665376663208,0.037774860858917236
864.858004,0.10342732071876526,0.03306299448013306,0.1548657864332199
864.958484,-0.006710812449455261,0.06551671028137207,0.037357039749622345
865.058964,-0.015637993812561035,-0.011699020862579346,-0.045262277126312256
865.159640,0.0029531866312026978,-0.026021242141723633,-0.04255563020706177
865.260026,-0.010685250163078308,0.021317660808563232,0.0027544498443603516
865.360499,-0.15836669504642487,-0.007193207740783691,-0.27264195680618286
865.461153,0.292705774307251,-0.325980544090271,-0.03558052331209183
865.561559,0.20921622216701508,-0.19169718027114868,0.33303892612457275
865.662095,-0.31603768467903137,0.0338444709777832,0.31335121393203735
865.762611,-0.45187172293663025,0.0752110481262207,-0.08196603506803513
865.863109,-0.1973188817501068,-0.18457216024398804,-0.3543800115585327
865.963603,0.21709737181663513,-0.3363301753997803,-0.05441391468048096
866.064097,0.2047918140888214,-0.13016372919082642,0.15211516618728638
866.164681,0.05292138457298279,0.09851968288421631,0.19699738919734955
866.265187,-0.005730420351028442,0.046834349632263184,0.026664845645427704
866.365683,-0.031269997358322144,0.012183010578155518,-0.06097239628434181
866.466188,-0.06862965226173401,-0.07005995512008667,-0.2067388892173767
866.566624,0.25129884481430054,-0.25175994634628296,0.06123626232147217
866.667191,0.018453069031238556,-0.04590296745300293,0.46104276180267334
866.767638,-0.31693628430366516,0.19544994831085205,0.3532773554325104
866.868253,-0.3627550005912781,0.08062362670898438,-0.21037209033966064
866.968662,0.08328007161617279,-0.26439136266708374,-0.1820998191833496
867.069167,0.16075876355171204,-0.13512706756591797,0.05872846394777298
867.169742,0.06460285186767578,0.07111400365829468,0.1158217340707779
867.270301,0.008616417646408081,0.033368051052093506,0.05680777132511139
867.370675,0.009314209222793579,0.006055295467376709,0.007481172680854797
867.471296,0.0057909488677978516,0.045024573802948,0.031149208545684814
867.571730,-0.02900637686252594,0.043498337268829346,0.004331722855567932
867.672258,-0.043393298983573914,0.07307541370391846,0.007746338844299316
867.772739,-0.07764577865600586,0.03793972730636597,-0.13817036151885986
867.873241,0.11128327250480652,-0.17942345142364502,-0.08863598108291626
867.973742,0.1695171594619751,-0.20035940408706665,0.23324894905090332
868.074275,-0.025729909539222717,-0.0016930103302001953,0.32493695616722107
868.174772,-0.2993413209915161,0.1131448745727539,0.0836600661277771
868.275236,-0.3430943489074707,0.05915647745132446,-0.14838354289531708
868.375763,-0.03279609978199005,-0.2783074378967285,-0.3370007276535034
868.476262,0.1513206958770752,-0.19362890720367432,0.06578829884529114
868.576817,0.08010709285736084,-0.009337663650512695,0.0964956283569336
868.677357,0.018380433320999146,-0.003614187240600586,0.12282386422157288
868.777910,-0.005945980548858643,0.011948347091674805,0.06357777118682861
868.878262,0.001493692398071289,0.07119154930114746,-0.0011025667190551758
868.978844,0.04771322011947632,0.06390595436096191,0.03285008668899536
869.079332,0.009526938199996948,0.019321322441101074,-0.014501482248306274
869.179925,0.00767555832862854,0.05541950464248657,0.015772581100463867
869.280404,0.026296064257621765,0.045066237449645996,-0.06691738963127136
869.380867,0.007415637373924255,-0.08726298809051514,-0.03597068786621094
869.481394,-0.01321142166852951,-0.17328119277954102,-0.27427971363067627
869.581820,-0.031014621257781982,0.008406400680541992,0.07003161311149597
869.682372,-0.08799207210540771,0.13396811485290527,0.08685564994812012
869.782917,0.010561306029558182,-0.012128114700317383,0.002732604742050171
869.883470,0.026145800948143005,0.12013715505599976,-0.026043236255645752
869.983908,0.0431426465511322,0.026491284370422363,-0.0004968941211700439
870.084391,0.04516689479351044,-0.03851586580276489,-0.010248184204101562
870.184933,-0.005299210548400879,-0.001705765724182129,-0.0020654797554016113
870.285406,-0.006509207189083099,0.09098953008651733,-0.0007039904594421387
870.385912,-0.03282860666513443,-0.07480233907699585,0.01547616720199585
870.486427,-0.009998783469200134,0.029596984386444092,0.002813100814819336
870.586915,-0.007297351956367493,0.023379504680633545,0.03309810161590576
870.687458,0.01586681604385376,-0.016133010387420654,0.07120012491941452
870.787954,0.05280120670795441,0.10919171571731567,-0.07180070877075195
870.888410,-0.014853380620479584,-0.09194833040237427,0.1252039670944214
870.988948,0.026091773062944412,0.03720468282699585,-0.057030558586120605
871.089445,-0.014195404946804047,0.00855034589767456,-0.04433178901672363
871.189974,-0.016417747363448143,-0.06321120262145996,-0.005484104156494141
871.290482,-0.025832301005721092,0.02755153179168701,0.052337318658828735
871.390991,0.060686517506837845,-0.10779553651809692,0.10675197839736938
871.491463,-0.05112543702125549,-0.0024678707122802734,-0.007116734981536865
871.592020,-0.06909394264221191,-0.12822705507278442,-0.06770806014537811
871.692580,0.07363861799240112,0.04535079002380371,0.016360312700271606
871.793116,0.04318207502365112,0.11100989580154419,-0.003414154052734375
871.893614,0.09969240427017212,0.1669468879699707,-0.11127468943595886
871.994115,-0.02643004059791565,0.32649922370910645,-0.287783145904541
872.094545,-0.06918859481811523,-0.328061580657959,0.10364484786987305
872.195071,0.153556227684021,-0.4155917763710022,0.3826102316379547
872.295571,-0.08432114869356155,0.1824130415916443,0.19547319412231445
872.396119,-0.3471311628818512,0.0712692141532898,-0.1808871626853943
872.496669,-0.06966830790042877,-0.24828565120697021,-0.11050117015838623
872.597245,0.1191386878490448,-0.013559460639953613,0.12855398654937744
872.697582,0.09245255589485168,0.04708296060562134,0.08896809816360474
872.798033,0.002436697483062744,0.03549259901046753,-0.02289438247680664
872.898673,0.015605747699737549,0.004403293132781982,0.026508867740631104
872.999119,0.0340840220451355,0.03136724233627319,0.012410670518875122
873.099564,-0.15758481621742249,0.16250663995742798,-0.12205962836742401
873.200158,0.07415962219238281,-0.2934080958366394,-0.034682393074035645
873.300548,0.206719309091568,-0.18380272388458252,0.2446751892566681
873.401166,-0.049950242042541504,0.1393687129020691,0.1895751953125
873.501671,-0.3551079034805298,-0.003778696060180664,-0.14331942796707153
873.602158,-0.046228572726249695,-0.19141680002212524,-0.09393715858459473
873.702657,0.1375609040260315,0.024095594882965088,0.13340377807617188
873.803132,0.11889985203742981,0.01916593313217163,0.08577585220336914
873.903702,-0.083663210272789,-0.00708538293838501,-0.08010299503803253
874.004204,-0.07852041721343994,-0.04944777488708496,-0.00918702781200409
874.104734,0.015313118696212769,0.012104988098144531,0.04501210153102875
874.205180,0.04389470815658569,0.0013297796249389648,-0.01055908203125
874.305773,0.002247333526611328,-0.0036422014236450195,-0.008913159370422363
874.406214,-0.01596134901046753,-0.0031925439834594727,-0.011377871036529541
874.506719,-0.033958494663238525,0.16361480951309204,-0.030659541487693787
874.607222,-0.17431405186653137,-0.11490374803543091,-0.0713050365447998
874.707697,0.16208118200302124,-0.2637442946434021,0.17713123559951782
874.808207,0.13302040100097656,0.11241257190704346,0.2849660813808441
874.908740,-0.31425368785858154,0.15328919887542725,-0.039793193340301514
875.009233,-0.20747385919094086,-0.35106438398361206,-0.14796316623687744
875.109797,0.10770270228385925,0.008577942848205566,0.18192458152770996
875.210259,0.10243037343025208,-0.0564914345741272,0.07346022129058838
875.310672,0.004472583532333374,0.02187138795852661,-0.055102646350860596
875.411327,0.052331119775772095,0.07179242372512817,0.005494654178619385
875.511776,-0.04039031267166138,0.1717028021812439,-0.11917749047279358
875.612362,0.0690247118473053,-0.4179918169975281,0.03355187177658081
875.712818,0.1801891028881073,-0.18437862396240234,0.3023903965950012
875.813375,-0.1772507280111313,0.2859784960746765,0.10019069910049438
875.913937,-0.3303357660770416,-0.13719087839126587,-0.27228355407714844
876.014306,0.16608986258506775,-0.024207592010498047,0.12495499849319458
876.114824,0.11266162991523743,-0.03964465856552124,0.12847840785980225
876.215468,-0.04503679275512695,-0.014815866947174072,-0.061512887477874756
876.315858,-0.05940297245979309,0.013288617134094238,-0.029284119606018066
876.416391,0.0062951743602752686,-0.03345334529876709,0.03559839725494385
876.516836,-0.047849953174591064,-0.12964552640914917,0.12402379512786865
876.617349,-0.03522282838821411,-0.008194267749786377,0.09729719161987305
876.717880,0.038253724575042725,0.09664422273635864,-0.09113287925720215
876.818390,0.09702283143997192,0.22355186939239502,-0.14348065853118896
876.918913,-0.221215158700943,-0.20546859502792358,-0.24297721683979034
877.019350,0.12874501943588257,-0.3528709411621094,0.27530989050865173
877.119965,0.12087757885456085,0.22952699661254883,0.2914465665817261
877.220424,-0.2635512351989746,0.1633085012435913,-0.15072214603424072
877.320910,-0.11623227596282959,-0.24183779954910278,-0.11294721812009811
877.421475,0.08749657869338989,-0.03205186128616333,0.11415047943592072
877.521974,0.0398138165473938,-0.03331553936004639,0.07393708825111389
877.622457,-0.04432445764541626,0.015636742115020752,-0.06540130078792572
877.723008,-0.022011637687683105,0.022625863552093506,-0.015024840831756592
877.823488,0.040089190006256104,-0.007214069366455078,0.04228776693344116
877.923971,0.026834577322006226,-0.07253396511077881,0.03674560785293579
878.024427,0.054906249046325684,-0.21632754802703857,0.12685662508010864
878.124953,0.06779491901397705,-0.16534405946731567,0.17258372902870178
878.225540,0.18974775075912476,-0.04155576229095459,0.27699118852615356
878.325971,0.20175251364707947,-0.03795439004898071,0.33770114183425903
878.426517,0.12151533365249634,-0.036548860371112823,0.36022305488586426
878.527045,-0.0911816954612732,0.051897287368774414,0.2446802854537964
878.627507,-0.17594075202941895,0.2807196080684662,0.14562857151031494
878.728016,0.031983137130737305,0.29627591371536255,0.1396656632423401
878.828529,-0.5882028937339783,0.4193803071975708,-0.2027280330657959
878.929034,0.18459230661392212,-0.21823424100875854,0.12775959074497223
879.029521,0.10499721765518188,-0.10492414236068726,-0.016617029905319214
879.130063,-0.06215697526931763,0.0950813889503479,-0.06059920787811279
879.230575,-0.014677762985229492,0.06831687688827515,-0.015666231513023376
879.331097,-0.08689188957214355,0.10896378755569458,0.07040748000144958
879.431549,-0.11034458875656128,0.44843578338623047,0.05834925174713135
879.532182,-0.20961076021194458,0.3041269779205322,0.17646175622940063
879.632544,-0.032559871673583984,0.03306332230567932,0.3616798520088196
879.733068,0.0932806134223938,0.03273952752351761,0.3374176025390625
879.833563,0.11650228500366211,0.11535950005054474,0.24952328205108643
879.934099,0.05712816119194031,0.1493273377418518,0.23876029253005981
880.034591,0.09348973631858826,-0.11926913261413574,0.19766807556152344
880.135138,0.06887313723564148,-0.295124888420105,0.23923125863075256
880.235648,0.03491297364234924,-0.3059093952178955,0.11848194897174835
880.336241,-0.012412607669830322,-0.11946004629135132,0.0703004002571106
880.436685,-0.07496759295463562,0.16776412725448608,-0.05183624476194382
880.537129,-0.08263733983039856,-0.15958869457244873,-0.12889736890792847
880.637694,0.1431695520877838,-0.22199863195419312,0.09249135851860046
880.738221,0.04362213611602783,0.18859142065048218,0.1799100637435913
880.838644,-0.19486448168754578,0.019510865211486816,-0.04137450456619263
880.939186,-0.1272767335176468,-0.17998486757278442,-0.10576903820037842
881.039566,0.07145929336547852,-0.07764542102813721,0.0562896728515625
881.140156,0.17534294724464417,0.010915517807006836,0.1632452756166458
881.240702,-0.023828238248825073,-0.04259413480758667,-0.02545231580734253
881.341265,-0.018304884433746338,-0.06395334005355835,0.059355974197387695
881.441680,0.018933594226837158,0.04230302572250366,0.018307149410247803
881.542254,-0.14858147501945496,0.18603914976119995,-0.11920106410980225
881.642713,-0.01563325524330139,-0.44003158807754517,-0.06394553184509277
881.743178,0.26750892400741577,-0.20642292499542236,0.25063639879226685
881.843835,-0.015571162104606628,0.34830087423324585,0.19853809475898743
881.944235,-0.3438616394996643,-0.23284268379211426,-0.1700514554977417
882.044772,0.030120134353637695,-0.20335876941680908,-0.054082147777080536
882.145223,0.1563999056816101,0.10018688440322876,0.16443434357643127
882.245751,0.02560192346572876,-0.0800817608833313,0.027240462601184845
882.346284,-0.04545345902442932,0.04455554485321045,0.0017141029238700867
882.446739,0.008250683546066284,0.07610964775085449,0.007087470963597298
882.547349,-0.0023096203804016113,0.14091265201568604,-0.014571182429790497
882.647868,-0.2676386535167694,-0.027924656867980957,-0.18115541338920593
882.748317,0.2758788764476776,-0.3736584186553955,0.1498194932937622
882.848803,0.000968635082244873,0.15718144178390503,0.3228577673435211
882.949296,-0.3184911012649536,0.29343247413635254,0.014287590980529785
883.049935,-0.12675994634628296,-0.3708130121231079,-0.12716343998908997
883.150413,0.15866148471832275,-0.11530256271362305,0.16314995288848877
883.250825,0.11132174730300903,0.046767473220825195,0.19276881217956543
883.351374,-0.016945868730545044,-0.10956215858459473,0.02484428882598877
883.451834,-0.052344441413879395,0.034478187561035156,0.057826995849609375
883.552368,0.020208030939102173,0.049848318099975586,0.02474379912018776
883.652892,0.0454581081867218,0.11386692523956299,-0.007952332496643066
883.753338,-0.3054164946079254,-0.13495951890945435,-0.1948881447315216
883.853908,0.18862801790237427,-0.3471105694770813,0.13732337951660156
883.954403,0.09592127799987793,0.287991464138031,0.37773823738098145
884.054887,-0.44106918573379517,0.2988244295120239,-0.11675745248794556
884.155588,-0.09971484541893005,-0.38230395317077637,-0.0737149566411972
884.255929,0.21508318185806274,0.12447845935821533,0.1572539210319519
884.356490,0.02305823564529419,-0.0804896354675293,0.10987609624862671
884.456911,-0.05491352081298828,-0.09138482809066772,0.0484391450881958
884.557470,-0.0011374950408935547,0.06147271394729614,0.02825087308883667
884.658036,0.12797421216964722,0.10240685939788818,-0.026862390339374542
884.758461,-0.2919512689113617,0.09772807359695435,-0.2332112193107605
884.858949,0.15330004692077637,-0.534876823425293,0.16244620084762573
884.959451,0.11146697402000427,0.06706839799880981,0.3706026077270508
885.059981,-0.19864299893379211,0.45717501640319824,0.1239209771156311
885.160547,-0.4894784390926361,-0.2850944995880127,-0.26494497060775757
885.260949,0.1565486192703247,-0.28240495920181274,0.07133722305297852
885.361512,0.09495186805725098,0.12579411268234253,0.14796024560928345
885.462138,-0.08764070272445679,-0.09332644939422607,-0.1557181477546692
885.562489,-0.042746663093566895,0.05675160884857178,-0.0027215443551540375
885.663100,0.05601820349693298,0.01700681447982788,0.013251014053821564
885.763426,0.0075369179248809814,0.018887221813201904,-0.02666562981903553
885.864038,0.0006385445594787598,0.050183653831481934,0.018426358699798584
885.964508,0.04606691002845764,-0.008090376853942871,0.018578410148620605
886.065097,-0.08599856495857239,0.14467841386795044,-0.07707608491182327
886.165614,-0.2325552999973297,-0.13861322402954102,-0.032595157623291016
886.266149,0.2500430941581726,-0.4714956283569336,0.31917548179626465
886.366583,0.036164045333862305,0.12389665842056274,0.3031049966812134
886.467131,-0.25762099027633667,0.1440630555152893,0.02372610569000244
886.567622,-0.20932793617248535,-0.2377144694328308,-0.20046184957027435
886.668090,0.021402299404144287,-0.09434235095977783,-0.004769977182149887
886.768548,0.11161118745803833,0.008992671966552734,0.14814309775829315
886.869157,-0.002402782440185547,-0.10288387537002563,-0.00037509016692638397
886.969598,-0.026700913906097412,0.030990660190582275,0.06287598609924316
887.070136,0.019491612911224365,0.010898888111114502,-0.005287043750286102
887.170658,-0.1058797836303711,0.0990142822265625,-0.07573865354061127
887.271237,-0.23245230317115784,-0.3202618360519409,-0.15737730264663696
887.371640,0.27047836780548096,-0.38083767890930176,0.1890457272529602
887.472179,0.023830711841583252,0.27104872465133667,0.33371925354003906
887.572709,-0.25679925084114075,0.2245846390724182,0.015907153487205505
887.673165,-0.29356658458709717,-0.36067795753479004,-0.12303616106510162
887.773625,0.13765716552734375,-0.04691261053085327,0.10764455050230026
887.874209,0.13235121965408325,0.008886456489562988,0.187344491481781
887.974684,-0.03127032518386841,-0.09955364465713501,0.009835600852966309
888.075192,-0.07511463761329651,-0.0009818077087402344,0.07475519180297852
888.175648,0.022738665342330933,-0.011543869972229004,0.050220370292663574
888.276301,0.016379356384277344,0.02070671319961548,-0.013313531875610352
888.376819,-0.023822486400604248,0.13615238666534424,-0.0775517076253891
888.477261,-0.2275334894657135,0.0008707046508789062,-0.2004736363887787
888.577694,0.15158376097679138,-0.45938366651535034,0.10463741421699524
888.678241,0.287871778011322,0.052987635135650635,0.43829581141471863
888.778823,-0.0908193290233612,0.4858560562133789,0.18862897157669067
888.879187,-0.47408580780029297,-0.15363609790802002,-0.19172576069831848
888.979728,0.04825270175933838,-0.2935831546783447,-0.003432758152484894
889.080257,0.14280638098716736,0.1551702618598938,0.21274924278259277
889.180841,0.044380128383636475,-0.039205849170684814,0.03654158487915993
889.281254,-0.004818171262741089,-0.021216988563537598,0.038302890956401825
889.381805,0.01638740301132202,0.02248150110244751,0.09705638885498047
889.482307,0.049328774213790894,-0.009945034980773926,0.05723036825656891
889.582842,-0.00956791639328003,-0.023778021335601807,-0.03390643000602722
889.683380,-0.11987704038619995,0.10322409868240356,-0.09999331831932068
889.783815,-0.201457679271698,-0.3842335343360901,-0.1843605935573578
889.884233,0.23356938362121582,-0.15144258737564087,0.25282466411590576
889.984825,0.04293273389339447,0.3948814868927002,0.32750487327575684
890.085306,-0.33558595180511475,0.21940088272094727,-0.06171071529388428
890.185808,-0.19262222945690155,-0.45375436544418335,-0.06859597563743591
890.286322,0.124927818775177,0.003722250461578369,0.12437842786312103
890.386845,0.1635388433933258,0.047609150409698486,0.1490083932876587
890.487314,0.017192929983139038,-0.10402745008468628,-0.02010001242160797
890.587925,-0.1240662932395935,0.03460085391998291,-0.042468681931495667
890.688415,0.0022953450679779053,-0.04614543914794922,0.00686238706111908
890.788870,0.011051803827285767,0.0302431583404541,0.006574645638465881
890.889461,-0.00995221734046936,-0.007246196269989014,-0.029277920722961426
890.989792,0.024205774068832397,-0.034636735916137695,0.045177921652793884
891.090386,0.0359644889831543,0.019780278205871582,0.013545632362365723
891.190956,-0.018716484308242798,-0.007545053958892822,-0.03237903118133545
891.291409,-0.007458329200744629,-0.05531132221221924,0.02492275834083557
891.391906,0.0375591516494751,-0.10432976484298706,0.038930296897888184
891.492357,0.011148467659950256,0.0036211013793945312,0.04950439929962158
891.592920,-0.06772763282060623,0.12343090772628784,0.04645836353302002
891.693443,-0.10686126351356506,0.15831708908081055,-0.01334989070892334
891.793958,-0.03825561702251434,-0.04183554649353027,-0.07999920099973679
891.894519,-0.0423264317214489,-0.034964144229888916,-0.034482598304748535
891.994967,-0.07304546236991882,0.019047796726226807,-0.0566025972366333
892.095551,-0.13587602972984314,0.018077194690704346,-0.07423126697540283
892.195978,-0.1225309669971466,0.05419892072677612,-0.0276787132024765
892.296487,-0.07022258639335632,0.08722418546676636,0.014141932129859924
892.397023,0.04655934125185013,0.014769971370697021,0.031161770224571228
892.497501,-0.08162244409322739,0.06442493200302124,-0.025858908891677856
892.598058,-0.07724183797836304,-0.23748880624771118,0.046915680170059204
892.698503,0.3006208539009094,-0.5757670998573303,0.4367663264274597
892.798949,0.10759132355451584,0.16596204042434692,0.4035390019416809
892.899524,-0.25568413734436035,0.385528028011322,0.03401288390159607
893.000207,-0.28700771927833557,-0.24926036596298218,-0.23956000804901123
893.100581,0.014904588460922241,-0.19295090436935425,0.04973698407411575
893.201034,0.09507209062576294,-0.04532235860824585,0.2094515562057495
893.301550,-0.014665186405181885,-0.08906692266464233,0.05310109257698059
893.402104,-0.02089756727218628,-0.013980865478515625,-0.006244093179702759
893.502559,0.028824210166931152,0.032037436962127686,0.060628533363342285
893.603037,0.045643150806427,-0.004748225212097168,0.047622859477996826
893.703702,0.033764421939849854,0.04571753740310669,0.010586857795715332
893.804110,0.022993505001068115,0.05542123317718506,-0.014267325401306152
893.904653,0.031851232051849365,0.023367106914520264,-0.007227897644042969
894.005192,-0.00334852933883667,-0.019789516925811768,-0.015771597623825073
894.105701,-0.010070264339447021,-0.009141921997070312,-0.004801154136657715
894.206294,-0.0015790462493896484,-0.021870970726013184,-0.007430553436279297
894.306738,-0.018116652965545654,-0.03031688928604126,0.0004910826683044434
894.407374,-0.009875833988189697,-0.006343066692352295,0.0005359649658203125
894.507759,0.036852478981018066,0.04688769578933716,0.018291890621185303
894.608262,0.1623375415802002,0.23434555530548096,-0.044066548347473145
894.708727,-0.18050992488861084,0.0891537070274353,-0.18437963724136353
894.809294,0.16114848852157593,-0.6273674964904785,0.35665684938430786
894.909753,0.02781665325164795,-0.1037517786026001,0.3943619132041931
895.010282,-0.18191199004650116,0.26203054189682007,0.07954235374927521
895.110725,-0.3727397918701172,-0.042646586894989014,-0.20044493675231934
895.211326,-0.022909462451934814,-0.2593480348587036,-0.04754739999771118
895.311810,0.1885666847229004,0.07503765821456909,0.2089095413684845
895.412335,0.0557902455329895,-0.028860092163085938,0.035914137959480286
895.512864,-0.09456831216812134,-0.01999121904373169,0.0037956908345222473
895.613374,-0.016024112701416016,0.01360464096069336,0.1008225679397583
895.713769,0.002111077308654785,0.1835108995437622,-0.011835098266601562
895.814371,-0.14054304361343384,0.02491825819015503,-0.26621830463409424
895.914888,0.17023277282714844,-0.4089878797531128,0.14086437225341797
896.015389,0.1970226764678955,-0.07129788398742676,0.38686466217041016
896.115837,-0.07172293961048126,0.3962993621826172,0.14738333225250244
896.216180,-0.4811685085296631,-0.050068676471710205,-0.16248178482055664
896.316865,-0.11342278122901917,-0.3781464695930481,-0.04310894012451172
896.417339,0.1988036036491394,0.0897333025932312,0.23065322637557983
896.517825,0.0720357596874237,0.032499611377716064,0.08516764640808105
896.618245,-0.04488536715507507,-0.09649395942687988,0.03378701210021973
896.718799,-0.07116842269897461,0.00277787446975708,0.0815122127532959
896.819380,0.06719624996185303,0.08758991956710815,-0.003958819434046745
896.919812,0.08350199460983276,0.20621925592422485,-0.0967794805765152
897.020280,-0.25642794370651245,-0.33236175775527954,-0.18826499581336975
897.120850,0.138828843832016,-0.3118535876274109,0.2707899808883667
897.221375,0.09683495759963989,0.23804491758346558,0.3521401882171631
897.321921,-0.1848408430814743,0.40827804803848267,-0.01128697395324707
897.422373,-0.4106607437133789,-0.27967238426208496,-0.18126215040683746
897.522900,0.10741370916366577,-0.31035035848617554,0.08577513694763184
897.623360,0.13322195410728455,0.13389283418655396,0.19392967224121094
897.723847,-0.005750477313995361,-0.002737104892730713,-0.061250925064086914
897.824405,-0.08562633395195007,0.022351980209350586,-0.05341209098696709
897.924868,0.05121183395385742,-0.006425976753234863,0.08512496948242188
898.025416,0.08127620816230774,-0.0426025390625,0.11737668514251709
898.125947,0.05639192461967468,0.04712939262390137,0.03712689131498337
898.226296,-0.34152910113334656,0.054452598094940186,-0.2695090174674988
898.326912,0.09137365221977234,-0.41844642162323,0.07488201558589935
898.427390,0.12859094142913818,0.013887763023376465,0.3726436197757721
898.527934,-0.10763669013977051,0.43380284309387207,0.09425485134124756
898.628429,-0.4312822222709656,-0.2321750521659851,-0.2809305191040039
898.728959,0.07533842325210571,-0.21923643350601196,0.004288084805011749
898.829581,0.19022589921951294,0.05635631084442139,0.19895030558109283
898.929975,-0.023182183504104614,-0.04628711938858032,-0.056494832038879395
899.030461,-0.09322264790534973,0.049532532691955566,-0.054088473320007324
899.131011,0.013074874877929688,0.011331319808959961,-0.015787247568368912
899.231458,-0.05859780311584473,0.00993967056274414,-0.11427223682403564
899.332058,0.0031680166721343994,-0.026681244373321533,0.01274377852678299
899.432477,0.06111994385719299,0.04553896188735962,0.032730892300605774
899.533018,-0.0019762516021728516,0.15042251348495483,0.047083690762519836
899.633520,-0.028957456350326538,0.13393807411193848,0.02345164120197296
899.734094,-0.05515819787979126,0.023279964923858643,-0.009071823209524155
899.834467,-0.06885308027267456,-0.10885900259017944,0.04578365385532379
899.935023,0.0496273934841156,-0.15758466720581055,0.16231131553649902
900.035509,0.08488297462463379,-0.05035281181335449,0.08180417120456696
900.136013,0.007699638605117798,0.06731373071670532,0.002030014991760254
900.236498,-0.2553861439228058,0.016897618770599365,-0.19149574637413025
900.337195,-0.009426027536392212,-0.3452266454696655,-0.07271432876586914
900.437545,0.2454897165298462,-0.20293325185775757,0.3448359966278076
900.538104,0.04755735397338867,0.2310006022453308,0.211009681224823
900.638634,-0.2703908681869507,0.16593867540359497,-0.11071920394897461
900.739123,-0.25082409381866455,-0.1693311333656311,-0.18624426424503326
900.839589,0.0904354453086853,-0.11701834201812744,0.10117161273956299
900.940241,0.18008184432983398,-0.04368031024932861,0.18454670906066895
901.040650,-0.003395766019821167,-0.09920710325241089,0.09344720840454102
901.141207,-0.07893672585487366,0.10986089706420898,0.060785531997680664
901.241643,0.010698407888412476,0.23563265800476074,-0.12296426296234131
901.342214,-0.19228407740592957,0.0804181694984436,-0.28265896439552307
901.442737,0.06371018290519714,-0.28492534160614014,0.14864766597747803
901.543275,0.19408434629440308,-0.10892832279205322,0.3710039258003235
901.643663,-0.01845461130142212,0.3428061008453369,0.16591136157512665
901.744194,-0.3455658257007599,0.039869725704193115,-0.20123684406280518
901.844694,-0.08555939793586731,-0.31996870040893555,-0.06499966979026794
901.945193,0.1534627079963684,0.04465752840042114,0.17524242401123047
902.045596,0.08183985948562622,-0.02257603406906128,0.08572900295257568
902.146174,-0.01917174458503723,-0.042858123779296875,0.04166925698518753
902.246716,-0.018665075302124023,0.07962620258331299,0.08135628700256348
902.347212,0.049104899168014526,0.10842663049697876,-0.054066553711891174
902.447664,-0.2598763704299927,-0.05185931921005249,-0.31734123826026917
902.548206,0.17880883812904358,-0.3398786187171936,0.10624243319034576
902.648678,0.25051483511924744,-0.07741844654083252,0.38010120391845703
902.749241,-0.10083550214767456,0.3173394799232483,0.1967741847038269
902.849690,-0.5029445886611938,0.010289490222930908,-0.18912959098815918
902.950193,-0.03548327088356018,-0.41144657135009766,-0.052422285079956055
903.050710,0.2147531509399414,0.12702471017837524,0.17941880226135254
903.151279,0.057028502225875854,-0.01474696397781372,0.0724802017211914
903.251754,-0.021825730800628662,-0.10725939273834229,0.056743279099464417
903.352372,0.017994046211242676,0.07974749803543091,0.08577954769134521
903.452811,0.11284121870994568,0.054624319076538086,-0.012496471405029297
903.553259,-0.34153085947036743,0.04416018724441528,-0.3067267835140228
903.653773,0.05917051434516907,-0.3962872624397278,0.042118415236473083
903.754274,0.2704409062862396,-0.11965823173522949,0.3896248936653137
903.854769,-0.04739093780517578,0.447547972202301,0.2642722725868225
903.955361,-0.46105414628982544,0.046373724937438965,-0.18899905681610107
904.055895,0.06473127007484436,-0.43591707944869995,-0.030767396092414856
904.156305,0.1650526523590088,0.09900301694869995,0.1747259497642517
904.256859,0.017652273178100586,-0.013044893741607666,0.07234025001525879
904.357345,-0.03812485933303833,-0.11809223890304565,0.03971683979034424
904.457783,0.01182633638381958,0.050941288471221924,0.051372405141592026
904.558333,0.08555307984352112,0.08061331510543823,-0.010364189743995667
904.659113,-0.2723332345485687,0.04799079895019531,-0.22937004268169403
904.759350,0.044562071561813354,-0.4431179165840149,0.02330242097377777
904.859886,0.23183003067970276,-0.1032899022102356,0.35334324836730957
904.960336,0.0009104609489440918,0.48408496379852295,0.26121237874031067
905.060996,-0.36350688338279724,0.17977780103683472,-0.12549710273742676
905.161400,-0.026925623416900635,-0.4471588730812073,-0.010236367583274841
905.261920,0.1657174825668335,0.08807319402694702,0.18439382314682007
905.362406,0.10470443964004517,0.05573475360870361,0.10014659911394119
905.462946,0.004053384065628052,-0.07209086418151855,-0.0024987459182739258
905.563439,0.06144174933433533,-0.0796251893043518,0.16201138496398926
905.664007,0.07793331146240234,0.058962225914001465,0.10245764255523682
905.764501,-0.08917513489723206,0.11387258768081665,-0.05270087718963623
905.864919,-0.45606106519699097,-0.04515117406845093,-0.29951536655426025
905.965460,0.10500511527061462,-0.3474808931350708,-0.0021604374051094055
906.065931,0.17913132905960083,-0.05754280090332031,0.35487157106399536
906.166537,0.02600817382335663,0.4909847378730774,0.20992115139961243
906.267070,-0.20840732753276825,0.1117163896560669,-0.09002518653869629
906.367527,-0.10026375949382782,-0.30915898084640503,-0.0981137752532959
906.468051,0.01867908239364624,-0.08780848979949951,0.10412122309207916
906.568464,0.03690558671951294,-0.000786125659942627,0.04208158701658249
906.669130,-0.15426412224769592,-0.044352054595947266,-0.11867223680019379
906.769509,-0.09866772592067719,-0.03545159101486206,-0.09109927713871002
906.870013,0.00999024510383606,0.14202672243118286,-0.10330832004547119
906.970555,0.06463679671287537,0.129247784614563,-0.007422894239425659
907.071116,-0.01238858699798584,0.11380529403686523,-0.030176401138305664
907.171605,-0.1522984802722931,0.04361003637313843,-0.016695499420166016
907.272031,-0.15956726670265198,-0.3168800473213196,-0.023420065641403198
907.372572,0.2357460856437683,-0.6522090435028076,0.7195444703102112
907.473039,0.10614490509033203,0.10626345872879028,0.4777067303657532
907.573528,-0.1834041029214859,0.40528374910354614,0.017391890287399292
907.674108,-0.3851047158241272,-0.131139874458313,-0.27431488037109375
907.774557,-0.08321487903594971,-0.4193943738937378,-0.03315424919128418
907.875227,0.14827829599380493,-0.07560491561889648,0.20836560428142548
907.975577,0.05000472068786621,0.05834132432937622,-0.0034674406051635742
908.076144,-0.058781176805496216,-0.11997944116592407,0.00026786327362060547
908.176633,-0.0021718740463256836,0.05268561840057373,0.11679130792617798
908.277181,-0.13950306177139282,0.1993504762649536,-0.13454769551753998
908.377630,-0.10606414079666138,-0.31994563341140747,-0.22686365246772766
908.478102,0.21849364042282104,-0.28572309017181396,0.26904797554016113
908.578609,0.0460679829120636,0.10856765508651733,0.3023761510848999
908.679188,-0.21445755660533905,0.25759124755859375,-0.051347196102142334
908.779625,-0.2957819998264313,-0.2414124608039856,-0.2286100685596466
908.880120,0.04738691449165344,-0.17555630207061768,0.022511348128318787
908.980606,0.18788066506385803,0.05430060625076294,0.14847612380981445
909.081214,0.07618635892868042,-0.13111889362335205,0.009663835167884827
909.181666,-0.03390881419181824,-0.041314780712127686,0.07075382769107819
909.282254,0.01737019419670105,0.020326197147369385,0.05522821098566055
909.382508,0.04204612970352173,0.084442138671875,-0.03039000928401947
909.483178,-0.15885034203529358,0.05326271057128906,-0.16047105193138123
909.583682,-0.18518459796905518,-0.3736571669578552,-0.13032636046409607
909.684220,0.23940956592559814,-0.34049636125564575,0.19859254360198975
909.784695,0.1162177324295044,0.1664489507675171,0.3347364664077759
909.885131,-0.14772473275661469,0.2755275368690491,-0.01711660623550415
909.985768,-0.29688704013824463,-0.2516542077064514,-0.16541701555252075
910.086251,-0.014064550399780273,-0.10123097896575928,0.02726924419403076
910.186786,0.1841479241847992,0.07226461172103882,0.14368319511413574
910.287288,0.05874618887901306,-0.034049928188323975,0.07184576988220215
910.387880,-0.04402920603752136,-0.05443757772445679,0.02602885663509369
910.488280,0.0074273645877838135,-0.033449411392211914,0.049135804176330566
910.588766,0.05919450521469116,0.03599107265472412,0.04556703567504883
910.689306,-0.0022638142108917236,0.09876847267150879,-0.055783405900001526
910.789781,-0.3672730028629303,-0.03614896535873413,-0.24643713235855103
910.890316,0.09538227319717407,-0.28755617141723633,0.07478116452693939
910.990734,0.1632961928844452,-0.04269528388977051,0.32074403762817383
911.091314,0.031889528036117554,0.37998437881469727,0.2560309171676636
911.191819,-0.2927974760532379,0.1720253825187683,-0.07373225688934326
911.292344,-0.18286137282848358,-0.37944501638412476,-0.12034961581230164
911.392881,0.12744081020355225,-0.06225478649139404,0.11038994044065475
911.493284,0.14237844944000244,0.043596088886260986,0.17251718044281006
911.593875,0.03214287757873535,-0.12097501754760742,-0.026640765368938446
911.694399,-0.09138259291648865,0.01377958059310913,-0.02791619300842285
911.794848,-0.05378594994544983,-0.006909728050231934,-0.03616584092378616
911.895323,-0.0059815943241119385,0.02962958812713623,-0.011250603944063187
911.995875,0.04935568571090698,0.040289223194122314,0.019018886610865593
912.096347,0.057430148124694824,0.015707015991210938,0.004339694976806641
912.196896,0.02763199806213379,0.0690949559211731,-0.031047705560922623
912.297332,-0.10696399211883545,0.19724327325820923,-0.18260109424591064
912.397972,-0.15448683500289917,-0.4224756360054016,-0.05514705181121826
912.498340,0.16704174876213074,-0.4423167109489441,0.30751168727874756
912.598883,0.13219702243804932,0.12769758701324463,0.35331204533576965
912.699427,-0.1756291389465332,0.4022309184074402,0.07226896286010742
912.799907,-0.36973243951797485,-0.21110039949417114,-0.23562361299991608
912.900452,-0.05093371868133545,-0.20397216081619263,0.016640514135360718
913.000929,0.16345340013504028,0.04506748914718628,0.24134737253189087
913.101409,0.12781554460525513,-0.04388153553009033,0.01829427480697632
913.201999,-0.04531395435333252,-0.017674922943115234,-0.04944419115781784
913.302530,-0.09181997179985046,0.005379199981689453,-0.04886281490325928
913.403002,0.012560337781906128,0.006138324737548828,-0.06019246578216553
913.503481,0.02315196394920349,0.2361314296722412,-0.06866282224655151
913.604028,-0.17282959818840027,-0.23817312717437744,-0.058295972645282745
913.704518,0.1914924681186676,-0.5408373475074768,0.2802559733390808
913.805071,0.1261313259601593,0.124764084815979,0.3469789922237396
913.905585,-0.29243698716163635,0.30450236797332764,0.0908471941947937
914.005966,-0.3706241250038147,-0.3075050115585327,-0.26134824752807617
914.106511,0.07215499877929688,-0.25908029079437256,0.015460740774869919
914.207046,0.15563926100730896,0.0608980655670166,0.21867279708385468
914.307544,0.04002001881599426,0.020576059818267822,-0.0153425894677639
914.408017,-0.046657562255859375,-0.04569876194000244,-0.02833736315369606
914.508597,0.0019238591194152832,0.06837087869644165,0.04973328113555908
914.609112,-0.04909893870353699,0.17714416980743408,-0.03829682245850563
914.709599,-0.09133824706077576,-0.2063150405883789,-0.13565170764923096
914.810115,0.22271865606307983,-0.33909159898757935,0.21150267124176025
914.910626,0.09051823616027832,0.003175497055053711,0.3232569694519043
915.011186,-0.25863611698150635,0.2539641261100769,0.005219355225563049
915.111611,-0.3304024934768677,-0.15103763341903687,-0.21115483343601227
915.212105,-0.0034959614276885986,-0.21241766214370728,-0.0028992891311645508
915.312661,0.14721757173538208,0.04453384876251221,0.18658554553985596
915.413098,0.08408230543136597,-0.042425334453582764,0.039006948471069336
915.513604,-0.01642027497291565,-0.095447838306427,0.07193261384963989
915.614112,0.009005576372146606,-0.07356607913970947,0.09644371271133423
915.714590,0.00640752911567688,0.018889427185058594,0.027725517749786377
915.815147,-0.08525785803794861,0.11056065559387207,-0.10670996457338333
915.915562,-0.3064654469490051,-0.1140870451927185,-0.34883585572242737
916.016125,0.11819928884506226,-0.34043437242507935,0.08218575268983841
916.116751,0.16201499104499817,-0.08144557476043701,0.3433881103992462
916.217128,-0.053794048726558685,0.4429994821548462,0.2572162449359894
916.317653,-0.34515199065208435,0.02141016721725464,-0.1606236696243286
916.418218,-0.21290645003318787,-0.48744553327560425,-0.10818064212799072
916.518666,0.10765114426612854,-0.13790518045425415,0.10774946212768555
916.619253,0.09554755687713623,0.05906546115875244,0.07987029105424881
916.719709,-0.004076480865478516,-0.0971522331237793,-0.04201078414916992
916.820224,-0.03608006238937378,0.03359973430633545,0.009981632232666016
916.920702,0.06601667404174805,-0.08205556869506836,0.138541579246521
917.021146,0.03455561399459839,0.010273158550262451,0.11207461357116699
917.121745,-0.018770039081573486,0.0345456600189209,-0.05160355567932129
917.222272,-0.2406010627746582,0.058618903160095215,-0.2072235345840454
917.322800,0.04272693395614624,-0.2776626944541931,-0.07269562035799026
917.423293,0.23734796047210693,-0.09726077318191528,0.31258726119995117
917.523736,-0.04586814343929291,0.17744553089141846,0.26591750979423523
917.624247,-0.30362534523010254,0.31390833854675293,-0.0073716044425964355
917.724800,-0.3824958801269531,-0.3344424366950989,-0.27381062507629395
917.825256,-0.026917338371276855,-0.191078782081604,0.08865214884281158
917.925776,0.11151409149169922,0.06672090291976929,0.2606683373451233
918.026301,0.13480600714683533,-0.00020825862884521484,0.09421079605817795
918.126755,-0.01889827847480774,0.024423956871032715,-0.03341972455382347
918.227360,-0.007048159837722778,-0.00010645389556884766,-0.04109984263777733
918.327783,0.10797247290611267,0.06655228137969971,-0.023497048765420914
918.428309,-0.23991185426712036,-0.016437172889709473,-0.16548526287078857
918.528802,0.14479497075080872,-0.316003680229187,0.2446574568748474
918.629294,0.20006901025772095,-0.03235501050949097,0.3694855868816376
918.729847,-0.23120218515396118,0.4429778456687927,0.17393380403518677
918.830347,-0.3933626413345337,-0.027041256427764893,-0.2345738410949707
918.930841,-0.0767618715763092,-0.4117498993873596,-0.00458720326423645
919.031390,0.11607900261878967,0.02895498275756836,0.20605985820293427
919.131804,0.1189102828502655,0.007623136043548584,0.07749993354082108
919.232395,0.014581441879272461,0.021516740322113037,0.0035796836018562317
919.332853,-0.04378953576087952,-0.059219956398010254,0.0009593293070793152
919.433372,-0.009545445442199707,-0.07236820459365845,0.024299614131450653
919.533828,-0.00392913818359375,0.02104085683822632,-0.006103634834289551
919.634530,-0.08908325433731079,0.18235117197036743,-0.18443500995635986
919.734965,-0.01321488618850708,-0.21776676177978516,0.01797795295715332
919.835574,0.21812355518341064,-0.36113208532333374,0.38321053981781006
919.935923,-0.041271671652793884,0.33344221115112305,0.30511119961738586
920.036489,-0.2885224223136902,0.19556599855422974,-0.06531059741973877
920.136928,-0.19454653561115265,-0.41708141565322876,-0.15367341041564941
920.237438,-0.03146308660507202,-0.2581087350845337,0.1037909984588623
920.337985,0.0480475127696991,-0.06772506237030029,0.16614365577697754
920.438478,0.06563690304756165,0.0011782646179199219,0.05954009294509888
920.539024,-0.010740131139755249,0.04128825664520264,0.011603027582168579
920.639426,0.013006061315536499,0.034430861473083496,0.007195502519607544
920.740009,-0.010299623012542725,0.03562521934509277,-0.009400337934494019
920.840485,-0.018443435430526733,-0.000539243221282959,-0.06033918261528015
920.940974,0.10369336605072021,0.05683404207229614,0.014922350645065308
921.041534,0.020405590534210205,-0.00408250093460083,-0.02886560559272766
921.141972,-0.05063897371292114,-0.0635373592376709,-0.028137117624282837
921.242600,-0.012670755386352539,-0.025148987770080566,0.03807970881462097
921.343230,-0.0709657371044159,-0.05894047021865845,0.17344599962234497
921.443546,0.11312451958656311,-0.0403209924697876,0.0877571702003479
921.544123,0.06162320077419281,0.00036787986755371094,0.04442030191421509
921.644583,0.07716170698404312,0.03243589401245117,0.02933037281036377
921.745072,-0.018940918147563934,0.004999756813049316,0.05405980348587036
921.845634,0.01823733001947403,0.00033718347549438477,0.008017480373382568
921.946114,0.04194764792919159,0.006650328636169434,0.0149918794631958
922.046569,-0.025334790349006653,-0.0035541653633117676,0.014087021350860596
922.147010,0.019645944237709045,-0.017979681491851807,-0.08836251497268677
922.247626,0.03463554382324219,-0.01344919204711914,-0.039942920207977295
922.348154,0.04257914423942566,-0.047271907329559326,0.028275668621063232
922.448698,-0.025650441646575928,0.06217753887176514,0.04393303394317627
922.549110,0.026578381657600403,0.030711710453033447,0.022124916315078735
922.649653,0.011202245950698853,0.016244471073150635,-0.03965562582015991
922.750131,-0.006058305501937866,0.05221790075302124,-0.06083902716636658
922.850682,-0.14523175358772278,0.15967154502868652,-0.07118767499923706
922.951169,-0.026798486709594727,-0.35772520303726196,-0.11203038692474365
923.051626,0.18283182382583618,-0.36710214614868164,0.300228089094162
923.152176,-0.006935134530067444,0.10193806886672974,0.23179367184638977
923.252638,-0.27971798181533813,0.18584442138671875,0.03769126534461975
923.353215,-0.21102331578731537,-0.2537950277328491,-0.18168848752975464
923.453687,0.05001971125602722,-0.0791250467300415,0.049045488238334656
923.554191,0.1646299958229065,-0.010076165199279785,0.1096070408821106
923.654652,0.010311305522918701,-0.07248419523239136,0.027404144406318665
923.755190,-0.039826899766922,0.008353590965270996,0.06740047037601471
923.855738,0.0654105544090271,0.15121334791183472,0.00031000375747680664
923.956205,-0.28676527738571167,0.18819767236709595,-0.2089695930480957
924.056728,0.08368879556655884,-0.4779093861579895,-0.010328412987291813
924.157264,0.18707051873207092,-0.019612610340118408,0.28059065341949463
924.257674,0.04233681410551071,0.24012494087219238,0.1707385778427124
924.358229,-0.26765578985214233,0.016554415225982666,-0.05581124126911163
924.458713,-0.2738193869590759,-0.21269989013671875,-0.10104358196258545
924.559319,0.20345276594161987,-0.05178201198577881,0.10014218091964722
924.659837,0.15682169795036316,-0.008273780345916748,0.09600645303726196
924.760289,-0.014090180397033691,-0.05184459686279297,0.05616796389222145
924.860818,0.0208875834941864,0.06420361995697021,0.04454218968749046
924.961333,-0.028171569108963013,0.13036662340164185,-0.09242821484804153
925.061902,-0.40315693616867065,-0.19029700756072998,-0.18922817707061768
925.162374,0.18348583579063416,-0.3807442784309387,0.10695945471525192
925.262798,0.1575378179550171,0.20842629671096802,0.31987082958221436
925.363341,-0.1787465214729309,0.31521081924438477,0.04391509294509888
925.463838,-0.3626868724822998,-0.3383033871650696,-0.16698002815246582
925.564419,0.05868732929229736,-0.08496439456939697,0.07491755485534668
925.664921,0.24336707592010498,0.027696430683135986,0.135910764336586
925.765432,0.041160017251968384,-0.11040604114532471,0.021885929629206657
925.865845,-0.007646471261978149,0.004114031791687012,0.07557988166809082
925.966369,0.05985543131828308,0.10986709594726562,0.010209441184997559
926.066820,-0.3053649067878723,0.08744794130325317,-0.17692282795906067
926.167443,0.07798320055007935,-0.5538842082023621,0.014291048049926758
926.267940,0.22959694266319275,0.19964122772216797,0.26108860969543457
926.368458,0.00814569741487503,0.31866592168807983,0.10096520185470581
926.468939,-0.5040293335914612,-0.3248414993286133,-0.1385505199432373
926.569425,-0.008859217166900635,-0.19115912914276123,0.013683073222637177
926.669973,0.3134218454360962,0.07859283685684204,0.16047561168670654
926.770414,0.042803019285202026,-0.021985232830047607,0.005725376307964325
926.870947,-0.08108502626419067,-0.009553968906402588,-0.0216531902551651
926.971491,0.0781363844871521,0.045244038105010986,0.07038271427154541
927.071990,0.09683501720428467,0.24704164266586304,-0.025781050324440002
927.172453,-0.4186860918998718,-0.43767881393432617,-0.09929898381233215
927.273030,0.2998201251029968,-0.24895483255386353,0.219083771109581
927.373492,0.11374541372060776,0.3481215238571167,0.27552056312561035
927.473977,-0.35147857666015625,0.3486891984939575,3.165192902088165e-05
927.574475,-0.2359197437763214,-0.46351325511932373,-0.13400503993034363
927.674933,0.1590874195098877,-0.06656301021575928,0.10563673079013824
927.775498,0.1958748698234558,0.11501669883728027,0.17821082472801208
927.875850,0.08075368404388428,-0.11806237697601318,0.07062491774559021
927.976428,-0.030962839722633362,0.08406126499176025,0.03907202184200287
928.076922,0.011627063155174255,0.19755512475967407,-0.06553959846496582
928.177639,-0.440921425819397,-0.3236204981803894,-0.18063604831695557
928.278097,0.2613963782787323,-0.3294597864151001,0.1105879545211792
928.378428,0.13897331058979034,0.2889936566352844,0.2971065640449524
928.479050,-0.29039785265922546,0.48785459995269775,0.06582970172166824
928.579477,-0.31797677278518677,-0.5323308706283569,-0.14623412489891052
928.680025,0.05579417943954468,-0.17942851781845093,0.07263615727424622
928.780568,0.06768086552619934,0.08495128154754639,0.12744353711605072
928.880990,-0.0052377283573150635,0.006859719753265381,-0.01999090611934662
928.981565,-0.0016273260116577148,0.05194365978240967,-0.07096731662750244
929.082118,0.07761365175247192,0.12943702936172485,-0.010190591216087341
929.182559,0.034234434366226196,0.1074027419090271,-0.011452943086624146
929.283145,-0.03331887722015381,0.065196692943573,-0.07819607853889465
929.383642,-0.24307936429977417,-0.026488304138183594,-0.18999767303466797
929.484147,0.05161038041114807,-0.3567175269126892,0.3926905393600464
929.584573,0.16892611980438232,-0.3924928307533264,0.6090919971466064
929.685179,-0.16680216789245605,0.5828092098236084,0.3119587302207947
929.785718,-0.38714203238487244,-0.031571805477142334,-0.32725197076797485
929.886150,-0.10388857126235962,-0.21579009294509888,-0.04465371370315552
929.986765,0.24405694007873535,-0.03852713108062744,0.24049906432628632
930.087158,0.13940879702568054,-0.10127383470535278,0.11049056053161621
930.187664,-0.07100540399551392,0.14170432090759277,0.03845405578613281
930.288227,-0.3841862082481384,0.10826277732849121,-0.264266699552536
930.388765,0.15985625982284546,-0.3830952048301697,0.05643773823976517
930.489199,0.11621388792991638,0.16401314735412598,0.323122501373291
930.589641,-0.2674795687198639,0.22779619693756104,0.03287516534328461
930.690244,-0.21596087515354156,-0.3457576632499695,-0.17021261155605316
930.790666,0.18375471234321594,-0.027000129222869873,0.14498400688171387
930.891221,0.19145536422729492,-0.09745758771896362,0.18342697620391846
930.991723,-0.029156610369682312,0.02254706621170044,0.06797337532043457
931.092192,-0.0894698053598404,0.1689721941947937,-0.06018100678920746
931.192777,-0.4093545973300934,-0.13951992988586426,-0.24327358603477478
931.293300,0.20305132865905762,-0.35572004318237305,0.10109291970729828
931.393682,0.17471568286418915,0.1575525999069214,0.29011064767837524
931.494255,-0.20099139213562012,0.42150527238845825,0.1369338035583496
931.594725,-0.32768458127975464,-0.36890488862991333,-0.1379350870847702
931.695275,0.13079431653022766,-0.1443408727645874,0.07876265048980713
931.795842,0.20119571685791016,0.05666393041610718,0.205436110496521
931.896370,0.02865314483642578,-0.1016089916229248,0.058573246002197266
931.996676,-0.05214974284172058,0.17717725038528442,0.01562415063381195
932.097341,-0.2757027745246887,-0.058851778507232666,-0.2553238272666931
932.197754,0.2255098819732666,-0.4324377775192261,0.15962064266204834
932.298320,0.25843340158462524,0.1552978754043579,0.2637585401535034
932.398739,-0.10978646576404572,0.36394202709198,0.09864890575408936
932.499394,-0.38552945852279663,-0.3889009952545166,-0.10089972615242004
932.599870,0.11136239767074585,-0.11503517627716064,0.0517197847366333
932.700321,0.19954347610473633,0.11607253551483154,0.1715315580368042
932.800848,0.04353681206703186,-0.12752383947372437,0.06956435739994049
932.901351,-0.03529864549636841,0.08467090129852295,0.061685800552368164
933.001938,0.0742199718952179,0.05532199144363403,-0.0405275821685791
933.102302,-0.5869240164756775,0.010843873023986816,-0.2182227075099945
933.203079,0.1293942928314209,-0.48094797134399414,0.10029949247837067
933.303367,0.2063482701778412,0.25179463624954224,0.31122076511383057
933.404012,-0.15905290842056274,0.49420738220214844,0.08462607860565186
933.504364,-0.4226778447628021,-0.5211018919944763,-0.102278932929039
933.604971,0.09930211305618286,-0.009485423564910889,0.13914644718170166
933.705390,0.08927029371261597,0.05612868070602417,0.1366504430770874
933.805866,0.03528475761413574,-0.11558407545089722,-0.008805334568023682
933.906425,0.035200536251068115,0.0449865460395813,0.045510947704315186
934.006874,0.0384596586227417,-0.04301959276199341,0.029128998517990112
934.107427,0.01596933603286743,0.0017592310905456543,0.0156441330909729
934.207925,0.0046784281730651855,-0.008196771144866943,0.008648395538330078
934.308505,-0.011570334434509277,0.0005035400390625,0.009936153888702393
934.408889,-0.012125730514526367,-0.003983438014984131,0.006618708372116089
934.509512,-0.013574182987213135,0.0005914568901062012,0.0047144293785095215
934.609902,-0.017728865146636963,0.00229722261428833,0.0015600919723510742
934.710484,-0.00041365623474121094,0.027901291847229004,-0.013736218214035034
934.810909,0.019542813301086426,0.23279190063476562,-0.07554271817207336
934.911472,-0.19743770360946655,-0.09225809574127197,-0.03990952670574188
935.012026,0.30858445167541504,-0.3483213782310486,0.3532215356826782
935.112558,0.039933860301971436,0.1227450966835022,0.26199227571487427
935.212961,-0.42016682028770447,0.21630972623825073,0.06154918670654297
935.313542,-0.33923107385635376,-0.39455848932266235,-0.05192007124423981
935.413998,0.17019250988960266,-0.13700157403945923,0.16847741603851318
935.514572,0.14097833633422852,0.1668630838394165,0.16635793447494507
935.615051,0.027876079082489014,-0.04883289337158203,-0.06188303232192993
935.715571,-0.030687987804412842,0.07342755794525146,-0.01847153902053833
935.816096,-0.19052815437316895,0.06280511617660522,-0.18709802627563477
935.916722,0.17922544479370117,-0.47347748279571533,0.19442766904830933
936.017018,0.30736079812049866,-0.07510936260223389,0.38910070061683655
936.117633,-0.06742358207702637,0.409292995929718,0.1782521903514862
936.218074,-0.656997561454773,-0.07412946224212646,-0.16538596153259277
936.318605,-0.04556289315223694,-0.582238495349884,0.010862842202186584
936.419108,0.20583701133728027,0.14327847957611084,0.28915083408355713
936.519529,0.09525257349014282,0.02279818058013916,-0.013635620474815369
936.620106,-0.08155602216720581,0.1003485918045044,-0.10977780818939209
936.720624,-0.30485907196998596,0.03710806369781494,-0.27324092388153076
936.821135,0.19535896182060242,-0.48062407970428467,0.2532990574836731
936.921626,0.09956055879592896,-0.02210134267807007,0.37655478715896606
937.022183,-0.1991233229637146,0.42558205127716064,0.14551962912082672
937.122628,-0.48545366525650024,-0.3930397629737854,-0.24983569979667664
937.223166,0.0473233163356781,-0.2855384349822998,0.03984523192048073
937.323645,0.25070708990097046,0.08415383100509644,0.2676721215248108
937.424230,0.05992323160171509,-0.003881096839904785,0.004278302192687988
937.524606,-0.12205269932746887,0.1799270510673523,-0.04532039165496826
937.625218,-0.3955181837081909,-0.13718265295028687,-0.19131769239902496
937.725685,0.23005768656730652,-0.42824220657348633,0.24521148204803467
937.826238,0.15150994062423706,0.22224831581115723,0.3551613688468933
937.926666,-0.25479403138160706,0.3994595408439636,0.09260614216327667
938.027188,-0.2531433403491974,-0.4445573091506958,-0.15013696253299713
938.127646,0.18155184388160706,0.013041794300079346,0.10782289505004883
938.228318,0.14580699801445007,0.01867079734802246,0.22417300939559937
938.328716,-0.024471402168273926,-0.01696830987930298,0.01322149857878685
938.429268,-0.28178784251213074,0.16748809814453125,-0.18768857419490814
938.529669,0.14629852771759033,-0.5954909920692444,0.0706101581454277
938.630256,0.2605680823326111,0.14018607139587402,0.277527779340744
938.730798,-0.04993896186351776,0.4774790406227112,0.12716636061668396
938.831204,-0.3820999264717102,-0.3540290594100952,-0.13063548505306244
938.931766,0.026445597410202026,-0.15297585725784302,0.040052659809589386
939.032277,0.16506987810134888,0.1004146933555603,0.12732195854187012
939.132819,0.012290596961975098,-0.06722640991210938,-0.024909362196922302
939.233306,-0.2607640027999878,0.1618933081626892,-0.10297216475009918
939.333904,0.07243657112121582,-0.35265183448791504,0.0847090482711792
939.434263,0.3224276006221771,-0.06051981449127197,0.3381018340587616
939.534853,-0.07813245058059692,0.32618600130081177,0.1223696619272232
939.635308,-0.46891793608665466,-0.14879286289215088,-0.11706115305423737
939.735888,0.07775688171386719,-0.1972905993461609,0.046569474041461945
939.836267,0.22120648622512817,0.03263282775878906,0.1964063048362732
939.936858,0.03874647617340088,0.030021369457244873,0.021683573722839355
940.037329,-0.1488979458808899,0.18405205011367798,-0.17227889597415924
940.137855,-0.17592090368270874,-0.4224904775619507,-0.0030144453048706055
940.238336,0.2720494270324707,-0.06469422578811646,0.29963958263397217
940.338940,0.13045236468315125,0.3155936002731323,0.16897493600845337
940.439336,-0.46066373586654663,-0.041687071323394775,-0.1302473545074463
940.539988,-0.08975163102149963,-0.2728031277656555,-0.04338943958282471
940.640340,0.10600036382675171,0.07938539981842041,0.12116651237010956
940.740930,0.04414725303649902,-0.03267735242843628,0.020810797810554504
940.841444,-0.07500088214874268,0.032753169536590576,-0.045084431767463684
940.941970,-0.00779116153717041,-0.03794527053833008,0.009229198098182678
941.042424,0.04863089323043823,0.000696718692779541,0.04380480945110321
941.142867,0.010993331670761108,-0.0021515488624572754,0.006159260869026184
941.243475,-0.045391738414764404,-0.007396101951599121,-0.0060145556926727295
941.343938,0.02152836322784424,0.003914237022399902,0.025808781385421753
941.444496,-0.006800830364227295,-0.011313199996948242,-0.014635056257247925
941.544955,-0.019158124923706055,0.015114903450012207,0.0012760758399963379
941.645452,-0.03704679012298584,-0.017827212810516357,-0.012319296598434448
941.745998,-0.013882875442504883,-0.010180771350860596,-0.010069966316223145
941.846411,-0.001432955265045166,0.025674104690551758,0.016329467296600342
941.947004,-0.008645951747894287,-0.020129144191741943,0.013385534286499023
942.047411,-0.019268304109573364,0.015580177307128906,0.011594593524932861
942.148054,-0.010374367237091064,-0.00286179780960083,-0.0007164478302001953
942.248463,-0.02111223340034485,-0.006430506706237793,0.00043469667434692383
942.349059,0.01736024022102356,-0.015671133995056152,0.04375725984573364
942.449504,-0.01091313362121582,-0.0008279681205749512,0.013782024383544922
942.550075,-0.008171290159225464,0.014331400394439697,0.014119207859039307
942.650545,0.013852596282958984,-0.01216810941696167,0.0014020204544067383
942.751099,0.007809579372406006,0.0006486177444458008,0.01502680778503418
942.851506,0.01003199815750122,-0.004985034465789795,0.006006121635437012
942.952111,-0.024547547101974487,-0.007158875465393066,0.007877767086029053
943.052553,-0.005442529916763306,0.0011460185050964355,0.011297821998596191
943.153083,0.0066499412059783936,0.00914764404296875,0.02089524269104004
943.253639,0.01707005500793457,-0.0030438899993896484,0.007932782173156738
943.354144,-0.02262166142463684,0.020986437797546387,-0.012320637702941895
943.454574,0.002016037702560425,-0.012327432632446289,-0.005456268787384033
943.555194,-0.010365605354309082,-0.012159407138824463,-2.9385089874267578e-05
943.655641,-0.0017157495021820068,0.01757150888442993,0.010153412818908691
943.756171,-0.009665071964263916,0.000420987606048584,0.0040198564529418945
943.856591,-0.004425257444381714,0.007213413715362549,-0.0037624239921569824
943.957123,0.001987665891647339,-0.020565152168273926,0.013137221336364746
944.057583,0.0028361380100250244,-0.006856739521026611,0.011864662170410156
944.158270,-0.005700528621673584,-0.005790889263153076,0.002821028232574463
944.258689,0.006973981857299805,0.0017831921577453613,0.00878685712814331
944.359170,-0.010707885026931763,0.01469874382019043,0.010984539985656738
944.459699,-0.02665048837661743,-0.018128573894500732,0.004489302635192871
944.560249,-0.022911548614501953,-0.005937755107879639,0.004762530326843262
944.660669,-0.002072453498840332,0.005185186862945557,0.005831241607666016
944.761199,-0.005083918571472168,-0.007196664810180664,-0.012385189533233643
944.861702,-0.009744882583618164,0.00345766544342041,6.073713302612305e-05
944.962182,-0.008913695812225342,-0.011852920055389404,-0.0011861324310302734
945.062669,0.0033905506134033203,0.019927144050598145,0.006188571453094482
945.163325,0.008336186408996582,-0.002667367458343506,0.010703444480895996
945.263644,-0.012108951807022095,0.00022101402282714844,0.0031428933143615723
945.364286,-0.01893758773803711,0.003144502639770508,0.0061626434326171875
945.464725,-0.009676516056060791,-0.012491703033447266,0.010022521018981934
945.565228,-0.003712594509124756,0.013335049152374268,0.007491052150726318
945.665831,0.005765378475189209,-0.0006414055824279785,0.008649051189422607
945.766054,-0.006661176681518555,-0.00697934627532959,0.010529637336730957
945.866581,-0.024633675813674927,-0.030203700065612793,0.011189162731170654
945.967139,-0.05524569749832153,-0.09091633558273315,0.014725208282470703
946.067778,-0.023488998413085938,-0.021936774253845215,0.01330578327178955
946.168206,0.03654395043849945,0.10360890626907349,0.061978816986083984
946.268889,0.07015720009803772,0.09105437994003296,-0.01148080825805664
946.369172,0.024261444807052612,0.04518294334411621,-0.051298320293426514
946.469909,-0.02484402060508728,-0.18985265493392944,0.088936448097229
946.570239,-0.01940295100212097,-0.06201493740081787,0.08666539192199707
946.670777,-0.021718323230743408,0.2198861837387085,-0.02247011661529541
946.771301,0.013040632009506226,-0.06326097249984741,0.0050879716873168945
946.871958,-0.021996915340423584,0.005890488624572754,0.04944056272506714
946.972330,0.030295968055725098,-0.008565008640289307,-0.013958871364593506
947.072975,0.010958075523376465,-0.014684975147247314,0.0311926007270813
947.173349,-0.018140867352485657,-0.0001360774040222168,-0.004557609558105469
947.273812,0.011568501591682434,-0.008315622806549072,0.007589936256408691
947.374333,0.01833593100309372,-0.02358090877532959,0.010076165199279785
947.474919,-0.012222081422805786,0.009993433952331543,0.02765798568725586
947.575458,-0.0011249370872974396,0.005417168140411377,-0.013388991355895996
947.675778,-0.02124125324189663,0.006006479263305664,0.038845181465148926
947.776399,-0.04897049069404602,0.02608036994934082,0.023962438106536865
947.876875,-0.027933217585086823,0.0020453333854675293,-0.024823129177093506
947.977446,0.01162998378276825,-0.00941997766494751,-0.035906076431274414
948.077899,0.006395459175109863,-0.004735827445983887,0.012614011764526367
948.178409,-0.05232277512550354,0.012163758277893066,-0.002658665180206299
948.278911,-0.0068613141775131226,-0.011064589023590088,-0.007618367671966553
948.379469,-0.006407290697097778,0.0015437006950378418,-0.020136713981628418
948.479943,-0.018567129969596863,0.0033815503120422363,-0.015695691108703613
948.580514,0.0007303506135940552,-0.0007440447807312012,0.03631913661956787
