Time(sec),X,Y,Z
0.051887,0.0308060422539711,-0.018272697925567627,0.04146832227706909
0.151588,0.008082203567028046,-0.009795844554901123,0.010110914707183838
0.251971,0.0018755942583084106,0.015198349952697754,0.0037822723388671875
0.352516,0.040117427706718445,-0.02071058750152588,0.0049697160720825195
0.453039,0.01921042799949646,-0.017272889614105225,-0.021293818950653076
0.553522,-0.04739716649055481,0.017326712608337402,-0.030178546905517578
0.654034,-0.03977036476135254,0.02066141366958618,-0.0037932395935058594
0.754558,-0.007314592599868774,0.00860065221786499,-0.015270829200744629
0.855113,-0.003534287214279175,0.029016971588134766,0.005718886852264404
0.955558,-0.03500176966190338,0.040990352630615234,-0.007379055023193359
1.056055,0.03145705163478851,-0.014140963554382324,-0.07898551225662231
1.156671,0.11289869248867035,0.029237329959869385,0.07481670379638672
1.257078,-0.02375161647796631,0.013946115970611572,-0.018713176250457764
1.357657,-0.05182429403066635,0.04215723276138306,-0.03209167718887329
1.458118,-0.05163276568055153,-0.01106250286102295,-0.006014525890350342
1.558541,-0.06730708479881287,-0.020665287971496582,0.030081450939178467
1.659076,-0.059669122099876404,0.0013163089752197266,-0.09193748235702515
1.759513,0.12776130437850952,-0.07292234897613525,-0.056224524974823
1.859997,0.017193838953971863,0.009832978248596191,-0.0764809250831604
1.960544,0.010296396911144257,-0.005997955799102783,-0.16800135374069214
2.061130,-0.005376357585191727,0.07373571395874023,-0.11915689706802368
2.161648,-0.05871621519327164,0.09858691692352295,0.04631859064102173
2.262115,0.07039536535739899,-0.0009098052978515625,0.11395275592803955
2.362598,0.04506891965866089,0.026745140552520752,-0.01612675189971924
2.463117,-0.0011057667434215546,0.0449637770652771,0.0889045000076294
2.563566,0.14290481805801392,0.15328961610794067,0.08506792783737183
2.664059,0.12223784625530243,-0.19193404912948608,-0.14670971035957336
2.764546,0.03847014904022217,-0.21682459115982056,-0.08171987533569336
2.865099,0.13608524203300476,0.04828357696533203,-0.06888198852539062
2.965583,0.06398697942495346,0.36192983388900757,0.022152066230773926
3.066024,-0.06306437402963638,0.21605414152145386,0.0919223427772522
3.166476,-0.07221586257219315,0.0032342076301574707,0.08236372470855713
3.267037,-0.13347569108009338,-0.11786478757858276,-0.02567899227142334
3.367667,-0.13134485483169556,-0.12090855836868286,-0.12058795988559723
3.468143,-0.0355391800403595,-0.1013917326927185,-0.13023696839809418
3.568639,0.005691736936569214,-0.08753830194473267,-0.07134723663330078
3.669126,0.12197643518447876,-0.11530017852783203,0.10551005601882935
3.769620,0.06311532855033875,-0.09023129940032959,0.15890470147132874
3.870081,-0.07640121877193451,0.0405924916267395,0.19426608085632324
3.970717,-0.15742509067058563,0.07762622833251953,0.047931969165802
4.071199,-0.16049247980117798,0.05880230665206909,-0.03395390883088112
4.171657,-0.051631491631269455,-0.03932923078536987,-0.15083466470241547
4.272271,-0.019341424107551575,-0.13205641508102417,-0.2808282673358917
4.372762,0.06387662887573242,-0.12738949060440063,-0.1440373808145523
4.473174,0.0930129885673523,-0.08499932289123535,0.0026351208798587322
4.573662,0.09771955013275146,-0.03134423494338989,0.08077628165483475
4.674230,-0.027879774570465088,0.053426265716552734,0.0840216875076294
4.774756,-0.05959104001522064,0.043182551860809326,-0.004113197326660156
4.875201,-0.03926275670528412,0.0035195350646972656,-0.03906381130218506
4.975687,-0.04131075739860535,-0.004087626934051514,-0.025488851591944695
5.076195,-0.03484845161437988,0.01946234703063965,-0.0543900728225708
5.176627,-0.043353766202926636,-0.0010292530059814453,-0.0799262598156929
5.277275,-0.006221204996109009,-0.07121628522872925,-0.07272374629974365
5.377686,0.12969523668289185,-0.10793459415435791,0.02631664276123047
5.478249,0.11270606517791748,-0.0604894757270813,0.16061899065971375
5.578711,-0.06337005645036697,0.03295665979385376,0.2537848949432373
5.679161,-0.18422123789787292,0.11047446727752686,0.04393424093723297
5.779713,-0.17368660867214203,0.05536532402038574,-0.08762408792972565
5.880221,-0.05519941449165344,-0.09590667486190796,-0.1779344081878662
5.980785,0.08236944675445557,-0.17979425191879272,-0.16581964492797852
6.081249,0.1026051938533783,-0.11555606126785278,-0.021611563861370087
6.181820,0.06415054202079773,-0.006864488124847412,0.08596635609865189
6.282265,0.00798940658569336,0.043647944927215576,0.09616880118846893
6.382734,-0.009233742952346802,0.0193520188331604,0.041856054216623306
6.483250,-0.029130011796951294,-0.0006710290908813477,-0.04166126251220703
6.583826,-0.08429718017578125,0.009692847728729248,-0.045163754373788834
6.684259,-0.070293128490448,-0.029864847660064697,-0.18595194816589355
6.784706,0.06734627485275269,-0.13698220252990723,-0.06868088245391846
6.885272,0.16996094584465027,-0.1512889266014099,0.07726025581359863
6.985744,0.027227342128753662,-0.020114243030548096,0.2778908312320709
7.086383,-0.1945197433233261,0.11111241579055786,0.16609004139900208
7.186899,-0.3189826011657715,0.06538313627243042,-0.07121539115905762
7.287293,-0.1170787513256073,-0.1076347827911377,-0.2574244737625122
7.387857,0.08874985575675964,-0.2752123475074768,-0.26090341806411743
7.488249,0.11840066313743591,-0.17912763357162476,0.01773153990507126
7.588731,0.08256170153617859,-0.006531178951263428,0.08582866936922073
7.689299,0.016832053661346436,0.05833333730697632,0.11924628913402557
7.789799,-0.02053201198577881,0.03324317932128906,0.01884669065475464
7.890313,-0.03275686502456665,-0.01211857795715332,-0.05412280932068825
7.990807,-0.030352026224136353,-0.0055124759674072266,-0.046636827290058136
8.091343,-0.026876330375671387,0.006842315196990967,-0.04759097471833229
8.191870,-0.08119967579841614,-0.03455537557601929,-0.13518977165222168
8.292328,0.1501505970954895,-0.09442996978759766,-0.02554035373032093
8.392743,0.07514315843582153,-0.1333293318748474,0.22789160907268524
8.493325,-0.09626257419586182,0.04245877265930176,0.16083241999149323
8.593844,-0.2243848443031311,0.11916446685791016,0.05407596379518509
8.694565,-0.17510676383972168,0.0188867449760437,-0.09985814988613129
8.795071,0.024094760417938232,-0.14555346965789795,-0.1957542896270752
8.895548,0.12916642427444458,-0.1559138298034668,-0.14346790313720703
8.996122,0.11688607931137085,-0.05660909414291382,0.05652952194213867
9.096538,0.016356974840164185,0.031563639640808105,0.11715547740459442
9.197114,-0.04532709717750549,0.060265958309173584,0.04398662596940994
9.297529,-0.045150041580200195,-0.003149271011352539,-0.05185592174530029
9.398094,-0.0023194849491119385,-0.02366054058074951,-0.09588374197483063
9.498627,-0.0028363466262817383,-0.010351717472076416,-0.0546499527990818
9.599055,-0.015783876180648804,0.009702682495117188,-0.0044209957122802734
9.699558,-0.06146526336669922,0.032798826694488525,-0.07469677925109863
9.799998,0.030016839504241943,-0.05114424228668213,0.009604573249816895
9.900531,0.14283573627471924,-0.09569805860519409,0.06374675035476685
10.001065,0.03169870376586914,-0.0013701915740966797,0.1457061767578125
10.101508,-0.10986211895942688,0.08541882038116455,0.07019507884979248
10.202069,-0.12218350172042847,0.0355452299118042,-0.06734585762023926
10.302528,-0.002275615930557251,-0.061083078384399414,-0.12347517907619476
10.402997,0.049391090869903564,-0.09224605560302734,-0.0797119140625
10.503595,0.038973450660705566,-0.010590851306915283,0.05495190620422363
10.604078,0.016364604234695435,0.019784390926361084,0.051257312297821045
10.704613,0.001679837703704834,0.01486670970916748,0.0183713436126709
10.804986,-0.020813852548599243,-0.0035253167152404785,-0.017120718955993652
10.905519,-0.04668527841567993,0.023466646671295166,-0.05072462558746338
11.005969,-0.043676137924194336,-0.029737114906311035,-0.15251636505126953
11.106589,0.1344130039215088,-0.08076578378677368,0.0010275840759277344
11.207084,0.05145150423049927,-0.0348207950592041,0.16552770137786865
11.307516,-0.05299018323421478,0.10243499279022217,0.16857858002185822
11.408019,-0.13969440758228302,0.054231464862823486,-0.05459916591644287
11.508609,-0.08026893436908722,-0.05948972702026367,-0.15605412423610687
11.609061,0.07429394125938416,-0.12905555963516235,-0.1660633236169815
11.709598,0.06045490503311157,-0.049758195877075195,0.023949503898620605
11.810118,0.020517617464065552,0.02974236011505127,0.0732431411743164
11.910600,0.007219403982162476,0.02834343910217285,0.0366477333009243
12.011068,-0.015254169702529907,-0.0015628933906555176,-0.005175711587071419
12.111586,-0.021000906825065613,-0.006441593170166016,-0.023731108754873276
12.212156,-0.04641914367675781,0.0021874308586120605,-0.005466941744089127
12.312581,-0.04177871346473694,-0.03540337085723877,-0.15967488288879395
12.413175,0.14752736687660217,-0.08452779054641724,0.004442930221557617
12.513602,0.10295328497886658,-0.0667617917060852,0.20117688179016113
12.614213,-0.10836324095726013,0.09130001068115234,0.15095777809619904
12.714662,-0.1547909528017044,0.0657384991645813,-0.0918649435043335
12.815160,-0.042630285024642944,-0.07075172662734985,-0.13398481905460358
12.915626,0.034684523940086365,-0.09953206777572632,-0.05506683140993118
13.016105,0.046830594539642334,-0.01557236909866333,0.03564339876174927
13.116669,0.013542190194129944,0.04168945550918579,0.05800426006317139
13.217118,-0.0006834715604782104,0.008759498596191406,0.013705014251172543
13.317576,-0.018978208303451538,-0.0019748806953430176,-0.022185567766427994
13.418120,-0.009394392371177673,0.0031810998916625977,-0.02502763457596302
13.518690,0.007116973400115967,-0.006931126117706299,-0.010093573480844498
13.619149,-0.0159892737865448,-0.0027054548263549805,0.038440823554992676
13.719728,-0.11535830795764923,0.02393859624862671,-0.09080076217651367
13.820137,-0.02794066071510315,-0.11716204881668091,-0.12620021402835846
13.920651,0.22709354758262634,-0.10458481311798096,0.03892391920089722
14.021144,0.17476075887680054,-0.023081958293914795,0.32649198174476624
14.121705,-0.18385115265846252,0.03850412368774414,0.13375535607337952
14.222281,-0.2851608693599701,0.029085218906402588,-0.11988364160060883
14.322745,0.010797873139381409,-0.17764651775360107,-0.2258741557598114
14.423224,0.13859358429908752,-0.16407448053359985,0.017963171005249023
14.523714,0.059324949979782104,-0.008458614349365234,0.09320789575576782
14.624245,0.0014662444591522217,0.07756304740905762,0.02387339621782303
14.724805,-0.025652021169662476,-0.012626588344573975,-0.04312598705291748
14.825273,-0.01826268434524536,-0.0234452486038208,-0.007173717021942139
14.925662,0.015183866024017334,0.0028939247131347656,0.006690802052617073
15.026276,-0.095330148935318,-0.01207035779953003,-0.09243893623352051
15.126761,0.10523176193237305,-0.09872323274612427,-0.03595924749970436
15.227345,0.17919757962226868,-0.0009642839431762695,0.2245195060968399
15.327754,-0.11463221907615662,0.0012505650520324707,0.1515357792377472
15.428190,-0.22454367578029633,0.07843136787414551,-0.20104074478149414
15.528751,0.0492386668920517,-0.14232796430587769,-0.23848199844360352
15.629253,0.10768461227416992,-0.13214921951293945,0.04871201515197754
15.729722,0.02039182186126709,0.0010869503021240234,0.10410165786743164
15.830220,0.0026312172412872314,0.08972495794296265,0.016710463911294937
15.930736,-0.03512267768383026,-0.0046536922454833984,-0.02022385597229004
16.031241,-0.00748734176158905,-0.01833564043045044,-0.014972804114222527
16.131745,0.00804874300956726,0.00715482234954834,0.010148167610168457
16.232258,-0.049093589186668396,0.01759284734725952,0.0041081905364990234
16.332788,-0.0873580276966095,-0.09927421808242798,-0.1730523258447647
16.433251,0.2624894082546234,-0.13766688108444214,0.0365370474755764
16.533736,0.1414644420146942,-0.003513932228088379,0.3553616404533386
16.634344,-0.33730489015579224,0.09664779901504517,0.13354060053825378
16.734939,-0.2060323804616928,-0.04419875144958496,-0.2895468473434448
16.835305,0.09586536884307861,-0.20328694581985474,-0.17657676339149475
16.935826,0.11183938384056091,-0.15185463428497314,0.036997564136981964
17.036321,0.03929555416107178,0.025621473789215088,0.11670875549316406
17.136847,0.010473757982254028,0.08960920572280884,0.04498957842588425
17.237338,-0.0012496262788772583,-0.017695367336273193,-0.03171348571777344
17.337831,-0.03651733696460724,-0.0384555459022522,-0.02676093578338623
17.438344,-0.14536245167255402,-0.013078749179840088,-0.05951511859893799
17.538850,0.055422306060791016,-0.11938595771789551,-0.030024051666259766
17.639401,0.25967711210250854,-0.022182703018188477,0.14397543668746948
17.739886,0.0014919936656951904,-0.05378061532974243,0.23134472966194153
17.840325,-0.2858220934867859,0.11813992261886597,0.027805335819721222
17.940793,-0.12165398895740509,-0.12086302042007446,-0.2627767324447632
18.041356,0.09962093830108643,-0.15705639123916626,-0.0800626277923584
18.141858,0.08890610933303833,-0.0740099549293518,0.06668782234191895
18.242470,4.747509956359863e-05,0.032876789569854736,0.0895502045750618
18.342763,-0.013158261775970459,0.05804795026779175,0.011364579200744629
18.443518,-0.0041671693325042725,-0.023955583572387695,-0.018905039876699448
18.543878,-0.010416209697723389,-0.0143929123878479,-0.004517318680882454
18.644433,-0.004939049482345581,3.4928321838378906e-05,0.0036298027262091637
18.744861,-0.1754981279373169,-0.060320377349853516,-0.20519208908081055
18.845417,0.09640291333198547,-0.10305750370025635,-0.08809663355350494
18.946011,0.2284398078918457,0.002441883087158203,0.19696199893951416
19.046397,-0.06502705812454224,-0.03043949604034424,0.20195820927619934
19.146890,-0.2579173445701599,0.12302780151367188,0.0034890174865722656
19.247369,-0.10498791188001633,-0.05797344446182251,-0.16224884986877441
19.347857,0.05544736981391907,-0.20248943567276,-0.1372929811477661
19.448404,0.03141048550605774,-0.09230834245681763,0.019533753395080566
19.548892,0.030566424131393433,-0.01696091890335083,0.013372896239161491
19.649468,0.014849543571472168,0.0038660168647766113,-0.014216423034667969
19.749950,-0.0009413361549377441,-0.01642632484436035,0.00141131691634655
19.850377,0.045180171728134155,0.00831526517868042,0.024052798748016357
19.950908,-0.03773108124732971,-0.0034378767013549805,0.05698972940444946
20.051388,0.030001908540725708,-0.0017982721328735352,-0.022999949753284454
20.151899,0.0009461641311645508,-0.016080915927886963,-0.0013980194926261902
20.252414,-0.0105610191822052,-0.002577841281890869,-0.008440390229225159
20.352944,-0.01948106288909912,0.00706857442855835,-0.010870032012462616
20.453406,0.02018195390701294,-0.01809626817703247,0.020698919892311096
20.553934,-0.009931325912475586,0.03382158279418945,-0.047690778970718384
20.654466,0.01677951216697693,-0.003097057342529297,-0.028863608837127686
20.754952,-0.005584806203842163,-0.004052937030792236,0.009838342666625977
20.855510,-0.0026209652423858643,-0.03366827964782715,-0.018550395965576172
20.956124,-0.02206885814666748,-0.01803535223007202,-0.016411274671554565
21.056491,0.008503645658493042,-0.0039179325103759766,-0.04513797163963318
21.156955,0.0546378493309021,-0.022084355354309082,-0.01505368947982788
21.257480,0.1315319836139679,-0.09685838222503662,0.10258364677429199
21.358032,-0.059259384870529175,-0.0018399953842163086,0.0650067925453186
21.458512,-0.08271616697311401,0.03368872404098511,0.009760081768035889
21.558978,-0.13871076703071594,0.03637659549713135,-0.029839083552360535
21.659503,-0.15332596004009247,0.08193665742874146,-0.12971098721027374
21.760087,0.00471767783164978,-0.007178664207458496,-0.25893205404281616
21.860493,0.30209994316101074,-0.24517786502838135,-0.14350458979606628
21.961007,0.09603214263916016,-0.17176467180252075,0.2114715576171875
22.061492,-0.24258935451507568,-0.03751891851425171,0.3819863796234131
22.162043,-0.3910655677318573,-0.027054548263549805,0.09354668855667114
22.262539,-0.1493540108203888,-0.02706587314605713,-0.4020184278488159
22.362991,0.10355857014656067,-0.14291900396347046,-0.3485332727432251
22.463499,0.19181939959526062,-0.11127364635467529,0.06083250045776367
22.564034,0.10340166091918945,-0.004911243915557861,0.10382448136806488
22.664595,-0.03863456845283508,0.006408333778381348,-0.025188013911247253
22.765046,-0.07547503709793091,0.02191823720932007,-0.028210274875164032
22.865526,-0.0447123646736145,0.01607036590576172,0.028183110058307648
22.966042,-0.13276025652885437,0.03189200162887573,-0.05310015380382538
23.066600,-0.023520827293395996,-0.050527095794677734,-0.2420390099287033
23.167085,0.39514827728271484,-0.29640477895736694,0.007223308086395264
23.267597,-0.03201250731945038,-0.18790704011917114,0.415419340133667
23.368068,-0.4037102162837982,-0.013220429420471191,0.17317360639572144
23.468568,-0.2335864156484604,0.05312567949295044,-0.2676219344139099
23.569040,0.08170297741889954,-0.16467440128326416,-0.32816827297210693
23.669602,0.21615362167358398,-0.11611765623092651,-0.005762159824371338
23.770168,0.09032917022705078,-0.011749565601348877,0.09150320291519165
23.870586,-0.02988266944885254,0.016340017318725586,0.0013501644134521484
23.971118,-0.04775470495223999,0.02026611566543579,-0.038442909717559814
24.071622,-0.013656586408615112,-0.0026472806930541992,-0.005934089422225952
24.172061,0.021221071481704712,0.002349376678466797,-0.0032812952995300293
24.272561,-0.021496206521987915,-0.01071852445602417,0.013234034180641174
24.373115,-0.188929945230484,0.11017704010009766,-0.17601056396961212
24.473594,0.16806817054748535,-0.17329996824264526,-0.14551496505737305
24.574143,0.22202542424201965,-0.19924461841583252,0.19248110055923462
24.674700,-0.13937421143054962,-0.04803323745727539,0.3136659860610962
24.775222,-0.30211594700813293,0.031717121601104736,0.05571240186691284
24.875661,-0.16256782412528992,0.00043088197708129883,-0.20164793729782104
24.976130,0.07754841446876526,-0.08568233251571655,-0.22667908668518066
25.076610,0.172285258769989,-0.07138335704803467,-0.01411426067352295
25.177108,0.09442901611328125,0.014759719371795654,0.06457407772541046
25.277635,-0.030497580766677856,0.004683256149291992,0.01585519313812256
25.378134,-0.04149472713470459,0.00041800737380981445,-0.011847615242004395
25.478659,0.006965428590774536,0.002765655517578125,-0.015242040157318115
25.579180,0.013310134410858154,0.0018183588981628418,-0.013990819454193115
25.679638,-0.01636376976966858,-0.016724228858947754,0.03237374126911163
25.780243,-0.10997933149337769,0.049347877502441406,-0.1346610188484192
25.880735,0.20102959871292114,-0.10855931043624878,-0.09293252229690552
25.981277,0.13935479521751404,-0.1284201741218567,0.20932486653327942
26.081679,-0.17238536477088928,-0.02418893575668335,0.226057767868042
26.182301,-0.28472384810447693,0.016640961170196533,-0.007040739059448242
26.282771,-0.07818865776062012,-0.025683999061584473,-0.25131797790527344
26.383159,0.08191379904747009,-0.10354894399642944,-0.11275714635848999
26.483677,0.16390728950500488,-0.04437822103500366,0.02625925838947296
26.584298,0.07132509350776672,0.008898735046386719,0.05622072517871857
26.684759,-0.031099945306777954,0.0001627206802368164,-0.007940709590911865
26.785319,-0.049630194902420044,0.015916049480438232,-0.011159822344779968
26.885765,-0.005846470594406128,0.006374359130859375,-0.004133999347686768
26.986211,0.021324068307876587,0.003989696502685547,-0.014464512467384338
27.086749,-0.0014094710350036621,-0.014977991580963135,0.014066353440284729
27.187233,-0.13573026657104492,0.007960498332977295,0.0867065042257309
27.287655,-0.1435261368751526,-0.005435764789581299,-0.17757540941238403
27.388228,0.3395192623138428,-0.23494571447372437,-0.1308896541595459
27.488729,0.16781100630760193,-0.19773316383361816,0.3103710412979126
27.589239,-0.2693249583244324,-0.08900308609008789,0.35925793647766113
27.689711,-0.4105533957481384,0.002186298370361328,-0.03425866365432739
27.790322,-0.1848268210887909,-0.10070997476577759,-0.3796958923339844
27.890787,0.16731873154640198,-0.21184194087982178,-0.22057509422302246
27.991346,0.26563340425491333,-0.05544888973236084,0.06133032217621803
28.091843,0.06547015905380249,-0.003392636775970459,0.061641156673431396
28.192228,-0.07447463274002075,0.003612041473388672,-0.006421096622943878
28.292743,-0.04416060447692871,-0.007203280925750732,0.008960947394371033
28.393246,0.01177293062210083,-0.004814803600311279,0.013368308544158936
28.493764,-0.05994617938995361,0.010731160640716553,0.030787870287895203
28.594306,-0.127025306224823,-0.0263674259185791,-0.22399014234542847
28.694877,0.33021634817123413,-0.18999642133712769,-0.16359978914260864
28.795247,0.13361001014709473,-0.18325906991958618,0.3443862199783325
28.895834,-0.48940014839172363,-0.06582909822463989,0.27789002656936646
28.996333,-0.435272216796875,0.021493494510650635,-0.27956676483154297
29.096849,0.14134186506271362,-0.26832377910614014,-0.42491984367370605
29.197303,0.3303099274635315,-0.09520608186721802,-0.008099786937236786
29.297805,0.07040923833847046,0.014193415641784668,0.08889313042163849
29.398302,-0.07005378603935242,0.005779683589935303,-0.024735987186431885
29.498782,-0.04949772357940674,-0.013931870460510254,-0.005903720855712891
29.599359,-0.006677567958831787,0.0030643343925476074,0.012042999267578125
29.699849,0.023391366004943848,-0.01222836971282959,0.03885775804519653
29.800377,-0.23294958472251892,0.09473639726638794,-0.16096852719783783
29.900875,0.24926286935806274,-0.21732306480407715,-0.28558725118637085
30.001341,0.2360984981060028,-0.2546517252922058,0.3178974390029907
30.101854,-0.4355655014514923,-0.08880317211151123,0.3839976191520691
30.202498,-0.4383021891117096,0.05805611610412598,-0.16660098731517792
30.302810,0.16739705204963684,-0.2525724768638611,-0.3966541886329651
30.403367,0.29055047035217285,-0.11571955680847168,-0.02996009588241577
30.503864,0.031380265951156616,-0.014389574527740479,0.18779370188713074
30.604426,-0.07185867428779602,0.06011176109313965,0.03561893105506897
30.704870,-0.02808895707130432,-0.0012860298156738281,-0.08146557211875916
30.805405,0.017888516187667847,-0.02309870719909668,-0.04113990068435669
30.905760,0.004548817873001099,0.011338949203491211,0.0061650872230529785
31.006215,-0.030293554067611694,-0.0051634907722473145,0.06255277991294861
31.106764,-0.20171856880187988,0.1107935905456543,-0.09075915813446045
31.207261,0.263866126537323,-0.2427361011505127,-0.3495054841041565
31.307754,0.2491762936115265,-0.23964029550552368,0.2091219425201416
31.408279,-0.4769684076309204,-0.06190675497055054,0.38341158628463745
31.508892,-0.41673508286476135,0.09949100017547607,-0.2023526281118393
31.609400,0.04122722148895264,-0.21899491548538208,-0.33694225549697876
31.709942,0.20812511444091797,-0.16658103466033936,0.0190553218126297
31.810467,0.11299049854278564,-0.02522099018096924,0.137645423412323
31.910902,-0.014984130859375,0.048935115337371826,0.04186120629310608
32.011431,-0.02508634328842163,0.008036911487579346,-0.019035518169403076
32.111928,-0.0018083453178405762,-0.001589953899383545,-0.014704018831253052
32.212431,-0.006708860397338867,0.005962371826171875,-0.0035771429538726807
32.312901,-0.013151109218597412,0.0008829236030578613,0.021177053451538086
32.413429,0.0021829605102539062,-0.011080920696258545,0.020847707986831665
32.513969,-0.10926678776741028,-0.028846383094787598,0.06596001982688904
32.614478,-0.03134649991989136,0.022993862628936768,-0.3352617025375366
32.714917,0.32532596588134766,-0.23125624656677246,-0.11941921710968018
32.815566,0.060856401920318604,-0.16307926177978516,0.35665804147720337
32.915954,-0.427282452583313,-0.06050562858581543,0.2949061989784241
33.016462,-0.29270467162132263,-0.036618947982788086,-0.2617575526237488
33.116965,0.014136195182800293,-0.22794634103775024,-0.3292515277862549
33.217450,0.22324377298355103,-0.12682229280471802,-0.04923860728740692
33.318064,0.14922159910202026,0.01807790994644165,0.07499325275421143
33.418500,-0.012034803628921509,0.011913537979125977,0.03385831415653229
33.519050,-0.054078489542007446,-0.012947142124176025,-0.025156959891319275
33.619685,-0.015674114227294922,-0.0011254549026489258,0.009870588779449463
33.720085,0.018757551908493042,0.005297839641571045,0.018964067101478577
33.820536,-0.22706106305122375,0.03937262296676636,0.04407918453216553
33.920947,-0.07413989305496216,-0.12300187349319458,-0.20622600615024567
34.021612,0.3398476243019104,-0.2386023998260498,-0.03540623188018799
34.122030,0.1651756465435028,-0.1885198950767517,0.48778361082077026
34.222576,-0.3855712413787842,-0.04658550024032593,0.2764737606048584
34.323079,-0.354766845703125,-0.083629310131073,-0.25446635484695435
34.423495,0.011842817068099976,-0.28734368085861206,-0.3029510974884033
34.524018,0.26709461212158203,-0.12432396411895752,-0.014440182596445084
34.624556,0.15137094259262085,0.03580319881439209,0.05556816607713699
34.725028,-0.048036426305770874,0.01910686492919922,0.0223393514752388
34.825519,-0.06263667345046997,0.0020114779472351074,-0.02670872211456299
34.926093,-0.012160420417785645,0.008016407489776611,0.013032019138336182
35.026538,0.00997626781463623,0.04415881633758545,0.019143760204315186
35.127122,-0.1718878149986267,0.011615991592407227,-0.2776626944541931
35.227617,0.28680092096328735,-0.2002781629562378,-0.055211007595062256
35.327977,0.10103103518486023,-0.10529756546020508,0.3712509274482727
35.428548,-0.34907227754592896,-0.04965007305145264,0.23386037349700928
35.529108,-0.392772912979126,0.0003146529197692871,-0.07712113112211227
35.629653,-0.06034475564956665,-0.2168026566505432,-0.26605844497680664
35.730119,0.2359277606010437,-0.1753634214401245,-0.15281224250793457
35.830585,0.24278807640075684,0.0028502345085144043,0.04664278030395508
35.931126,0.001118391752243042,-0.0036704540252685547,0.09487152099609375
36.031665,-0.1044434905052185,-0.013427793979644775,0.043010957539081573
36.132053,-0.04560723900794983,-0.013902783393859863,0.008768677711486816
36.232570,0.028313428163528442,-0.0022929906845092773,-0.005238242447376251
36.333086,-0.004886746406555176,-0.007017910480499268,0.013773076236248016
36.433569,-0.24289026856422424,0.10128211975097656,-0.15931981801986694
36.534093,0.1056981086730957,-0.12099838256835938,-0.3328002691268921
36.634679,0.3641294240951538,-0.1806122064590454,0.0853278636932373
36.735115,-0.0504332035779953,-0.01682448387145996,0.3808460831642151
36.835619,-0.40602198243141174,-0.07100176811218262,0.16326582431793213
36.936165,-0.2655051350593567,-0.04200387001037598,-0.092437744140625
37.036613,0.034432679414749146,-0.20129084587097168,-0.22441577911376953
37.137245,0.22757995128631592,-0.06967288255691528,-0.11779546737670898
37.237618,0.14977604150772095,0.0051457881927490234,0.05281806364655495
37.338110,-0.04659402370452881,-0.009826719760894775,0.06984943896532059
37.438634,-0.09358943998813629,0.01664811372756958,0.02068382501602173
37.539248,-0.0354018360376358,0.002561807632446289,-0.007801353931427002
37.639638,0.017978042364120483,0.004323720932006836,0.01793503761291504
37.740149,-0.13453345000743866,-0.019559860229492188,0.1547168493270874
37.840639,-0.17522186040878296,-0.027714967727661133,-0.22398734092712402
37.941142,0.12877029180526733,-0.18012988567352295,-0.17003846168518066
38.041740,0.37842482328414917,-0.1789686679840088,0.05779846012592316
38.142150,0.18929198384284973,-0.042715609073638916,0.36999261379241943
38.242643,-0.2596558928489685,-0.09784179925918579,0.22372394800186157
38.343245,-0.36413800716400146,-0.08459722995758057,0.005647182464599609
38.443686,-0.17696817219257355,-0.13356733322143555,-0.2924840450286865
38.544198,0.0997965931892395,-0.11235702037811279,-0.16499727964401245
38.644808,0.20473110675811768,-0.0393749475479126,0.03635537624359131
38.745157,0.06448465585708618,-0.010168194770812988,0.08339965343475342
38.845750,-0.04537850618362427,-0.0068901777267456055,0.008477509021759033
38.946217,-0.03218379616737366,0.015684902667999268,-0.009827196598052979
39.046678,0.01812884211540222,0.006756901741027832,0.03203272819519043
39.147198,-0.16766008734703064,-0.02168673276901245,0.11167430877685547
39.247702,-0.12019506096839905,-0.07924854755401611,-0.21799923479557037
39.348177,0.2663803696632385,-0.13929730653762817,-0.09512555599212646
39.448705,0.336188405752182,-0.060823917388916016,0.13950446248054504
39.549190,-0.05388766527175903,-0.07949209213256836,0.30792421102523804
39.649740,-0.360115647315979,-0.10009980201721191,0.15459725260734558
39.750208,-0.3039117753505707,-0.06941288709640503,-0.2039942741394043
39.850734,0.002313286066055298,-0.19838422536849976,-0.27468177676200867
39.951262,0.23465952277183533,-0.1005735993385315,-0.06345309317111969
40.051741,0.1823994219303131,0.01310187578201294,0.09330291301012039
40.152276,-0.014820694923400879,-0.0032371878623962402,0.07211315631866455
40.252709,-0.08689001202583313,-0.0061337947845458984,0.021074838936328888
40.353229,-0.03870362043380737,-0.025867938995361328,-0.0012955665588378906
40.453750,0.02930566668510437,0.00882953405380249,-0.032531142234802246
40.554247,0.025682926177978516,-0.01196277141571045,0.04313647001981735
40.654763,-0.09035824239253998,-0.0111885666847229,0.034142497926950455
40.755279,-0.15675994753837585,-0.08190661668777466,-0.06428111344575882
40.855810,0.18137401342391968,-0.13998812437057495,-0.11033803224563599
40.956333,0.3073461651802063,-0.06470894813537598,0.184738427400589
41.056772,-0.005616664886474609,-0.06202036142349243,0.2852255702018738
41.157319,-0.32763051986694336,-0.11064612865447998,0.1259048581123352
41.257867,-0.288824200630188,-0.024707794189453125,-0.1866466999053955
41.358278,0.02174505591392517,-0.10948306322097778,-0.20066514611244202
41.458836,0.22323670983314514,-0.04792231321334839,-0.05376802384853363
41.559257,0.13262799382209778,0.039508700370788574,0.013805754482746124
41.659729,-0.03668281435966492,-0.00412595272064209,0.012593865394592285
41.760321,-0.06730826199054718,0.0037235021591186523,0.016109107062220573
41.860826,0.004509463906288147,0.01422053575515747,-0.0004652738571166992
41.961355,0.026635348796844482,0.009982764720916748,-0.02616155706346035
42.061854,-0.007248863577842712,0.006106853485107422,-0.01539338007569313
42.162377,-0.03617073595523834,-0.005381762981414795,0.0344088077545166
42.262823,-0.11017858982086182,0.00791478157043457,0.053206559270620346
42.363336,-0.09734493494033813,-0.05048418045043945,-0.043858401477336884
42.463914,0.08957260847091675,-0.10577112436294556,-0.15813018381595612
42.564302,0.262675404548645,-0.0846548080444336,-0.033921003341674805
42.664726,0.20259040594100952,-0.0786784291267395,0.2665695548057556
42.765197,-0.11406189203262329,-0.07270663976669312,0.2356436848640442
42.865761,-0.27981001138687134,-0.041953980922698975,0.07507511973381042
42.966209,-0.20579591393470764,-0.07289224863052368,-0.15002965927124023
43.066871,-0.025448665022850037,-0.0763590931892395,-0.18854926526546478
43.167180,0.14303067326545715,-0.04063302278518677,-0.08958173543214798
43.267896,0.15160039067268372,0.02670806646347046,0.025054335594177246
43.368361,0.03150874376296997,0.0016333460807800293,0.0727577805519104
43.468896,-0.03958429396152496,-0.006554007530212402,0.03384363651275635
43.569264,-0.02626800537109375,-0.01569610834121704,-0.0013025999069213867
43.669783,0.018697544932365417,0.0033315420150756836,-0.025952879339456558
43.770490,-0.007471159100532532,-0.01125866174697876,0.07521629333496094
43.870941,-0.27583909034729004,0.09538686275482178,-0.24515700340270996
43.971268,0.13794857263565063,-0.19451117515563965,-0.18964159488677979
44.072060,0.33716315031051636,-0.07198643684387207,-0.04162900149822235
44.172361,0.16421926021575928,-0.07582932710647583,0.37349778413772583
44.272946,-0.17089149355888367,-0.1587437391281128,0.3081459105014801
44.373551,-0.28194659948349,-0.07166999578475952,0.057810649275779724
44.473907,-0.2814843952655792,-0.17501914501190186,-0.22768214344978333
44.574394,0.01315334439277649,-0.15938621759414673,-0.2404414713382721
44.674882,0.2539055049419403,-0.04205423593521118,-0.08618463575839996
44.775528,0.18213337659835815,0.016704440116882324,0.027850985527038574
44.875952,-0.011031240224838257,-0.02460503578186035,0.05807739496231079
44.976473,-0.05385875701904297,-0.027635574340820312,0.03717362880706787
45.077011,-0.0021692514419555664,-0.021773457527160645,0.0009126663208007812
45.177480,0.035950034856796265,0.007228732109069824,-0.029498454183340073
45.277964,-0.0032440274953842163,0.001956343650817871,0.05908787250518799
45.378540,-0.2610120177268982,0.01473456621170044,-0.09176075458526611
45.479035,-0.016424238681793213,-0.047429025173187256,-0.19997896254062653
45.579534,0.21520519256591797,-0.0910794734954834,-0.05226653814315796
45.679999,0.25793027877807617,-0.07205921411514282,0.288230299949646
45.780454,-0.06745797395706177,-0.11553800106048584,0.360134482383728
45.880938,-0.2660694718360901,-0.11015945672988892,0.19772014021873474
45.981531,-0.2771776020526886,-0.1468629240989685,-0.1855182647705078
46.082085,-0.053019121289253235,-0.1586896777153015,-0.23450586199760437
46.182490,0.19147253036499023,-0.06341618299484253,-0.10805773735046387
46.282983,0.21187126636505127,0.03545117378234863,-0.004294142127037048
46.383475,0.023117899894714355,0.011354923248291016,0.028772830963134766
46.483967,-0.05001892149448395,0.002800583839416504,0.008910775184631348
46.584539,-0.030133381485939026,-0.0025063157081604004,0.01932024583220482
46.684950,0.028884753584861755,-0.010911524295806885,0.02515411376953125
46.785558,-0.21409738063812256,-0.015125751495361328,0.10690449923276901
46.886065,-0.07568565011024475,-0.10994189977645874,-0.15243206918239594
46.986551,0.27721667289733887,-0.0983273983001709,-0.16273272037506104
47.087056,0.2914162874221802,-0.042739808559417725,0.1975710690021515
47.187483,-0.0062039196491241455,-0.12681305408477783,0.32474207878112793
47.288100,-0.2839288115501404,-0.1128993034362793,0.22538268566131592
47.388612,-0.32010433077812195,-0.10863268375396729,-0.14120233058929443
47.489088,-0.05783224105834961,-0.14675796031951904,-0.20646929740905762
47.589515,0.2100108563899994,-0.08054423332214355,-0.07690909504890442
47.689873,0.1678045094013214,0.022948801517486572,0.03954325616359711
47.790520,-0.018277615308761597,-0.012798488140106201,0.03821837902069092
47.891053,-0.031673118472099304,-0.004166841506958008,0.02059149742126465
47.991479,0.024572864174842834,-0.011085569858551025,-0.0005669519305229187
48.092008,0.02094241976737976,0.008429348468780518,0.07418525964021683
48.192580,-0.3132018446922302,0.03509324789047241,-0.15789149701595306
48.293042,0.04608637094497681,-0.17548662424087524,-0.24320447444915771
48.393552,0.3677005171775818,-0.06474411487579346,-0.25117599964141846
48.494043,0.3327086567878723,-0.09066855907440186,0.213313490152359
48.594605,-0.15797607600688934,-0.15286165475845337,0.23051542043685913
48.695041,-0.318129301071167,-0.05584758520126343,0.17277491092681885
48.795558,-0.21896892786026,-0.13836455345153809,-0.24387265741825104
48.896087,0.04195822775363922,-0.14101475477218628,-0.26948249340057373
48.996608,0.24275970458984375,-0.031421542167663574,-0.09537121653556824
49.097193,0.1105731725692749,0.03031003475189209,0.03804897889494896
49.197583,-0.05615818500518799,-0.029292047023773193,0.09665364027023315
49.298069,-0.0767742171883583,-0.021769940853118896,0.07758694887161255
49.398562,-0.011074557900428772,-0.0032881498336791992,0.003093956969678402
49.499073,0.007158190011978149,-0.0027312636375427246,0.01867329701781273
49.599637,-0.13215328752994537,0.04762023687362671,-0.09977661818265915
49.700113,-0.05804285407066345,-0.055554986000061035,-0.12406887114048004
49.800578,0.24172919988632202,-0.08330005407333374,-0.10949075222015381
49.901148,0.24672287702560425,-0.08195739984512329,0.2713843286037445
50.001664,0.00800853967666626,-0.07932853698730469,0.2819112539291382
50.102197,-0.22791799902915955,-0.06466013193130493,0.12818479537963867
50.202677,-0.2461167722940445,-0.07482773065567017,-0.15591537952423096
50.303180,-0.019236356019973755,-0.10214167833328247,-0.20713186264038086
50.403620,0.19306322932243347,-0.012880325317382812,-0.09560191631317139
50.504104,0.13897019624710083,0.014375269412994385,0.037805553525686264
50.604627,-0.021709024906158447,0.019358396530151367,0.04138016700744629
50.705108,-0.061726003885269165,0.004050135612487793,0.02436506748199463
50.805630,0.0035555362701416016,-0.011076688766479492,0.018946649506688118
50.906170,-0.04781392216682434,0.022123217582702637,0.037636637687683105
51.006652,-0.16372260451316833,-0.06430870294570923,-0.1290874481201172
51.107131,0.21845614910125732,-0.13425171375274658,-0.12349474430084229
51.207655,0.2667999565601349,-0.08891791105270386,0.16448378562927246
51.308154,0.017407163977622986,-0.07774066925048828,0.3098945915699005
51.408610,-0.21539705991744995,-0.02000516653060913,0.17670699954032898
51.509225,-0.2404128462076187,-0.055725693702697754,-0.03506344556808472
51.609789,-0.07063348591327667,-0.12175041437149048,-0.23556360602378845
51.710224,0.13412348926067352,-0.06065261363983154,-0.1369263231754303
51.810634,0.1488707959651947,0.019378066062927246,-0.02803349494934082
51.911231,0.025085389614105225,0.01255577802658081,0.09101295471191406
52.011655,-0.06194324791431427,-0.008242905139923096,0.07642441987991333
52.112175,-0.045693039894104004,-0.016336560249328613,0.00772327184677124
52.212683,0.008408278226852417,0.001845240592956543,-0.02027452364563942
52.313185,0.021493390202522278,-0.012714505195617676,0.01922440528869629
52.413669,-0.10537226498126984,0.01017385721206665,0.07760834693908691
52.514246,-0.19981753826141357,-0.07749873399734497,-0.13665319979190826
52.614749,0.2530048191547394,-0.16511458158493042,-0.13796627521514893
52.715217,0.33531883358955383,-0.06347793340682983,0.11204226315021515
52.815690,-0.0009223222732543945,-0.03746002912521362,0.28196650743484497
52.916189,-0.22844111919403076,-0.10544091463088989,0.2354733645915985
53.016717,-0.23733243346214294,-0.057903945446014404,-0.10329777002334595
53.117213,0.015155717730522156,-0.1090167760848999,-0.22414050996303558
53.217704,0.16697731614112854,-0.044575631618499756,-0.12243770062923431
53.318265,0.10468623042106628,0.032631754875183105,0.023690223693847656
53.418700,-0.0046465396881103516,0.01269465684890747,0.06665146350860596
53.519162,-0.0267658531665802,9.453296661376953e-05,0.03353971242904663
53.619731,-0.016910523176193237,0.0021442174911499023,0.030010757967829704
53.720341,-0.21136459708213806,0.06020712852478027,-0.08806610107421875
53.820695,-0.01807492971420288,-0.138810396194458,-0.22972559928894043
53.921265,0.24893784523010254,-0.10046052932739258,-0.1029166579246521
54.021757,0.20313173532485962,-0.004312574863433838,0.19728228449821472
54.122255,-0.060504019260406494,0.019488215446472168,0.277235209941864
54.222758,-0.2268604040145874,-0.019658207893371582,0.18098479509353638
54.323203,-0.19745121896266937,-0.11103814840316772,-0.1312047243118286
54.423737,-0.03134194016456604,-0.14248913526535034,-0.2624434232711792
54.524217,0.16247716546058655,-0.06165313720703125,-0.06890928745269775
54.624824,0.15242928266525269,0.026206791400909424,0.04037570580840111
54.725286,0.046012163162231445,0.02102375030517578,0.08254843950271606
54.825782,-0.006627321243286133,-0.02728515863418579,0.035308837890625
54.926325,-0.02037745714187622,-0.009810686111450195,0.04118537902832031
55.026736,-0.20263615250587463,0.05525004863739014,0.15412569046020508
55.127301,-0.13488692045211792,-0.11434471607208252,-0.06252644956111908
55.227797,0.15361088514328003,-0.177118718624115,-0.1276702880859375
55.328282,0.28132301568984985,-0.0953683853149414,0.003698110580444336
55.428774,0.1715531349182129,-0.01719421148300171,0.23148490488529205
55.529281,-0.08405676484107971,-0.04011446237564087,0.20672178268432617
55.629810,-0.27601170539855957,-0.04368084669113159,0.0574604868888855
55.730292,-0.1793033480644226,-0.0851360559463501,-0.03470313549041748
55.830799,0.034471333026885986,-0.06901800632476807,0.02350771427154541
55.931316,0.12000943720340729,-0.05683368444442749,0.07808434963226318
56.031730,-0.02443014085292816,-0.03400367498397827,0.10871690511703491
56.132334,-0.043222006410360336,-0.005355179309844971,0.0964052677154541
56.232849,-0.03497215360403061,0.09025275707244873,0.10009920597076416
56.333321,0.008733142167329788,0.13786768913269043,0.05005776882171631
56.433800,0.0032481439411640167,0.13816404342651367,-0.02351480722427368
56.534277,-0.03223852813243866,0.14101451635360718,-0.21489018201828003
56.634781,-0.00456121563911438,-0.051023006439208984,-0.31836217641830444
56.735389,0.4238474369049072,-0.42231881618499756,-0.05139093101024628
56.835882,0.22062739729881287,-0.39771074056625366,0.26665276288986206
56.936308,-0.3476846218109131,-0.14141005277633667,0.2780541777610779
57.036794,-0.36877673864364624,0.08530837297439575,-0.039565443992614746
57.137332,0.00825507938861847,-0.07365685701370239,-0.2706758975982666
57.237872,0.1424694061279297,-0.0571938157081604,-0.10417596995830536
57.338443,0.09564125537872314,-0.0763556957244873,0.04601815342903137
57.438798,-0.013753652572631836,-0.06716781854629517,0.061525166034698486
57.539402,0.0258634090423584,-0.019559621810913086,-0.015954643487930298
57.639852,-0.03525346517562866,-0.01183992624282837,-0.0018147826194763184
57.740356,0.02168908715248108,-0.05979365110397339,0.06958046555519104
57.840838,-0.009247362613677979,0.004067957401275635,0.08976238965988159
57.941341,-0.07779636979103088,0.22887998819351196,-0.16596579551696777
58.041891,0.26414600014686584,-0.15229147672653198,-0.13722768425941467
58.142404,0.28486111760139465,-0.2448827028274536,0.07234486937522888
58.242948,-0.04920308291912079,-0.10013478994369507,0.3727940320968628
58.343484,-0.3746746778488159,0.07897311449050903,0.2249360978603363
58.443929,-0.16828009486198425,0.07304805517196655,-0.05596330761909485
58.544359,0.04637247323989868,-0.236225426197052,-0.021475419402122498
58.644904,0.08076289296150208,-0.04849308729171753,-0.045660585165023804
58.745368,0.08077365159988403,-0.12239384651184082,0.09956571459770203
58.845956,0.11198094487190247,-0.06555569171905518,-0.11497670412063599
58.946431,0.06993803381919861,0.13614225387573242,-0.026671409606933594
59.047011,-0.01275479793548584,-0.05859088897705078,0.121040940284729
59.147407,-0.16263988614082336,0.13207197189331055,-0.09091439843177795
59.247971,0.007928907871246338,-0.09784692525863647,-0.1254558563232422
59.348507,0.2608841061592102,-0.2605777382850647,-0.02442595362663269
59.448829,0.13206946849822998,-0.09004652500152588,0.21667873859405518
59.549296,-0.1090250015258789,0.00023883581161499023,0.2332262396812439
59.649991,-0.4300021231174469,0.093691885471344,0.021222054958343506
59.750452,0.1372567117214203,-0.16435611248016357,-0.07326638698577881
59.850937,0.17469844222068787,-0.015062093734741211,-0.015972167253494263
59.951422,0.03614354133605957,-0.05042988061904907,0.017309367656707764
60.051919,0.009572744369506836,0.026976048946380615,0.01420709490776062
60.152440,-0.04315832257270813,0.013249754905700684,0.02224886417388916
60.252915,-0.056906551122665405,-0.0027579665184020996,-0.02585536241531372
60.353476,-0.07990029454231262,0.047254741191864014,0.04326367378234863
60.454035,-0.09017151594161987,-0.024772167205810547,-0.0390317440032959
60.554502,0.1920696496963501,-0.20225149393081665,-0.0992509126663208
60.654936,0.24670559167861938,-0.16680842638015747,0.10060620307922363
60.755448,-0.04533347487449646,-0.011715948581695557,0.14823675155639648
60.855952,-0.37661653757095337,0.15379726886749268,0.08967769145965576
60.956447,0.0007091164588928223,0.022254109382629395,0.0022121071815490723
61.056960,0.12556767463684082,-0.07631915807723999,-0.04837191104888916
61.157463,0.058253735303878784,-0.10830098390579224,-0.009303003549575806
61.257975,-0.04260903596878052,0.0208471417427063,0.02207016944885254
61.358512,-0.004278004169464111,0.022587835788726807,0.016613662242889404
61.458957,0.00529325008392334,-0.029621541500091553,-0.01340743899345398
61.559524,-0.00038814544677734375,-0.003045201301574707,0.015143066644668579
61.660035,0.01829129457473755,0.016409993171691895,0.003162384033203125
61.760501,0.0011716187000274658,-0.015102505683898926,-0.0034684836864471436
61.861006,0.02069142460823059,0.009311497211456299,0.0019875168800354004
61.961603,-0.011531352996826172,0.008953332901000977,0.024161964654922485
62.062207,-0.1635494828224182,0.016837120056152344,0.019790470600128174
62.162463,0.09563374519348145,-0.1337553858757019,-0.09919345378875732
62.262991,0.26039689779281616,-0.07936614751815796,0.09564775228500366
62.363527,0.0942264199256897,0.07421231269836426,0.11838245391845703
62.464051,-0.2589336037635803,-0.035979509353637695,0.10636699199676514
62.564543,-0.18520337343215942,0.06650519371032715,-0.02357351779937744
62.665010,0.12254250049591064,-0.05138486623764038,-0.02117544412612915
62.765498,0.09602206945419312,-0.11454427242279053,-0.017089903354644775
62.866078,-0.03621983528137207,-0.0421757698059082,0.002768903970718384
62.966412,-0.04201573133468628,0.004835963249206543,0.002098649740219116
63.066968,-0.21310806274414062,-0.027750670909881592,-0.1345548927783966
63.167473,-0.15921080112457275,0.007590234279632568,-0.11663365364074707
63.268029,0.17155498266220093,-0.28830915689468384,-0.1764506697654724
63.368597,0.2244367003440857,-0.2558625340461731,0.13809651136398315
63.469058,-0.016501575708389282,-0.08561491966247559,0.5341252684593201
63.569552,-0.1369525045156479,0.15550166368484497,0.35493576526641846
63.670029,-0.4299294650554657,0.30328792333602905,-0.029248565435409546
63.770598,-0.2777339816093445,-0.16121143102645874,-0.17213010787963867
63.871024,0.22958743572235107,-0.22286003828048706,0.08411151170730591
63.971596,0.10793811082839966,0.03031259775161743,0.06455305218696594
64.072077,-0.012098610401153564,0.016059160232543945,0.013459712266921997
64.172503,0.008629173040390015,-0.024447619915008545,0.005067348480224609
64.273050,-0.14110291004180908,0.11092013120651245,-0.030247360467910767
64.373625,-0.03310126066207886,-0.264348566532135,-0.01374143362045288
64.474042,0.38648390769958496,-0.30443352460861206,0.18898218870162964
64.574622,0.14866244792938232,0.21665972471237183,0.14882320165634155
64.675003,-0.19369928538799286,0.1829162836074829,0.19068920612335205
64.775676,-0.3841760456562042,-0.28478866815567017,-0.036025047302246094
64.876112,0.11682212352752686,-0.23574799299240112,-0.07700580358505249
64.976632,0.20307546854019165,0.014734625816345215,0.06778126955032349
65.077049,-0.012467682361602783,-0.02178037166595459,0.006132259964942932
65.177557,-0.038848936557769775,0.016257941722869873,0.06478750705718994
65.278156,-0.23068767786026,-0.125904381275177,-0.04714757204055786
65.378680,0.19339019060134888,-0.4589875340461731,0.07667690515518188
65.479101,0.30538928508758545,0.13956308364868164,0.1742013692855835
65.579628,-0.14750471711158752,0.22264313697814941,0.1468462347984314
65.680136,-0.5187373757362366,-0.1816539168357849,0.06594344973564148
65.780592,0.07649224996566772,-0.1691921353340149,-0.07543294131755829
65.881199,0.21368592977523804,-0.007196366786956787,0.051267415285110474
65.981913,0.013392269611358643,-0.009658277034759521,0.0048316121101379395
66.082138,-0.030428320169448853,-0.0011063814163208008,0.0348067432641983
66.182647,0.01200491189956665,0.045550525188446045,0.0023903846740722656
66.283207,-0.1507033109664917,-0.19657611846923828,-0.04186511039733887
66.383653,0.20613420009613037,-0.311119019985199,0.09460669755935669
66.484134,0.30680543184280396,0.14398348331451416,0.2933349013328552
66.584720,-0.23646460473537445,0.09278708696365356,0.13528883457183838
66.685129,-0.42414671182632446,-0.18742406368255615,-0.030133068561553955
66.785633,0.1894015371799469,-0.11807280778884888,-0.058808743953704834
66.886129,0.18147635459899902,0.029439449310302734,0.04800271987915039
66.986645,-0.0028890669345855713,-0.0191500186920166,-0.007345676422119141
67.087155,-0.0372786819934845,-0.04903149604797363,0.05149869620800018
67.187836,0.009529590606689453,-0.008040070533752441,0.01764388382434845
67.288171,0.03501364588737488,-0.01174837350845337,-0.014785364270210266
67.388640,-0.029116541147232056,-0.0378955602645874,0.006532922387123108
67.489193,-0.02289336919784546,-0.013495981693267822,0.005880475044250488
67.589688,-0.009007841348648071,-0.03302609920501709,-0.0001264810562133789
67.690150,0.034859657287597656,0.01785987615585327,0.011262968182563782
67.790670,-0.006119072437286377,-0.01195073127746582,-0.005925774574279785
67.891130,-0.00884130597114563,-0.004847109317779541,0.036826372146606445
67.991705,0.01112353801727295,0.0039994120597839355,0.008427858352661133
68.092283,0.004819214344024658,0.004596531391143799,0.008150175213813782
68.192662,0.022206753492355347,0.03910773992538452,0.07099728286266327
68.293173,-0.2195119559764862,-0.03688156604766846,-0.03121769428253174
68.393683,0.16306936740875244,-0.32136672735214233,-0.002840101718902588
68.494213,0.33702224493026733,-0.1121978759765625,0.17470532655715942
68.594789,0.012685149908065796,0.2586466670036316,0.21776258945465088
68.695185,-0.35234689712524414,0.04835188388824463,0.09238961338996887
68.795812,-0.2567793130874634,-0.21413564682006836,-0.05344802141189575
68.896144,0.1831316351890564,-0.10752516984939575,-0.01925283670425415
68.996734,0.13580161333084106,-0.0007036924362182617,0.03244978189468384
69.097252,-0.013185501098632812,0.0034276843070983887,0.012820050120353699
69.197770,-0.04035201668739319,-0.004603922367095947,0.021558940410614014
69.298208,0.01763021945953369,-0.02203160524368286,0.018265023827552795
69.398694,0.0340859591960907,-0.010274946689605713,0.012162193655967712
69.499286,0.011381179094314575,-0.003972887992858887,0.04008115082979202
69.599784,-0.25874239206314087,0.030668199062347412,0.01832658052444458
69.700255,0.0018326044082641602,-0.26371610164642334,-0.04825960099697113
69.800930,0.33792543411254883,-0.1731824278831482,0.15296033024787903
69.901337,0.1731157898902893,0.1561296582221985,0.22000306844711304
70.001771,-0.10814470052719116,0.14670121669769287,0.15554744005203247
70.102361,-0.3471428453922272,-0.15744227170944214,-0.01299440860748291
70.202717,-0.05651974678039551,-0.1843278408050537,-0.04719024524092674
70.303307,0.1700769066810608,-0.0013563036918640137,0.02272184193134308
70.403679,0.04062396287918091,0.029320120811462402,-0.007555916905403137
70.504294,-0.018682777881622314,0.0013180375099182129,-0.016517087817192078
70.604739,-0.02493077516555786,-0.0356484055519104,0.006452977657318115
70.705246,0.02178424596786499,-0.021697521209716797,-0.005203425884246826
70.805779,0.004401564598083496,-0.002292633056640625,0.004072263836860657
70.906254,-0.006379067897796631,0.004538595676422119,0.011231526732444763
71.006717,-0.10489439964294434,0.07682836055755615,0.07293343544006348
71.107268,-0.18970519304275513,-0.1811537742614746,-0.00025588274002075195
71.207835,0.23632019758224487,-0.3349676728248596,0.11944606900215149
71.308310,0.3227999806404114,0.06566888093948364,0.150651216506958
71.408768,-0.026283860206604004,0.19803273677825928,0.15437841415405273
71.509341,-0.31451788544654846,-0.0682644248008728,0.05773371458053589
71.609771,-0.08069276809692383,-0.16929960250854492,-0.06398540735244751
71.710272,0.18115633726119995,-0.049727439880371094,3.3915042877197266e-05
71.810759,0.01887577772140503,0.04410254955291748,0.03722327947616577
71.911290,-0.03897055983543396,0.022112250328063965,-0.004732444882392883
72.011779,0.011619538068771362,-0.02013009786605835,0.0024785399436950684
72.112275,0.05824315547943115,0.0050473809242248535,0.002512529492378235
72.212793,0.006192982196807861,0.056861281394958496,0.08636069297790527
72.313356,-0.2622690796852112,-0.13589376211166382,0.016731619834899902
72.413810,0.15837162733078003,-0.40784966945648193,-0.04225701093673706
72.514369,0.31160086393356323,-0.10305777192115784,0.12965154647827148
72.614781,0.15205281972885132,0.26323556900024414,0.12713992595672607
72.715372,-0.3054471015930176,-0.004290759563446045,0.10327482223510742
72.815844,-0.25016894936561584,-0.29079949855804443,-0.0465506911277771
72.916389,0.20194578170776367,-0.04960900545120239,-0.0053369998931884766
73.016851,0.1162109375,0.02101796865463257,0.007265433669090271
73.117357,-0.012432217597961426,-0.00439608097076416,0.022299841046333313
73.217903,-0.05092114210128784,-0.030124783515930176,0.0206720232963562
73.318321,0.018155008554458618,-0.0026667118072509766,0.005180791020393372
73.418818,0.025212794542312622,0.10050976276397705,0.013669077306985855
73.519392,-0.23068416118621826,0.0008585453033447266,-0.04953289031982422
73.619877,0.043370068073272705,-0.24098366498947144,-0.05494939535856247
73.720315,0.3122004270553589,-0.20268911123275757,0.04083937406539917
73.820826,0.19957351684570312,0.13452452421188354,0.14577719569206238
73.921407,-0.14972835779190063,0.09776502847671509,0.16313689947128296
74.021990,-0.28170245885849,-0.003599405288696289,0.08069979399442673
74.122368,-0.05956578254699707,-0.11917370557785034,-0.048522114753723145
74.222781,0.07464563846588135,-0.21289312839508057,-0.03468799591064453
74.323435,0.05085214972496033,-0.05326366424560547,-0.015601888298988342
74.423811,-0.0016248226165771484,0.009340286254882812,-0.010378360748291016
74.524439,-0.015223205089569092,0.039655447006225586,0.012570276856422424
74.624855,0.00667610764503479,0.03121715784072876,0.05894802510738373
74.725388,-0.1975272297859192,0.05401796102523804,0.06368876993656158
74.825905,-0.16510969400405884,-0.14896726608276367,-0.044797882437705994
74.926427,0.19461673498153687,-0.3268119692802429,-0.09165370464324951
75.026883,0.3701244592666626,-0.2238519787788391,-0.0035465359687805176
75.127375,0.1566905379295349,0.1270717978477478,0.26780712604522705
75.227837,-0.10003849864006042,0.11972224712371826,0.1884058117866516
75.328382,-0.15883135795593262,0.08903145790100098,0.10613072663545609
75.428903,-0.10158699750900269,-0.04726707935333252,-0.14178524911403656
75.529442,0.10692739486694336,-0.4160674810409546,-0.001122504472732544
75.629984,0.03384554386138916,0.07774209976196289,0.09018871188163757
75.730382,-0.015980631113052368,-0.006078183650970459,0.029319018125534058
75.830931,-0.013235747814178467,-0.025494039058685303,-0.031758517026901245
75.931431,0.0649060308933258,0.026555776596069336,0.037752509117126465
76.031908,-0.007663935422897339,0.0029999613761901855,-0.009071558713912964
76.132397,0.05757281184196472,-0.004796087741851807,0.004687070846557617
76.232885,-0.025934219360351562,-0.010089099407196045,-0.01157011091709137
76.333427,0.009222745895385742,-0.0033762454986572266,-0.02129782736301422
76.433901,0.011699557304382324,0.01724141836166382,0.026534676551818848
76.534567,-0.007163450121879578,-0.007160305976867676,-0.00365389883518219
76.634959,0.025880664587020874,-0.011589288711547852,0.0016586631536483765
76.735396,-0.006178334355354309,-0.06363409757614136,0.0274040624499321
76.835934,0.01498916745185852,-0.010328829288482666,0.012419581413269043
76.936432,-0.14115585386753082,-0.01174086332321167,0.043067753314971924
77.036894,-0.24130931496620178,-0.0061762332916259766,-0.03977072238922119
77.137423,0.05555170774459839,-0.3551524877548218,-0.18579870462417603
77.237945,0.5171389579772949,-0.3319445848464966,-0.03009665012359619
77.338419,0.3611745238304138,0.020536839962005615,0.5059963464736938
77.438943,-0.18289662897586823,-0.0026398301124572754,0.4391726851463318
77.539404,-0.39144015312194824,-0.0941651463508606,0.13209642469882965
77.640043,-0.21586167812347412,-0.2971310019493103,-0.3227635622024536
77.740474,0.213968425989151,-0.07959449291229248,-0.04158934950828552
77.840950,-0.03509080410003662,-0.033647358417510986,0.16232718527317047
77.941443,0.05909523367881775,-0.012247443199157715,-0.005697503685951233
78.042035,0.0799197256565094,-0.012025594711303711,0.037527695298194885
78.142466,0.020957618951797485,-0.0014368295669555664,0.007992967963218689
78.242929,-0.015189379453659058,-0.00692141056060791,-0.02466343343257904
78.343480,-0.007312983274459839,-0.009728789329528809,0.005788207054138184
78.443960,-0.0011346936225891113,-0.002531886100769043,0.024836048483848572
78.544505,-0.14910542964935303,-0.06409633159637451,0.03557693958282471
78.645059,-0.22874030470848083,-0.16793107986450195,-0.11021970957517624
78.745520,0.37558096647262573,-0.3383120894432068,0.08674050867557526
78.845983,0.49644941091537476,-0.08036297559738159,0.3792455792427063
78.946497,0.07006710767745972,0.045258164405822754,0.359347939491272
79.046977,-0.248690664768219,0.10216760635375977,0.21128696203231812
79.147642,-0.1751626878976822,-0.03435194492340088,-0.12351680546998978
79.248032,0.33923840522766113,-0.30669665336608887,-0.040296077728271484
79.348595,-0.05751332640647888,0.08745419979095459,0.02497553825378418
79.449028,-0.04031930863857269,-0.010727107524871826,0.00835774838924408
79.549483,0.013615995645523071,-0.010515987873077393,0.009272187948226929
79.650094,0.006313249468803406,-0.0005338788032531738,-0.012286558747291565
79.750495,0.004641234874725342,0.007978379726409912,-9.430944919586182e-05
79.851042,0.0013169348239898682,-0.00020247697830200195,0.012782365083694458
79.951540,-0.0029411613941192627,-0.038562238216400146,0.05345645546913147
80.052096,-0.051481783390045166,-0.11050534248352051,-0.03793811798095703
80.152498,-0.18021388351917267,-0.04457980394363403,0.022804971784353256
80.253013,-0.08209723234176636,-0.18644928932189941,-0.20752036571502686
80.353547,0.397271990776062,-0.10128694772720337,0.09525281190872192
80.454025,0.2509787678718567,0.04221451282501221,0.3497806787490845
80.554500,-0.16163209080696106,0.06343996524810791,0.31436002254486084
80.655161,-0.29386067390441895,-0.045331478118896484,-0.062166452407836914
80.755533,-0.05018606781959534,-0.31870079040527344,-0.24823631346225739
80.856078,0.21992376446723938,-0.09274864196777344,-0.04463614523410797
80.956552,0.1408294141292572,-0.0006129145622253418,0.056216537952423096
81.057041,-0.007200956344604492,0.007990837097167969,0.03808331489562988
81.157633,-0.075296550989151,0.01828300952911377,0.008822977542877197
81.258044,-0.0839032530784607,0.003384113311767578,0.03087174892425537
81.358547,-0.0841265320777893,-0.10726684331893921,-0.14527678489685059
81.459051,0.2354462742805481,-0.09891420602798462,-0.03844571113586426
81.559531,0.24863430857658386,-0.006898462772369385,0.20426321029663086
81.660059,-0.034348294138908386,-0.038513362407684326,0.2645837068557739
81.760599,-0.28070831298828125,0.0054871439933776855,0.1134227067232132
81.861100,-0.2131805568933487,-0.0803799033164978,-0.10251641273498535
81.961554,0.06368407607078552,-0.10191035270690918,-0.10184644162654877
82.062056,0.1712753176689148,-0.06085646152496338,0.039170023053884506
82.162497,0.09455409646034241,-0.0012753605842590332,0.026343706995248795
82.263046,-0.03129187226295471,0.025731265544891357,-0.014647007919847965
82.363570,-0.04358074069023132,0.0006819367408752441,-0.006618142127990723
82.464052,-0.012608766555786133,0.0070046186447143555,0.053015828132629395
82.564633,-0.17097598314285278,0.00755232572555542,-0.06322765350341797
82.665139,0.07983985543251038,-0.1808798909187317,-0.13345026969909668
82.765574,0.29536211490631104,-0.06387203931808472,0.04135341942310333
82.866102,0.14637649059295654,0.08087480068206787,0.3332558274269104
82.966611,-0.17132602632045746,0.011986911296844482,0.26567769050598145
83.067136,-0.3671347498893738,-0.09032285213470459,-0.05894249677658081
83.167525,-0.07144089043140411,-0.16780728101730347,-0.16093075275421143
83.268098,0.2411184012889862,-0.08321505784988403,-0.06291364133358002
83.368639,0.2022455632686615,-0.010524630546569824,0.04214131832122803
83.469108,-0.02925160527229309,0.011895537376403809,0.0035033226013183594
83.569786,-0.13901536166667938,-0.0022003650665283203,-0.0034679193049669266
83.670197,-0.04307606816291809,0.02712327241897583,0.023249149322509766
83.770587,-0.11888986825942993,-0.050094008445739746,-0.050185322761535645
83.871158,0.0731554627418518,-0.14214760065078735,-0.08781993389129639
83.971645,0.2134721875190735,0.0036507248878479004,0.007247455418109894
84.072160,0.09824854135513306,0.03998380899429321,0.18564963340759277
84.172613,-0.17339253425598145,0.014285266399383545,0.11675778031349182
84.273149,-0.2153860479593277,-0.07535892724990845,-0.03949838876724243
84.373625,0.033057212829589844,-0.08512848615646362,-0.09333060681819916
84.474119,0.17506346106529236,-0.03481370210647583,-0.004571437835693359
84.574638,0.11077815294265747,0.0032456517219543457,0.031134549528360367
84.675189,-0.02483607828617096,0.009639203548431396,0.0034055672585964203
84.775694,-0.0784512609243393,0.0024986863136291504,-0.003383159637451172
84.876249,-0.008824095129966736,0.00767749547958374,0.010023773647844791
84.976639,0.0028861165046691895,-0.016174912452697754,0.02975904941558838
85.077123,-0.21496596932411194,-0.1162407398223877,-0.10732543468475342
85.177741,0.06704068183898926,-0.12740856409072876,-0.14420086145401
85.278092,0.33626788854599,-0.02072364091873169,0.035340070724487305
85.378645,0.20382478833198547,0.11203157901763916,0.3216567933559418
85.479180,-0.14848439395427704,0.0335199236869812,0.22703033685684204
85.579669,-0.3626857399940491,-0.10373270511627197,-0.02709949016571045
85.680169,-0.103641077876091,-0.13070613145828247,-0.1122434139251709
85.780711,0.2011437714099884,-0.05080854892730713,-0.014047510921955109
85.881197,0.13679036498069763,-0.01662987470626831,0.033149659633636475
85.981701,0.022957831621170044,0.010120272636413574,0.01067960262298584
86.082233,-0.052230000495910645,-0.000942528247833252,0.0044356584548950195
86.182658,-0.11140754818916321,-0.008581221103668213,0.03712964057922363
86.283207,-0.1782698631286621,-0.19506460428237915,-0.09943997859954834
86.383720,0.3908616304397583,-0.30389153957366943,0.08288240432739258
86.484172,0.5289995074272156,-0.052094459533691406,0.2771793603897095
86.584753,0.10242268443107605,0.09262281656265259,0.26610392332077026
86.685155,-0.4122607111930847,-0.07433629035949707,0.04697027802467346
86.785715,-0.3059602379798889,-0.2662023901939392,-0.1535794734954834
86.886236,0.16567271947860718,-0.18792778253555298,-0.062076687812805176
86.986719,0.2782256007194519,-0.04683244228363037,0.08985019475221634
87.087189,0.07196667790412903,-0.025227904319763184,-0.018823444843292236
87.187780,-0.06495290994644165,-0.02142930030822754,-0.009484589099884033
87.288264,-0.04146268963813782,-0.033809542655944824,0.057372286915779114
87.388681,0.0636003315448761,-0.05824780464172363,0.08655375242233276
87.489200,-0.04586556553840637,-0.026591241359710693,0.03911132365465164
87.589745,-0.290396511554718,0.14285290241241455,-0.0450592041015625
87.690251,-0.06840690970420837,-0.17157816886901855,-0.17202556133270264
87.790817,0.3520887494087219,-0.16095131635665894,0.06603586673736572
87.891173,0.19933709502220154,0.018310546875,0.36103612184524536
87.991757,-0.274244099855423,-0.09927558898925781,0.2365984320640564
88.092267,-0.25066426396369934,-0.014144659042358398,-0.06585502624511719
88.192739,-0.032374121248722076,-0.08520066738128662,-0.18972617387771606
88.293201,0.03375421464443207,0.03407353162765503,-0.2612285912036896
88.393715,0.07746763527393341,0.01886671781539917,0.05492269992828369
88.494213,0.14932917058467865,0.01787465810775757,-0.014924734830856323
88.594741,0.04326559603214264,0.013736307621002197,-0.024217218160629272
88.695271,-0.0047906190156936646,0.028415977954864502,0.17239046096801758
88.795733,0.06213846802711487,0.005101680755615234,0.0697941780090332
88.896289,-0.11871007084846497,0.20420503616333008,0.00477929413318634
88.996758,-0.09345996379852295,-0.12731105089187622,-0.3102353811264038
89.097286,0.16105109453201294,-0.32953357696533203,0.10756105184555054
89.197737,0.1419048309326172,-0.16416007280349731,0.23255711793899536
89.298354,-0.18602000176906586,0.11317408084869385,0.12113147974014282
89.398741,-0.32234781980514526,0.14663511514663696,-0.03866952657699585
89.499304,0.02832186222076416,-0.04655498266220093,-0.1173865795135498
89.599778,0.18673914670944214,-0.15795797109603882,0.10602682828903198
89.700263,0.0021331608295440674,-0.03164172172546387,0.06498074531555176
89.800786,-0.05150049924850464,0.02281588315963745,-0.03568197786808014
89.901303,-0.0063855648040771484,0.004005074501037598,0.02429598569869995
90.001775,0.013946592807769775,-0.04212456941604614,0.01327766478061676
90.102320,0.00356408953666687,0.033491313457489014,0.010931432247161865
90.202858,-0.16086938977241516,-0.01963210105895996,-0.07979892194271088
90.303376,0.16029444336891174,-0.2032133936882019,-0.04934035241603851
90.403839,0.2728261351585388,-0.12722742557525635,0.1902000904083252
90.504291,-0.06759613752365112,0.07212722301483154,0.23374885320663452
90.604792,-0.3300412595272064,0.08982223272323608,0.03708082437515259
90.705383,-0.12949123978614807,-0.030282020568847656,-0.1415042281150818
90.805822,0.1554916799068451,-0.10280030965805054,0.07939380407333374
90.906352,0.11985838413238525,-0.043760597705841064,0.06521828472614288
91.006791,-0.03324657678604126,0.00988459587097168,-0.022859886288642883
91.107333,-0.02358195185661316,0.004653573036193848,0.017985954880714417
91.207817,0.004680663347244263,0.05155026912689209,0.007837057113647461
91.308331,-0.19271469116210938,-0.1275457739830017,-0.046380698680877686
91.408794,0.1865464448928833,-0.1850372552871704,-0.04447208344936371
91.509316,0.23589298129081726,-0.04041343927383423,0.2479730248451233
91.609811,-0.13211782276630402,0.09329438209533691,0.15953034162521362
91.710423,-0.3198775053024292,-0.061315715312957764,-0.049624621868133545
91.810773,-0.03471696376800537,-0.051853179931640625,-0.1189703419804573
91.911312,0.17674893140792847,-0.07098114490509033,0.012488245964050293
92.011811,0.04840269684791565,0.025073468685150146,0.018969595432281494
92.112394,-0.07910260558128357,-0.0325358510017395,0.008528172969818115
92.212764,0.004774689674377441,-0.011180877685546875,0.025493621826171875
92.313366,0.02102351188659668,-0.013296425342559814,0.02082354575395584
92.413924,-0.0078202486038208,0.05493515729904175,0.05629616230726242
92.514335,-0.2620481550693512,-0.10711979866027832,-0.03368794918060303
92.614858,0.15185391902923584,-0.2219049334526062,-0.03633618354797363
92.715577,0.29824525117874146,-0.06202477216720581,0.09683388471603394
92.815902,-0.06883686780929565,0.13487714529037476,0.15149331092834473
92.916374,-0.28846168518066406,0.0012258291244506836,0.06845372915267944
93.016860,-0.11704525351524353,-0.07416099309921265,-0.1034734845161438
93.117381,0.2291291356086731,-0.03528892993927002,-0.015117757022380829
93.218020,0.07746216654777527,0.026324212551116943,0.008115127682685852
93.318387,-0.09772634506225586,-0.03086674213409424,0.04726947098970413
93.418815,-0.017017334699630737,-0.030685126781463623,0.020634762942790985
93.519395,0.06851613521575928,0.004778742790222168,-0.017015822231769562
93.619877,0.0190107524394989,0.008963704109191895,-0.017668001353740692
93.720359,-0.03923022747039795,-0.017337262630462646,0.010789580643177032
93.820993,-0.003550320863723755,0.009380519390106201,0.05717843770980835
93.921434,-0.19947323203086853,-0.1543838381767273,-0.0009544417262077332
94.021843,0.16616356372833252,-0.12852108478546143,-0.02676922082901001
94.122436,0.3041347861289978,0.02200692892074585,0.13252490758895874
94.222888,-0.03008154034614563,0.16544312238693237,0.11947950720787048
94.323507,-0.31112420558929443,-0.10978835821151733,0.013449162244796753
94.423901,-0.07098743319511414,-0.10596925020217896,-0.09574263542890549
94.524414,0.19628357887268066,-0.05520361661911011,-0.0046225786209106445
94.624880,0.03663206100463867,0.0438767671585083,0.0398029088973999
94.725445,-0.06936201453208923,-0.009324371814727783,0.004007346928119659
94.825913,0.02904444932937622,0.0033312439918518066,0.009035177528858185
94.926435,0.022318989038467407,-0.028284907341003418,0.007186278700828552
95.026892,-0.001255035400390625,-0.002693653106689453,0.007726743817329407
95.127419,-0.010226041078567505,0.0014994144439697266,-0.0050119757652282715
95.227967,0.01685398817062378,0.01787424087524414,0.030387595295906067
95.328422,-0.19652453064918518,-0.07392507791519165,-0.00793023407459259
95.428940,0.17058849334716797,-0.1924418807029724,-0.04075610637664795
95.529485,0.21281039714813232,0.018280625343322754,0.1550634503364563
95.629832,-0.08821377158164978,0.1415172815322876,0.23253783583641052
95.730529,-0.2819094955921173,-0.0866624116897583,-0.0661262720823288
95.830889,0.03463318943977356,-0.09458756446838379,-0.09423243999481201
95.931434,0.15285083651542664,-0.074942946434021,0.03921651840209961
96.031929,-0.009572595357894897,0.030762791633605957,0.0024479180574417114
96.132477,-0.06581327319145203,-0.005483865737915039,-0.002585001289844513
96.233079,0.040668219327926636,-0.004785895347595215,0.024010777473449707
96.333439,0.019933968782424927,-0.0013647675514221191,0.016858689486980438
96.434004,-0.013601601123809814,0.015308201313018799,0.006916038691997528
96.534430,-0.01694709062576294,-0.01827096939086914,0.008390001952648163
96.634950,0.02222195267677307,0.0067275166511535645,0.001397557556629181
96.735426,-0.016251444816589355,-0.031493186950683594,0.0022583678364753723
96.835983,0.021939188241958618,0.007220745086669922,-0.010771520435810089
96.936512,-0.017905861139297485,-0.012718379497528076,0.012673795223236084
97.036992,-0.022759854793548584,0.006001532077789307,0.043943822383880615
97.137452,-0.19572806358337402,-0.19189965724945068,-0.05297594889998436
97.237983,0.2960434556007385,-0.13531333208084106,0.028612792491912842
97.338498,0.22978806495666504,0.053458452224731445,0.17711186408996582
97.439000,-0.16213849186897278,0.08208101987838745,0.1165001392364502
97.539459,-0.28177309036254883,-0.1657332181930542,-0.12830376625061035
97.639980,0.13363468647003174,-0.08332699537277222,-0.046678245067596436
97.740477,0.17683765292167664,-0.02767843008041382,0.03962641954421997
97.841015,-0.04812052845954895,0.05511265993118286,0.004265554249286652
97.941566,-0.052490442991256714,-0.03975468873977661,-0.012233257293701172
98.041997,0.03597915172576904,0.012067556381225586,0.022370167076587677
98.142537,0.016893118619918823,-0.022910118103027344,0.01564633846282959
98.242960,-0.0055595338344573975,0.008549332618713379,0.009933054447174072
98.343457,-0.008092641830444336,-0.014336347579956055,-0.0026323795318603516
98.443952,0.004426300525665283,-0.01340484619140625,-0.006641104817390442
98.544625,-0.015672683715820312,0.012486755847930908,0.0017344951629638672
98.645046,0.022245675325393677,-0.009555578231811523,-0.010728470981121063
98.745528,0.00034046173095703125,0.0004980564117431641,0.024063296616077423
98.846119,-0.00036519765853881836,-0.005042374134063721,0.007990017533302307
98.946544,0.011801570653915405,0.039856910705566406,0.011859491467475891
99.047061,-0.10292297601699829,-0.12574362754821777,-0.040557391941547394
99.147530,0.1397949457168579,-0.12557679414749146,-0.04920719563961029
99.248004,0.14973530173301697,0.028354287147521973,0.14184534549713135
99.348510,-0.12697434425354004,0.10500693321228027,0.10710597038269043
99.449102,-0.26120299100875854,-0.048794686794281006,-0.0703245997428894
99.549496,0.062470853328704834,-0.07285088300704956,-0.07972681522369385
99.650036,0.14536172151565552,-0.05209106206893921,0.029786892235279083
99.750552,-0.012826770544052124,-0.021712779998779297,0.026261448860168457
99.851059,-0.06528940796852112,-0.01928788423538208,-0.007503032684326172
99.951588,0.03790929913520813,-0.008066296577453613,0.014552175998687744
100.052091,0.020433932542800903,0.007666349411010742,0.0035164356231689453
100.152558,-0.020394980907440186,-0.003992557525634766,-0.018431484699249268
100.253054,0.007683247327804565,0.008055448532104492,0.003037750720977783
100.353575,-0.07443869113922119,0.031199276447296143,0.00874423235654831
100.454039,-0.038132309913635254,-0.07482242584228516,-0.07057834416627884
100.554534,0.2189837098121643,-0.10218089818954468,0.07274985313415527
100.655101,0.09175661206245422,0.06952154636383057,0.14663785696029663
100.755483,-0.13194026052951813,0.09880858659744263,0.10893535614013672
100.856058,-0.23159918189048767,-0.061245620250701904,-0.0770990327000618
100.956615,0.08066138625144958,-0.0821523666381836,-0.06984186172485352
101.057030,0.12992438673973083,-0.06200951337814331,0.0395275354385376
101.157600,-0.015695840120315552,0.013862013816833496,0.008471377193927765
101.258086,-0.0570429265499115,-0.005451679229736328,-0.012115538120269775
101.358582,0.04941493272781372,0.0015532970428466797,0.030391454696655273
101.459110,0.02571883797645569,0.005747556686401367,0.030096180737018585
101.559630,-0.262995183467865,-0.040968358516693115,0.02114337682723999
101.660075,0.07219058275222778,-0.16431427001953125,-0.08560699224472046
101.760702,0.4028322100639343,-0.0865902304649353,0.14233270287513733
101.861122,0.02072623372077942,0.1677268147468567,0.19019195437431335
101.961584,-0.36768972873687744,-0.05035209655761719,0.0661938488483429
102.062081,-0.15991464257240295,-0.16495752334594727,-0.10051107406616211
102.162521,0.20023870468139648,-0.09651046991348267,-0.004484653472900391
102.263085,0.13378798961639404,0.019206762313842773,0.042963504791259766
102.363659,-0.07968327403068542,0.015196561813354492,0.020795822143554688
102.463955,-0.04949137568473816,-0.01734715700149536,-0.0011668168008327484
102.564522,0.07868197560310364,-0.004790544509887695,-0.0024802684783935547
102.665040,0.02829691767692566,0.0011649727821350098,-0.006989412009716034
102.765656,-0.025806337594985962,0.013355016708374023,0.04658526927232742
102.866123,-0.25433093309402466,-0.14678162336349487,-0.0019977763295173645
102.966609,0.22245484590530396,-0.20383358001708984,0.016925811767578125
103.067175,0.327189564704895,0.05744636058807373,0.1661374568939209
103.167587,-0.07129451632499695,0.18304747343063354,0.2083663046360016
103.268314,-0.3786777853965759,-0.11061865091323853,0.01296907663345337
103.368664,-0.015673160552978516,-0.13653773069381714,-0.09832829236984253
103.469101,0.2360404133796692,-0.08506041765213013,0.011286303400993347
103.569636,-0.0134238600730896,0.037791907787323,-0.00035375356674194336
103.670156,-0.06949499249458313,0.030904114246368408,-0.009070515632629395
103.770698,0.01987767219543457,-0.010952413082122803,0.026616938412189484
103.871191,0.04848825931549072,-0.021237194538116455,-0.0045822858810424805
103.971622,-0.007110118865966797,-0.0005900859832763672,-0.004399597644805908
104.072192,-0.009347200393676758,0.0045618414878845215,0.03578794747591019
104.172568,-0.0555194616317749,0.0814940333366394,-0.030969616025686264
104.273163,-0.14385253190994263,-0.24141043424606323,-0.08366453647613525
104.373620,0.3227040767669678,-0.2204706072807312,0.015520766377449036
104.474133,0.17061197757720947,0.12516450881958008,0.14547383785247803
104.577093,-0.17356246709823608,0.07741862535476685,0.12797975540161133
104.675152,-0.3238717317581177,-0.15080702304840088,-0.0632581040263176
104.775713,0.07665523886680603,-0.08233809471130371,-0.03139853477478027
104.876185,0.14771535992622375,-0.05828887224197388,0.015348851680755615
104.976672,-0.03497210144996643,0.0034446120262145996,0.00639081746339798
105.077193,-0.047414958477020264,6.628036499023438e-05,0.0034579038619995117
105.177674,0.02862471342086792,0.004617094993591309,0.021679691970348358
105.278151,0.03583112359046936,0.010915160179138184,-0.01086503267288208
105.378590,-0.02487275004386902,-0.005951642990112305,-0.002803206443786621
105.479077,0.015068978071212769,-0.021081089973449707,0.01733618974685669
105.579714,-0.0007865428924560547,0.029613792896270752,0.0038239359855651855
105.680189,-0.16787540912628174,-0.17297303676605225,-0.016745328903198242
105.780732,0.1807096004486084,-0.2000017762184143,0.02612246572971344
105.881165,0.2303156852722168,0.07603561878204346,0.12505832314491272
105.981694,-0.009164869785308838,0.21940147876739502,0.1323643922805786
106.082313,-0.2446572631597519,-0.01286858320236206,0.024027347564697266
106.182670,-0.0823279619216919,-0.1475467085838318,-0.0698249340057373
106.283227,0.14797627925872803,-0.10506325960159302,0.008503265678882599
106.383706,0.13445642590522766,0.10068786144256592,0.029349803924560547
106.484198,0.027130931615829468,0.10736191272735596,-0.017937421798706055
106.584748,-0.03607891499996185,-0.0305178165435791,-0.006695389747619629
106.685206,-0.11113187670707703,-0.06280606985092163,-0.017833948135375977
106.785724,0.03836970031261444,0.12075263261795044,0.06473769247531891
106.886281,-0.11091536283493042,-0.40484076738357544,-0.05304740369319916
106.986744,0.038900017738342285,0.04059135913848877,-0.03456903249025345
107.087310,0.03900370001792908,-0.011161327362060547,0.010099522769451141
107.187791,-0.026811599731445312,-0.00785893201828003,0.03540302813053131
107.288305,0.005952119827270508,-0.02079242467880249,-0.013424761593341827
107.388716,0.010084301233291626,0.041338205337524414,-0.027315497398376465
107.489185,-0.005606263875961304,-0.05524647235870361,-0.026384472846984863
107.589742,0.04694002866744995,0.03646671772003174,0.014390580356121063
107.690195,-0.00340840220451355,-0.04270857572555542,-0.001454472541809082
107.790729,0.01704081892967224,0.031564950942993164,-0.008869051933288574
107.891246,-0.0564177930355072,-0.04618990421295166,0.002386324107646942
107.991697,-0.05378878116607666,-0.04939556121826172,0.045264244079589844
108.092234,-0.0027385950088500977,-0.15490835905075073,-0.021662237122654915
108.192752,0.020910203456878662,-0.0018605589866638184,0.11939501762390137
108.293241,-0.08988705277442932,0.16791129112243652,0.07205452024936676
108.393858,-0.09169912338256836,-0.06270062923431396,-0.1521998643875122
108.494225,0.31922638416290283,-0.22059190273284912,0.03835079073905945
108.594847,0.2440723180770874,-0.03229081630706787,0.2166551947593689
108.695235,-0.18033386766910553,0.08846545219421387,0.17547369003295898
108.795839,-0.33930325508117676,-0.07643818855285645,-0.07063385844230652
108.896296,0.010186046361923218,-0.10508757829666138,-0.07945115864276886
108.996773,0.20253640413284302,-0.0675816535949707,0.013934969902038574
109.097361,0.016310036182403564,-0.004701375961303711,-0.017634332180023193
109.197755,-0.08986666798591614,-0.0104445219039917,-0.008685395121574402
109.298271,-0.0018740594387054443,-0.007165431976318359,0.029421895742416382
109.398805,0.043032288551330566,-0.014690995216369629,-0.005805313587188721
109.499257,-0.028339534997940063,-0.02490776777267456,0.0039424896240234375
109.599839,0.0018046796321868896,0.012377381324768066,0.0019329935312271118
109.700324,-0.005263924598693848,0.05551069974899292,0.014258325099945068
109.800780,-0.2540336549282074,-0.04729127883911133,-0.10640615224838257
109.901438,0.15426558256149292,-0.18710976839065552,0.0322403609752655
110.001765,0.27083510160446167,-0.04033362865447998,0.14353889226913452
110.102394,-0.09153631329536438,0.12302160263061523,0.14388567209243774
110.202851,-0.2924097776412964,-0.0663488507270813,-0.017291128635406494
110.303360,0.013468503952026367,-0.03591734170913696,-0.06424233317375183
110.403760,0.21746677160263062,-0.05218988656997681,-0.015825629234313965
110.504290,-0.0013004839420318604,-0.002480804920196533,0.012775391340255737
110.604835,-0.09916180372238159,0.030275166034698486,0.0040838271379470825
110.705293,0.017023295164108276,-0.01652628183364868,-0.01433408260345459
110.805804,0.04575452208518982,-0.022544503211975098,0.00012534856796264648
110.906381,-0.01275622844696045,-0.010716557502746582,0.022728577256202698
111.006729,-0.039223819971084595,0.009263157844543457,0.014889001846313477
111.107355,0.011886179447174072,0.008299708366394043,0.026199400424957275
111.207807,0.027287989854812622,0.05033773183822632,0.019645631313323975
111.308316,-0.033714354038238525,0.05622380971908569,-0.027045726776123047
111.408856,0.01233258843421936,-0.0946761965751648,-0.14928418397903442
111.509307,0.12419241666793823,-0.15380823612213135,0.06398752331733704
111.609848,0.0806092917919159,0.025504469871520996,0.10407519340515137
111.710387,-0.1540682166814804,0.04523730278015137,0.07729300856590271
111.810828,-0.20201098918914795,-0.03229033946990967,-0.037113770842552185
111.911320,0.019951462745666504,-0.06395953893661499,-0.06032413989305496
112.011818,0.1734074056148529,-0.06528466939926147,0.009283967316150665
112.112556,0.030859142541885376,0.01559513807296753,0.010026812553405762
112.212908,-0.04234132170677185,0.03918182849884033,-0.016235709190368652
112.313348,0.023246735334396362,0.017044901847839355,-0.002164900302886963
112.413837,0.016090750694274902,-0.015639960765838623,0.0036060214042663574
112.514305,0.00974893569946289,-0.004170477390289307,-0.0011053681373596191
112.614874,-0.016246140003204346,0.02368628978729248,0.010623171925544739
112.715338,0.011410653591156006,-0.0031260251998901367,0.04727429896593094
112.815854,-0.15804627537727356,0.02022409439086914,-0.02259659767150879
112.916305,0.02240222692489624,-0.2187630534172058,-0.11303918063640594
113.016927,0.26849424839019775,-0.12233245372772217,0.11890846490859985
113.117374,0.03379848599433899,0.14701306819915771,0.20771825313568115
113.217917,-0.2669668197631836,0.03651726245880127,0.030291736125946045
113.318407,-0.19015035033226013,-0.08897143602371216,-0.08534682542085648
113.418872,0.24512523412704468,-0.0772661566734314,-0.010239005088806152
113.519386,0.0980217456817627,-0.028221964836120605,-0.00898754596710205
113.619869,-0.07167458534240723,0.007947444915771484,0.03878653049468994
113.720383,-0.049529701471328735,0.029581427574157715,0.017055802047252655
113.820878,0.04854276776313782,-0.024402201175689697,0.0034444332122802734
113.921342,0.011187702417373657,-0.03431218862533569,-0.013683311641216278
114.021925,-0.0401005744934082,0.007987737655639648,0.006858818233013153
114.122463,0.012171000242233276,0.060787081718444824,0.00827014446258545
114.222905,-0.1709369421005249,-0.11337429285049438,-0.033814966678619385
114.323414,0.15433275699615479,-0.22944366931915283,-0.029552146792411804
114.423900,0.19816982746124268,0.0011318325996398926,0.14159786701202393
114.524423,-0.09398782253265381,0.15671420097351074,0.16498997807502747
114.624960,-0.31318211555480957,-0.005764305591583252,0.01608794927597046
114.725441,-0.043446481227874756,-0.10036396980285645,-0.08304661512374878
114.825967,0.23832625150680542,-0.10156124830245972,-0.031141575425863266
114.926409,0.04368448257446289,0.009316980838775635,0.00955212116241455
115.026888,-0.09476244449615479,-0.0032007694244384766,-0.013028264045715332
115.127406,-0.00346413254737854,0.014124512672424316,0.0020536184310913086
115.227997,0.06930017471313477,-0.022678494453430176,-0.008700259029865265
115.328407,-0.0012426376342773438,0.0010686516761779785,0.0036505460739135742
115.428943,-0.009794890880584717,-0.0021166205406188965,0.022788166999816895
115.529381,0.00399664044380188,0.029040217399597168,0.016591131687164307
115.629923,-0.013919413089752197,-0.0013172030448913574,0.028564393520355225
115.730407,-0.10595491528511047,0.05870318412780762,-0.015281200408935547
115.830904,-0.15677958726882935,-0.21488797664642334,-0.072811059653759
115.931414,0.31489700078964233,-0.3574562072753906,0.007104158401489258
116.031978,0.24037301540374756,0.12948113679885864,0.13074296712875366
116.132371,-0.24489447474479675,0.102913498878479,0.18052232265472412
116.232960,-0.3786483705043793,-0.16648167371749878,-0.07102537155151367
116.333442,0.1766422986984253,-0.1443488597869873,-0.05065572261810303
116.433910,0.1918400526046753,-0.11547321081161499,-0.0038768649101257324
116.534425,-0.06656461954116821,0.03884387016296387,0.015007972717285156
116.634942,-0.09595587849617004,0.009143233299255371,0.009285390377044678
116.735504,0.05009269714355469,-0.013571441173553467,-0.004514880478382111
116.835927,0.057198941707611084,-0.008662939071655273,-0.018791258335113525
116.936432,-0.006329566240310669,0.021921515464782715,0.05208784341812134
117.036905,-0.22720074653625488,0.07794463634490967,0.06950347870588303
117.137432,0.0647382140159607,-0.21351277828216553,-0.13082736730575562
117.238056,0.40636253356933594,-0.14185744524002075,0.09474539756774902
117.338445,0.04544663429260254,0.2002207636833191,0.2820071578025818
117.439042,-0.48440033197402954,-0.2040034532546997,0.05524887144565582
117.539458,-0.14561384916305542,-0.22172939777374268,-0.16159868240356445
117.639972,0.3498770594596863,-0.12605327367782593,0.045716822147369385
117.740437,0.08045190572738647,0.01891934871673584,0.02390269935131073
117.841067,-0.13855940103530884,0.04860895872116089,-0.016193509101867676
117.941448,-0.019867897033691406,-0.008875131607055664,0.01082039624452591
118.041963,0.0709337592124939,0.012719154357910156,0.012174248695373535
118.142564,0.04044145345687866,0.048170268535614014,0.03260130435228348
118.243021,-0.34669238328933716,-0.11704736948013306,0.017305616289377213
118.343477,0.22354960441589355,-0.3600519299507141,0.005704164505004883
118.443982,0.3392626643180847,-0.001580953598022461,0.12577217817306519
118.544478,-0.15340346097946167,0.16901731491088867,0.2637052536010742
118.645050,-0.4119834303855896,-0.12221753597259521,-0.07957243919372559
118.745454,0.0888051986694336,-0.09465360641479492,-0.09670870751142502
118.846032,0.13691580295562744,-0.1239621639251709,0.053604960441589355
118.946509,-0.052462637424468994,0.02921205759048462,0.007128000259399414
119.046996,-0.005209684371948242,0.020855605602264404,0.009780406951904297
119.147521,0.028557419776916504,0.004290223121643066,0.0044205933809280396
119.248052,0.004117488861083984,0.031055688858032227,0.050930507481098175
119.348614,-0.3020904064178467,-0.21106654405593872,0.030712485313415527
119.449051,0.27723193168640137,-0.34272468090057373,0.06924772262573242
119.549503,0.2764330506324768,0.151411771774292,0.2481476068496704
119.650031,-0.24972623586654663,0.08965343236923218,0.16630178689956665
119.750441,-0.39572519063949585,-0.23804950714111328,-0.11284559965133667
119.851030,0.24850338697433472,-0.10009777545928955,0.020190000534057617
119.951562,0.1061742901802063,-0.04566735029220581,0.046663254499435425
120.051989,-0.04914367198944092,0.017675697803497314,-0.01726752519607544
120.152515,0.00391840934753418,-0.015355110168457031,0.033550843596458435
120.253054,0.04759645462036133,-0.010553836822509766,-0.005448877811431885
120.353537,0.0030794739723205566,0.03987395763397217,0.05474095046520233
120.454010,-0.250027596950531,-0.2116539478302002,-0.082314133644104
120.554546,0.24989402294158936,-0.2649524211883545,0.040231555700302124
120.655046,0.24192893505096436,0.09833002090454102,0.20185720920562744
120.755540,-0.3405570089817047,-0.0020415186882019043,0.07477030158042908
120.856053,-0.1736120581626892,-0.13488006591796875,-0.1312456727027893
120.956512,0.08081322908401489,-0.18455851078033447,0.08493605256080627
121.057015,-0.06514960527420044,-0.08809155225753784,0.0934436023235321
121.157606,0.08962404727935791,-0.021687984466552734,0.010448962450027466
121.258003,0.05531191825866699,-0.020766496658325195,0.03762328624725342
121.358614,0.018592000007629395,-0.021305203437805176,0.01360386610031128
121.459064,-0.01369708776473999,-0.00015723705291748047,0.006357371807098389
121.559567,0.035629987716674805,0.006652325391769409,0.021106719970703125
121.660104,0.0759691596031189,0.09502968192100525,-0.011835157871246338
121.760608,-0.02533489465713501,0.16810259222984314,-0.08554396033287048
121.861138,-0.03547346591949463,-0.36821287870407104,0.013618290424346924
121.961535,0.13099205493927002,-0.24888017773628235,0.20516645908355713
122.062124,-0.08332136273384094,0.26710033416748047,0.21862226724624634
122.162607,-0.39046695828437805,-0.16699033975601196,0.11671936511993408
122.263050,-0.13142019510269165,-0.6441459059715271,-0.1178835928440094
122.363610,0.2068306803703308,0.09135198593139648,0.13942170143127441
122.464052,0.18869566917419434,0.09762632846832275,-0.05139636993408203
122.564550,-0.0010992884635925293,0.02336740493774414,-0.04253518581390381
122.665091,-0.03797978162765503,-0.006994068622589111,0.016404569149017334
122.765582,0.007697373628616333,0.009227395057678223,-0.03144019842147827
122.866076,0.02725738286972046,0.12214004993438721,-0.017714977264404297
122.966577,-0.06673797965049744,-0.010587155818939209,-0.2852468490600586
123.067083,0.21091210842132568,-0.33869749307632446,0.17528891563415527
123.167498,-0.007754925638437271,-0.08362746238708496,0.32350581884384155
123.268106,-0.6518685221672058,0.025940358638763428,0.13499635457992554
123.368569,0.17382854223251343,-0.26830458641052246,-0.18602372705936432
123.469071,0.20011398196220398,-0.06142956018447876,0.06202024221420288
123.569645,-0.04280295968055725,0.04023706912994385,0.0009553432464599609
123.670122,-0.028684526681900024,-0.047980546951293945,0.018605679273605347
123.770645,-0.012360900640487671,-0.0007554888725280762,0.012807577848434448
123.871101,0.005759984254837036,0.0532832145690918,0.03893405199050903
123.971585,-0.19065764546394348,-0.1252545714378357,-0.13698777556419373
124.072072,0.267544686794281,-0.2834969162940979,0.1626812219619751
124.172548,-0.0002974811941385269,0.08412396907806396,0.3158887028694153
124.273203,-0.5511223077774048,-0.06746125221252441,-0.02689230442047119
124.373597,0.22167550027370453,-0.166797935962677,-0.15059857070446014
124.474114,0.09988965094089508,0.036608099937438965,0.06536316871643066
124.574582,-0.022374406456947327,0.039919495582580566,-0.015529274940490723
124.675238,0.02143898606300354,-0.016167938709259033,0.018729418516159058
124.775665,-0.02244490385055542,-0.016260504722595215,0.023505479097366333
124.876132,0.015611469745635986,0.07189077138900757,-0.0020714104175567627
124.976664,-0.17052064836025238,0.019621431827545166,-0.16486071050167084
125.077187,0.2950684726238251,-0.29145610332489014,0.06313499808311462
125.177615,0.2221377044916153,-0.07947880029678345,0.2900318503379822
125.278149,-0.36518657207489014,0.051120758056640625,0.2684730291366577
125.378670,-0.3827382028102875,-0.11706197261810303,-0.15234053134918213
125.479232,0.18643909692764282,-0.18334537744522095,0.00923001766204834
125.579638,0.0738782286643982,-0.04634833335876465,0.06327196955680847
125.680146,-0.04965353012084961,-0.001514434814453125,0.00601138174533844
125.780688,0.019670426845550537,0.018144845962524414,0.015461146831512451
125.881081,0.010753005743026733,0.06122720241546631,0.004217803478240967
125.981687,-0.15946727991104126,-0.07559382915496826,-0.06054757535457611
126.082213,0.2892290949821472,-0.3352086544036865,-0.02070644497871399
126.182672,0.002486199140548706,0.05664557218551636,0.2088695764541626
126.283195,-0.17381663620471954,0.16409897804260254,0.17218655347824097
126.383734,-0.2713068723678589,-0.12695682048797607,-0.09617404639720917
126.484149,0.08358022570610046,-0.2002795934677124,-0.09296524524688721
126.584711,0.14947068691253662,-0.04878121614456177,0.08317559957504272
126.685201,-0.019450783729553223,0.07958388328552246,0.02357172966003418
126.785699,-0.0182344913482666,-0.03413724899291992,0.01085960865020752
126.886133,0.00020700693130493164,0.03202122449874878,-0.004376798868179321
126.986676,-0.24449947476387024,0.18929904699325562,-0.06930094957351685
127.087221,0.26191389560699463,-0.485227108001709,0.03390747308731079
127.187665,0.1733265519142151,-0.09281611442565918,0.2375451624393463
127.288182,-0.22234946489334106,0.02096724510192871,0.194075345993042
127.388716,-0.39066386222839355,-0.22125393152236938,-0.013324081897735596
127.489177,0.24262341856956482,-0.12254500389099121,-0.021357685327529907
127.589749,0.13096031546592712,0.04177582263946533,0.024824947118759155
127.690203,-0.0026570558547973633,0.04538542032241821,0.0025266408920288086
127.790808,0.03630554676055908,0.016970813274383545,0.030268549919128418
127.891225,0.02534976601600647,0.0009061694145202637,0.0033611059188842773
127.991686,-0.03438463807106018,-0.01376432180404663,0.00173109769821167
128.092149,-0.006090432405471802,-0.007170736789703369,0.01001274585723877
128.192652,-0.019085168838500977,-0.012758016586303711,0.010944992303848267
128.293224,-0.05048847198486328,-0.006041407585144043,0.015791863203048706
128.393817,-0.005266398191452026,-0.04663968086242676,0.022134840488433838
128.494185,-0.0642368495464325,-0.07575482130050659,0.08095282316207886
128.594744,-0.008403986692428589,-0.2689611315727234,0.08634796738624573
128.695338,-0.0396496057510376,0.17947202920913696,0.06791162490844727
128.795726,-0.05656161904335022,0.3364880681037903,-0.14461442828178406
128.896380,-0.11022141575813293,-0.026316165924072266,-0.3141617178916931
128.996712,0.17534318566322327,-0.4907500147819519,0.18651238083839417
129.097303,-0.01570463925600052,-0.05760139226913452,0.24861517548561096
129.197721,-0.5420506000518799,0.07262146472930908,0.11941838264465332
129.298229,-0.059132546186447144,-0.2755361795425415,-0.14053702354431152
129.398769,0.20200669765472412,-0.2350623607635498,0.06281524896621704
129.499231,0.03429904580116272,-0.005535542964935303,0.07311010360717773
129.599700,-0.0024357736110687256,0.012697458267211914,0.023502260446548462
129.700316,0.017117857933044434,-0.041030049324035645,0.08512800931930542
129.800795,-0.06373122334480286,0.2655932307243347,-0.15018236637115479
129.901342,0.003132760524749756,0.04572737216949463,-0.33078205585479736
130.001758,0.2153133749961853,-0.511073112487793,0.3364946246147156
130.102309,0.0897938460111618,-0.04731464385986328,0.3574206531047821
130.202814,-0.3850647211074829,0.13618230819702148,0.1511358916759491
130.303324,-0.39749258756637573,-0.0569804310798645,-0.1373443752527237
130.403726,0.09699538350105286,-0.250108540058136,0.011701121926307678
130.504252,0.19869598746299744,-0.0801960825920105,0.15390831232070923
130.604776,0.039825111627578735,0.026787519454956055,-0.0046083927154541016
130.705341,-0.09092661738395691,-0.20086431503295898,-0.0840335339307785
130.805731,-0.08402344584465027,-0.06220823526382446,0.1053537130355835
130.906254,0.022924691438674927,-0.05012887716293335,0.045223742723464966
131.006743,0.0966515839099884,0.24862360954284668,-0.09686967730522156
131.107292,-0.026276111602783203,0.23401862382888794,-0.25060683488845825
131.207777,0.023237407207489014,-0.3044556975364685,0.1700562834739685
131.308344,0.19946706295013428,-0.3058818578720093,0.27234143018722534
131.408786,-0.017406076192855835,0.22945839166641235,0.1555737555027008
131.509279,-0.2894015312194824,0.10696589946746826,0.10683923959732056
131.609827,-0.20604336261749268,-0.2228429913520813,-0.1521904468536377
131.710347,0.1750037670135498,-0.06622105836868286,0.04347872734069824
131.810796,0.08719488978385925,-0.022906363010406494,0.023704424500465393
131.911440,-0.11095106601715088,0.06817549467086792,-0.09018248319625854
132.011779,-0.19269287586212158,0.11242049932479858,-0.19532425701618195
132.112304,0.0751248300075531,-0.032411932945251465,0.07192111015319824
132.212808,0.10097247362136841,-0.03734910488128662,0.11552298069000244
132.313292,-0.17706240713596344,0.14113616943359375,-0.06051851809024811
132.413785,0.15491589903831482,-0.42689037322998047,0.09376037120819092
132.514328,0.13421601057052612,-0.1361902952194214,0.26173555850982666
132.614817,-0.3068975508213043,0.13748055696487427,0.08595898747444153
132.715337,0.021440908312797546,-0.06067532300949097,-0.12182919681072235
132.815805,0.12096738815307617,-0.03604459762573242,0.03918111324310303
132.916302,-0.030950739979743958,0.00030177831649780273,0.07677516341209412
133.016782,0.05116228759288788,-0.05633276700973511,0.03567381203174591
133.117292,-0.03449635207653046,0.15248584747314453,-0.022342950105667114
133.217793,-0.18689289689064026,-0.10003608465194702,-0.11938667297363281
133.318410,0.2944408059120178,-0.21068018674850464,0.06424012780189514
133.418895,0.022636249661445618,0.11467623710632324,0.2119137942790985
133.519332,-0.33188650012016296,0.032369375228881836,0.016760408878326416
133.619805,0.005180418491363525,-0.1627078652381897,-0.1978827714920044
133.720347,0.19816991686820984,0.03445976972579956,0.13081586360931396
133.820764,-0.005024254322052002,-0.0118294358253479,0.024250760674476624
133.921295,-0.03130680322647095,0.008362770080566406,0.004076436161994934
134.021856,0.004885822534561157,0.022063851356506348,0.04078732430934906
134.122325,-0.06626266241073608,0.007661640644073486,0.018762603402137756
134.222776,-0.1837696135044098,-0.13696694374084473,-0.15228354930877686
134.323359,0.28498372435569763,-0.13765180110931396,0.05445951223373413
134.423818,0.05156567692756653,0.01796853542327881,0.24527281522750854
134.524341,-0.24948672950267792,0.09798580408096313,0.016148269176483154
134.624832,-0.17172418534755707,-0.19942408800125122,-0.12706714868545532
134.725328,0.05114595592021942,-0.03658103942871094,0.025799021124839783
134.825953,0.059428662061691284,-0.07782775163650513,0.10545259714126587
134.926378,0.05881845951080322,0.06664752960205078,-0.012723922729492188
135.026828,0.1332765370607376,0.08177852630615234,0.05026426911354065
135.127366,0.03205080330371857,0.03489488363265991,-0.0441364049911499
135.227813,0.036762893199920654,-0.023576796054840088,-0.0023051202297210693
135.328384,-0.00823354721069336,-0.08612370491027832,0.021852165460586548
135.428814,-0.03154054284095764,0.020011961460113525,0.010615766048431396
135.529407,0.011525839567184448,-0.022772610187530518,0.03850710391998291
135.629862,-0.02248406410217285,0.02023977041244507,0.020271778106689453
135.730463,-0.02515101432800293,-0.02849280834197998,0.022444456815719604
135.830879,-0.016246795654296875,-0.01044684648513794,-0.015413761138916016
135.931385,-0.017074674367904663,-0.0009618401527404785,0.0660540759563446
136.031859,0.018741130828857422,-0.017651617527008057,0.013588398694992065
136.132355,0.03948014974594116,0.0017472505569458008,0.008704543113708496
136.232869,-0.005355745553970337,0.04519534111022949,-0.004158899188041687
136.333374,-0.24207773804664612,0.1532023549079895,-0.17506158351898193
136.433895,0.014746397733688354,-0.2973053455352783,0.006211698055267334
136.534442,0.22431698441505432,-0.14073091745376587,0.16248711943626404
136.634892,-0.09534651041030884,0.10025173425674438,0.14631503820419312
136.735375,-0.289489209651947,0.11729007959365845,-0.043847233057022095
136.835876,-0.060813695192337036,-0.1412585973739624,-0.0917617529630661
136.936369,0.14690223336219788,-0.0141831636428833,0.013124123215675354
137.036910,0.04848209023475647,0.02888399362564087,0.03854405879974365
137.137395,-0.021637648344039917,-0.011362195014953613,-0.06055550277233124
137.237876,-0.01535138487815857,0.04919600486755371,-0.08961381018161774
137.338424,0.06571595370769501,0.05660432577133179,0.015273123979568481
137.438824,0.016292348504066467,0.15217697620391846,0.04965592920780182
137.539394,-0.23790499567985535,0.023889124393463135,-0.06928437948226929
137.639959,0.2465791404247284,-0.422813355922699,0.14847958087921143
137.740423,0.15336459875106812,-0.1130455732345581,0.2376123070716858
137.840894,-0.1823776364326477,0.1381492018699646,0.16734826564788818
137.941361,-0.19850721955299377,-0.04347413778305054,-0.13528525829315186
138.041907,0.06108012795448303,-0.15252065658569336,-0.09090614318847656
138.142520,0.09293723106384277,0.007829010486602783,0.0681430846452713
138.242892,-0.009673833847045898,-0.021389007568359375,0.014050707221031189
138.343436,-0.009728938341140747,-0.02102738618850708,-0.008914470672607422
138.443936,-0.017883658409118652,0.0890236496925354,0.006368860602378845
138.544407,-0.18885856866836548,-0.0185091495513916,-0.07415611296892166
138.644897,0.23821258544921875,-0.23975437879562378,0.11637987196445465
138.745465,0.17418530583381653,0.012272894382476807,0.15266674757003784
138.845922,-0.11527957022190094,0.16733652353286743,0.1724662184715271
138.946424,-0.22214818000793457,-0.006664276123046875,-0.07114879786968231
139.046921,0.0018061697483062744,-0.1252678632736206,-0.07415461540222168
139.147503,0.1137736439704895,0.005141317844390869,0.0626019835472107
139.247895,0.0191306471824646,0.018266618251800537,0.05509008467197418
139.348425,0.022339433431625366,0.000330507755279541,-0.02989547699689865
139.448924,0.01546737551689148,0.04144042730331421,0.010347478091716766
139.549429,-0.016092568635940552,0.1045730710029602,0.015602648258209229
139.650011,-0.11103153228759766,-0.09014683961868286,-0.09001964330673218
139.750447,0.2806145250797272,-0.10929077863693237,0.15166985988616943
139.850930,0.04796174168586731,0.026286303997039795,0.21843639016151428
139.951445,-0.3186207413673401,0.036625564098358154,-0.03902232646942139
140.051943,-0.029901623725891113,-0.12215626239776611,-0.12398821115493774
140.152435,0.19575947523117065,0.018764853477478027,0.07620716094970703
140.253082,0.022742927074432373,-0.03463542461395264,0.054089441895484924
140.353417,-0.043909817934036255,-0.019758224487304688,-0.0017294138669967651
140.453953,0.031250178813934326,-0.031483471393585205,0.031869709491729736
140.554484,0.024569004774093628,-0.004655957221984863,0.013705730438232422
140.654985,-0.10433784127235413,0.1226661205291748,-0.10438107699155807
140.755529,-0.15457504987716675,-0.12955242395401,-0.15924739837646484
140.856012,0.2648318111896515,-0.18224245309829712,0.13462525606155396
140.956465,0.0426391065120697,-0.004768669605255127,0.16550391912460327
141.056973,-0.33967018127441406,0.09170025587081909,-0.0037539005279541016
141.157498,-0.09659755229949951,-0.09414201974868774,-0.12771493196487427
141.258061,0.228350430727005,0.020301640033721924,0.035416483879089355
141.358519,0.0329606831073761,-0.0999068021774292,0.050845786929130554
141.458987,-0.06369328498840332,-0.010106444358825684,0.010205097496509552
141.559556,0.03586569428443909,0.014921426773071289,0.04180586338043213
141.660065,-0.004603564739227295,0.11259841918945312,-0.009862422943115234
141.760633,-0.2587541937828064,0.05156499147415161,-0.11330962181091309
141.860955,0.21397170424461365,-0.23932933807373047,0.09089916944503784
141.961494,0.16370663046836853,0.027130842208862305,0.19505152106285095
142.062028,-0.20710936188697815,0.14630508422851562,0.05350413918495178
142.162442,-0.2153383195400238,-0.05494701862335205,-0.11233674734830856
142.262997,0.1578029990196228,-0.08452659845352173,-0.013936400413513184
142.363521,0.05329427123069763,-0.055395662784576416,0.0006448626518249512
142.463999,-0.058510929346084595,0.055812299251556396,-0.03270769119262695
142.564558,-0.013417840003967285,0.0038982033729553223,-0.07485704869031906
142.665098,0.02927786111831665,0.05931907892227173,-0.013312265276908875
142.765497,0.010240733623504639,0.016339540481567383,0.023164525628089905
142.866033,0.04628103971481323,-0.014855563640594482,0.03990304470062256
142.966513,-0.05649435520172119,0.06601142883300781,-0.010129384696483612
143.067064,-0.22489508986473083,0.020574748516082764,-0.04088663309812546
143.167463,0.17112815380096436,-0.3917521834373474,0.036400675773620605
143.268083,0.22065219283103943,-0.09519648551940918,0.2071855217218399
143.368543,-0.1203368604183197,0.06316119432449341,0.1993921399116516
143.469013,-0.2931262254714966,0.08215528726577759,-0.09583395719528198
143.569632,0.06245899200439453,-0.10362690687179565,-0.08395206928253174
143.670014,0.12838628888130188,-0.006455421447753906,0.07430970668792725
143.770498,-0.01500353217124939,0.019061148166656494,0.03845494985580444
143.871009,0.007047563791275024,-0.021749496459960938,-0.0316423699259758
143.971536,0.033557385206222534,-0.00799262523651123,0.04140287637710571
144.072049,0.028997480869293213,0.039870262145996094,0.05352449417114258
144.172491,-0.27737608551979065,0.013049781322479248,-0.14946085214614868
144.273089,0.17682379484176636,-0.3247818946838379,0.05472612380981445
144.373482,0.22403410077095032,0.00030535459518432617,0.20618599653244019
144.474028,-0.15201522409915924,0.1299363374710083,0.10311192274093628
144.574571,-0.2610042095184326,-0.04962354898452759,-0.13270585238933563
144.675079,0.1002541184425354,-0.09350180625915527,-0.06583506613969803
144.775557,0.10830771923065186,-0.02238065004348755,0.05284382402896881
144.876028,-0.02622726559638977,-0.00843346118927002,0.013969317078590393
144.976581,-0.02611929178237915,-0.0738716721534729,-0.008063189685344696
145.077049,-0.006645500659942627,-0.046683549880981445,0.04965782165527344
145.177586,0.02164667844772339,0.0007540583610534668,0.0043212249875068665
145.278022,-0.05619212985038757,0.16478484869003296,-0.061552174389362335
145.378539,-0.18207904696464539,-0.10247159004211426,-0.13261711597442627
145.479043,0.2536277770996094,-0.16693580150604248,0.12745995819568634
145.579740,0.08304604887962341,-0.030851125717163086,0.19216066598892212
145.680183,-0.31807345151901245,0.13042646646499634,0.06667634844779968
145.780666,-0.12596720457077026,-0.04574078321456909,-0.1342182755470276
145.881056,0.23007306456565857,0.009491682052612305,0.01970142498612404
145.981540,0.05877193808555603,-0.08162760734558105,0.08145482838153839
146.082093,-0.0461726188659668,-0.040427207946777344,-0.004896096885204315
146.182526,-0.049868881702423096,-0.07330822944641113,0.009312331676483154
146.283047,0.026417255401611328,-0.014291882514953613,0.053246088325977325
146.383555,-0.0015461146831512451,0.08935540914535522,-0.017784595489501953
146.484075,-0.21591144800186157,0.03315591812133789,-0.10471761226654053
146.584643,0.20387721061706543,-0.20823580026626587,-0.039606571197509766
146.685197,0.23162385821342468,0.017259955406188965,0.21038401126861572
146.785646,-0.1903182566165924,0.0937531590461731,0.13639512658119202
146.886173,-0.2896239161491394,0.027583420276641846,-0.09549708664417267
146.986584,0.09669861197471619,-0.1426447033882141,-0.08750998973846436
147.087138,0.18034625053405762,-0.0181429386138916,0.07442809641361237
147.187604,0.026420235633850098,-0.02156972885131836,0.01859825849533081
147.288136,-0.08393853902816772,-0.07811051607131958,-0.004983484745025635
147.388626,0.013824313879013062,0.01304715871810913,0.04996401071548462
147.489139,0.018306374549865723,0.08240044116973877,-0.030710570514202118
147.589682,-0.11853128671646118,0.09897935390472412,-0.18406009674072266
147.690130,0.10108166933059692,-0.18277591466903687,0.01723957434296608
147.790672,0.20144620537757874,-0.1114313006401062,0.201649010181427
147.891092,-0.06536240875720978,0.11017453670501709,0.10494330525398254
147.991618,-0.3039354681968689,0.09122949838638306,-0.08548885583877563
148.092176,-0.04337233304977417,-0.11286002397537231,-0.10343801975250244
148.192649,0.1669398844242096,-0.04478442668914795,0.05239235982298851
148.293120,0.03375786542892456,-0.04299432039260864,0.0072324275970458984
148.393608,-0.06295791268348694,0.050693392753601074,-0.08425992727279663
148.494093,-0.015894383192062378,0.08507317304611206,-0.035187482833862305
148.594605,0.02208372950553894,0.06252545118331909,-0.041685398668050766
148.695128,0.01850759983062744,0.010816633701324463,0.04422158747911453
148.795721,-0.006903171539306641,-0.010920226573944092,0.033791542053222656
148.896084,0.00853419303894043,-0.008824050426483154,0.07151317596435547
148.996682,-0.13957038521766663,0.11369866132736206,-0.0929110050201416
149.097170,0.10403743386268616,-0.2506696581840515,0.0128021240234375
149.197624,0.23089680075645447,-0.25781118869781494,0.17923124134540558
149.298121,-0.038347870111465454,0.10231047868728638,0.2470424473285675
149.398659,-0.29257702827453613,0.08625209331512451,-0.10026659071445465
149.499103,0.003574967384338379,-0.06569093465805054,-0.135148286819458
149.599673,0.16811543703079224,0.00698012113571167,0.08327817916870117
149.700200,0.005600094795227051,-0.010988831520080566,0.02225947380065918
149.800703,-0.027063727378845215,-0.05400741100311279,-0.03262985125184059
149.901167,0.02931395173072815,-0.03162384033203125,-9.239092469215393e-05
150.001615,0.0205363929271698,-0.06264793872833252,0.0454142764210701
150.102178,0.0060440003871917725,0.009320437908172607,-0.009879760444164276
150.202982,-0.07246366143226624,0.13413512706756592,-0.03153508901596069
150.303230,-0.1469568908214569,-0.029120802879333496,-0.152027428150177
150.403633,0.23730501532554626,-0.25508952140808105,0.10730434954166412
150.504129,0.18019461631774902,0.00583118200302124,0.31658342480659485
150.604527,-0.2734239101409912,0.06979262828826904,0.09212127327919006
150.705243,-0.21247979998588562,-0.05348914861679077,-0.1691758632659912
150.805742,0.1754656732082367,-0.059919655323028564,-0.04900956153869629
150.906271,0.15365740656852722,-0.027845442295074463,0.07407660782337189
151.006735,-0.02720358967781067,-0.020217061042785645,0.02326090633869171
151.107246,-0.0451911985874176,-0.06719768047332764,0.009038388729095459
151.207641,0.06988093256950378,-0.04096609354019165,0.07629221677780151
151.308271,0.01158854365348816,0.06562989950180054,-0.000573575496673584
151.408707,-0.11494317650794983,0.14230197668075562,-0.15697050094604492
151.509158,-0.16309943795204163,-0.23324739933013916,-0.11815071105957031
151.609680,0.24802052974700928,-0.2776069641113281,0.17621970176696777
151.710188,0.11826014518737793,-0.006757795810699463,0.25151270627975464
151.810690,-0.3155643939971924,0.10728949308395386,0.03288501501083374
151.911252,-0.11100980639457703,-0.07436621189117432,-0.16069477796554565
152.011767,0.2198006510734558,0.043256938457489014,0.03176432102918625
152.112285,0.0846981406211853,-0.1392441987991333,0.0011554509401321411
152.212788,-0.08640620112419128,0.049499571323394775,0.01966661959886551
152.313239,-0.040760546922683716,-0.022953450679779053,-0.025083832442760468
152.414081,0.02962133288383484,0.0135650634765625,0.008797891438007355
152.514253,0.027184337377548218,-0.025969743728637695,0.012100636959075928
152.614752,0.017775416374206543,-0.005144953727722168,0.03694319725036621
152.715254,-0.0015142560005187988,0.029195129871368408,0.058609895408153534
152.815892,-0.013312697410583496,0.09874427318572998,-0.05855095013976097
152.916281,-0.25053784251213074,-0.07787388563156128,-0.10878145694732666
153.016682,0.28466981649398804,-0.31642913818359375,0.11575859785079956
153.117192,0.18705281615257263,-0.06693601608276367,0.17919087409973145
153.217699,-0.22818192839622498,0.18596422672271729,0.12173199653625488
153.318217,-0.21922153234481812,-0.04764336347579956,-0.11264456808567047
153.418696,0.16834938526153564,-0.02298104763031006,-0.02889418601989746
153.519203,0.0835060179233551,-0.1808561086654663,-0.036365628242492676
153.619667,-0.0651431679725647,0.04748725891113281,0.03885696828365326
153.720228,-0.0501786470413208,-0.017828702926635742,-0.023711375892162323
153.820672,0.02875041961669922,-0.006895959377288818,0.054732561111450195
153.921337,0.045373380184173584,-0.025751471519470215,0.019498169422149658
154.021607,-0.012894600629806519,-0.029484033584594727,-0.0035332515835762024
154.122325,-0.0034768879413604736,0.056909024715423584,-0.015015244483947754
154.222763,-0.2519521117210388,0.050136685371398926,-0.1789470911026001
154.323344,0.09501537680625916,-0.23430639505386353,0.04241655766963959
154.423799,0.21506762504577637,-0.05227476358413696,0.15468040108680725
154.524290,-0.060701727867126465,0.19527727365493774,0.09379985928535461
154.624706,-0.24427668750286102,0.036669254302978516,-0.11709284782409668
154.725328,-0.019110888242721558,-0.13001179695129395,-0.04796802997589111
154.825733,0.16580304503440857,-0.0002231001853942871,0.09859627485275269
154.926333,0.04025435447692871,0.018293142318725586,0.015639320015907288
155.026713,-0.059860795736312866,-0.0337795615196228,-0.0634300708770752
155.127220,-0.039932966232299805,0.030726373195648193,-0.01802019774913788
155.227773,-0.004018276929855347,-0.03161364793777466,-0.025713801383972168
155.328216,-4.234910011291504e-05,0.014519810676574707,-0.05785495042800903
155.428741,0.06476402282714844,-0.020873606204986572,0.026509761810302734
155.529249,0.004654228687286377,0.033084332942962646,0.006304919719696045
155.629767,-0.0412958562374115,0.1439480185508728,0.06876707077026367
155.730250,-0.2121451199054718,-0.05751073360443115,-0.09570252895355225
155.830774,0.21397560834884644,-0.2922479510307312,-0.0028687715530395508
155.931226,0.19197142124176025,-0.08812814950942993,0.16485470533370972
156.031732,-0.16689220070838928,0.05893594026565552,0.19703048467636108
156.132251,-0.3164603114128113,0.053273558616638184,-0.07109189033508301
156.232775,0.005027979612350464,-0.12760204076766968,-0.11593998968601227
156.333246,0.21601498126983643,-0.026676476001739502,0.042017340660095215
156.433796,0.04763591289520264,-0.0002556443214416504,0.05416059121489525
156.534239,-0.02701929211616516,-0.031992197036743164,-0.02293872833251953
156.634777,0.00834357738494873,0.014821946620941162,-0.004450916312634945
156.735264,0.022399872541427612,-0.005434215068817139,0.035736437886953354
156.835767,-0.001901477575302124,0.031259357929229736,0.0003838538541458547
156.936279,-0.1989181637763977,0.0033574700355529785,-0.08327746391296387
157.036825,0.1405736804008484,-0.17054247856140137,-0.07915902137756348
157.137148,0.21223807334899902,-0.10947871208190918,0.15348456799983978
157.237783,-0.08065621554851532,0.017125368118286133,0.17862153053283691
157.338316,-0.32315656542778015,0.029745101928710938,-0.05541801452636719
157.438794,-0.014628976583480835,-0.0744558572769165,-0.129441499710083
157.539273,0.17742443084716797,-0.003698408603668213,0.044830501079559326
157.639862,0.049956709146499634,-0.041975319385528564,0.08373177796602249
157.740398,-0.05653715133666992,-0.018727242946624756,-0.0011641988530755043
157.840775,0.008566677570343018,0.01896226406097412,0.02817666530609131
157.941329,0.056120485067367554,-0.06979554891586304,0.03766680136322975
158.041848,0.010856598615646362,-0.03518432378768921,0.03391444310545921
158.142309,-0.11846673488616943,0.1085311770439148,-0.06001448631286621
158.242802,-0.14525803923606873,0.04783284664154053,-0.14892709255218506
158.343294,0.2727762460708618,-0.292050302028656,0.11802858859300613
158.443808,0.1902974545955658,-0.07892537117004395,0.25072747468948364
158.544296,-0.2143803983926773,0.07789987325668335,0.13361093401908875
158.644791,-0.28126096725463867,-0.001693427562713623,-0.1651242971420288
158.745316,0.09162414073944092,-0.08268612623214722,-0.08239114284515381
158.845835,0.17118915915489197,-0.05061978101730347,0.0944972038269043
158.946349,0.0026338398456573486,-0.013451337814331055,0.07752418518066406
159.046796,-0.014089494943618774,-0.046443045139312744,0.059791505336761475
159.147309,0.022684603929519653,0.024220526218414307,0.050061941146850586
159.247889,-0.05620869994163513,0.1324101686477661,-0.14557266235351562
159.348322,-0.23830321431159973,-0.08080422878265381,-0.19335605204105377
159.448823,0.2999425530433655,-0.28114908933639526,0.18281280994415283
159.549347,0.17804384231567383,-0.10032093524932861,0.25550130009651184
159.649926,-0.34272581338882446,0.15492898225784302,0.17362719774246216
159.750330,-0.32020387053489685,0.04930323362350464,-0.12645667791366577
159.850807,0.08170223236083984,-0.11153203248977661,-0.0717235803604126
159.951313,0.20805925130844116,-0.053663432598114014,0.09106665104627609
160.051842,0.04069080948829651,-0.008077740669250488,0.019515931606292725
160.152349,-0.02932262420654297,-0.015521049499511719,-0.04119003191590309
160.252888,0.00391426682472229,-0.03219592571258545,0.0683552622795105
160.353346,0.036606937646865845,-0.08944731950759888,0.08228528499603271
160.453852,-0.03180256485939026,0.07407426834106445,-0.016976654529571533
160.554317,-0.2842782437801361,0.1465415358543396,-0.22748982906341553
160.654856,0.11736524105072021,-0.24027448892593384,0.016469061374664307
160.755338,0.25367480516433716,-0.2076016664505005,0.16623467206954956
160.855876,-0.15090438723564148,0.03694397211074829,0.16420364379882812
160.956465,-0.40502649545669556,0.20330363512039185,0.003920793533325195
161.056843,-0.02449396252632141,-0.1483115553855896,-0.1416420340538025
161.157356,0.27079328894615173,-0.0283510684967041,0.1129622608423233
161.257856,0.07844534516334534,-0.019216716289520264,0.04726000130176544
161.358355,-0.09412482380867004,-0.030214548110961914,0.04961634427309036
161.458868,-0.01564297080039978,0.001287221908569336,-0.0013580918312072754
161.559363,-0.02126350998878479,0.035928964614868164,-0.022998034954071045
161.659900,-0.11932238936424255,0.007716059684753418,-0.05279320478439331
161.760342,0.1449800729751587,-0.03090912103652954,0.05775982141494751
161.860858,0.19899314641952515,0.13458216190338135,0.02967412769794464
161.961406,-0.26006001234054565,0.013007044792175293,-0.23837554454803467
162.061927,0.10407900810241699,-0.47822701930999756,0.07959294319152832
162.162419,0.21273738145828247,-0.2537515163421631,0.28487396240234375
162.262838,-0.27348044514656067,0.1333414912223816,0.19027400016784668
162.363357,-0.27737247943878174,0.021313190460205078,-0.14423930644989014
162.463892,0.16675013303756714,-0.073985755443573,-0.06592321395874023
162.564388,0.11911413073539734,-0.051840126514434814,0.07388634979724884
162.664881,-0.03295576572418213,0.029511690139770508,0.002232849597930908
162.765387,0.0060694217681884766,-0.0222511887550354,-0.05035412311553955
162.865883,-0.02289453148841858,0.0979229211807251,0.04657250642776489
162.966392,-0.26955723762512207,0.02159905433654785,-0.10425621271133423
163.066894,0.159803569316864,-0.24368637800216675,-0.006268203258514404
163.167360,0.306526243686676,-0.1680985689163208,0.17013442516326904
163.267899,-0.11053135991096497,0.056504905223846436,0.23110514879226685
163.368485,-0.41339918971061707,0.1046515703201294,-0.006817251443862915
163.468902,-0.000246584415435791,-0.12328904867172241,-0.15573430061340332
163.569387,0.2107214629650116,-0.04789423942565918,0.04266464710235596
163.670003,0.037431150674819946,-0.025218307971954346,0.024963989853858948
163.770375,-0.05807459354400635,-0.053622305393218994,-0.07008427381515503
163.870918,-0.0308760404586792,-0.0073822736740112305,0.008666634559631348
163.971418,-0.0018930137157440186,0.043284833431243896,-0.018595397472381592
164.071897,0.06664779782295227,0.24056482315063477,0.022781379520893097
164.172383,-0.1380883753299713,0.1705968976020813,-0.09390240162611008
164.272984,-0.0014376044273376465,-0.18810886144638062,0.07669174671173096
164.373436,0.3065485954284668,-0.506475031375885,0.14350736141204834
164.473928,0.010716676712036133,0.04814785718917847,0.25275886058807373
164.574431,-0.41030359268188477,0.1711040735244751,0.014862611889839172
164.675031,-0.25820744037628174,-0.052325665950775146,-0.19594430923461914
164.775393,0.23874753713607788,-0.14120358228683472,0.039308782666921616
164.875924,0.13079345226287842,-0.03894418478012085,0.10346740484237671
164.976446,0.011484652757644653,-0.04100161790847778,0.03722250461578369
165.077017,-0.02415803074836731,-0.00962066650390625,0.0961524248123169
165.177510,-0.024222731590270996,0.06884902715682983,0.04576462507247925
165.277979,-0.025928527116775513,0.0725407600402832,-0.17101635038852692
165.378427,-0.11158037185668945,-0.0982709527015686,-0.17467941343784332
165.478917,0.3320062756538391,-0.32576727867126465,0.17547577619552612
165.579502,0.12954559922218323,-0.05895733833312988,0.342314749956131
165.679962,-0.26075372099876404,0.17417538166046143,0.13118159770965576
165.780528,-0.3459939956665039,0.12231564521789551,-0.08752178400754929
165.880910,-0.02271062135696411,-0.2095913290977478,-0.07710681855678558
165.981476,0.19307202100753784,-0.04987138509750366,0.12737184762954712
166.082126,0.06316196918487549,-0.08379429578781128,0.09087438136339188
166.182459,-0.004403144121170044,-0.05022728443145752,0.04952889680862427
166.282972,-0.026777058839797974,-0.01772242784500122,-0.0029783882200717926
166.383462,-0.06403765082359314,0.19761532545089722,-0.03885090723633766
166.483918,-0.2927311360836029,0.03139078617095947,-0.259476900100708
166.584482,0.3338586688041687,-0.2878890037536621,0.1251867413520813
166.684973,0.20598670840263367,-0.14593303203582764,0.3320431709289551
166.785444,-0.33742383122444153,0.07269489765167236,0.202114999294281
166.885954,-0.30054420232772827,0.054279446601867676,-0.15971849858760834
166.986462,0.1344422698020935,-0.20867425203323364,-0.10270142555236816
167.086977,0.13750147819519043,-0.09218823909759521,0.061937227845191956
167.187506,-0.013637959957122803,0.010304689407348633,0.08166374266147614
167.288041,-0.007459968328475952,0.005098998546600342,0.008331656455993652
167.388498,0.015423446893692017,0.10591280460357666,-0.0035542845726013184
167.489031,-0.017953157424926758,0.2264217734336853,-0.271828293800354
167.589591,-0.013110697269439697,-0.15722030401229858,0.035513877868652344
167.689972,0.3145681917667389,-0.28738540410995483,0.24217452108860016
167.790469,-0.1010768860578537,-0.023183703422546387,0.3559248447418213
167.890835,-0.4428713023662567,0.12486308813095093,0.0917695164680481
167.991547,-0.2604335844516754,-0.09996926784515381,-0.1302991509437561
168.092032,0.1610119342803955,-0.10572445392608643,0.051141686737537384
168.192513,0.13763105869293213,-0.15076196193695068,0.07051819562911987
168.292991,-0.0033492445945739746,-0.007388770580291748,0.10391049087047577
168.393530,0.021093249320983887,-0.01252979040145874,0.026894256472587585
168.494024,0.06662636995315552,0.08726656436920166,-0.002609074115753174
168.594531,0.09414583444595337,0.09766554832458496,-0.15662932395935059
168.694975,-0.38661032915115356,0.09504908323287964,-0.25465357303619385
168.795506,0.179731547832489,-0.3773890733718872,0.17486387491226196
168.895978,0.3593900501728058,-0.2463577389717102,0.3291093707084656
168.996494,-0.22523826360702515,0.025965511798858643,0.18812870979309082
169.097190,-0.36502698063850403,0.19193309545516968,-0.0641939640045166
169.197480,-0.13309639692306519,-0.1663694977760315,-0.12530875205993652
169.298024,0.2627766728401184,-0.06751358509063721,0.11256909370422363
169.398547,0.08706551790237427,-0.020357191562652588,0.04581731557846069
169.498987,-0.03530752658843994,-0.012691140174865723,-0.025187015533447266
169.599535,-0.03904080390930176,0.0326806902885437,0.006434574723243713
169.700103,-0.04741057753562927,-0.0006551146507263184,-0.09427028894424438
169.800547,0.02004501223564148,0.07763552665710449,-0.0878928154706955
169.901086,0.0932512879371643,0.06024092435836792,0.0449599027633667
170.001516,0.05392676591873169,0.0935165286064148,0.04697641730308533
170.102068,-0.05882576107978821,0.20054543018341064,-0.0027391277253627777
170.202525,-0.28587937355041504,-0.02989661693572998,-0.12366500496864319
170.303096,0.2031865119934082,-0.46866822242736816,0.19772541522979736
170.403506,0.1679660677909851,-0.35253578424453735,0.2258148193359375
170.504029,-0.14134743809700012,0.1486600637435913,0.17763710021972656
170.604552,-0.3586220145225525,0.2065119743347168,0.013700723648071289
170.705089,-0.18371176719665527,-0.1701512336730957,-0.14724576473236084
170.805563,0.14959371089935303,-0.19295495748519897,0.06345576047897339
170.905981,0.06501680612564087,-0.02858138084411621,0.08068323135375977
171.006520,-0.0009815096855163574,0.008599042892456055,0.024433016777038574
171.107143,0.008588641881942749,-0.05424809455871582,0.002103567123413086
171.207550,0.05841219425201416,0.07245349884033203,0.049566566944122314
171.308176,-0.11757373809814453,0.17856526374816895,-0.10122799873352051
171.408595,-0.0893109142780304,-0.07628601789474487,-0.06855418533086777
171.509048,0.3161214590072632,-0.23765593767166138,0.2500874996185303
171.609520,0.024668633937835693,-0.003946542739868164,0.2608402371406555
171.710251,-0.3558332622051239,0.17582720518112183,0.14410939812660217
171.810559,-0.20797452330589294,-0.10039055347442627,-0.08775091171264648
171.911018,0.14862912893295288,-0.08897316455841064,-0.033199429512023926
172.011539,0.1249920129776001,-0.0550655722618103,0.07037210464477539
172.112172,-0.025646239519119263,-0.007354855537414551,0.04619044065475464
172.212557,-0.028005331754684448,-0.025624990463256836,0.03352266550064087
172.313158,0.06641709804534912,0.05601400136947632,-8.469820022583008e-05
172.413559,0.03268030285835266,0.12346237897872925,-0.1278066635131836
172.514060,-0.2593897879123688,0.048507750034332275,-0.261643648147583
172.614564,0.1586361527442932,-0.32752537727355957,0.10282409191131592
172.715125,0.20780324935913086,-0.26553094387054443,0.2679961323738098
172.815546,-0.22971484065055847,0.04611915349960327,0.1345807909965515
172.916109,-0.30387449264526367,0.2299821972846985,0.054829731583595276
173.016639,-0.054176777601242065,-0.06666439771652222,-0.10811519622802734
173.117164,0.19372576475143433,-0.1452682614326477,-0.04831218719482422
173.217643,0.10081249475479126,-0.04113811254501343,-0.00646568089723587
173.318060,-0.02836167812347412,0.0501897931098938,0.06263340264558792
173.418664,0.011796802282333374,-0.03540754318237305,0.04912065714597702
173.519190,0.04064115881919861,0.03229677677154541,0.00853663682937622
173.619709,0.08032310009002686,0.11667954921722412,-0.03693246841430664
173.720177,-0.053975820541381836,0.10715436935424805,-0.2665902376174927
173.820653,-0.022234201431274414,-0.21913665533065796,0.0155562125146389
173.921101,0.1542935073375702,-0.25710153579711914,0.21244259178638458
174.021644,-0.06294660270214081,0.054707467555999756,0.1812557876110077
174.122208,-0.3342163860797882,0.1884053349494934,-0.0023565292358398438
174.222579,-0.09167113900184631,-0.11520779132843018,-0.10656309127807617
174.323271,0.17232781648635864,-0.17957311868667603,-0.0036219360772520304
174.423550,0.09195366501808167,-0.04744225740432739,0.06504255533218384
174.524170,0.00819385051727295,0.0198061466217041,0.04085700958967209
174.624704,-0.0009120404720306396,-0.03233039379119873,0.01690816879272461
174.725230,0.009664356708526611,-0.011799931526184082,0.07389630377292633
174.825766,-0.015734463930130005,0.06838655471801758,-0.03710514307022095
174.926175,-0.21260228753089905,0.18833571672439575,-0.2069191336631775
175.026754,0.1591571569442749,-0.14036911725997925,0.006259862333536148
175.127269,0.2960067391395569,-0.15755301713943481,0.19711749255657196
175.227741,-0.0005462765693664551,-0.0006744265556335449,0.19855639338493347
175.328194,-0.3074840307235718,0.10484129190444946,0.03141620755195618
175.428677,-0.2177695333957672,-0.10731041431427002,-0.10236960649490356
175.529178,0.07608342170715332,-0.09469181299209595,-0.04571998119354248
175.629785,0.1109943687915802,-0.025451719760894775,0.041066281497478485
175.730143,0.011877506971359253,-0.026706457138061523,0.01851177215576172
175.830721,-0.014053016901016235,-0.030939161777496338,-0.001973867416381836
175.931106,-0.009947925806045532,0.033245742321014404,0.024443093687295914
176.031680,0.009090423583984375,0.03261655569076538,0.02672964334487915
176.132233,0.0130634605884552,0.042577266693115234,-0.01607608050107956
176.232735,-0.14201322197914124,0.11291199922561646,-0.12467491626739502
176.333271,0.05126476287841797,-0.09802192449569702,-0.05974816903471947
176.433686,0.2908514142036438,-0.14878344535827637,0.14254827797412872
176.534148,0.03330950438976288,-0.10753053426742554,0.20906859636306763
176.634698,-0.2026728093624115,0.14650452136993408,0.10470855236053467
176.735185,-0.26211845874786377,0.021883785724639893,-0.08191359043121338
176.835647,-0.11980599164962769,-0.1590867042541504,-0.07558143138885498
176.936174,0.11106818914413452,-0.11270856857299805,0.10217954218387604
177.036634,0.10591381788253784,-0.07777237892150879,0.034584999084472656
177.137158,0.05689018964767456,0.09322822093963623,0.005058348178863525
177.237657,-0.008983016014099121,0.030857384204864502,-0.03850999474525452
177.338289,0.016726285219192505,0.029819071292877197,0.03305160999298096
177.438605,-0.06633719801902771,0.08699268102645874,0.014409556984901428
177.539187,0.0046131908893585205,0.006052911281585693,-0.03344354033470154
177.639730,0.05728179216384888,-0.06498771905899048,-0.04644772410392761
177.740248,0.036279141902923584,-0.08743906021118164,-0.049876660108566284
177.840677,-0.04738757014274597,-0.014936089515686035,-0.030223429203033447
177.941151,-0.015888571739196777,0.005702495574951172,0.00508725643157959
178.041704,0.020743966102600098,0.030421555042266846,0.03230631351470947
178.142115,-0.06389042735099792,-0.028178811073303223,-0.033315181732177734
178.242757,-0.017563730478286743,0.02382117509841919,0.05487525463104248
178.343199,0.05378150939941406,0.08660233020782471,-0.015516489744186401
178.443661,0.01967407763004303,0.08860278129577637,-0.010722726583480835
178.544167,-0.08600814640522003,0.049160122871398926,-0.07690232992172241
178.644697,-0.2246791422367096,0.020810604095458984,-0.22487694025039673
178.745191,0.24399220943450928,-0.3555728793144226,0.16326119005680084
178.845650,0.15849009156227112,-0.17445236444473267,0.29931214451789856
178.946180,-0.18634305894374847,0.11639976501464844,0.09784144163131714
179.046776,-0.3781033158302307,0.08155155181884766,-0.10803454369306564
179.147196,0.0454745888710022,-0.15493375062942505,-0.02984440326690674
179.247766,0.1754891574382782,0.0009189248085021973,0.09558845311403275
179.348221,0.037439942359924316,-0.04638230800628662,-0.0038477852940559387
179.448688,-0.052609384059906006,-0.0075604915618896484,-0.014974124729633331
179.549187,-0.008505165576934814,-0.005974948406219482,0.03819012641906738
179.649719,0.025705456733703613,-0.003389298915863037,0.02098166197538376
179.750296,-0.1751272976398468,0.10854852199554443,-0.11540520191192627
179.850710,0.08500304818153381,-0.21370553970336914,-0.0403936505317688
179.951254,0.20555877685546875,-0.10775649547576904,0.17295300960540771
180.051663,-0.060503363609313965,0.04241091012954712,0.10572975873947144
180.152213,-0.363898366689682,0.128933846950531,-0.0424356609582901
180.252786,-0.06799854338169098,-0.0905832052230835,-0.09031236171722412
180.353203,0.21291881799697876,-0.02885282039642334,0.07499075680971146
180.453694,0.09505137801170349,-0.0677342414855957,0.05754309892654419
180.554204,-0.09194028377532959,-0.006262540817260742,0.01095050573348999
180.654744,-0.00760495662689209,0.007658243179321289,0.07333702594041824
180.755215,0.0818251371383667,0.005734741687774658,0.01482505351305008
180.855713,0.0440765917301178,0.12764126062393188,-0.04754221811890602
180.956261,-0.24135959148406982,0.16344588994979858,-0.17619943618774414
181.056722,0.2512385845184326,-0.31135469675064087,0.11788719892501831
181.157251,0.1937641203403473,-0.08844774961471558,0.2351498007774353
181.257803,-0.14736470580101013,0.06809389591217041,0.06073141098022461
181.358314,-0.3356565833091736,0.12196934223175049,-0.060414478182792664
181.458723,-0.03360554575920105,-0.14351171255111694,-0.053575992584228516
181.559240,0.1992988884449005,0.014829039573669434,0.09995121508836746
181.659777,0.08486467599868774,-0.051442503929138184,-0.0041367411613464355
181.760204,0.010505080223083496,-0.0017304420471191406,0.03925585746765137
181.860718,0.042948246002197266,-0.0488622784614563,0.05935049057006836
181.961221,-0.022363901138305664,-0.05733978748321533,-0.014351431280374527
182.061773,-0.04138430953025818,0.06311535835266113,-0.058168645948171616
182.162261,-0.22872692346572876,0.09346282482147217,-0.1973494291305542
182.262717,0.22354590892791748,-0.1654772162437439,0.12327241897583008
182.363396,0.20367994904518127,-0.089505136013031,0.2113468050956726
182.463802,-0.15361417829990387,0.15050476789474487,0.0989503413438797
182.564277,-0.17326298356056213,0.06683939695358276,-0.11977368593215942
182.664760,-0.0958017110824585,-0.08861809968948364,-0.08641290664672852
182.765340,0.1401543915271759,-0.04255056381225586,0.08363509178161621
182.865757,0.05743876099586487,-0.03156512975692749,0.025611519813537598
182.966292,0.003865957260131836,0.016369342803955078,-0.021222950890660286
183.066751,-0.00610622763633728,0.012780964374542236,-0.018193364143371582
183.167215,-0.05073517560958862,0.006619155406951904,-0.046240150928497314
183.267771,-0.07575225830078125,-0.025653362274169922,-0.0822020098567009
183.368278,0.17598584294319153,0.17985033988952637,0.03739625960588455
183.468751,-0.24855276942253113,0.058080077171325684,-0.24539470672607422
183.569324,0.05042102932929993,-0.3322758674621582,0.24612081050872803
183.669808,0.2518191933631897,-0.30248260498046875,0.2333548665046692
183.770324,-0.1595972180366516,0.2482452392578125,0.1339404135942459
183.870839,-0.42757466435432434,0.02336663007736206,-0.1441916823387146
183.971385,0.008152812719345093,-0.18734514713287354,-0.06214631721377373
184.071752,0.22494235634803772,-0.052610814571380615,0.0890042781829834
184.172272,0.04301422834396362,-0.008196771144866943,-0.021571457386016846
184.273004,0.01736372709274292,-0.006204783916473389,0.036018967628479004
184.373318,0.03066590428352356,0.0785742998123169,0.02487814426422119
184.473760,-0.22799891233444214,0.22145456075668335,-0.09046995639801025
184.574287,0.06056973338127136,-0.4248684048652649,-0.06652200222015381
184.674779,0.23997098207473755,-0.22220337390899658,0.2075650840997696
184.775312,-0.013467393815517426,0.028702497482299805,0.265134334564209
184.875858,-0.4416709840297699,-0.03488767147064209,-0.05508886277675629
184.976363,-0.07627899944782257,-0.1405460238456726,-0.1210331916809082
185.076729,0.22216230630874634,0.02535003423690796,0.08340829610824585
185.177280,0.11099407076835632,0.007809937000274658,0.031152665615081787
185.277821,-0.03830766677856445,0.01817244291305542,-0.025446832180023193
185.378379,0.00014483928680419922,0.010149657726287842,0.03068525344133377
185.478784,0.04028522968292236,-0.04500246047973633,0.019415803253650665
185.579352,0.0492953360080719,0.05040168762207031,0.042168088257312775
185.679801,-0.2888812720775604,0.06539696455001831,-0.10155922174453735
185.780305,0.11149221658706665,-0.30396735668182373,-0.0015962682664394379
185.880846,0.31854841113090515,-0.12570643424987793,0.21614083647727966
185.981340,-0.026568293571472168,0.12900251150131226,0.16976919770240784
186.081898,-0.29748237133026123,-0.008029043674468994,-0.03839258849620819
186.182419,-0.1349247694015503,-0.16935443878173828,-0.10341775417327881
186.282820,0.24298399686813354,0.005652964115142822,0.05140811204910278
186.383304,0.08913174271583557,-0.0815841555595398,-0.02389001101255417
186.483827,-0.0929785966873169,-0.0031250715255737305,-0.012156546115875244
186.584397,-0.08881017565727234,-0.008631467819213867,-0.009458957239985466
186.684816,0.10242694616317749,0.04439049959182739,0.0311739444732666
186.785334,0.022393107414245605,0.06315630674362183,-0.011697947978973389
186.885829,-0.08170658349990845,-0.0816504955291748,-0.0232245996594429
186.986314,-0.013372838497161865,-0.2276782989501953,0.016324462369084358
187.086878,0.11884069442749023,-0.0142136812210083,0.11861690878868103
187.187366,0.0252244770526886,0.12392526865005493,0.049378037452697754
187.287877,-0.018207848072052002,0.10153782367706299,0.07964581251144409
187.388354,-0.12323932349681854,0.02920687198638916,-0.06236863136291504
187.488833,-0.03015121817588806,-0.11908614635467529,-0.04975461959838867
187.589405,0.20746394991874695,0.07782310247421265,0.05719143897294998
187.689838,0.04039794206619263,-0.06031680107116699,-0.021219253540039062
187.790355,-0.03587549924850464,0.023392140865325928,0.028978344053030014
187.890824,-0.018134087324142456,0.021393954753875732,-0.022002995014190674
187.991350,0.04256701469421387,0.032977938652038574,-0.006760716438293457
188.091931,0.019132941961288452,0.024650096893310547,-0.009210469201207161
188.192370,-0.018146753311157227,0.015297651290893555,0.010595560073852539
188.292866,-0.0136738121509552,-0.06295144557952881,0.011088132858276367
188.393416,0.00979563593864441,-0.008119583129882812,-0.014803409576416016
188.493823,0.0009059906005859375,-0.012174546718597412,0.007246851921081543
188.594367,-0.014566868543624878,-0.01857459545135498,0.027959227561950684
188.694848,0.03296765685081482,0.021516919136047363,-0.008246056735515594
188.795365,0.0010353326797485352,-0.027611851692199707,-0.008623480796813965
188.895884,0.03295630216598511,-0.015498161315917969,0.07166218757629395
188.996330,0.002431243658065796,0.10300815105438232,-0.04601679742336273
189.096879,-0.09778043627738953,-0.15073299407958984,-0.11284412443637848
189.197351,0.29082804918289185,-0.24825191497802734,0.22780203819274902
189.297840,0.06435322761535645,0.06347668170928955,0.2218220829963684
189.398343,-0.23027294874191284,0.08392620086669922,0.010365650057792664
189.498865,-0.2258625030517578,-0.22809821367263794,-0.06905878335237503
189.599500,0.1489344835281372,-0.07082748413085938,0.05595052242279053
189.699916,0.06170591711997986,-0.035879433155059814,0.04781943932175636
189.800382,-0.043172359466552734,0.020159423351287842,-0.005372285842895508
189.900890,-0.01077347993850708,0.03318101167678833,-0.011230885982513428
190.001373,0.0397641658782959,0.015983939170837402,0.007703425362706184
190.102015,0.0038463175296783447,0.00040471553802490234,0.010119320824742317
190.202337,-0.0278814435005188,0.1298133134841919,0.04815644025802612
190.302930,-0.19358745217323303,-0.03775900602340698,-0.09947013854980469
190.403415,0.35094118118286133,-0.2670401334762573,0.19893348217010498
190.503858,0.07924744486808777,-0.08304017782211304,0.19950968027114868
190.604411,-0.3527218997478485,0.05865943431854248,0.03020361065864563
190.704952,-0.0008829832077026367,-0.15853244066238403,-0.0766775906085968
190.805445,0.19052499532699585,0.1271500587463379,-0.019017845392227173
190.905927,-0.005793213844299316,-0.028466761112213135,-0.023198246955871582
191.006491,-0.020259350538253784,0.0157470703125,-0.00614553689956665
191.106968,0.047867923974990845,-0.004165351390838623,0.02561342716217041
191.207477,0.012324303388595581,0.06473201513290405,0.0005073845386505127
191.307812,-0.1693907082080841,0.14454996585845947,-0.17195726931095123
191.408413,0.20768815279006958,-0.31762266159057617,0.15624696016311646
191.508921,0.13233694434165955,-0.04740285873413086,0.276159405708313
191.609405,-0.19551493227481842,0.0314406156539917,0.10777640342712402
191.710023,-0.37454575300216675,-0.10812276601791382,-0.06246590614318848
191.810409,0.23187226057052612,-0.11535781621932983,-0.06713986396789551
191.910964,0.12988746166229248,0.019397616386413574,0.10146421194076538
192.011414,-0.13973316550254822,-0.002023458480834961,0.022869527339935303
192.111945,0.0066852569580078125,-0.00821065902709961,-0.015152093023061752
192.212420,0.09411785006523132,0.03215724229812622,0.030567172914743423
192.312930,0.015918463468551636,0.005197465419769287,-0.027087152004241943
192.413450,0.00205075740814209,0.0005319714546203613,0.004303274676203728
192.513925,0.05176186561584473,-0.009732306003570557,0.009309466928243637
192.614444,-0.08264937996864319,0.08054870367050171,-0.009255766868591309
192.714896,-0.13779926300048828,-0.221296489238739,-0.05951476842164993
192.815441,0.26877743005752563,-0.13954150676727295,0.16937017440795898
192.915922,-0.04794958233833313,0.07442837953567505,0.1541074514389038
193.017380,-0.27049630880355835,0.08625394105911255,0.039338618516922
193.116963,-0.0623011589050293,-0.1562599539756775,-0.0855863019824028
193.217448,0.23676279187202454,0.044968605041503906,0.04396975412964821
193.317963,0.02935090661048889,-0.03603142499923706,0.04183918237686157
193.418582,-0.07370659708976746,-0.04681217670440674,-0.01322317123413086
193.518961,-0.008639037609100342,0.029683291912078857,0.01682591438293457
193.619492,0.04115629196166992,0.015687525272369385,-0.008729157969355583
193.720052,0.0012117624282836914,0.032772958278656006,-0.032914161682128906
193.820460,-0.052938878536224365,0.13597267866134644,-0.07328367233276367
193.920994,0.030076801776885986,-0.3095015287399292,-0.012231230735778809
194.021555,0.20192158222198486,-0.033273935317993164,0.2360764741897583
194.121982,-0.04575331509113312,0.14244377613067627,0.04819551110267639
194.222485,-0.3528805375099182,-0.05711233615875244,0.0025020241737365723
194.323043,-0.022347748279571533,-0.2521823048591614,-0.04859637841582298
194.423442,0.2940720319747925,0.0567132830619812,0.1307694911956787
194.523960,0.008060991764068604,-0.038981735706329346,-0.056285858154296875
194.624477,-0.08296850323677063,0.029863357543945312,-0.012508630752563477
194.724948,0.03127574920654297,-0.020121097564697266,0.037496332079172134
194.825522,0.017933368682861328,-0.030978798866271973,0.012219429947435856
194.926032,-0.0039004385471343994,0.005124509334564209,-0.00284576416015625
195.026569,-0.011939376592636108,0.0018814802169799805,-0.01805633306503296
195.127017,-0.09679445624351501,0.12935936450958252,-0.048058152198791504
195.227400,-0.03439903259277344,-0.28916752338409424,-0.05227959156036377
195.327961,0.31091296672821045,-0.03082352876663208,0.18174588680267334
195.428487,0.04060159623622894,0.12571799755096436,0.06213945150375366
195.529106,-0.38364076614379883,-0.06555831432342529,0.08220475912094116
195.629478,-0.08424574136734009,-0.21274393796920776,-0.06227434054017067
195.729974,0.2937213182449341,0.06244271993637085,0.07458531856536865
195.830497,0.04414123296737671,-0.024420320987701416,-0.0091208815574646
195.930964,-0.1059342622756958,-0.03173762559890747,0.0011338572949171066
196.031464,0.03149095177650452,0.009018123149871826,0.020879030227661133
196.132019,0.04452592134475708,-0.0167197585105896,-0.019749820232391357
196.232488,-0.0017771124839782715,0.02490001916885376,0.013528049923479557
196.332987,-0.022140830755233765,0.00043082237243652344,-0.01931476593017578
196.433480,-0.0013712048530578613,0.15591192245483398,-0.0009398460388183594
196.533949,-0.1459600031375885,-0.1966213583946228,-0.06490601599216461
196.634516,0.3498728275299072,-0.10622000694274902,0.13523197174072266
196.735002,0.10490623116493225,0.06821101903915405,0.13666656613349915
196.835479,-0.3214302659034729,-0.03323984146118164,0.12054207921028137
196.936042,-0.2054116427898407,-0.239568293094635,-0.10212886333465576
197.036545,0.2152743935585022,0.04451674222946167,0.01938890665769577
197.136991,0.1107894778251648,-0.13816815614700317,0.010837964713573456
197.237488,-0.09517401456832886,0.04062074422836304,-0.015664219856262207
197.338052,-0.03429818153381348,0.012124955654144287,-0.00040012970566749573
197.438547,0.046846479177474976,0.020828664302825928,-0.014218982309103012
197.539062,0.006577551364898682,0.025916218757629395,0.042769256979227066
197.639658,0.016884803771972656,-0.006824851036071777,-0.009571556001901627
197.740076,0.021027714014053345,0.010468840599060059,0.027373429387807846
197.840628,0.03677669167518616,0.03987771272659302,-0.006588153541088104
197.941319,-0.042523473501205444,0.04129737615585327,-0.0025082267820835114
198.041619,-0.003465712070465088,0.06859201192855835,-0.08450508117675781
198.142014,-0.043205708265304565,-0.04322272539138794,-0.045374393463134766
198.242546,0.25647053122520447,-0.20011013746261597,0.22173088788986206
198.343118,0.06270577013492584,0.0037329792976379395,0.14847296476364136
198.443645,-0.2942405641078949,0.08368545770645142,0.0483100563287735
198.544028,-0.20599673688411713,-0.14128196239471436,-0.11556780338287354
198.644640,0.19198733568191528,0.0021402835845947266,0.015634246170520782
198.745051,0.08742067217826843,-0.06999564170837402,0.025705091655254364
198.845599,-0.07121396064758301,-0.017934858798980713,0.004002928733825684
198.946015,0.00325736403465271,0.0038642287254333496,-0.005615241825580597
199.046529,-0.007799655199050903,-0.002598702907562256,0.0006960183382034302
199.147052,0.06821775436401367,-0.008954346179962158,-0.0025586485862731934
199.247508,0.0037672817707061768,0.05309498310089111,0.0038625672459602356
199.348045,-0.2467590868473053,0.05095714330673218,-0.05255997180938721
199.448456,0.2386886477470398,-0.3417511582374573,0.0036830315366387367
199.549015,0.16533589363098145,0.049462735652923584,0.1851634383201599
199.649554,-0.24721825122833252,0.0914493203163147,0.14320045709609985
199.750127,-0.2461099922657013,-0.10254257917404175,-0.08595812320709229
199.850585,0.1775556206703186,-0.0698246955871582,-0.0275954008102417
199.951040,0.08205276727676392,-0.032414376735687256,0.09320424497127533
200.051546,-0.02569371461868286,-0.0018770098686218262,-0.009491141885519028
200.152047,-0.0040847063064575195,-0.0019412636756896973,-0.007420949637889862
200.252717,0.05086955428123474,-0.0024790167808532715,0.00171680748462677
200.353088,-0.03178367018699646,-0.055277884006500244,-0.006077654659748077
200.453571,-0.18338721990585327,0.15807116031646729,-0.029174156486988068
200.554148,0.06692087650299072,-0.34192198514938354,-0.045577824115753174
200.654684,0.26617223024368286,-0.02725851535797119,0.19118133187294006
200.755053,-0.011262163519859314,0.2603875398635864,0.10462573170661926
200.855571,-0.35689958930015564,-0.041488587856292725,-0.022438764572143555
200.956026,-0.019982874393463135,-0.27849191427230835,-0.059563878923654556
201.056554,0.2371346652507782,-0.004889130592346191,0.1266571283340454
201.157063,0.03115665912628174,-0.04244041442871094,0.016492247581481934
201.257612,0.008152008056640625,-0.053972065448760986,0.036833882331848145
201.358085,0.04774594306945801,0.002081632614135742,0.019283413887023926
201.458585,-0.0612485408782959,0.08875232934951782,-0.029413580894470215
201.559105,-0.3203293979167938,-0.006721556186676025,-0.08112525194883347
201.659646,0.34303539991378784,-0.2649545669555664,0.11203891038894653
201.760177,0.10236915946006775,0.08527356386184692,0.1812896728515625
201.860665,-0.30641183257102966,0.06217193603515625,0.09560424089431763
201.961101,-0.26201561093330383,-0.27040863037109375,-0.05679786205291748
202.061704,0.25565582513809204,-0.011248767375946045,0.04980504512786865
202.162097,0.09593567252159119,-0.0931822657585144,0.09243888407945633
202.262592,-0.06419909000396729,-0.06295406818389893,0.05488301441073418
202.363094,-0.046720147132873535,0.012551546096801758,0.06641721725463867
202.463593,0.06572237610816956,-0.0318378210067749,0.019277870655059814
202.564078,0.028216838836669922,0.14549404382705688,-0.04315793514251709
202.664626,-0.1872718334197998,0.2510327696800232,-0.24428141117095947
202.765134,0.07192713022232056,-0.4785054326057434,0.14913737773895264
202.865611,0.1443600058555603,0.019134521484375,0.34629499912261963
202.966127,-0.21703311800956726,0.149694561958313,0.043857961893081665
203.066683,-0.3071820139884949,-0.026182949542999268,-0.15985000133514404
203.167100,0.24566751718521118,-0.19820815324783325,-0.06915778666734695
203.267657,0.11997810006141663,0.01213085651397705,0.13926786184310913
203.368140,-0.0690983235836029,-0.0783349871635437,0.03954946994781494
203.468627,-0.027781814336776733,-0.06511044502258301,0.027406755834817886
203.569180,0.03844901919364929,-0.03413808345794678,0.08939290791749954
203.669690,0.03204485774040222,0.09882587194442749,-0.028385408222675323
203.770159,-0.17787882685661316,0.23500460386276245,-0.2902107238769531
203.870644,0.13213050365447998,-0.3405526280403137,0.09127634763717651
203.971186,0.26584020256996155,-0.13416272401809692,0.3395267128944397
204.071598,-0.28834667801856995,0.08529466390609741,0.14971795678138733
204.172071,-0.30937856435775757,-0.17696303129196167,-0.07031142711639404
204.272660,0.383401095867157,-0.03585219383239746,0.13935372233390808
204.373118,0.08932808041572571,0.058062195777893066,0.049392879009246826
204.473662,-0.07868656516075134,0.0035692453384399414,-0.055946022272109985
204.574138,0.00396379828453064,-0.010100722312927246,0.013384222984313965
204.674656,0.03894001245498657,-0.053803443908691406,0.022003173828125
204.775173,-0.012321680784225464,0.002698838710784912,-0.034945130348205566
204.875643,0.012195080518722534,0.07404440641403198,-0.10014098882675171
204.976143,0.021905362606048584,0.050117313861846924,-0.15187770128250122
205.076651,0.11488348245620728,0.10943102836608887,0.00968867540359497
205.177152,0.0922541618347168,0.14164847135543823,0.03796941041946411
205.277678,-0.17811158299446106,0.26192933320999146,-0.06303185224533081
205.378180,-0.0485859215259552,-0.299915075302124,0.09165405482053757
205.478579,0.15171748399734497,-0.6658524870872498,0.36206308007240295
205.579212,0.016064882278442383,0.055278778076171875,0.3197113871574402
205.679618,-0.45333632826805115,0.2532300353050232,0.07215636968612671
205.780271,-0.2629031240940094,-0.22424060106277466,-0.20551732182502747
205.880729,0.1751764714717865,-0.07212680578231812,0.04807376116514206
205.981117,0.16320127248764038,-0.046016037464141846,0.1203451082110405
206.081651,-0.058193743228912354,-0.07019579410552979,-0.01162487268447876
206.182176,-0.007168829441070557,-0.09186989068984985,0.01189422607421875
206.282758,0.04271349310874939,-0.07584983110427856,0.0836702510714531
206.383060,-0.20395725965499878,0.18337184190750122,-0.01778435707092285
206.483652,-0.20044755935668945,-0.29291725158691406,-0.11703003942966461
206.584134,0.4626935124397278,-0.14714151620864868,0.291805624961853
206.684674,0.14608892798423767,0.10767245292663574,0.17520079016685486
206.785194,-0.26772162318229675,0.17561209201812744,0.16535380482673645
206.885691,-0.27413421869277954,-0.32167232036590576,-0.13354527950286865
206.986186,0.16327446699142456,-0.13190895318984985,-0.02141594886779785
207.086675,0.12556153535842896,-0.017751634120941162,0.12107688933610916
207.187257,-0.030282258987426758,-0.025008678436279297,0.02303415909409523
207.287685,-0.04890516400337219,0.039130210876464844,0.11425191164016724
207.388164,-0.1598854660987854,0.10768687725067139,-0.05052900314331055
207.488681,0.014614701271057129,-0.3365611433982849,-0.09933209419250488
207.589182,0.5020756125450134,-0.10624969005584717,0.3114990293979645
207.689647,-0.09931442141532898,0.044091999530792236,0.18896636366844177
207.790069,-0.35055309534072876,0.08796656131744385,0.21201276779174805
207.890590,-0.21285268664360046,-0.25370532274246216,-0.11457449197769165
207.991117,0.18173712491989136,-0.16479116678237915,0.005135245621204376
208.091590,0.1191713809967041,-0.08377158641815186,0.025647267699241638
208.192180,-0.00197601318359375,-0.0026903748512268066,0.05314701795578003
208.292712,-0.03217238187789917,0.023316919803619385,0.05274409055709839
208.393294,-0.3268314599990845,0.15981215238571167,-0.07068747282028198
208.493699,0.1834051012992859,-0.24051356315612793,-0.018894247710704803
208.594204,0.3776535987854004,-0.1223558783531189,0.34136730432510376
208.694691,-0.11092928051948547,0.09213656187057495,0.22870948910713196
208.795177,-0.4256924092769623,0.04070156812667847,0.07779558002948761
208.895698,-0.06046697497367859,-0.2048816680908203,-0.00388336181640625
208.996262,0.3220145106315613,0.04163998365402222,0.1116960197687149
209.096706,0.06171983480453491,-0.13715821504592896,0.06007082760334015
209.197190,-0.09129196405410767,0.004648149013519287,0.048482008278369904
209.297778,-0.09649822115898132,-0.025293469429016113,0.06492406129837036
209.398190,-0.186987042427063,0.2410111427307129,-0.14980535209178925
209.498699,0.11582320928573608,-0.28393417596817017,0.03191298246383667
209.599240,0.40212714672088623,-0.255562961101532,0.3523847460746765
209.699797,-0.20740285515785217,0.11817878484725952,0.2603882849216461
209.800252,-0.4543980062007904,0.1579706072807312,0.038449645042419434
209.900848,-0.034718483686447144,-0.24860024452209473,0.01691937819123268
210.001283,0.36247000098228455,-0.015065670013427734,0.13444794714450836
210.101782,0.020603179931640625,-0.09253311157226562,0.024649158120155334
210.202259,-0.08956575393676758,-0.056524038314819336,0.08266562223434448
210.302783,-0.027438849210739136,-0.027340054512023926,0.08416730165481567
210.403247,-0.0012136995792388916,0.09505212306976318,0.048951148986816406
210.503839,-0.0649946928024292,0.18163925409317017,-0.28796958923339844
210.604007,0.10601142048835754,-0.14133042097091675,0.0038079172372817993
210.704782,0.26974791288375854,-0.08950310945510864,0.34263190627098083
210.805307,-0.08703209459781647,0.18191999197006226,0.1275620460510254
210.905825,-0.5231278538703918,0.03992944955825806,0.007527515292167664
211.006256,0.0019610822200775146,-0.18661785125732422,-0.032863374799489975
211.106827,0.3351883888244629,0.010147035121917725,0.1148277074098587
211.207217,-0.003068774938583374,0.02963864803314209,-0.04362630844116211
211.307755,0.00898703932762146,0.06447160243988037,-0.0682450532913208
211.408262,0.03005850315093994,-0.009283185005187988,-0.10515380650758743
211.508780,0.007263600826263428,0.002199828624725342,0.009255170822143555
211.609324,-0.11289152503013611,0.07191932201385498,0.09076690673828125
211.709817,-0.31390929222106934,0.04905647039413452,0.0011849328875541687
211.810353,0.30988943576812744,-0.4610559344291687,0.20505380630493164
211.910779,0.22131821513175964,-0.16302913427352905,0.2599624991416931
212.011259,-0.2017734944820404,0.06956154108047485,0.0971892774105072
212.111747,-0.3575863540172577,0.0872071385383606,0.03238564729690552
212.212267,0.005587875843048096,-0.09715282917022705,-0.10732627660036087
212.312815,0.24345362186431885,0.006271660327911377,0.02059197425842285
212.413245,0.05059605836868286,-0.01468050479888916,0.04437202215194702
212.513771,-0.05882278084754944,-0.041139066219329834,-0.006175996735692024
212.614363,-0.04048502445220947,-0.06622225046157837,0.006966708227992058
212.714772,-0.07446449995040894,0.10463452339172363,-0.02188551425933838
212.815263,-0.2531690299510956,-0.0045452117919921875,-0.15313340723514557
212.915869,0.17709866166114807,-0.11577236652374268,0.086647629737854
213.016303,0.2931209206581116,-0.06605887413024902,0.3653295338153839
213.116844,-0.10869485139846802,0.07563227415084839,0.1897430121898651
213.217413,-0.3343998193740845,0.11854022741317749,0.0031944066286087036
213.317826,-0.08423489332199097,-0.2940499186515808,-0.18760228157043457
213.418366,0.1618458330631256,-0.09130072593688965,-0.0468825101852417
213.518813,0.10927075147628784,-0.03687751293182373,0.05784398317337036
213.619277,-0.032632678747177124,-0.03220796585083008,0.008160235360264778
213.719852,-0.014214694499969482,-0.017579317092895508,0.013644341379404068
213.820488,0.020680338144302368,0.07021820545196533,0.02192854881286621
213.920787,-0.20354658365249634,0.11255794763565063,-0.12558329105377197
214.021295,0.13216868042945862,-0.1795850396156311,-0.021439194679260254
214.121809,0.32622262835502625,-0.059824228286743164,0.248243510723114
214.222270,-0.11386734247207642,-0.0277785062789917,0.2334805130958557
214.322900,-0.38296669721603394,0.1190941333770752,0.03569447994232178
214.423353,-0.14516398310661316,-0.15950238704681396,-0.1361703872680664
214.523840,0.12645083665847778,-0.07636427879333496,-0.0077675580978393555
214.624290,0.15307974815368652,-0.04025071859359741,0.07860911637544632
214.724872,-0.0018155574798583984,-0.026895642280578613,0.00880444049835205
214.825286,0.06253588199615479,0.1223565936088562,-0.04956692457199097
214.925789,0.11569201946258545,0.24275517463684082,-0.03525584936141968
215.026324,0.07285070419311523,-0.2865176796913147,0.04915797710418701
215.126819,-0.16339093446731567,-0.009537696838378906,-0.0045782290399074554
215.227299,-0.00034040212631225586,-0.09178435802459717,0.04779065400362015
215.327845,-0.09595692157745361,-0.01924079656600952,0.05260705202817917
215.428385,0.03742414712905884,0.03396517038345337,-0.027508482336997986
215.528842,-0.012404799461364746,0.026278913021087646,0.06780886650085449
215.629418,-0.09421330690383911,-0.021875619888305664,0.10062648355960846
215.729808,0.04674786329269409,0.037706732749938965,-0.03964507579803467
215.830406,0.05198827385902405,0.038803696632385254,0.003526570275425911
215.930950,-0.0934421718120575,0.13748562335968018,-0.29403042793273926
216.031305,0.2943218946456909,-0.4055156707763672,0.22239261865615845
216.131816,0.018899619579315186,-0.04762840270996094,0.4491424560546875
216.232357,-0.2440861016511917,0.2700897455215454,0.26233819127082825
216.332823,-0.3044279217720032,0.18163979053497314,-0.27347350120544434
216.433308,0.024091392755508423,-0.36036044359207153,-0.056726932525634766
216.533839,0.2105391025543213,-0.23463809490203857,0.045874305069446564
216.634341,0.08203625679016113,0.13567018508911133,0.01145404577255249
216.734821,0.018403857946395874,0.04855114221572876,0.17987507581710815
216.835407,0.028965920209884644,-0.138860821723938,0.05817258358001709
216.935833,0.08211567997932434,-0.024944186210632324,0.0014123916625976562
217.036421,-0.2222783863544464,0.13241171836853027,-0.07388103008270264
217.136884,-0.17194068431854248,-0.2642351984977722,-0.1509690135717392
217.237380,0.22806915640830994,-0.3804019093513489,0.36596018075942993
217.337991,-0.04531875252723694,-0.1413670778274536,0.42886173725128174
217.438357,-0.44170868396759033,0.48080140352249146,0.05842775106430054
217.538877,-0.3341479003429413,0.017111897468566895,-0.26223325729370117
217.639383,0.0031097233295440674,-0.19758200645446777,-0.10874080657958984
217.739878,0.08579742908477783,-0.12420648336410522,0.04455048590898514
217.840474,0.024758845567703247,-0.04268389940261841,0.0692906379699707
217.940873,0.031032830476760864,0.01367342472076416,0.016339287161827087
218.041380,0.0013943910598754883,-0.06199467182159424,0.03549696505069733
218.141902,0.0870305597782135,-0.06407618522644043,0.019863545894622803
218.242419,0.115183025598526,0.026045680046081543,0.07948708534240723
218.342886,-0.07871674001216888,-4.291534423828125e-05,0.049349650740623474
218.443337,-0.11849698424339294,0.09021186828613281,-0.1564769744873047
218.543842,0.232166588306427,-0.2089647650718689,0.021628960967063904
218.644396,0.11621806770563126,-0.14081627130508423,0.3160449266433716
218.744864,-0.250874400138855,-0.016714155673980713,0.2534175515174866
218.845362,-0.3081735670566559,0.17712008953094482,-0.14171719551086426
218.945994,0.04257172346115112,-0.1486685872077942,-0.1571199744939804
219.046409,0.09836840629577637,0.017356574535369873,0.07425463199615479
219.146900,-0.009874194860458374,0.012589573860168457,0.030269213020801544
219.247401,-0.0006466656923294067,-0.003057539463043213,-0.016366716474294662
219.347895,0.03215561807155609,-0.040149986743927,-0.00041627511382102966
219.448372,-0.04561176896095276,-0.03337991237640381,0.07870852947235107
219.548889,-0.05127951502799988,-0.029274046421051025,0.06381197273731232
219.649387,-0.23592349886894226,0.021460115909576416,-0.2059505581855774
219.749859,-0.15409409999847412,0.02282017469406128,-0.020850894972682
219.850301,0.46861591935157776,-0.05176341533660889,0.2462300807237625
219.950887,0.1705988496541977,0.05952727794647217,0.2572859227657318
220.051487,-0.24256959557533264,-0.015299022197723389,-0.07295364141464233
220.151943,0.009503394365310669,0.035257041454315186,-0.15794050693511963
220.252411,0.0778052806854248,-0.010914027690887451,0.007434055209159851
220.352878,-0.041882455348968506,0.029723942279815674,0.025454357266426086
220.453412,-0.023384392261505127,0.025812983512878418,-0.050794899463653564
220.553928,0.028268516063690186,-0.02971559762954712,-0.027195721864700317
220.654474,-0.016445159912109375,0.014439165592193604,0.07074829936027527
220.754966,0.03555184602737427,-0.05849254131317139,0.03667905926704407
220.855400,-0.024244725704193115,-0.027704298496246338,-0.03183692693710327
220.955942,0.04186725616455078,0.06599849462509155,0.08354353904724121
221.056425,-0.13582801818847656,-0.07030171155929565,-0.004346609115600586
221.156932,0.04293942451477051,-0.014760076999664307,0.051321446895599365
221.257465,-0.08531886339187622,0.1337553858757019,-0.24614834785461426
221.357923,0.1454290747642517,-0.08723640441894531,0.06369680166244507
221.458413,0.15439671277999878,-0.2596704363822937,0.43287426233291626
221.559053,-0.5800231695175171,0.224309504032135,0.026954054832458496
221.659513,-0.12868881225585938,-0.050301313400268555,-0.16915950179100037
221.759953,0.18400132656097412,-0.16011816263198853,0.03133869171142578
221.860422,0.03143763542175293,-0.03757345676422119,0.08206939697265625
221.960946,-0.017805755138397217,0.0008990764617919922,-0.021181881427764893
222.061382,-0.010312318801879883,-0.04083514213562012,0.042917847633361816
222.161990,-0.0006541609764099121,0.009575605392456055,0.02285933494567871
222.262470,-0.005880117416381836,0.014597058296203613,0.007052421569824219
222.362984,-0.015148043632507324,0.012518882751464844,0.01243281364440918
222.463431,-0.0038130879402160645,0.0013341009616851807,0.0004674196243286133
222.563955,0.037574589252471924,0.026974797248840332,0.021712958812713623
222.664432,0.005065202713012695,0.22259533405303955,-0.25000321865081787
222.764756,0.04940110445022583,-0.3421199917793274,0.11589658260345459
222.865365,-0.16818469762802124,-0.1434781551361084,0.21140140295028687
222.965938,-0.3002760112285614,0.14529967308044434,-0.03436604142189026
223.066365,-0.07129629701375961,-0.009906291961669922,-0.13659214973449707
223.166875,0.08937010169029236,0.021272122859954834,0.01522422581911087
223.267320,0.08895346522331238,0.02011352777481079,0.04889160394668579
223.367933,0.026022881269454956,-0.028343558311462402,0.02182532101869583
223.468580,-0.036568135023117065,-0.08803367614746094,0.0115504190325737
223.569008,-0.021315664052963257,-0.037218332290649414,0.022204406559467316
223.669579,0.02333293855190277,0.033804118633270264,0.026456043124198914
223.769982,-0.21108290553092957,0.23200255632400513,-0.2858269214630127
223.870634,0.2081862986087799,-0.12623631954193115,0.18792080879211426
223.971009,0.24222946166992188,-0.12496113777160645,0.20904749631881714
224.071445,-0.24663880467414856,-0.057281315326690674,0.048830658197402954
224.172123,-0.25648438930511475,-0.009617745876312256,-0.12907910346984863
224.272624,0.22629176080226898,-0.0048084259033203125,-0.08987689018249512
224.373136,0.013357847929000854,0.10476952791213989,0.03122502565383911
224.473535,0.00982847809791565,-0.1889854073524475,-0.010655701160430908
224.574136,-0.005524933338165283,0.015043377876281738,0.04703754186630249
224.674654,-0.005788177251815796,0.00417327880859375,-0.02344387024641037
224.775168,-0.023931950330734253,0.05755728483200073,-0.023292899131774902
224.875685,-0.13889366388320923,-0.08548420667648315,-0.005632340908050537
224.976074,0.33059370517730713,-0.022799253463745117,0.1862102895975113
225.076535,-0.03200411796569824,-0.07320094108581543,0.1224372386932373
225.176850,-0.24472060799598694,0.012889623641967773,-0.04862290620803833
225.277374,0.011601381003856659,-0.05776715278625488,-0.10054123401641846
225.378073,0.1604005992412567,0.05771690607070923,0.00539223849773407
225.478568,-0.02444159984588623,0.03128647804260254,0.016597628593444824
225.579112,0.00513458251953125,-0.0788886547088623,-0.004210352897644043
225.679512,0.008742183446884155,-0.02868175506591797,0.07974602282047272
225.780014,-0.057068467140197754,-0.0020783543586730957,-0.014851033687591553
225.880564,0.012252599000930786,-0.1314135193824768,0.10217874497175217
225.980915,0.009577810764312744,0.06163465976715088,0.010641515254974365
226.081581,-0.11630219221115112,0.23607218265533447,-0.18892814218997955
226.182027,0.1126706600189209,-0.19603848457336426,0.09329259395599365
226.282501,0.27557072043418884,-0.06694096326828003,0.2411356270313263
226.383005,-0.24134519696235657,0.024079501628875732,0.018564581871032715
226.483481,-0.29796069860458374,-0.1174701452255249,-0.08334541320800781
226.584029,0.14114609360694885,-0.12914890050888062,-0.01687025837600231
226.684585,0.15205395221710205,-0.010202527046203613,0.07872124016284943
226.785033,-0.04780682921409607,-0.03505706787109375,0.01855558156967163
226.885509,-0.013468801975250244,0.025461792945861816,-0.011795401573181152
226.986092,0.018266409635543823,-0.006434202194213867,0.005796119570732117
227.086523,-0.025256484746932983,0.03379601240158081,-0.011281013488769531
227.187025,-0.07729959487915039,0.08357363939285278,-0.06143087148666382
227.287531,0.21434378623962402,-0.147327721118927,0.13744765520095825
227.387976,-0.0062842220067977905,-0.0911756157875061,0.1344202756881714
227.488545,-0.2579447031021118,-0.036604344844818115,-0.02875940501689911
227.589066,-0.07490211725234985,0.003891587257385254,-0.11667799949645996
227.689518,0.16520249843597412,-0.05025762319564819,0.0011000782251358032
227.790032,0.05796484649181366,0.03660011291503906,0.07287858426570892
227.890730,-0.09223298728466034,-0.03257489204406738,-0.03298139572143555
227.991086,0.04296359419822693,0.04861682653427124,-0.013790369033813477
228.091556,-0.0030118227005004883,0.001134634017944336,0.017363131046295166
228.192152,-0.03679738938808441,0.02983194589614868,-0.02985643595457077
228.292537,-0.039483100175857544,-0.04403454065322876,-0.04674988240003586
228.393081,0.20148366689682007,-0.15289121866226196,0.12047779560089111
228.493617,-0.009206466376781464,-0.005019545555114746,0.1449766457080841
228.594039,-0.2956393361091614,-0.029022395610809326,-0.05603216588497162
228.694489,-0.09667633473873138,-0.057669222354888916,-0.10362397879362106
228.795042,0.17565640807151794,-0.02454131841659546,0.03606289625167847
228.895546,0.1018933355808258,-0.015482664108276367,0.06695125997066498
228.996066,-0.0887165367603302,-0.05824190378189087,-0.0042523667216300964
229.096598,0.011456072330474854,0.04383140802383423,-0.02073681354522705
229.197102,0.04548673331737518,-0.028959572315216064,0.020650751888751984
229.297585,-0.02180880308151245,0.013998091220855713,-0.005313396453857422
229.398159,0.01685592532157898,-0.029195666313171387,0.02469635009765625
229.498657,-0.026946619153022766,0.01817268133163452,-0.019701659679412842
229.599180,-0.0216863751411438,-0.043460071086883545,-0.042579591274261475
229.699672,0.2206515371799469,-0.018550992012023926,0.14281007647514343
229.800055,-0.1203804612159729,0.033326029777526855,0.06321769952774048
229.900655,-0.15839911997318268,-0.11713802814483643,0.010579407215118408
230.001100,-0.03174278140068054,-0.06492817401885986,-0.08292341232299805
230.101743,0.19174116849899292,0.02319413423538208,0.04516242444515228
230.202070,0.0144425630569458,-0.036630213260650635,0.017825305461883545
230.302733,-0.05109405517578125,-0.036010801792144775,0.00028020888566970825
230.403098,0.0445786714553833,0.01413506269454956,-0.004721701145172119
230.503655,0.015738487243652344,-0.024838030338287354,0.03120523691177368
230.604085,-0.03202250599861145,-0.02764374017715454,0.0020503923296928406
230.704577,0.006490439176559448,0.010087668895721436,0.008946843445301056
230.805079,-0.06807675957679749,0.00031131505966186523,-0.017562560737133026
230.905612,-0.08541649580001831,0.03150784969329834,-0.11255574226379395
231.006115,0.27994656562805176,-0.12030529975891113,0.1587580442428589
231.106659,-0.06570929288864136,-0.03174692392349243,0.1304284930229187
231.207242,-0.2524070739746094,-0.037860989570617676,-0.040206246078014374
231.307606,-0.03159075230360031,-0.053447723388671875,-0.06398570537567139
231.408094,0.199701189994812,-0.03829550743103027,0.05587995797395706
231.508613,0.0531093031167984,-0.02119731903076172,0.04788465052843094
231.609118,-0.1174585372209549,-0.04787325859069824,0.00947278831154108
231.709681,0.04072277247905731,0.038793861865997314,-0.010276317596435547
231.810139,0.026664838194847107,0.007089734077453613,-0.0014118552207946777
231.910649,-0.019581913948059082,-0.029065072536468506,0.021412253379821777
232.011121,-0.07737550139427185,0.0795016884803772,-0.07196366786956787
232.111831,-0.0020984113216400146,-0.017619550228118896,-0.023508667945861816
232.212094,0.20973628759384155,-0.0925331711769104,0.10036200284957886
232.312661,0.018664691597223282,0.01535731554031372,0.09106704592704773
232.413248,-0.23337095975875854,-0.0766189694404602,-0.001088850200176239
232.513584,-0.032789066433906555,-0.06189441680908203,-0.06632161140441895
232.614204,0.1559099555015564,0.03645819425582886,0.014071762561798096
232.714696,0.016646146774291992,-0.0199124813079834,0.022764094173908234
232.815111,-0.039280086755752563,-0.05452340841293335,-0.00016707181930541992
232.915635,0.027322903275489807,0.010181188583374023,0.0046030208468437195
233.016124,0.030256032943725586,-0.01944124698638916,0.02957874909043312
233.116636,-0.007508382201194763,-0.04667961597442627,0.016295555979013443
233.217135,-0.10633237659931183,0.04132598638534546,-0.052787717431783676
233.317659,0.002606511116027832,-0.006300210952758789,-0.04681110382080078
233.418143,0.23547044396400452,-0.06879323720932007,0.14646273851394653
233.518623,-0.0611550435423851,0.024502098560333252,0.07312943041324615
233.619219,-0.2920994162559509,-0.09990882873535156,-0.04122734069824219
233.719612,0.00969785451889038,-0.04440563917160034,-0.07634090632200241
233.820258,0.17339134216308594,0.022868692874908447,0.05761022865772247
233.920625,0.04973287880420685,-0.06132698059082031,0.05800676345825195
234.021163,-0.08076921105384827,-0.07720762491226196,-0.009293317794799805
234.121683,0.03630627691745758,0.03842735290527344,0.003859221935272217
234.222241,0.01952923834323883,-0.019361019134521484,0.015622731298208237
234.322708,-0.00029227137565612793,-0.016868412494659424,0.030206799507141113
234.423159,-0.05780783295631409,0.03609144687652588,-0.0260617733001709
234.523675,-0.09531441330909729,0.032122135162353516,-0.2048715353012085
234.624160,0.29667016863822937,-0.15492790937423706,0.17128878831863403
234.724646,0.10441596060991287,-0.02787613868713379,0.1673951894044876
234.825173,-0.2996245324611664,0.016989946365356445,-0.015255391597747803
234.925620,-0.20260471105575562,-0.07979679107666016,-0.06818927079439163
235.026169,0.1512330174446106,-0.04652070999145508,0.011925279162824154
235.126781,0.1341535747051239,0.005873560905456543,0.09061997383832932
235.227167,-0.09317217767238617,-0.04732900857925415,-0.009332776069641113
235.327656,0.04213610291481018,0.04166895151138306,-0.01353442668914795
235.428172,0.016773104667663574,0.014429688453674316,0.003790261223912239
235.528644,0.010069578886032104,-0.03361135721206665,0.00597071647644043
235.629166,0.00427207350730896,-0.010414183139801025,0.0028488654643297195
235.729734,-0.007035642862319946,-0.009923756122589111,0.0042157769203186035
235.830149,-0.039397239685058594,0.0369868278503418,-0.015921002253890038
235.930710,-0.14206922054290771,0.06275492906570435,-0.14136624336242676
236.031167,0.3214077651500702,-0.1447392702102661,0.1600983738899231
236.131648,0.00885332003235817,0.029353082180023193,0.12101739645004272
236.232246,-0.3578796982765198,-0.017901957035064697,-0.022988617420196533
236.332638,-0.06841562688350677,-0.0691336989402771,-0.08835959434509277
236.433277,0.2493186593055725,-0.006613671779632568,0.03015703335404396
236.533678,-0.0028537511825561523,-0.05211395025253296,0.04173010215163231
236.634192,-0.07753914594650269,-0.050679683685302734,-1.2516975402832031e-05
236.734667,0.05400186777114868,0.03250664472579956,-0.014901939779520035
236.835196,0.003342956304550171,-0.010752081871032715,0.004584731534123421
236.935726,-0.0037567317485809326,-0.0005898475646972656,0.0021256785839796066
237.036177,0.007837057113647461,0.0284501314163208,-0.01553124375641346
237.136775,0.01729521155357361,-0.00022834539413452148,-0.007107319310307503
237.237339,-0.002488464117050171,-0.0043021440505981445,-0.002953171730041504
237.337776,0.014244318008422852,-0.007292449474334717,0.00858992338180542
237.438222,-0.021310776472091675,-0.029118120670318604,0.01603412628173828
237.538814,0.02184581756591797,0.002859652042388916,0.002936720848083496
237.639361,0.0033684074878692627,-0.007490932941436768,0.006289125420153141
237.739687,-0.0016763508319854736,0.008188426494598389,-0.012287675403058529
237.840203,0.018697589635849,-0.010751128196716309,0.005038917064666748
237.940710,-0.026196807622909546,0.034357666969299316,-0.004725635051727295
238.041171,-0.039967894554138184,-0.021231889724731445,-0.06889641284942627
238.141757,0.18585163354873657,-0.15192902088165283,0.08630936592817307
238.242345,0.063545823097229,0.04904872179031372,0.11688384413719177
238.342744,-0.19941647350788116,0.032404541969299316,-0.009572312235832214
238.443215,-0.20688873529434204,-0.06378787755966187,-0.07512056082487106
238.543703,0.154341459274292,-0.0038610100746154785,-0.01094067469239235
238.644231,0.12239652872085571,0.041463375091552734,0.04508322849869728
238.744820,-0.0500548779964447,-0.06695330142974854,0.0068817138671875
238.845247,-0.010681241750717163,0.03191107511520386,-0.0108109712600708
238.945710,0.039796292781829834,-0.0018835663795471191,0.0037086009979248047
239.046216,-0.005594819784164429,-0.013390958309173584,0.01863914728164673
239.146703,-0.005113869905471802,-0.00989997386932373,0.0016726860776543617
239.247208,0.03473415970802307,-0.023942947387695312,0.013099374249577522
239.347738,0.00014007091522216797,0.0071610212326049805,0.013755559921264648
239.448222,-0.13109171390533447,0.10965609550476074,-0.1378333568572998
239.548731,0.047650665044784546,-0.08147299289703369,0.03503036871552467
239.649353,0.2235150933265686,-0.11473363637924194,0.15749214589595795
239.749724,-0.13714668154716492,0.07129144668579102,0.0235598087310791
239.850315,-0.22645673155784607,-0.10346311330795288,0.03961503505706787
239.950752,0.09002390503883362,-0.09892964363098145,-0.047763943672180176
240.051317,0.17512544989585876,0.04998749494552612,0.037105023860931396
240.151744,-0.0574108362197876,-0.06955868005752563,0.004852593876421452
240.252402,-0.024275124073028564,0.006633281707763672,-0.012713252566754818
240.352737,0.08700114488601685,0.001536250114440918,0.020823482424020767
240.453292,0.027075231075286865,-0.06575179100036621,0.04452502727508545
240.553835,-0.004945039749145508,0.00021582841873168945,0.047909386456012726
240.654327,-0.20597857236862183,0.16977012157440186,-0.2640678882598877
240.754762,0.13387572765350342,-0.027524292469024658,-0.0015356577932834625
240.855262,0.28270822763442993,-0.14395922422409058,0.23517262935638428
240.955781,-0.16507457196712494,0.05658084154129028,0.03853623569011688
241.056277,-0.31027257442474365,-0.033791959285736084,-0.08898210525512695
241.156788,0.10627442598342896,-0.08196431398391724,-0.03434539586305618
241.257280,0.21651673316955566,0.08329552412033081,0.046212196350097656
241.359357,-0.09072834253311157,0.08619874715805054,-0.07650399208068848
241.458306,-0.02741849422454834,-0.2424294352531433,0.1734699010848999
241.558799,0.06403952836990356,-0.03607821464538574,0.04805886745452881
241.659257,-0.0007292032241821289,-0.0294954776763916,0.02358853816986084
241.759935,0.0067296624183654785,-0.011040568351745605,0.004781372845172882
241.860350,0.01107904314994812,0.006923079490661621,-0.012237191200256348
241.960844,0.022049754858016968,0.008574306964874268,0.007478006184101105
242.061293,0.0058023929595947266,-0.008056819438934326,-0.006901152431964874
242.161725,0.014287054538726807,-0.005445539951324463,0.00080157071352005
242.262369,0.057922303676605225,0.10975635051727295,-0.025354743003845215
242.362835,-0.010015875101089478,-0.04427206516265869,0.05379033088684082
242.463277,0.07290422916412354,-0.07583844661712646,0.002160675823688507
242.563781,-0.03312656283378601,0.06462782621383667,0.04478418827056885
242.664327,-0.06287488341331482,0.17366832494735718,-0.09458303451538086
242.764806,-0.1930566132068634,-0.05686312913894653,-0.12195646017789841
242.865289,0.2973859906196594,-0.29577553272247314,0.25403571128845215
242.965800,0.08781060576438904,-0.0009651780128479004,0.15423810482025146
243.066301,-0.24093516170978546,0.14928799867630005,-0.09209518134593964
243.166755,-0.12861719727516174,-0.07112300395965576,-0.08673012256622314
243.267411,0.12726211547851562,-0.023249447345733643,0.046021632850170135
243.367851,0.03939598798751831,-0.017925143241882324,0.010856032371520996
243.468329,-0.03493624925613403,0.018775522708892822,-0.021586298942565918
243.568835,0.08775123953819275,0.016566038131713867,-0.015096664428710938
243.669441,-0.009729117155075073,-0.045811355113983154,0.028729848563671112
243.769869,0.028106272220611572,-0.011179566383361816,0.01188843697309494
243.870437,-0.0181027352809906,0.13191938400268555,-0.07478326559066772
243.970902,-0.11576169729232788,-0.05156177282333374,-0.06014692783355713
244.071332,0.19362443685531616,-0.17919421195983887,0.15976470708847046
244.171739,0.05663171410560608,0.07408791780471802,0.06933927536010742
244.272364,-0.1949489265680313,0.08244019746780396,-0.010699816048145294
244.372836,-0.18838118016719818,-0.10808432102203369,-0.02383185178041458
244.473353,0.05855000019073486,-0.06308001279830933,0.03220736235380173
244.573814,0.14122837781906128,-0.08236050605773926,0.056265465915203094
244.674332,-0.010568022727966309,-0.030738770961761475,0.05575393885374069
244.774912,-0.05178725719451904,-0.019962847232818604,-0.07775366306304932
244.875337,-0.058280736207962036,-0.024405300617218018,-0.029595844447612762
244.975905,0.010872811079025269,0.058048248291015625,-0.011358268558979034
245.076323,-0.06668183207511902,0.12117308378219604,-0.06696498394012451
245.176810,-0.22135427594184875,-0.022663533687591553,-0.1084909439086914
245.277362,0.36109811067581177,-0.4953846335411072,0.22373241186141968
245.377957,-0.018938004970550537,0.06343847513198853,0.25802865624427795
245.478368,-0.23941177129745483,0.23744189739227295,0.015986740589141846
245.578918,-0.3797513544559479,-0.11363834142684937,-0.13495886325836182
245.679334,0.03463974595069885,-0.12520205974578857,-0.04589802026748657
245.779860,0.25385621190071106,-0.07232779264450073,0.05464763194322586
245.880364,0.08606058359146118,-0.030726492404937744,0.056288063526153564
245.980845,-0.031647831201553345,0.02930128574371338,-0.017249107360839844
246.081374,0.018981724977493286,-0.009336531162261963,-0.0037575960159301758
246.181844,-0.0017471760511398315,0.06137949228286743,-0.054416775703430176
246.282406,0.0009912550449371338,-0.1403178572654724,-0.06673894822597504
246.382921,0.2613172233104706,-0.44679582118988037,0.05575120449066162
246.483479,-0.04842282831668854,0.04274320602416992,0.27599000930786133
246.583925,-0.29154008626937866,0.19646179676055908,0.04916173219680786
246.684356,-0.3393409848213196,0.1779523491859436,-0.14483968913555145
246.784867,0.17150622606277466,-0.26220452785491943,0.007298529148101807
246.885475,0.06964650750160217,-0.1484890580177307,0.032197654247283936
246.985840,0.07218337059020996,-0.05472499132156372,-0.01462678611278534
247.086459,0.0051999688148498535,0.07308167219161987,-0.0013112872838974
247.186959,-0.0032788515090942383,0.03642016649246216,0.024997174739837646
247.287400,-0.0185796320438385,-0.03805947303771973,-0.024150431156158447
247.387925,-0.09455955028533936,0.12487685680389404,-0.06756675243377686
247.488352,-0.11467325687408447,-0.09135705232620239,-0.06328065693378448
247.588985,0.3607091009616852,-0.33758777379989624,-0.019295036792755127
247.689398,-0.03302784264087677,0.1370576024055481,0.17445701360702515
247.789902,-0.2726215720176697,0.2336903214454651,0.05954432487487793
247.890364,-0.21217232942581177,-0.11361032724380493,-0.06669634580612183
247.990912,0.12291285395622253,-0.1670016050338745,-0.07748240232467651
248.091417,0.06182810664176941,-0.02602529525756836,0.09061717987060547
248.191908,0.07100164890289307,-0.014352619647979736,-0.00910860300064087
248.292435,0.008691161870956421,0.024212539196014404,-0.0264657661318779
248.392950,-0.018327176570892334,0.026889383792877197,0.01860857754945755
248.493390,0.0032673776149749756,0.022650420665740967,-0.03217272460460663
248.593950,-0.0719228982925415,0.030178964138031006,-0.03078019618988037
248.694394,-0.1229601502418518,-0.034538984298706055,-0.007641971111297607
248.794880,0.20241692662239075,-0.16711437702178955,0.014488771557807922
248.895426,0.050759777426719666,0.033600687980651855,0.09282274544239044
248.995918,-0.10444387793540955,0.07546615600585938,0.00270003080368042
249.096550,-0.13058850169181824,0.0639086365699768,-0.08828330039978027
249.196903,-0.03758496046066284,-0.03067004680633545,-0.021915320307016373
249.297343,0.09848013520240784,-0.1099814772605896,0.05976605415344238
249.397977,0.0216330885887146,0.0002422332763671875,0.020550072193145752
249.498454,-0.053560033440589905,0.02950352430343628,-0.003401637077331543
249.598911,-0.021994471549987793,0.030788064002990723,-0.00864487700164318
249.699467,-0.06728021800518036,0.042980730533599854,-0.04971432685852051
249.799900,0.14417272806167603,-0.06040841341018677,0.05506765469908714
249.900425,0.20448464155197144,-0.13596820831298828,0.05535233020782471
250.000923,-0.05784371495246887,-0.009212613105773926,0.09160274267196655
250.101538,-0.12845948338508606,0.07266008853912354,-0.042787790298461914
250.201909,-0.08856382966041565,-0.0042324066162109375,-0.06880068778991699
250.302508,0.08636459708213806,-0.1196255087852478,0.017675280570983887
250.402982,0.024778932332992554,-0.04151874780654907,0.038296930491924286
250.503483,0.004332244396209717,0.015419304370880127,-0.019262202084064484
250.604015,0.013262420892715454,0.015247583389282227,-0.024561293423175812
250.704523,-0.019610106945037842,0.030865073204040527,0.0074645280838012695
250.804929,-0.21375307440757751,-0.03411376476287842,-0.06759512424468994
250.905438,0.2570597231388092,-0.16676586866378784,0.049917224794626236
251.005949,0.04622963070869446,0.012209653854370117,0.10887013375759125
251.106447,-0.11047956347465515,0.10209274291992188,0.032549917697906494
251.206943,-0.2231498658657074,0.06591588258743286,-0.12594878673553467
251.307480,0.026831001043319702,-0.10800319910049438,-0.033290863037109375
251.408078,0.1120915412902832,-0.06474339962005615,0.02983914315700531
251.508453,0.020652204751968384,0.05828225612640381,0.02539503574371338
251.609020,-0.027913451194763184,0.00167083740234375,-0.022046566009521484
251.709431,0.0072664618492126465,-0.01598834991455078,0.00035259127616882324
251.809953,0.0024098455905914307,0.017663776874542236,0.014717087149620056
251.910460,-0.16104906797409058,0.03157013654708862,-0.11689425259828568
252.010944,0.2068791389465332,-0.2253912091255188,0.09940504282712936
252.111462,0.1754688322544098,-0.07233142852783203,0.10788601636886597
252.211952,-0.11968254297971725,0.11146491765975952,0.06132403016090393
252.312567,-0.19452285766601562,0.07686871290206909,-0.08682143688201904
252.412942,0.00032907724380493164,-0.09737634658813477,-0.04662741720676422
252.513553,0.16490942239761353,-0.09656625986099243,0.04231131449341774
252.613957,-0.006875902414321899,0.017345190048217773,0.04205965995788574
252.714473,-0.01723584532737732,-0.010120391845703125,-0.02488803118467331
252.814996,0.025001049041748047,-0.017525434494018555,-0.011082418262958527
252.915484,0.005892038345336914,0.01045691967010498,0.019093625247478485
253.015989,0.02126908302307129,-0.01351940631866455,-0.0007778443396091461
253.116565,-0.10711780190467834,0.10531920194625854,-0.0850820541381836
253.217060,0.04601886868476868,-0.20073342323303223,0.031221866607666016
253.317616,0.22766202688217163,-0.07616877555847168,0.06717534363269806
253.418028,-0.05232202634215355,0.18630903959274292,0.09703004360198975
253.518590,-0.2040519267320633,0.06811785697937012,-0.046409010887145996
253.619045,-0.07105597853660583,-0.09363508224487305,-0.06461596488952637
253.719507,0.19100791215896606,-0.1943204402923584,0.07022786140441895
253.819963,0.0007683932781219482,0.031185686588287354,0.05543947592377663
253.920508,-0.07389667630195618,0.009925484657287598,-0.014481309801340103
254.020950,0.02237093448638916,-0.03394365310668945,-0.01471865177154541
254.121547,0.047791481018066406,-0.022308766841888428,0.03280424326658249
254.222052,0.017121225595474243,0.007443785667419434,0.04096102714538574
254.322503,-0.16633588075637817,0.18698334693908691,-0.13945257663726807
254.422985,0.030274152755737305,-0.14680135250091553,0.07149851322174072
254.523580,0.2893253564834595,-0.28663933277130127,0.1042022854089737
254.624034,-0.09477610886096954,0.2141982913017273,0.15977081656455994
254.724600,-0.27642470598220825,0.09809136390686035,0.02388910949230194
254.824978,-0.2226274311542511,-0.131646990776062,-0.09482608735561371
254.925507,0.16899806261062622,-0.3263227939605713,0.052026160061359406
255.025983,-0.0015697181224822998,0.06827861070632935,0.08354651927947998
255.126537,-0.05551448464393616,-0.02893131971359253,-0.008069157600402832
255.227003,0.02477872371673584,-0.060719966888427734,-0.03619980812072754
255.327529,0.030470937490463257,0.010781407356262207,0.03201604261994362
255.428018,-0.004769384860992432,0.06144297122955322,0.0014034509658813477
255.528556,-0.18516159057617188,0.15206694602966309,-0.1233060359954834
255.629002,0.09739282727241516,-0.20979440212249756,0.053667426109313965
255.729576,0.26132455468177795,-0.12177294492721558,0.09312009811401367
255.830009,-0.05842031538486481,0.1351432204246521,0.14302434027194977
255.930592,-0.27956879138946533,0.032189786434173584,-0.02941185235977173
256.030988,-0.2093501091003418,-0.10619604587554932,-0.13580608367919922
256.131589,0.19891148805618286,-0.18499422073364258,0.05649125576019287
256.232002,0.03732633590698242,0.007979333400726318,0.06522655487060547
256.332509,-0.08458277583122253,0.032582998275756836,-0.04854046553373337
256.433101,0.023032456636428833,-0.020355641841888428,-0.015895366668701172
256.533508,0.04123076796531677,-0.026023149490356445,0.034026503562927246
256.633997,-0.10627612471580505,0.04308164119720459,0.011277899146080017
256.734568,-0.2516561448574066,0.005867660045623779,-0.0630962997674942
256.835035,0.41848692297935486,-0.2816845774650574,0.08209443092346191
256.935626,0.057915233075618744,0.06739342212677002,0.133408322930336
257.036044,-0.18057551980018616,0.11073791980743408,0.08377474546432495
257.136514,-0.23418109118938446,0.022403597831726074,-0.09593415260314941
257.237034,0.12403339147567749,-0.1933022141456604,-0.025513388216495514
257.337543,0.12873303890228271,-0.03524893522262573,0.07496070861816406
257.438035,-0.04311501979827881,0.0536574125289917,0.002286437898874283
257.538569,0.004217028617858887,-0.00534665584564209,-0.04808974266052246
257.639164,0.032315462827682495,-0.04157596826553345,0.019153233617544174
257.739603,-0.03344303369522095,0.05406463146209717,0.026511311531066895
257.840034,-0.18069183826446533,-0.008137226104736328,-0.04311955347657204
257.940599,0.2114025056362152,-0.15510690212249756,0.01056373119354248
258.041005,0.1340109407901764,-0.0111466646194458,0.10307355225086212
258.141571,-0.06751333177089691,0.15399491786956787,0.09151576459407806
258.242087,-0.2720959186553955,0.054325103759765625,-0.04543768987059593
258.342548,0.004167437553405762,-0.07981729507446289,-0.06801129132509232
258.443067,0.13791653513908386,-0.11215722560882568,0.02700650691986084
258.543599,0.00010964274406433105,0.055429279804229736,0.032332416623830795
258.644067,-0.06983813643455505,0.03691500425338745,-0.030029773712158203
258.744614,0.035838037729263306,-0.03376120328903198,0.002003200352191925
258.845075,0.04325702786445618,-0.006633877754211426,0.01946377009153366
258.945567,-0.02268505096435547,-0.0007225275039672852,0.0010305717587471008
259.046045,-0.0013481080532073975,-0.019957005977630615,0.0004583597183227539
259.146641,-0.05402609705924988,0.04822927713394165,-0.009546272456645966
259.247049,-0.21572643518447876,0.0005831122398376465,-0.10176645964384079
259.347635,0.3368440866470337,-0.253570020198822,0.06471335887908936
259.448087,0.07977089285850525,0.06411999464035034,0.13409240543842316
259.548536,-0.11629623174667358,0.11532962322235107,0.0627177357673645
259.649135,-0.24652904272079468,-0.02359074354171753,-0.09622906893491745
259.749594,0.10635259747505188,-0.1369578242301941,-0.026407480239868164
259.850049,0.1443423330783844,-0.026534855365753174,0.042345523834228516
259.950596,-0.07859814167022705,0.030323445796966553,-0.015138745307922363
260.051092,-0.018869906663894653,-0.03268998861312866,-0.04640506953001022
260.151571,0.07149022817611694,-0.044444739818573,0.031101465225219727
260.252127,0.04215192794799805,-0.011221349239349365,0.026683809235692024
260.352587,0.02953946590423584,-0.037325263023376465,0.015232205390930176
260.453069,-0.06242133677005768,0.10689884424209595,0.008279800415039062
260.553573,-0.27418404817581177,0.184941828250885,-0.11206400394439697
260.654151,0.14735573530197144,-0.2728728652000427,0.06657981872558594
260.754581,0.31412288546562195,-0.11380481719970703,0.12643569707870483
260.855101,-0.17275071144104004,0.21973836421966553,0.11810678243637085
260.955602,-0.23852960765361786,-0.02454853057861328,-0.045617349445819855
261.056129,-0.03842411935329437,-0.12585240602493286,-0.11411811411380768
261.156690,0.184148907661438,-0.057971954345703125,0.03366804122924805
261.257104,-0.028013184666633606,0.026201903820037842,0.02409553900361061
261.357605,-0.09255480766296387,-0.02209186553955078,-0.03974997252225876
261.458170,0.049429118633270264,-0.056347012519836426,0.006674282252788544
261.558652,0.0178515762090683,-0.026535451412200928,0.012578252702951431
261.659121,-0.02217501401901245,0.02400428056716919,-0.018165946006774902
261.759617,-0.012929856777191162,0.04320180416107178,-0.010913368314504623
261.860139,0.013121172785758972,0.041172921657562256,-0.014733195304870605
261.960665,-0.20406678318977356,0.025105655193328857,-0.1465848684310913
262.061117,0.3317829966545105,-0.25050342082977295,0.07445621490478516
262.161703,0.181484192609787,-0.1538764238357544,0.27650749683380127
262.262127,-0.07297582179307938,0.11035799980163574,0.17788627743721008
262.362708,-0.261974036693573,-0.08954602479934692,-0.036484889686107635
262.463130,-0.3004869818687439,-0.3382585048675537,-0.0683596283197403
262.563635,0.1408933699131012,-0.005309700965881348,0.20212119817733765
262.664133,0.09202590584754944,0.19040924310684204,0.06883442401885986
262.764616,0.03689417243003845,0.14134711027145386,-0.11208485066890717
262.865104,-0.038504600524902344,-0.0422784686088562,-0.19930291175842285
262.965629,0.03148508071899414,-0.017871975898742676,0.00985734909772873
263.066121,0.043605685234069824,0.00365293025970459,0.04196398705244064
263.166561,0.007505267858505249,-0.016789913177490234,0.04170417785644531
263.267129,-0.18959882855415344,-0.061356186866760254,-0.08061695098876953
263.367654,0.05367198586463928,-0.14359605312347412,0.008191045373678207
263.468168,0.29540103673934937,-0.049791932106018066,0.20641911029815674
263.568645,0.0804915726184845,0.203016996383667,0.14341169595718384
263.669154,-0.21429239213466644,-0.02610832452774048,0.05337974429130554
263.769647,-0.22441761195659637,-0.31240659952163696,-0.0428926944732666
263.870137,-0.024625837802886963,-0.09692496061325073,-0.00998014211654663
263.970663,0.2114204466342926,0.0282554030418396,0.018168985843658447
264.071103,0.10873007774353027,-0.004300236701965332,-0.026585161685943604
264.171609,0.024094387888908386,0.013922035694122314,-0.014211662113666534
264.272083,-0.014998197555541992,0.03554922342300415,-0.0025136470794677734
264.372639,-0.015771344304084778,0.008051872253417969,0.013131558895111084
264.473280,-0.2426547408103943,-0.015461981296539307,-0.05691570043563843
264.573772,0.031408220529556274,-0.09032875299453735,0.01988142728805542
264.674200,0.3022787272930145,0.00644606351852417,0.1375425159931183
264.774707,0.04871109873056412,0.17502564191818237,0.08369514346122742
264.875189,-0.2086765617132187,0.06493371725082397,-0.0004425048828125
264.975707,-0.301702082157135,-0.25327616930007935,-0.08863914012908936
265.076177,0.15939980745315552,0.01597893238067627,0.014466285705566406
265.176747,0.20145124197006226,-0.017473280429840088,0.0965186282992363
265.277163,-0.009218573570251465,-0.022728145122528076,-0.011988282203674316
265.377678,-0.04225701093673706,-0.07117944955825806,-0.00973409041762352
265.478229,0.015233322978019714,0.030803799629211426,0.019834280014038086
265.578672,0.0021839439868927,0.08550488948822021,0.006928384304046631
265.679240,-0.21791058778762817,-0.09119510650634766,-0.056037068367004395
265.779643,0.14666730165481567,-0.10900217294692993,0.04272539168596268
265.880191,0.2108091413974762,0.012584507465362549,0.15375825762748718
265.980701,-0.04136008024215698,0.19224035739898682,0.049148738384246826
266.081327,-0.24488995969295502,-0.14177829027175903,-0.046337418258190155
266.181714,-0.1324743926525116,-0.10793304443359375,-0.09328913688659668
266.282179,0.17296093702316284,-0.02108210325241089,0.04699289798736572
266.382692,0.13198938965797424,0.05546534061431885,0.0641716718673706
266.483166,-0.046165138483047485,-0.05088323354721069,-0.01407158374786377
266.583726,-0.020194947719573975,0.015359878540039062,0.0032329559326171875
266.684287,0.0017814934253692627,-0.011944770812988281,-0.0032042264938354492
266.784682,0.011211365461349487,0.013959348201751709,0.03731954097747803
266.885184,-0.062188804149627686,0.12618911266326904,-0.03219127655029297
266.985710,-0.14592230319976807,-0.08658504486083984,-0.07392024248838425
267.086312,0.21945399045944214,-0.0704343318939209,0.046763598918914795
267.186692,0.18253685534000397,0.019512593746185303,0.1452927142381668
267.287198,-0.12689369916915894,0.11696237325668335,0.06185896694660187
267.387705,-0.2864057421684265,-0.16514766216278076,-0.08622610569000244
267.488231,-0.0032176226377487183,-0.028705835342407227,-0.04153311252593994
267.588761,0.17066043615341187,-0.01836562156677246,0.0582352876663208
267.689341,0.04157409071922302,-0.053582847118377686,0.06911903619766235
267.789740,-0.021319419145584106,0.04819613695144653,-0.047788262367248535
267.890225,-0.019309431314468384,2.6226043701171875e-05,-0.001590132713317871
267.990706,0.04482007026672363,-0.028085649013519287,-0.014655351638793945
268.091205,-0.054760128259658813,-0.08685344457626343,-0.015599612146615982
268.191787,-0.04718524217605591,0.12077802419662476,-0.07988178730010986
268.292229,-0.15828531980514526,-0.1077040433883667,-0.07721959054470062
268.392720,0.2889081537723541,-0.10773038864135742,0.17792612314224243
268.493212,0.2132040560245514,-0.020671546459197998,0.2367967963218689
268.593759,-0.08754889667034149,0.10171663761138916,0.14044886827468872
268.694294,-0.3170551359653473,-0.02651834487915039,0.006065487861633301
268.794750,-0.3275899291038513,-0.20173031091690063,-0.08177554607391357
268.895226,0.0203380286693573,0.104977548122406,0.043798211961984634
268.995729,0.03870856761932373,-0.01628953218460083,0.09111141413450241
269.096279,0.19388353824615479,-0.27893322706222534,-0.01166464388370514
269.196720,-0.02318042516708374,0.02395951747894287,0.09010601043701172
269.297230,-0.05434000492095947,0.0531536340713501,-0.0236508846282959
269.397711,-0.05746203660964966,-0.07741791009902954,-0.028482303023338318
269.498252,0.050611257553100586,0.025487244129180908,-0.016035661101341248
269.598863,-0.03369337320327759,-0.027107656002044678,0.01619526743888855
269.699371,-0.05528545379638672,-0.010307550430297852,0.0019491910934448242
269.799790,0.1169465184211731,-0.017083704471588135,-0.016762495040893555
269.900268,-0.03411531448364258,-0.06303328275680542,0.033338531851768494
270.000708,-0.11714780330657959,-0.06790858507156372,-0.02671065926551819
270.101341,0.010739266872406006,-0.1690271496772766,0.017181754112243652
270.201739,-0.012838274240493774,0.11544442176818848,0.1500774621963501
270.302291,-0.23176750540733337,0.21761566400527954,0.059141963720321655
270.402875,-0.1962759792804718,0.16654330492019653,-0.09911471605300903
270.503280,0.11326989531517029,-0.35611647367477417,-0.010732874274253845
270.603593,0.46743398904800415,-0.17250210046768188,0.3222340941429138
270.704352,0.030751647427678108,0.14971190690994263,0.13446474075317383
270.804779,-0.19782939553260803,0.0027965903282165527,0.0002903938293457031
270.905231,-0.25168654322624207,0.037619590759277344,-0.09746533632278442
271.005734,0.01070377230644226,0.02698606252670288,0.0663243979215622
271.106311,0.25195223093032837,0.08218318223953247,0.05764579772949219
271.206840,-0.010612338781356812,0.05416274070739746,-0.05397086590528488
271.307354,0.019110023975372314,0.03662198781967163,-0.050275497138500214
271.407789,0.03967832028865814,0.059552669525146484,0.038616664707660675
271.508324,-0.18160134553909302,-0.013280510902404785,-0.11092507839202881
271.608773,0.06286641955375671,-0.17586296796798706,0.050234198570251465
271.709273,0.2953532338142395,-0.0835387110710144,0.23943358659744263
271.809767,-0.02642596885561943,0.21380400657653809,0.056477516889572144
271.910385,-0.2051551640033722,-0.11210620403289795,-0.019266247749328613
272.010788,-0.153456449508667,-0.0403023362159729,-0.08595095574855804
272.111296,0.13772854208946228,-0.014419138431549072,0.03791797161102295
272.211890,0.1370047777891159,0.023438215255737305,0.044543325901031494
272.312265,-0.04276372492313385,0.02661144733428955,-0.008951961994171143
272.412788,-0.0219896137714386,0.03783285617828369,-0.019202232360839844
272.513292,0.032686203718185425,-0.06286627054214478,-0.009244382381439209
272.613866,0.021503612399101257,-0.004252016544342041,0.01445472240447998
272.714363,-0.016025245189666748,-0.0187222957611084,-0.03231358528137207
272.814764,-0.050129055976867676,-0.021047115325927734,0.03965605050325394
272.915288,-0.033205002546310425,-0.09976142644882202,-0.014128148555755615
273.015766,0.12010157108306885,-0.16432029008865356,0.057716503739356995
273.116369,0.14073748886585236,0.11031025648117065,0.1290043592453003
273.216903,-0.12102895975112915,0.03893160820007324,0.017529696226119995
273.317342,-0.13317137956619263,0.020761549472808838,-0.08293856680393219
273.417844,-0.015253245830535889,-0.05875450372695923,-0.02785658836364746
273.518376,0.17596083879470825,-0.007890820503234863,0.051593855023384094
273.618806,-0.009010285139083862,0.014924347400665283,-0.005989372730255127
273.719365,-0.026343554258346558,0.02951604127883911,0.002606399357318878
273.819957,-0.010880917310714722,-0.030492782592773438,-0.01003175973892212
273.920377,0.016415417194366455,0.025432050228118896,0.04539114236831665
274.020748,-0.008756875991821289,0.0969509482383728,-0.0390278622508049
274.121311,-0.28311166167259216,-0.11985796689987183,0.0069468021392822266
274.221819,0.23023629188537598,-0.05666697025299072,0.09141498804092407
274.322387,0.2507985234260559,0.041983723640441895,0.09725698828697205
274.422834,-0.11886323988437653,0.13974201679229736,0.018784165382385254
274.523356,-0.28385233879089355,-0.169891357421875,-0.0714869350194931
274.623821,-0.0013736486434936523,-0.01842397451400757,0.00740862637758255
274.724425,0.19825002551078796,0.020128726959228516,0.0691203624010086
274.824809,-0.01042880117893219,0.04204839468002319,0.06996798515319824
274.925268,-0.06780660152435303,-0.005989730358123779,-0.021977484226226807
275.025827,-0.07429373264312744,0.018614351749420166,-0.04219859838485718
275.126314,-0.009512215852737427,0.051808297634124756,-0.0828789472579956
275.226865,-0.05218067765235901,-0.15025120973587036,0.045676641166210175
275.327348,0.2554462254047394,-0.024906277656555176,0.1431063711643219
275.427839,0.07292426377534866,0.17373377084732056,0.08481103181838989
275.528374,-0.16707715392112732,0.018849611282348633,-0.02451777458190918
275.628835,-0.20432280004024506,-0.14034390449523926,-0.053162574768066406
275.729354,0.06992767751216888,0.006657302379608154,0.05589419603347778
275.829867,0.14160749316215515,-0.039377033710479736,0.005719535052776337
275.930332,0.0307815819978714,-0.018371522426605225,0.01223134994506836
276.030820,-0.03503157198429108,0.013640880584716797,-0.039440929889678955
276.131354,0.0074233561754226685,-0.020435690879821777,0.02647465467453003
276.231860,-0.0006999224424362183,0.07507574558258057,-0.020618675276637077
276.332330,-0.2438587248325348,-0.14541840553283691,-0.04836869239807129
276.432781,0.20842432975769043,-0.08745545148849487,0.11971260607242584
276.533382,0.27334046363830566,0.04683572053909302,0.12356504797935486
276.633863,-0.04813773185014725,0.22203880548477173,0.04569429159164429
276.734365,-0.2879478633403778,-0.19052714109420776,-0.04824274405837059
276.834859,-0.10175268352031708,-0.04828155040740967,0.0019346466287970543
276.935341,0.2087850272655487,-0.023440837860107422,0.06465005874633789
277.035821,0.07186001539230347,-0.04799294471740723,0.057184215635061264
277.136337,-0.025312811136245728,0.03957021236419678,-0.04530608654022217
277.236855,-0.03118225932121277,0.01830655336380005,-0.006036520004272461
277.337372,0.05273899435997009,0.02478933334350586,-0.012163400650024414
277.437892,-0.0010349750518798828,-0.04944092035293579,0.010684730485081673
277.538359,0.03534078598022461,0.10539799928665161,-0.021673502400517464
277.638849,-0.3122863173484802,-0.20412003993988037,-0.10693216323852539
277.739390,0.35289162397384644,-0.1506708860397339,0.37171244621276855
277.839923,0.24119900166988373,0.16732770204544067,0.25059688091278076
277.940340,-0.244879812002182,0.14125919342041016,0.004164576530456543
278.040870,-0.2272266447544098,-0.2474704384803772,-0.011430025100708008
278.141356,0.0673738420009613,0.0917816162109375,-0.017840735614299774
278.241856,0.09241864085197449,0.16785019636154175,-0.06285649538040161
278.342386,0.05012277513742447,0.026973605155944824,-0.0006568990647792816
278.442883,0.09516836702823639,-0.03764700889587402,0.07858699560165405
278.543396,0.04932738095521927,-0.04102057218551636,0.0295681394636631
278.643875,-0.017443284392356873,0.054747700691223145,-0.002088069450110197
278.744357,-0.14341646432876587,-0.23991793394088745,-0.03328895568847656
278.844966,0.20270080864429474,-0.07675951719284058,0.17630574107170105
278.945405,0.16275641322135925,0.17421197891235352,0.2503759264945984
279.045878,-0.10457992553710938,0.08400171995162964,0.026001781225204468
279.146414,-0.1801808923482895,-0.13179868459701538,-0.04842948913574219
279.246882,-0.026730060577392578,-0.16430962085723877,-0.006553515791893005
279.347381,0.1661161482334137,-0.02326202392578125,0.039974749088287354
279.447913,0.020728111267089844,0.02379906177520752,0.02710670232772827
279.548419,-0.061199039220809937,0.03297513723373413,-0.05000745505094528
279.648830,-0.025321751832962036,0.018858015537261963,0.019640684127807617
279.749362,0.074820876121521,-0.024854004383087158,-0.008682802319526672
279.849933,0.01820218563079834,0.027659296989440918,-0.007767871022224426
279.950388,-0.05336230993270874,0.04151254892349243,-0.01650989055633545
280.050887,-0.10794061422348022,-0.05866771936416626,-0.043727751821279526
280.151397,0.18965500593185425,-0.16929501295089722,0.10463553667068481
280.251878,0.10951560735702515,0.04510301351547241,0.08836284279823303
280.352400,-0.09548196196556091,0.08836382627487183,0.05738504230976105
280.452950,-0.19316963851451874,-0.09727245569229126,-0.06211411952972412
280.553349,-0.08241689205169678,-0.0876842737197876,-0.005352795124053955
280.653918,0.21875852346420288,0.034755051136016846,0.012852668762207031
280.754383,0.07025036215782166,-0.003811061382293701,-7.224082946777344e-05
280.854902,-0.05281135439872742,-0.007253050804138184,-0.027292843908071518
280.955438,-0.049186497926712036,-0.03512471914291382,0.004926502704620361
281.055987,0.07788854837417603,0.02612072229385376,0.02246040105819702
281.156385,-0.004144400358200073,0.02387923002243042,-0.008514642715454102
281.256796,-0.051888883113861084,0.009406328201293945,0.007585048675537109
281.357377,-0.02760791778564453,-0.10717451572418213,-0.039842721074819565
281.457931,0.16849833726882935,-0.1278885006904602,0.13269732892513275
281.558475,0.15894544124603271,0.10527414083480835,0.10246521234512329
281.658946,-0.14498008787631989,0.09936243295669556,0.01529790461063385
281.759377,-0.1884102076292038,-0.033706605434417725,-0.08829975128173828
281.859924,-0.002548426389694214,-0.0337982177734375,0.01358717679977417
281.960467,0.1318276822566986,-0.008647263050079346,-0.015959862619638443
282.060804,-0.018229976296424866,-0.0226060152053833,-0.019974708557128906
282.161313,0.02685248851776123,0.02566605806350708,0.0017047524452209473
282.261992,-0.009648948907852173,-0.028800547122955322,-0.0024101734161376953
282.362594,0.041515886783599854,-0.03054887056350708,0.020556030794978142
282.462980,0.00820380449295044,0.014957547187805176,-0.030913949012756348
282.563478,-0.011488795280456543,-0.022768497467041016,0.026578426361083984
282.664082,-0.09452509880065918,-0.012884140014648438,-0.059209708124399185
282.764416,-0.032057374715805054,-0.2059004306793213,0.0114516019821167
282.864873,0.2810320556163788,-0.08624643087387085,0.11515046656131744
282.965435,0.03675088286399841,0.19944632053375244,0.09464442729949951
283.065933,-0.19682270288467407,0.052974700927734375,-0.11651002615690231
283.166358,-0.21591787040233612,-0.1177930235862732,-0.02791464328765869
283.266943,0.15291404724121094,0.006610989570617676,0.054924964904785156
283.367465,0.10872778296470642,-0.006479978561401367,0.01107853651046753
283.467999,-0.014709055423736572,0.06635779142379761,-0.0004367232322692871
283.568472,-0.06062623858451843,0.007123887538909912,-0.05137026682496071
283.668986,0.047649890184402466,-0.03868788480758667,0.04266690835356712
283.769462,-0.3285408914089203,0.024876773357391357,-0.05794750899076462
283.869959,0.09635946154594421,-0.30049484968185425,0.12495028972625732
283.970514,0.3319081962108612,-0.03450489044189453,0.24014189839363098
284.070934,-0.03517734259366989,0.3950483202934265,0.12466597557067871
284.171394,-0.22348952293395996,-0.07482719421386719,-0.09175443649291992
284.272001,-0.17791810631752014,-0.23438942432403564,0.0019646883010864258
284.372423,0.10950908064842224,0.052016377449035645,0.0366288498044014
284.472972,0.0990704894065857,0.014204084873199463,0.01714569702744484
284.573546,0.0686088502407074,-0.01019144058227539,0.011151555925607681
284.673926,-0.04876202344894409,0.02569824457168579,-0.011921167373657227
284.774520,-0.0013782680034637451,-0.030963242053985596,0.017694292590022087
284.875031,0.0248565673828125,0.05866724252700806,0.0008284468203783035
284.975542,-0.026898793876171112,-0.046706199645996094,0.014637707732617855
285.075968,-0.0020081251859664917,0.013863742351531982,-0.030930697917938232
285.176472,0.0015596076846122742,-0.056562721729278564,0.013967752456665039
285.276981,0.02492664009332657,0.042972028255462646,-0.017052171751856804
285.377539,0.01172591745853424,-0.01724410057067871,-0.004379689693450928
285.478100,0.03512594848871231,0.04685831069946289,0.0026256460696458817
285.578587,-0.013321705162525177,-0.02922576665878296,-0.019069552421569824
285.679061,0.018994666635990143,0.008819997310638428,0.0293502826243639
285.779491,-0.02125447988510132,0.060435354709625244,-0.018867135047912598
285.880000,-0.08792391419410706,-0.21331214904785156,-0.037862539291381836
285.980459,0.1347523331642151,-0.09260976314544678,0.09987731277942657
286.081042,0.21518820524215698,0.017860770225524902,0.1380048543214798
286.181431,-0.05565103143453598,0.15800124406814575,-0.04501636326313019
286.282031,-0.227222740650177,-0.054609596729278564,-0.07291972637176514
286.382575,-0.0008579045534133911,0.008610129356384277,-0.013524767011404037
286.483031,0.058351069688797,0.08546596765518188,0.029599424451589584
286.583513,0.07160219550132751,0.11779201030731201,-0.054808974266052246
286.684053,0.08210834860801697,0.04745429754257202,0.02725684642791748
286.784531,0.24210527539253235,-0.5122480988502502,0.08396206796169281
286.885027,0.02014097571372986,0.17670422792434692,-0.06389760971069336
286.985523,-0.0576309859752655,-0.02818012237548828,0.013404250144958496
287.086002,-0.05708968639373779,-0.03602468967437744,-0.010149642825126648
287.186478,0.03825509548187256,0.04752320051193237,0.0056639909744262695
287.286952,-0.06686192750930786,-0.016728699207305908,-0.001058340072631836
287.387495,-0.050091177225112915,-0.04099458456039429,0.06500162184238434
287.488117,0.10450062155723572,0.04017883539199829,0.030595555901527405
287.588429,-0.0118313729763031,-0.10385984182357788,0.006019473075866699
287.688963,-0.009877592325210571,0.09521341323852539,0.07295352965593338
287.789578,-0.04951305687427521,0.10769623517990112,0.030466854572296143
287.890100,0.014871977269649506,-0.004282474517822266,0.0114823579788208
287.990695,-0.02921711653470993,0.0801270604133606,-0.01368093490600586
288.091097,-0.15953069925308228,-0.005068302154541016,-0.03197567164897919
288.191549,0.02866417169570923,-0.25892895460128784,-0.004935994744300842
288.292035,0.2585119605064392,-0.17417305707931519,0.16453897953033447
288.392526,0.16240525245666504,0.2283613681793213,0.0760333240032196
288.493061,-0.13636809587478638,0.14930576086044312,-0.09200762212276459
288.593495,-0.22933658957481384,-0.04934746026992798,-0.06327003985643387
288.694026,-0.10046833753585815,-0.317013144493103,0.026336736977100372
288.794520,0.263985812664032,0.09178471565246582,0.13476741313934326
288.895042,0.10287049412727356,0.0935983657836914,-0.01883554458618164
288.995519,-0.02435287833213806,0.040950000286102295,0.011824026703834534
289.096093,-0.023157954216003418,-0.05660891532897949,-0.01761537790298462
289.196574,0.043113142251968384,-0.05021291971206665,0.022102966904640198
289.297055,0.023970752954483032,0.06672680377960205,-0.01840084046125412
289.397537,-0.02863726019859314,-0.04006296396255493,0.02934712916612625
289.498028,0.0038717687129974365,0.0049773454666137695,-0.052036941051483154
289.598512,-0.008198916912078857,-0.013381361961364746,0.019660957157611847
289.699085,0.024607479572296143,0.025004446506500244,-0.02187645435333252
289.799325,-0.012940198183059692,0.011615335941314697,0.014283351600170135
289.900029,0.032977789640426636,0.01719820499420166,-0.010742604732513428
290.000544,0.01122426986694336,0.007651150226593018,0.008092589676380157
290.101098,0.009267300367355347,0.03395956754684448,0.03073924034833908
290.201559,-0.1680137813091278,-0.07354521751403809,-0.05523717403411865
290.302082,0.17448392510414124,-0.21836143732070923,0.1868155300617218
290.402500,0.203720822930336,0.1295740008354187,0.1553427278995514
290.503023,-0.18614526093006134,0.1724514365196228,0.009982109069824219
290.603554,-0.16702675819396973,-0.09760677814483643,-0.11774063110351562
290.704032,0.11696219444274902,-0.029276907444000244,0.08089375495910645
290.804552,0.15552130341529846,0.013869404792785645,-0.0049788206815719604
290.905153,-0.06212016940116882,0.030148565769195557,-0.018823444843292236
291.005544,0.00363197922706604,-0.050608694553375244,-0.02123183012008667
291.106064,0.021323084831237793,0.03290867805480957,0.01271069049835205
291.206546,0.05961833894252777,0.03261023759841919,0.03510206937789917
291.307114,-0.012085407972335815,0.013204634189605713,-0.016357421875
291.407542,-0.002865612506866455,-0.0702742338180542,0.03380264341831207
291.508061,0.01853117346763611,0.05958002805709839,-0.009349063038825989
291.608561,-0.012398391962051392,-0.05403399467468262,0.02764517068862915
291.709122,0.01583889126777649,0.025831162929534912,-0.014314413070678711
291.809630,-0.18876135349273682,-0.06826609373092651,-0.07524500787258148
291.910048,0.14586645364761353,-0.1562308669090271,0.07561764121055603
292.010570,0.19309382140636444,0.1333228349685669,0.13996967673301697
292.111122,-0.1511530578136444,0.15295463800430298,-0.07497763633728027
292.211634,-0.17355981469154358,-0.06834399700164795,-0.03354303538799286
292.312072,0.1425895243883133,0.032401204109191895,0.08967211842536926
292.412539,0.04108463227748871,-0.030431687831878662,0.003082379698753357
292.513065,-0.039072662591934204,0.006613433361053467,0.018471181392669678
292.613615,-0.04519440233707428,-0.0034731030464172363,-0.032658934593200684
292.713994,0.026343315839767456,-0.04221993684768677,0.027837112545967102
292.814556,0.025425150990486145,0.018849551677703857,-0.015064939856529236
292.915087,-0.03733272850513458,-0.029051899909973145,0.022950127720832825
293.015558,0.017385855317115784,0.04819828271865845,-0.01568448543548584
293.116075,0.0013141036033630371,-0.017630696296691895,0.027535438537597656
293.216608,0.023931503295898438,0.03036290407180786,-0.03214086592197418
293.317087,-0.005808398127555847,0.001990079879760742,-0.00968882441520691
293.417575,0.040836527943611145,0.012318074703216553,0.0010281801223754883
293.518074,-0.006951943039894104,-0.004110813140869141,-0.014590442180633545
293.618609,0.03193233907222748,-0.027759790420532227,0.02560754120349884
293.719130,-0.012004032731056213,0.025584757328033447,-0.0002548098564147949
293.819579,-0.014193221926689148,0.02623206377029419,0.03264571726322174
293.920012,-0.14618828892707825,-0.08505648374557495,-0.060052819550037384
294.020548,0.195322185754776,-0.15031421184539795,0.15103888511657715
294.121133,0.2347821593284607,0.1181841492652893,0.09641653299331665
294.221591,-0.2623852491378784,0.02984541654586792,-0.06854888796806335
294.322129,-0.12861008942127228,-0.010491609573364258,-0.05538672208786011
294.422638,0.09458337724208832,-0.06233614683151245,0.0515594482421875
294.523072,0.13420389592647552,-0.010647118091583252,0.000453069806098938
294.623587,-0.07312573492527008,0.02186131477355957,-0.034000739455223083
294.724109,0.014265060424804688,-0.0201108455657959,-0.00205780565738678
294.824589,0.01794666051864624,-0.006319701671600342,-0.005076408386230469
294.925067,0.03425627946853638,-0.02601522207260132,0.027167394757270813
295.025606,-0.0733284056186676,0.03459054231643677,-0.07385288923978806
295.126256,-0.02394968271255493,-0.20772427320480347,0.028456702828407288
295.226781,0.30135828256607056,-0.0307081937789917,0.13772189617156982
295.327114,-0.09255238622426987,0.13350069522857666,0.009751766920089722
295.427575,-0.18599660694599152,-0.024225890636444092,-0.08073663711547852
295.528207,-0.05268237739801407,-0.07825058698654175,0.011735454201698303
295.628625,0.1382790356874466,0.051584482192993164,0.006900817155838013
295.729101,0.024718791246414185,0.02843499183654785,-0.008256182074546814
295.829587,-0.005532622337341309,0.02237224578857422,-0.011598169803619385
295.930145,-0.01813952624797821,-0.0219576358795166,-0.013627678155899048
296.030594,0.04863414168357849,0.009456217288970947,0.019645988941192627
296.131105,-0.013777568936347961,0.005741000175476074,-0.02199399471282959
296.231674,0.02202071249485016,-0.043441593647003174,0.04569065570831299
296.332105,0.005987703800201416,0.005415380001068115,-0.03699660301208496
296.432611,-0.007370844483375549,-0.04984629154205322,0.024390459060668945
296.533174,0.022370189428329468,0.04525238275527954,-0.025188803672790527
296.633582,-0.026616066694259644,-0.021490097045898438,0.027233317494392395
296.734183,0.022399336099624634,0.02294236421585083,-0.03386187553405762
296.834616,-0.008680179715156555,-0.007920980453491211,0.02044588327407837
296.935110,0.02603970468044281,0.03705167770385742,-0.02359950542449951
297.035644,0.012021869421005249,-0.011966586112976074,-0.00624769926071167
297.136144,0.024867191910743713,0.012434661388397217,0.008276164531707764
297.236636,0.0052149295806884766,0.004256188869476318,-0.015385150909423828
297.337146,0.024228602647781372,0.015045344829559326,0.03353501856327057
297.437651,-0.011328727006912231,0.01352757215499878,-0.011124655604362488
297.538117,0.009026095271110535,-0.04300498962402344,0.03990228474140167
297.638626,0.013721093535423279,0.07255655527114868,-0.019674479961395264
297.739221,-0.01320946216583252,-0.0517956018447876,0.027580782771110535
297.839566,0.023306027054786682,0.03523677587509155,-0.033501625061035156
297.940208,-0.023419290781021118,-0.04771602153778076,0.008839115500450134
298.040707,0.03316333889961243,0.030541658401489258,-0.028499245643615723
298.141168,0.012035369873046875,-0.006367206573486328,-0.005423426628112793
298.241755,0.015893101692199707,0.025654315948486328,-0.015146419405937195
298.342157,-0.0008694380521774292,0.005445122718811035,-0.0019562840461730957
298.442638,0.03445069491863251,0.011370480060577393,0.02346634864807129
298.543152,0.00787229835987091,0.055397212505340576,-0.0019682198762893677
298.643713,0.004301995038986206,-0.006547808647155762,0.040390074253082275
298.744225,-0.002894103527069092,0.03463900089263916,-0.004667922854423523
298.844639,-0.016994252800941467,-0.02990514039993286,0.023095428943634033
298.945198,0.02171565592288971,0.025810182094573975,-0.029710114002227783
299.045670,-0.011421218514442444,-0.05548274517059326,0.017843469977378845
299.146144,0.015248894691467285,0.0041623711585998535,-0.024015352129936218
299.246590,-0.027437672019004822,-0.025977373123168945,0.013858690857887268
299.347137,-0.20988963544368744,0.0212896466255188,-0.10825788974761963
299.447696,0.12334099411964417,-0.08923554420471191,0.06979125738143921
299.548163,0.2543110251426697,-0.00191420316696167,0.133205384016037
299.648496,-0.13287711143493652,0.15083754062652588,0.020408958196640015
299.749224,-0.24600660800933838,-0.10934442281723022,-0.04941439628601074
299.849619,-0.09513644874095917,-0.07683640718460083,-0.02422218769788742
299.950107,0.22630810737609863,-0.06558835506439209,0.09772281348705292
300.050639,0.0895301103591919,0.023945868015289307,-0.009203970432281494
300.151129,-0.08758775889873505,0.0001297593116760254,0.007671967148780823
300.251606,-0.03183387219905853,-0.010069847106933594,-0.012149453163146973
300.352191,0.03539286553859711,-0.009289264678955078,0.03118997812271118
300.452607,-0.0012494325637817383,0.021693110466003418,-0.029291443526744843
300.553164,-0.04030740261077881,-0.021818697452545166,0.010224886238574982
300.653524,0.0426926463842392,0.018183469772338867,-0.02583414316177368
300.754123,-0.0045840442180633545,-0.01639425754547119,0.00033573806285858154
300.854575,0.042397454380989075,0.019205033779144287,-0.018439114093780518
300.955091,-0.003935366868972778,0.01761239767074585,-0.0006813406944274902
301.055591,0.01922169327735901,-0.0033673644065856934,0.00777868926525116
301.156084,-0.013116717338562012,0.025270819664001465,-0.01641058176755905
301.256755,0.030026867985725403,-0.03154611587524414,0.0338943675160408
301.357100,0.003168553113937378,0.023882389068603516,-0.025359809398651123
301.457596,-0.016069799661636353,-0.0561140775680542,0.04287850856781006
301.558128,0.006204336881637573,0.04313945770263672,-0.02677786350250244
301.658709,-0.01526881754398346,-0.052491188049316406,0.020642518997192383
301.759083,0.03201518952846527,0.03497511148452759,-0.03726612776517868
301.859579,-0.024894416332244873,-0.04322880506515503,0.005362272262573242
301.960043,0.02742832899093628,0.01148998737335205,-0.03067522495985031
302.060579,-0.009503498673439026,-0.010205447673797607,0.005435287952423096
302.161026,0.03203819692134857,0.04781311750411987,-0.009593665599822998
302.261588,0.002069026231765747,-0.016587376594543457,-0.009364128112792969
302.362106,0.0325595885515213,0.03257787227630615,0.018620654940605164
302.462558,-0.002750188112258911,0.018726348876953125,-0.018812954425811768
302.562986,0.011135131120681763,-0.01089334487915039,0.04204779863357544
302.663573,0.006294801831245422,0.029262244701385498,-0.025312356650829315
302.764107,-0.016902342438697815,-0.053565263748168945,0.03575396537780762
302.864609,0.017670169472694397,0.036002397537231445,-0.031980447471141815
302.964959,-0.022169500589370728,-0.05006730556488037,0.022303752601146698
303.065499,0.017438694834709167,0.030642330646514893,-0.04192626476287842
303.165930,-0.025932148098945618,-0.05639594793319702,0.01301950216293335
303.266501,0.03791844844818115,0.032621800899505615,-0.03648882359266281
303.367010,-0.019666507840156555,-0.028914451599121094,0.001729726791381836
303.467535,0.035330578684806824,0.03289830684661865,-0.015241146087646484
303.568019,0.004571899771690369,-0.004984378814697266,-0.005215771496295929
303.668471,0.023379117250442505,0.013510167598724365,0.028120338916778564
303.769074,-0.0038646161556243896,0.02448129653930664,-0.015638358891010284
303.869539,0.011828318238258362,-0.035255491733551025,0.04006767272949219
303.970033,0.004621133208274841,0.04635274410247803,-0.019715607166290283
304.070541,-0.022963762283325195,-0.06553703546524048,0.03131306171417236
304.171040,0.023455411195755005,0.028506934642791748,-0.034324295818805695
304.271647,-0.01431494951248169,-0.04179269075393677,0.009626686573028564
304.372054,0.04077659547328949,0.045237600803375244,-0.045556969940662384
304.472545,-0.01914633810520172,-0.020479857921600342,0.006970882415771484
304.573061,0.026372626423835754,0.027441084384918213,-0.015343666076660156
304.673652,-0.008441001176834106,-0.006281912326812744,-0.010587096214294434
304.774020,0.047132521867752075,-0.023625731468200684,0.025973796844482422
304.874482,0.015041843056678772,0.034208595752716064,-0.01769888401031494
304.975070,-0.0020690560340881348,-0.028319954872131348,0.027767188847064972
305.075499,-0.020949184894561768,0.022008001804351807,-0.010135658085346222
305.176028,-0.01494242250919342,-0.0429614782333374,0.026868335902690887
305.276543,0.04547290503978729,0.07909679412841797,-0.04106389731168747
305.377083,-0.0444292277097702,-0.05671173334121704,0.020109832286834717
305.477569,0.03006671369075775,-1.5139579772949219e-05,-0.021967574954032898
305.578012,-0.011322036385536194,0.015390396118164062,0.003618478775024414
305.678562,0.01164005696773529,0.03161877393722534,-0.03227001428604126
305.779092,-0.0039107948541641235,-0.035366714000701904,0.011985421180725098
305.879510,0.03601743280887604,0.011831939220428467,0.013654649257659912
305.980077,-0.014691248536109924,-0.0017508268356323242,-0.021754741668701172
306.080526,-0.017724767327308655,-0.12141603231430054,0.03585708886384964
306.180995,0.07615424692630768,-0.0960162878036499,0.06061583757400513
306.281480,0.09534987807273865,0.02758467197418213,0.0901496410369873
306.381992,0.03684554994106293,0.2562636137008667,0.015925288200378418
306.482481,-0.15254971385002136,0.10799318552017212,-0.04061412811279297
306.582963,-0.17528194189071655,-0.26784300804138184,-0.01663947105407715
306.683521,0.18235716223716736,-0.05536919832229614,0.10738606005907059
306.784052,0.10280343890190125,0.04364466667175293,-0.0344996377825737
306.884438,-0.0756027102470398,0.04996490478515625,-0.0294913649559021
306.984949,0.021542415022850037,-0.014306485652923584,-0.004583969712257385
307.085649,-0.04570266604423523,0.10636168718338013,-0.023200929164886475
307.185993,-0.17656025290489197,-0.2478305697441101,0.03727632761001587
307.286500,0.35789453983306885,-0.058481574058532715,0.17806389927864075
307.387032,0.138295978307724,0.26449859142303467,0.11287373304367065
307.487435,-0.21225567162036896,0.05521750450134277,-0.015424251556396484
307.587980,-0.22889266908168793,-0.332522988319397,0.004946224391460419
307.688504,0.15937013924121857,-0.03225135803222656,0.0028670504689216614
307.788974,0.16551436483860016,0.02397143840789795,0.037518441677093506
307.889455,-0.008439376950263977,0.039210617542266846,-0.017770841717720032
307.989923,-0.10495142638683319,-0.05633342266082764,-0.03745025396347046
308.090527,0.06325488537549973,0.056840598583221436,0.0022288039326667786
308.191034,0.0318494513630867,-0.06827211380004883,-0.023396484553813934
308.291468,0.009712465107440948,0.011356770992279053,0.020727798342704773
308.391932,-0.015650548040866852,-0.002131164073944092,-0.023877620697021484
308.492422,0.031401000916957855,-0.030613839626312256,0.05076330900192261
308.592987,-0.02567649632692337,0.06555289030075073,-0.021432697772979736
308.693464,-0.18590743839740753,-0.19142436981201172,-0.04429095610976219
308.793977,0.28495925664901733,-0.10618764162063599,0.06680306792259216
308.894460,0.17266258597373962,0.004742681980133057,0.11372488737106323
308.994928,-0.18041236698627472,0.13029396533966064,0.009493589401245117
309.095504,-0.2777293026447296,-0.16289567947387695,-0.07741957157850266
309.195999,0.05205364525318146,-0.02389049530029297,-0.007562994956970215
309.296425,0.21495215594768524,-0.03309398889541626,0.05226432532072067
309.396811,0.04481439292430878,0.05600708723068237,-0.012508869171142578
309.497421,-0.0941874086856842,0.018234550952911377,-0.03198140487074852
309.597962,0.02129879593849182,-0.015549838542938232,0.041668057441711426
309.698463,0.03207877278327942,-0.007108092308044434,-0.01798349618911743
309.798969,0.017034143209457397,-0.0362851619720459,0.023886144161224365
309.899446,-0.03500498831272125,0.031513988971710205,-0.040177520364522934
309.999875,-0.0237264484167099,0.003153204917907715,0.030490990728139877
310.100432,-0.07269304990768433,0.04652518033981323,-0.06762397289276123
310.200933,0.01027253270149231,-0.18434101343154907,0.0435829758644104
310.301513,0.24060913920402527,-0.059878647327423096,0.09368795156478882
310.401926,0.044391267001628876,0.184451162815094,0.06752383708953857
310.502456,-0.1436787098646164,0.06516486406326294,-0.007677674293518066
310.602970,-0.21343520283699036,-0.18417751789093018,-0.052858710289001465
310.703459,0.11054066568613052,0.036256492137908936,0.0323978066444397
310.803925,0.16870109736919403,-0.005381345748901367,0.03336149454116821
310.904400,0.033300384879112244,-0.008364379405975342,0.007433589547872543
311.004843,-0.08027704060077667,0.03723907470703125,-0.02878492884337902
311.105389,0.006632231175899506,-0.040556490421295166,0.040654778480529785
311.205914,0.03620576858520508,-0.000643610954284668,-0.030384957790374756
311.306492,-0.022539108991622925,0.004070758819580078,0.021602153778076172
311.406956,-0.0047560930252075195,0.021491169929504395,-0.021654067561030388
311.507426,-0.017451323568820953,-0.015417337417602539,0.029274702072143555
311.607944,-0.11230451613664627,-0.006235778331756592,-0.05885601416230202
311.708442,0.044624388217926025,-0.08223068714141846,0.007735423743724823
311.808941,0.24545812606811523,-0.04735344648361206,0.08792361617088318
311.909397,-0.003873385488986969,0.1592726707458496,0.03024083375930786
312.009898,-0.1753476858139038,0.026898324489593506,0.0052506327629089355
312.110406,-0.13754865527153015,-0.08365529775619507,-0.03190964460372925
312.210903,0.08450295776128769,-0.09699445962905884,0.04478919506072998
312.311412,0.18248912692070007,0.027218341827392578,0.029845893383026123
312.411897,0.012580126523971558,-0.00488811731338501,-0.0086553655564785
312.512481,-0.037507399916648865,0.02983313798904419,-0.041066884994506836
312.612867,-0.005651205778121948,-0.04491704702377319,0.020358920097351074
312.713473,0.006817176938056946,0.030522644519805908,-0.0050376057624816895
312.813916,-0.0604783371090889,-0.0184173583984375,-0.005382418632507324
312.914383,0.02553984522819519,0.026930630207061768,-0.03609508275985718
313.014935,-0.1358245611190796,0.012833356857299805,-0.025207996368408203
313.115495,0.08835536241531372,-0.10412377119064331,0.03916043043136597
313.215880,0.21142098307609558,-0.02656501531600952,0.0341191291809082
313.316395,-0.01438034139573574,0.09055036306381226,0.06836104393005371
313.416921,-0.22078192234039307,-0.006902754306793213,-0.0367550253868103
313.517369,-0.09060107171535492,-0.12702524662017822,0.007025118917226791
313.617873,0.08007325232028961,0.0056476593017578125,0.00495147705078125
313.718435,0.10210271179676056,0.011234164237976074,0.060570716857910156
313.818925,-0.02847003936767578,0.04739326238632202,-0.04394268989562988
313.919380,-0.07503984868526459,-0.0020899176597595215,0.01196968648582697
314.019822,-0.17421697080135345,0.005483686923980713,-0.006074545904994011
314.120394,0.019279301166534424,-0.08039790391921997,0.048182256519794464
314.220912,0.3356631398200989,0.015093505382537842,0.08528181910514832
314.321401,0.014861255884170532,0.17714399099349976,0.04111069440841675
314.421875,-0.21017467975616455,-0.07167631387710571,0.027393832802772522
314.522460,-0.16039417684078217,-0.02164602279663086,-0.02307426929473877
314.622952,0.12247097492218018,-0.10737931728363037,0.04950815439224243
314.723377,0.11271649599075317,0.0029314756393432617,0.006855376064777374
314.823952,-0.014654546976089478,0.03853881359100342,0.01309007778763771
314.924480,-0.06834062188863754,0.04954373836517334,-0.0364154577255249
315.024913,0.01801721751689911,-0.1090121865272522,0.027255835011601448
315.125401,0.04438750445842743,0.016314446926116943,-0.03080826997756958
315.225878,-0.032350435853004456,-0.02074521780014038,0.009662091732025146
315.326394,0.0059656500816345215,0.044549405574798584,-0.015498161315917969
315.426897,-0.00475001335144043,-0.011213839054107666,0.00756865693256259
315.527279,-0.12631937861442566,0.07902026176452637,-0.048189759254455566
315.628034,-0.007906004786491394,-0.20183271169662476,-0.012754086405038834
315.728420,0.37318146228790283,-0.06994020938873291,0.16860683262348175
315.828919,0.04316767305135727,0.24659407138824463,0.06941694021224976
315.929358,-0.2347356379032135,-0.08653652667999268,0.008475422859191895
316.029881,-0.16930902004241943,-0.11017829179763794,-0.02860623225569725
316.130377,0.131466805934906,-0.04805535078048706,0.051345519721508026
316.230876,0.14495760202407837,-0.007736086845397949,-0.008210711181163788
316.331389,-0.0346718430519104,0.021281003952026367,0.01199447363615036
316.431886,-0.0807778388261795,0.05999946594238281,-0.015680737793445587
316.532369,0.02056993544101715,-0.033931195735931396,0.0229644775390625
316.632887,0.057684436440467834,0.03261822462081909,-0.040332261472940445
316.733390,-0.021214380860328674,-0.01769423484802246,-0.0028781909495592117
316.833923,0.03457005321979523,-0.019001007080078125,-0.012204647064208984
316.934401,-0.025548666715621948,0.008306741714477539,0.0031032562255859375
317.035005,-0.11038185656070709,-0.05005156993865967,-0.03931993246078491
317.135420,0.11044630408287048,-0.0657355785369873,0.02667546272277832
317.235922,0.21633994579315186,-0.022257208824157715,0.14261366426944733
317.336413,-0.13261669874191284,0.09900414943695068,0.006618320941925049
317.436932,-0.20942440629005432,-0.09287220239639282,-0.02414601296186447
317.537367,-0.051185593008995056,-0.028521239757537842,-0.030681781470775604
317.637859,0.1432807445526123,-0.017992913722991943,0.06134266406297684
317.738345,0.053526878356933594,0.03518706560134888,-0.028402507305145264
317.838901,-0.0630626529455185,0.0015689730644226074,-0.01908039301633835
317.939308,0.027857497334480286,-0.02510833740234375,-0.026066891849040985
318.039826,0.025726735591888428,-0.053858041763305664,-0.007036503404378891
318.140390,0.019493266940116882,0.028026282787322998,-0.01654648408293724
318.240913,-0.014014020562171936,0.03799372911453247,-0.02031892165541649
318.341348,-0.14864769577980042,0.0058176517486572266,-0.03630262613296509
318.441885,0.1263427734375,-0.11212557554244995,0.050160884857177734
318.542278,0.27399304509162903,-0.007449448108673096,0.16151466965675354
318.642928,-0.0863972157239914,0.18985164165496826,0.03916388750076294
318.743353,-0.24167346954345703,-0.1549288034439087,-0.012016765773296356
318.843827,-0.07933633029460907,-0.03485053777694702,-0.036883771419525146
318.944328,0.11447635293006897,0.0022942423820495605,0.05498528480529785
319.044849,0.09886211156845093,-0.00612640380859375,-0.0348811149597168
319.145336,-0.06255090981721878,-0.058233678340911865,-0.01931750774383545
319.245830,-0.018987588584423065,0.03774470090866089,-0.02496969699859619
319.346315,0.0065417662262916565,-0.03909409046173096,0.0050066132098436356
319.446817,0.0562451034784317,0.06568777561187744,-0.009116176515817642
319.547323,-0.09325698018074036,0.06459367275238037,0.004712223075330257
319.647865,-0.012738093733787537,-0.2453957200050354,0.02412945032119751
319.748316,0.3241122364997864,-0.11108756065368652,0.09313035011291504
319.848833,0.1984502673149109,0.18193739652633667,0.1204116940498352
319.949338,-0.21448610723018646,0.1249164342880249,-0.01690003275871277
320.049839,-0.24022315442562103,-0.2768239974975586,-0.02242112159729004
320.150342,0.07185359299182892,-0.09143435955047607,-0.0010841935873031616
320.250835,0.21465912461280823,0.0012356042861938477,0.08543729782104492
320.351313,0.028108060359954834,0.08632701635360718,-0.03590839356184006
320.451882,-0.07197119295597076,-0.0002084970474243164,0.0012431181967258453
320.552339,0.039734527468681335,0.006383061408996582,-0.002905547618865967
320.652841,-0.002999350428581238,0.0030379891395568848,-0.019787129014730453
320.753403,0.02895987033843994,0.03247952461242676,-0.025708314031362534
320.853815,-0.024723365902900696,-0.015941858291625977,0.014936387538909912
320.954319,0.03571213781833649,0.051415205001831055,0.052761077880859375
321.054847,-0.07748010754585266,0.012348055839538574,-0.07952046394348145
321.155349,0.10030940175056458,-0.10629695653915405,0.028948478400707245
321.255843,0.18219579756259918,0.04674088954925537,0.1676616370677948
321.356393,-0.04816338047385216,0.11206358671188354,0.027679502964019775
321.456913,-0.25471729040145874,-0.11732274293899536,-0.01906454563140869
321.557389,-0.06103725731372833,-0.19018501043319702,0.035683631896972656
321.657852,0.19374048709869385,-0.02541959285736084,0.03344380110502243
321.758385,0.03816497325897217,-0.09757477045059204,0.033402927219867706
321.858879,-0.005552798509597778,0.08089286088943481,0.0659138560295105
321.959326,-0.008376121520996094,0.08000946044921875,0.02076980471611023
322.059842,0.10914427042007446,0.03424727916717529,-0.07622802257537842
322.160285,0.05930286645889282,-0.060999274253845215,-0.025742419064044952
322.260872,0.007818043231964111,-0.017532706260681152,-0.0069754114374518394
322.361419,0.020411014556884766,-0.012296497821807861,-0.025397002696990967
322.461901,-0.050968289375305176,0.11559927463531494,-0.1427844762802124
322.562392,-0.06871765851974487,-0.09570586681365967,0.013556942343711853
322.662870,0.21527129411697388,-0.11626768112182617,0.36570262908935547
322.763358,0.015659719705581665,0.06512802839279175,0.05191315710544586
322.863855,-0.22878248989582062,0.008610904216766357,0.0035155266523361206
322.964316,-0.1683405041694641,0.009997308254241943,-0.0788966491818428
323.064842,-0.019130617380142212,0.066852867603302,-0.0130995512008667
323.165295,0.04925185441970825,0.04287755489349365,-0.026604540646076202
323.265924,-0.04814106225967407,0.17205595970153809,0.07562363147735596
323.366289,0.08762568235397339,-0.6366572976112366,-0.0004845559597015381
323.466876,0.15947312116622925,0.039402544498443604,0.03627729415893555
323.567369,-0.08144712448120117,0.04722088575363159,0.024207353591918945
323.667873,-0.043080270290374756,-0.01771324872970581,0.05505645275115967
323.768430,0.09184598922729492,0.03734564781188965,0.03832085430622101
323.868772,-0.08197712898254395,-0.031383514404296875,-0.0548403263092041
323.969401,-0.0480310320854187,-0.013141989707946777,0.11335065960884094
324.069887,-0.02518165111541748,-0.020074069499969482,-0.029922127723693848
324.170286,0.10492411255836487,-0.053385376930236816,0.1510995775461197
324.270881,-0.039497703313827515,0.11132746934890747,0.0629001259803772
324.371625,-0.23531484603881836,0.22377389669418335,-0.12640905380249023
324.471882,0.026338577270507812,-0.28672903776168823,-0.12192457914352417
324.572371,0.314177006483078,-0.29743170738220215,0.25342419743537903
324.672907,0.039389122277498245,0.17824715375900269,0.18342995643615723
324.773458,-0.23766332864761353,0.05750739574432373,-0.16653496026992798
324.873940,-0.2978835701942444,-0.18206167221069336,-0.13937383890151978
324.974390,0.17504644393920898,-0.033062756061553955,0.154494047164917
325.074869,0.10465270280838013,-0.03176271915435791,0.028874710202217102
325.175381,-0.01827368140220642,0.028591811656951904,-0.0780441015958786
325.275901,0.001080244779586792,-0.0618399977684021,0.0469822883605957
325.376401,-0.0011225640773773193,-0.02468639612197876,2.7164816856384277e-05
325.476832,-0.03215128183364868,0.0954291820526123,0.05967426300048828
325.577429,-0.12611433863639832,-0.1387646198272705,-0.12827181816101074
325.677839,0.1937246024608612,-0.2442912459373474,0.1424177587032318
325.778512,0.19045045971870422,0.15616053342819214,0.15954715013504028
325.879024,-0.176594078540802,0.11195516586303711,0.00676533579826355
325.979419,-0.2531481683254242,-0.20683598518371582,-0.10548382252454758
326.079916,0.006617799401283264,-0.0023519396781921387,0.03879935294389725
326.180435,0.2117460072040558,-0.09224861860275269,-0.012529358267784119
326.280818,-0.01344849169254303,0.04036623239517212,-0.019962385296821594
326.381482,-0.0227576345205307,0.019258439540863037,-0.0118250772356987
326.481869,-0.024875938892364502,-0.023085474967956543,0.00832570344209671
326.582386,0.08074244856834412,0.014003872871398926,0.008343234658241272
326.682888,-0.024670124053955078,0.05046951770782471,-0.008234858512878418
326.783384,-0.022448033094406128,-0.047898173332214355,0.04647750407457352
326.883894,0.0011145472526550293,0.00505375862121582,-0.0014220401644706726
326.984361,0.020309001207351685,-0.02559375762939453,0.018250949680805206
327.084931,-0.012134626507759094,0.025303900241851807,-0.026170849800109863
327.185384,-0.0333065539598465,-0.05363410711288452,0.031210608780384064
327.285885,0.01728379726409912,0.022828221321105957,-0.028275012969970703
327.386407,0.005353569984436035,-0.014764487743377686,0.008070886135101318
327.486895,0.02958516776561737,0.025368809700012207,-0.018991954624652863
327.587402,-0.014973565936088562,-0.03484225273132324,0.0006208494305610657
327.687931,0.00888805091381073,0.049787700176239014,-0.02197050303220749
327.788388,-0.01641806960105896,-0.010323941707611084,0.0038354918360710144
327.888895,0.04939886927604675,0.016657888889312744,-0.004157491028308868
327.989383,0.011008158326148987,0.019842445850372314,-0.02775413542985916
328.089946,0.03131704032421112,0.0013951659202575684,0.02605540305376053
328.190354,-0.022843778133392334,-0.00419771671295166,-0.029139690101146698
328.290900,0.012125208973884583,-0.044184863567352295,0.028505153954029083
328.391573,-0.013155445456504822,0.03976351022720337,-0.015972793102264404
328.492021,0.005223706364631653,-0.041891396045684814,0.027646012604236603
328.592404,0.009045019745826721,0.03109264373779297,-0.021028272807598114
328.692851,-0.024366751313209534,-0.06697690486907959,0.024711184203624725
328.793408,0.00647929310798645,0.09350478649139404,-0.021971166133880615
328.893949,-0.12262992560863495,-0.12873601913452148,-0.04555731266736984
328.994372,0.18317389488220215,-0.16041076183319092,0.05621334910392761
329.094960,0.18685685098171234,0.0805884599685669,0.1362992227077484
329.195419,-0.12096023559570312,0.23609048128128052,0.03502044081687927
329.295877,-0.2927386462688446,-0.20608139038085938,-0.12494511902332306
329.396430,-0.0022908151149749756,-0.061373233795166016,0.03904074430465698
329.496871,0.2469678819179535,-0.02709716558456421,0.03948408365249634
329.597392,0.03038164973258972,0.010585248470306396,0.019324958324432373
329.697940,-0.08790323138237,0.0014638304710388184,-0.025767304003238678
329.798477,-0.019618064165115356,-0.07059669494628906,0.036251410841941833
329.898966,0.04194727540016174,0.07566612958908081,-0.004310712218284607
329.999405,-0.029968753457069397,0.05920541286468506,0.027521774172782898
330.099953,-0.24678722023963928,-0.01843947172164917,-0.0671072006225586
330.200375,0.020609915256500244,-0.14296674728393555,0.08737450838088989
330.300929,0.34575483202934265,-0.05392134189605713,0.0953296422958374
330.401388,0.004476487636566162,0.28584587574005127,0.10997915267944336
330.501892,-0.22533906996250153,-0.008105576038360596,-0.0006787031888961792
330.602234,-0.21421730518341064,-0.1697513461112976,-0.05829417705535889
330.703005,0.16996009647846222,0.0384945273399353,0.08003801107406616
330.803470,0.12036457657814026,-0.022346973419189453,0.002878621220588684
330.904070,-0.03702327609062195,-0.02876603603363037,0.00290524959564209
331.004393,-0.0647328794002533,0.03621494770050049,-0.026878349483013153
331.104917,0.02682800590991974,-0.03655141592025757,0.03736478090286255
331.205439,0.015004858374595642,0.014396309852600098,-0.01089167594909668
331.305916,-0.042264506220817566,-0.045305728912353516,0.016030311584472656
331.406442,0.020343974232673645,0.029139161109924316,-0.03453052043914795
331.506958,0.005974173545837402,0.005518555641174316,0.018310539424419403
331.607420,-0.037806540727615356,0.1056470274925232,-0.03596794605255127
331.707958,-0.062200263142585754,-0.1331055760383606,-0.024989016354084015
331.808500,0.1900234967470169,-0.0916929841041565,0.09863242506980896
331.908956,0.10632979869842529,0.1827121376991272,0.13509321212768555
332.009380,-0.16526681184768677,0.14838260412216187,0.055907487869262695
332.110009,-0.24552413821220398,-0.22681671380996704,-0.12350458651781082
332.210432,0.0430411696434021,-0.06738150119781494,0.028615422546863556
332.310924,0.21230563521385193,0.0015743374824523926,0.04217410087585449
332.411336,0.018311694264411926,-0.04206746816635132,0.0012935474514961243
332.512008,-0.07440146803855896,0.02713710069656372,-0.03905559331178665
332.612523,-0.025276750326156616,-0.0388791561126709,0.0350341796875
332.712976,0.043977752327919006,0.0622025728225708,-0.027914218604564667
332.813536,-0.20861490070819855,-0.0764726996421814,-0.04087233543395996
332.913990,0.05732375383377075,-0.09917771816253662,-0.0008266940712928772
333.014479,0.17161446809768677,-0.07705080509185791,0.09071490168571472
333.115078,0.06125340610742569,0.23541563749313354,0.09084904193878174
333.215405,-0.2273423969745636,0.09177833795547485,0.0077250003814697266
333.315957,-0.14964284002780914,-0.27427589893341064,-0.09650087356567383
333.416481,0.05457469820976257,0.013605058193206787,0.05419057980179787
333.517140,0.18732483685016632,0.010104537010192871,0.08103418350219727
333.617511,0.012555420398712158,0.06785464286804199,-0.017925500869750977
333.717923,-0.042394235730171204,-0.052589476108551025,0.02162284031510353
333.818502,-0.023581966757774353,0.005049467086791992,0.0046678707003593445
333.918973,0.03913983702659607,-0.054764509201049805,0.013631463050842285
334.019461,-0.022617831826210022,0.038142263889312744,-0.035410698503255844
334.119955,-0.04018527269363403,-0.09564328193664551,0.02454804629087448
334.220441,-0.04637840390205383,0.06812095642089844,-0.04020798206329346
334.321005,-0.055218666791915894,-0.10618352890014648,-0.037881188094615936
334.421447,0.2727920413017273,-0.0902097225189209,0.11950559914112091
334.521967,0.1142277792096138,0.20978063344955444,0.19931572675704956
334.622573,-0.1956499069929123,0.15251314640045166,-0.02971521019935608
334.722995,-0.2543385624885559,-0.19543218612670898,-0.0877884030342102
334.823434,0.12612801790237427,-0.05310028791427612,0.0547897070646286
334.924109,0.22812771797180176,-0.05693143606185913,0.04485244303941727
335.024471,0.04094657301902771,0.016856729984283447,-0.00902944803237915
335.125060,-0.066438227891922,0.06256324052810669,-0.018677230924367905
335.225477,-0.003144174814224243,-0.056231915950775146,0.07213485240936279
335.325967,0.02444249391555786,0.04241424798965454,-0.02033650502562523
335.426476,-0.03396710753440857,0.005030572414398193,-0.018169045448303223
335.526973,0.01984533667564392,0.0050490498542785645,-0.010160088539123535
335.627501,-0.035893768072128296,0.0382847785949707,0.010400531813502312
335.727978,0.034471720457077026,0.017378389835357666,-0.04446994885802269
335.828436,-0.0005122125148773193,-0.024746298789978027,0.01359105110168457
335.929025,0.07195886969566345,-0.004135251045227051,-0.016129018738865852
336.029481,-0.04793769121170044,0.015820562839508057,-0.005888346582651138
336.130002,0.059877634048461914,-0.03161466121673584,0.015643831342458725
336.230486,-0.012737512588500977,0.02132117748260498,-0.0168001689016819
336.330990,0.02829807996749878,-0.04642611742019653,0.04919242486357689
336.431504,0.060445696115493774,0.020474910736083984,0.0039577484130859375
336.531968,0.0345461368560791,-0.017164170742034912,-0.029461268335580826
336.632542,0.07131761312484741,0.009657859802246094,-0.10640645027160645
336.732905,0.1328367292881012,-0.034066736698150635,-0.036452654749155045
336.833475,0.20439651608467102,0.04667407274246216,-0.10277664661407471
336.934003,-0.05243027210235596,0.28528785705566406,-0.2548508644104004
337.034482,-0.1401287317276001,-0.417671263217926,-0.024178743362426758
337.134981,0.244928240776062,-0.2535206079483032,0.44898009300231934
337.235502,-0.06015276908874512,0.19599616527557373,0.26695603132247925
337.335982,-0.5571047067642212,0.2146124243736267,-0.08885728567838669
337.436540,-0.16395294666290283,-0.18979167938232422,-0.11734233796596527
337.536995,-0.013018965721130371,-0.07700091600418091,0.002168983221054077
337.637557,0.029238581657409668,-0.022655069828033447,0.13170719146728516
337.737986,0.013376295566558838,0.027702033519744873,0.12138760089874268
337.838613,0.11637851595878601,0.11529284715652466,0.09271761775016785
337.939039,0.06562274694442749,0.14193826913833618,0.05975566804409027
338.039501,-0.023360103368759155,-0.02734220027923584,0.006046399474143982
338.140064,-0.06254684925079346,-0.07674562931060791,-0.12766730785369873
338.240496,-0.21846717596054077,0.15602505207061768,-0.26565635204315186
338.340996,0.16326725482940674,-0.30687862634658813,-0.09625833481550217
338.441491,0.20941981673240662,-0.20334339141845703,0.41119372844696045
338.542103,-0.20195868611335754,0.28601622581481934,0.3323777914047241
338.642524,-0.1710517406463623,-0.07923078536987305,-0.18595576286315918
338.743022,-0.023911625146865845,-0.2668541669845581,-0.11214756965637207
338.843529,0.13414403796195984,-0.039421260356903076,-0.012323811650276184
338.944030,0.06454384326934814,-0.038310348987579346,-0.038805246353149414
339.044494,-0.07654213905334473,-0.06096464395523071,0.011748433113098145
339.145069,-0.03744381666183472,-0.01540219783782959,-0.02646474540233612
339.245513,-0.10231071710586548,0.15874063968658447,0.003634929656982422
339.346117,-0.006549417972564697,0.09698271751403809,0.03718532621860504
339.446510,-0.09680470824241638,0.05702650547027588,-0.05579710006713867
339.547010,-0.13906455039978027,-0.5232769846916199,-0.15295016765594482
339.647562,0.4799056947231293,-0.2191002368927002,0.22665227949619293
339.748070,0.06559929251670837,0.40066713094711304,0.4441531300544739
339.848524,-0.36765795946121216,0.14193367958068848,-0.07201802730560303
339.949038,-0.2646147906780243,-0.5021308660507202,-0.18084050714969635
340.049501,-0.01173543930053711,-0.17107194662094116,0.07390046119689941
340.150050,0.13698917627334595,0.44654250144958496,-0.0022785738110542297
340.250553,0.026202380657196045,-0.06703042984008789,0.038428422063589096
340.350976,0.0834321677684784,-0.07928615808486938,0.015616117976605892
340.451506,-0.01401519775390625,0.015108764171600342,-0.0027345428243279457
340.552012,-0.044250987470149994,0.037073612213134766,0.0051309484988451
340.652552,-0.10066592693328857,-0.2513582706451416,-0.10114717483520508
340.753071,0.3593086004257202,-0.08119595050811768,0.10881787538528442
340.853554,0.10880151391029358,0.3130064606666565,0.23884111642837524
340.954153,-0.2711489796638489,-0.12381565570831299,-0.07404196262359619
341.054721,-0.2816827893257141,-0.34808260202407837,-0.18954981863498688
341.155035,0.16622957587242126,0.0634583830833435,0.060208797454833984
341.255573,0.09300312399864197,0.060133516788482666,0.04058515653014183
341.356070,-0.06416133046150208,-0.05051612854003906,-0.006899718195199966
341.456587,-0.07467517256736755,0.033215463161468506,0.029360057786107063
341.557094,-0.2935122549533844,-0.013547658920288086,-0.0605165958404541
341.657541,0.14770478010177612,-0.3575183153152466,-0.0014758110046386719
341.758047,0.29663190245628357,0.21637678146362305,0.2920045256614685
341.858595,-0.3162688612937927,0.09286510944366455,0.07515193521976471
341.959077,-0.2950771450996399,-0.5131667852401733,-0.20957539975643158
342.059557,0.27073776721954346,0.16472381353378296,0.13023173809051514
342.159997,0.08615708351135254,0.043501436710357666,0.08319318294525146
342.260560,-0.033520594239234924,-0.15465134382247925,-0.03334355354309082
342.361068,0.0028258413076400757,0.0654570460319519,0.07837307453155518
342.461565,-0.19103190302848816,-0.06294167041778564,-0.053090035915374756
342.562067,0.23729509115219116,-0.24192845821380615,0.036246299743652344
342.662576,0.14322108030319214,0.2551422715187073,0.34127283096313477
342.763072,-0.273540198802948,-0.0332905650138855,0.025922775268554688
342.863565,-0.23735855519771576,-0.4452584385871887,-0.14797081053256989
342.964058,0.298300176858902,0.16099095344543457,0.13153094053268433
343.064575,0.10369046032428741,-0.005218505859375,0.05758398771286011
343.165057,-0.08290523290634155,-0.1013445258140564,-0.013542652130126953
343.265591,-0.0457800030708313,0.07887047529220581,0.04204082489013672
343.366118,-0.059582486748695374,0.06965214014053345,0.019686929881572723
343.466617,-0.17405062913894653,-0.39480990171432495,-0.11010993272066116
343.567153,0.41329798102378845,0.006898283958435059,0.1485919952392578
343.667737,0.04196585714817047,0.2400730848312378,0.28879669308662415
343.768308,-0.387861430644989,-0.20717942714691162,-0.06309938430786133
343.868585,-0.19887325167655945,-0.3521219491958618,-0.15581157803535461
343.969180,0.34707286953926086,0.14092868566513062,0.11637246608734131
344.069617,0.054639071226119995,-0.08309203386306763,0.034239768981933594
344.170034,-0.10763195157051086,-0.03986483812332153,-0.016253240406513214
344.270671,-0.05395820736885071,0.11941081285476685,0.06242632865905762
344.371186,-0.3081498146057129,-0.3255921006202698,-0.14755713939666748
344.471795,0.4632048010826111,-0.16920411586761475,0.19982370734214783
344.572163,-0.02816801145672798,0.3197357654571533,0.38453763723373413
344.672641,-0.3557179868221283,-0.23470860719680786,-0.1376943588256836
344.773203,0.07977107167243958,-0.15024393796920776,-0.04261422157287598
344.873731,0.2916288375854492,0.12970668077468872,0.09800666570663452
344.974216,-0.10317498445510864,-0.18872475624084473,-0.009511588141322136
345.074604,-0.001945406198501587,0.06758385896682739,0.07789087295532227
345.175146,-0.18496248126029968,0.053344786167144775,-0.1003538966178894
345.275650,0.28233814239501953,-0.3313460946083069,0.03285609185695648
345.376148,0.12995578348636627,0.2620057463645935,0.3119546175003052
345.477801,-0.4314657151699066,-0.117373526096344,-0.02144746482372284
345.577121,-0.06547024846076965,-0.36198151111602783,-0.12696729600429535
345.677722,0.317595511674881,0.1777268648147583,0.0762256383895874
345.778216,-0.09469705820083618,-0.2560734748840332,0.0183790884912014
345.878673,-0.012985199689865112,0.03605937957763672,0.020504653453826904
345.979126,-0.006761044263839722,0.15515220165252686,0.05796544998884201
346.079680,-0.24946382641792297,0.006493270397186279,-0.13949431478977203
346.180135,0.16955649852752686,-0.391404926776886,-0.015747185796499252
346.280591,0.14079785346984863,0.2545353174209595,0.27383649349212646
346.381228,-0.335340678691864,-0.017867624759674072,0.0477437824010849
346.481609,-0.14810582995414734,-0.2519347667694092,-0.1267768144607544
346.582134,0.10678017139434814,0.1336846947669983,-0.005126595497131348
346.682650,0.02534821629524231,-0.12083226442337036,0.03266400098800659
346.783124,-0.005921393632888794,-0.06063210964202881,0.002531290054321289
346.883648,0.029826641082763672,0.19884008169174194,-0.05596566200256348
346.984136,-0.3591501712799072,0.09966236352920532,-0.20247280597686768
347.084723,0.15288230776786804,-0.44673246145248413,0.09788547456264496
347.185146,0.29955393075942993,0.21795248985290527,0.20537400245666504
347.285633,-0.46083754301071167,0.16035008430480957,0.08329802006483078
347.386122,-0.3618217408657074,-0.6085160970687866,-0.08823138475418091
347.486672,0.26459556818008423,0.07606273889541626,0.017992615699768066
347.587080,0.043249547481536865,0.1585068702697754,-0.01931777596473694
347.687626,-0.1392780840396881,-0.10485410690307617,-0.011383056640625
347.788242,-0.040947139263153076,0.10515058040618896,0.003096476197242737
347.888779,0.05576956272125244,-0.03171098232269287,0.016812413930892944
347.989126,0.07772770524024963,-0.050284624099731445,0.02685888111591339
348.089644,-0.29172781109809875,-0.08535242080688477,-0.06334197521209717
348.190217,0.301766037940979,-0.3797314167022705,0.0807066559791565
348.290680,0.129093199968338,0.4543530344963074,0.3272397816181183
348.391317,-0.4585232138633728,-0.17914330959320068,-0.058595769107341766
348.491671,0.020686805248260498,-0.2450789213180542,-0.028933517634868622
348.592173,0.3359878361225128,0.20201265811920166,0.09371531009674072
348.692670,-0.1731911301612854,-0.2473512887954712,1.0728836059570312e-05
348.793264,0.04087322950363159,0.07216346263885498,0.023629844188690186
348.893659,0.028131335973739624,0.023012816905975342,0.024187326431274414
348.994151,-0.0500732958316803,0.013800501823425293,-0.01356339082121849
349.094628,-0.06090438365936279,0.021415412425994873,0.006044276058673859
349.195028,-0.1912859082221985,-0.033456504344940186,-0.06965458393096924
349.295556,0.11499601602554321,-0.20734304189682007,0.10884600877761841
349.396185,0.3644360601902008,0.18797701597213745,0.2877263128757477
349.496526,-0.22205379605293274,0.10442018508911133,0.14282497763633728
349.597091,-0.32544487714767456,-0.42749732732772827,-0.21220052242279053
349.697548,0.33890628814697266,0.16437697410583496,0.04597020149230957
349.798049,0.034875452518463135,-0.12058353424072266,0.07906044274568558
349.898580,-0.07372996211051941,-0.04419809579849243,-0.007928252220153809
349.999013,0.007680058479309082,0.05305886268615723,-0.024238891899585724
350.099634,-0.018196582794189453,0.1307811141014099,0.057428114116191864
350.200226,-0.23188698291778564,-0.1686980128288269,-0.11422432214021683
350.300763,0.29650378227233887,-0.21472883224487305,0.02819371223449707
350.401098,0.06454360485076904,0.23655831813812256,0.24386945366859436
350.501767,-0.21771204471588135,-0.10291212797164917,-0.010040514171123505
350.602328,-0.18725481629371643,-0.3514682650566101,-0.1331465095281601
350.702698,0.3109270930290222,0.250643789768219,0.05880296230316162
350.803197,-0.0638657808303833,-0.11264944076538086,-0.004369022324681282
350.903775,-0.0633002519607544,-0.009089529514312744,0.012117620557546616
351.004172,0.013292133808135986,0.04105997085571289,0.015015602111816406
351.104739,-0.051023930311203,0.08897143602371216,0.03653823956847191
351.205275,-0.3370633125305176,-0.355430543422699,-0.07016371935606003
351.305815,0.49335020780563354,-0.10594439506530762,0.17579157650470734
351.406275,-0.11288702487945557,0.428005576133728,0.3270323872566223
351.506728,-0.34620410203933716,-0.36215049028396606,-0.12310958653688431
351.607124,0.07767751812934875,-0.2510867118835449,-0.049961209297180176
351.707739,0.2671401798725128,0.1764487624168396,0.13692843914031982
351.808242,-0.12120586633682251,-0.12978076934814453,-0.02140330895781517
351.908736,-0.020263314247131348,0.049320101737976074,0.010395407676696777
352.009204,0.03828361630439758,0.09204232692718506,0.04712939262390137
352.109685,-0.21387767791748047,-0.07808667421340942,-0.07568670809268951
352.210227,0.2030741572380066,-0.4722757935523987,0.05013805627822876
352.310722,0.4514128565788269,0.16301095485687256,0.3383065462112427
352.411252,-0.2416684329509735,0.11865603923797607,0.161271870136261
352.511706,-0.37215182185173035,-0.5285993218421936,-0.16151680052280426
352.612282,0.3265487551689148,0.10312914848327637,0.1290571689605713
352.712698,0.1790115237236023,0.07226598262786865,0.07613325119018555
352.813218,-0.17928263545036316,-0.14291387796401978,-0.008069515228271484
352.913727,-0.014132916927337646,0.07539629936218262,0.04249047487974167
353.014231,0.08292573690414429,0.0695500373840332,0.01493072509765625
353.114939,-0.13252726197242737,0.01952362060546875,0.014479383826255798
353.215200,-0.22655707597732544,-0.49129706621170044,-0.0548635795712471
353.315714,0.7086179852485657,-0.16026407480239868,0.3434504270553589
353.416246,-0.11977894604206085,0.4439496397972107,0.43249034881591797
353.516811,-0.5366637110710144,-0.37632840871810913,-0.14301036298274994
353.617232,-0.010292291641235352,-0.32885074615478516,-0.04837334156036377
353.717700,0.35870736837387085,0.0580100417137146,0.18260276317596436
353.818270,-0.07857248187065125,-0.12359458208084106,-0.00664258748292923
353.918800,-0.07643219828605652,0.005011856555938721,0.0035517364740371704
354.019251,0.0348983108997345,0.15205293893814087,0.08125139027833939
354.119751,-0.29716697335243225,-0.20208007097244263,-0.07979784905910492
354.220245,0.3223196268081665,-0.372276246547699,0.08606088161468506
354.320803,0.2110457718372345,0.3088896870613098,0.33479002118110657
354.421298,-0.4699748456478119,-0.14402365684509277,0.04072345793247223
354.521753,-0.3025345206260681,-0.40058255195617676,-0.2273954302072525
354.622406,0.3188874125480652,0.09063190221786499,0.10470426082611084
354.722762,0.04948776960372925,-0.03664541244506836,0.03785049542784691
354.823272,-0.09704789519309998,-0.05939984321594238,-0.041971445083618164
354.923748,0.024505972862243652,0.13428664207458496,0.055627577006816864
355.024271,-0.2084110677242279,-0.04112201929092407,-0.053832992911338806
355.124828,0.24762994050979614,-0.5834144949913025,0.0024924278259277344
355.225298,0.36236605048179626,0.17596781253814697,0.38792046904563904
355.325762,-0.45396658778190613,0.028978347778320312,0.1343403458595276
355.426322,-0.3415982723236084,-0.31684112548828125,-0.26843130588531494
355.526790,0.23495692014694214,-0.022824347019195557,0.032815709710121155
355.627266,0.09815984964370728,-0.04562944173812866,0.1239316463470459
355.727746,-0.07624223828315735,-0.04550790786743164,-0.04709388315677643
355.828256,0.0027497410774230957,0.0863388180732727,0.013700723648071289
355.928782,0.018325865268707275,0.08040112257003784,0.04812528192996979
356.029260,-0.34935519099235535,-0.24909913539886475,-0.07456038892269135
356.129828,0.45114243030548096,-0.27703362703323364,0.06424468755722046
356.230328,0.12185609340667725,0.23136091232299805,0.32121211290359497
356.330857,-0.4139503538608551,-0.21938484907150269,-0.04541481286287308
356.431354,-0.16176700592041016,-0.1813901662826538,-0.22552543878555298
356.531721,0.09451186656951904,0.13096129894256592,0.07413709908723831
356.632276,-0.023541629314422607,-0.0927819013595581,0.0804135799407959
356.732774,0.01674264669418335,0.07499498128890991,0.012069694697856903
356.833306,0.03219538927078247,-0.024856507778167725,-0.10941208153963089
356.933768,0.09007906913757324,-0.3888764977455139,0.036937467753887177
357.034290,-0.0352402925491333,0.08922684192657471,-0.014399997889995575
357.134790,-0.04579037427902222,-0.017105937004089355,0.013482213020324707
357.235296,0.030932903289794922,0.036531031131744385,0.029337525367736816
357.335783,-0.0020404458045959473,0.0028460025787353516,-0.001463174819946289
357.436394,-0.006428897380828857,-0.009319543838500977,-0.006666664034128189
357.536834,0.030718982219696045,-0.03465169668197632,0.002701161429286003
357.637346,0.05575442314147949,-0.06477022171020508,-0.04955017566680908
357.737838,-0.05073493719100952,0.02802729606628418,-0.008170362561941147
357.838320,0.03545176982879639,0.08619403839111328,0.03636574745178223
357.938811,-0.016158342361450195,0.0023518800735473633,0.02117132768034935
358.039347,-0.010216355323791504,-0.013482272624969482,-0.027406692504882812
358.139786,-0.014980077743530273,0.00492781400680542,-0.00842297077178955
358.240293,0.026532113552093506,-0.013326585292816162,0.027381656691432
358.340815,-0.10368680953979492,0.0006424188613891602,-0.06475090980529785
358.441306,0.0017960071563720703,-0.007364869117736816,0.012526631355285645
358.541854,0.031457602977752686,-0.1191176176071167,0.007232248783111572
358.642331,-0.02107861638069153,-0.10115915536880493,0.005630061030387878
358.742785,-0.08363097906112671,0.06596291065216064,0.11046263575553894
358.843316,-0.1855188012123108,0.12440294027328491,0.03224891424179077
358.943812,0.022232413291931152,-0.211279034614563,-0.06427443027496338
359.044348,0.22529686987400055,-0.09534090757369995,0.1823410987854004
359.144795,-0.09596365690231323,0.1957237720489502,0.1299000382423401
359.245309,-0.2930128276348114,-0.08516275882720947,-0.16211941838264465
359.345804,-0.03662008047103882,-0.13474798202514648,-0.06663024425506592
359.446346,0.18923258781433105,0.0023467540740966797,0.03730848431587219
359.546881,0.0012169480323791504,-0.03118896484375,0.004921048879623413
359.649537,-0.05211344361305237,0.04247778654098511,0.0009831786155700684
359.747818,-0.1313895583152771,0.018003761768341064,-0.06305783987045288
359.848344,0.03882092237472534,-0.2098742127418518,-0.037714630365371704
359.948820,0.18029767274856567,-0.017314374446868896,0.20390337705612183
360.049349,-0.16612258553504944,0.18906044960021973,0.10730421543121338
360.149857,-0.30705416202545166,-0.08831566572189331,-0.1561458855867386
360.250425,0.028065472841262817,-0.11200827360153198,-0.044060118496418
360.350856,0.17843076586723328,-0.06557273864746094,0.102996826171875
360.451486,0.01326531171798706,-0.13623648881912231,0.022856533527374268
360.551880,0.0722314715385437,-0.09492015838623047,0.044733837246894836
360.652351,0.07856428623199463,0.010477840900421143,0.014163494110107422
360.752881,-0.044571369886398315,-0.015306234359741211,0.06602928042411804
360.853376,-0.04702877998352051,0.037048280239105225,0.10766172409057617
360.953888,-0.15573158860206604,0.0982254147529602,0.01009032130241394
361.054481,-0.16806942224502563,0.1329885721206665,-0.21507930755615234
361.154875,-0.046780407428741455,-0.11582028865814209,-0.24118970334529877
361.255327,0.3073473572731018,-0.4318651556968689,0.1697148084640503
361.355959,-0.13639438152313232,0.01599353551864624,0.35208046436309814
361.456484,-0.29017966985702515,0.13435626029968262,-0.03148263692855835
361.556916,-0.12937355041503906,0.0029458999633789062,-0.1857079267501831
361.657388,0.07774609327316284,-0.011268913745880127,-0.028751611709594727
361.757900,0.11762332916259766,0.04260265827178955,-0.0073779672384262085
361.858375,0.030536949634552002,-0.08384233713150024,-0.011293292045593262
361.958860,-0.0063803791999816895,-0.05843949317932129,0.012405946850776672
362.059350,0.012800484895706177,-0.00418013334274292,0.0006572753190994263
362.159802,-0.10818848013877869,0.07991355657577515,-0.004157751798629761
362.260438,-0.14093664288520813,-0.03557384014129639,-0.1067846417427063
362.360868,0.24678698182106018,-0.29453426599502563,0.101846843957901
362.461384,0.013932794332504272,0.14792799949645996,0.20942246913909912
362.561962,-0.16344891488552094,0.09437412023544312,-0.12115877866744995
362.662364,-0.08362793922424316,-0.16149359941482544,-0.11253213882446289
362.762869,0.06584018468856812,-0.010234534740447998,0.045657336711883545
362.863450,-0.021208137273788452,0.02167600393295288,0.02808666229248047
362.963887,-0.038328856229782104,-0.0684584379196167,-0.03641228377819061
363.064361,-0.008483797311782837,0.004654049873352051,0.00044371187686920166
363.164812,0.03806418180465698,0.010847687721252441,0.03987681865692139
363.265344,-0.1205224096775055,0.08571135997772217,-0.1465211659669876
363.365904,0.16934069991111755,-0.2613416910171509,0.03758153319358826
363.466356,0.05811715126037598,-0.003552734851837158,0.22359180450439453
363.566861,-0.24499648809432983,0.051195621490478516,0.023185253143310547
363.667452,-0.14379701018333435,-0.03323185443878174,-0.1633450984954834
363.767996,0.058862268924713135,-0.15751689672470093,-0.000694815069437027
363.868380,0.12779057025909424,0.0776071548461914,0.07017886638641357
363.968897,-0.011513471603393555,-0.06378322839736938,-0.032268229871988297
364.069490,-0.04000258445739746,0.017235398292541504,0.014171421527862549
364.169828,0.04272663593292236,0.009682536125183105,-0.010714052245020866
364.270374,-0.0017296075820922852,0.04686027765274048,0.024249136447906494
364.370946,-0.12589967250823975,0.06604844331741333,-0.10393261909484863
364.471406,0.10690164566040039,-0.18489110469818115,0.042709171772003174
364.571950,0.22652873396873474,-0.08518177270889282,0.13995426893234253
364.672347,-0.1278320699930191,0.023512721061706543,0.0843634307384491
364.772983,-0.15940198302268982,0.0012573003768920898,-0.13016873598098755
364.873420,-0.043875932693481445,-0.1518518328666687,-0.0814199447631836
364.973929,0.11432498693466187,0.04031777381896973,0.07033617049455643
365.074351,0.04954105615615845,-0.014739513397216797,0.02319728583097458
365.174906,-0.07717084884643555,0.0354580283164978,-0.015479080379009247
365.275455,0.010600507259368896,0.0006076693534851074,0.00945322960615158
365.375983,0.011282622814178467,0.0014913082122802734,0.024569399654865265
365.476403,-0.0054593682289123535,-0.0448453426361084,-0.014741972088813782
365.577000,-0.264221727848053,-0.08779734373092651,-0.023999452590942383
365.677427,0.12108612060546875,0.0845746397972107,0.09504708647727966
365.778004,0.07729476690292358,0.17557227611541748,0.0044228434562683105
365.878473,-0.1597529649734497,-0.11870455741882324,-0.0741371214389801
365.978890,0.2472991645336151,-0.2753419876098633,0.13008153438568115
366.079434,0.02752506732940674,0.14934545755386353,0.18523281812667847
366.179995,-0.3815616965293884,0.05954325199127197,-0.0792425274848938
366.280409,-0.10773816704750061,-0.07506400346755981,-0.1065528392791748
366.380944,0.20667403936386108,-0.10487699508666992,0.0582575798034668
366.481437,0.05224567651748657,-0.027856767177581787,0.11474475264549255
366.581943,0.08951246738433838,-0.1914106011390686,0.047599196434020996
366.682502,-0.06277364492416382,0.0571976900100708,0.12001314759254456
366.783029,-0.146294504404068,0.23062700033187866,0.06416499614715576
366.883579,-0.1701357066631317,0.20159322023391724,-0.16076485812664032
366.983936,0.12259876728057861,-0.27745896577835083,-0.0017561912536621094
367.084542,0.18635869026184082,-0.09088361263275146,0.16417503356933594
367.184963,-0.20065118372440338,0.2415217161178589,0.10455527901649475
367.285444,-0.18296729028224945,-0.07503783702850342,-0.1330575942993164
367.385959,-0.03224495053291321,-0.1854594349861145,-0.07911767065525055
367.486540,0.1277846395969391,0.0032100677490234375,0.07252240180969238
367.587059,0.03957691788673401,0.0089263916015625,0.0818215012550354
367.687487,-0.025055229663848877,-0.07808178663253784,-0.009531371295452118
367.787944,-0.060747236013412476,0.05712926387786865,0.019854195415973663
367.888439,-0.14088502526283264,0.19022411108016968,-0.19195616245269775
367.988963,-0.058306097984313965,-0.108950674533844,0.00328981876373291
368.089536,0.3065517544746399,-0.18279069662094116,0.19526100158691406
368.189975,0.07844176888465881,0.10901600122451782,0.20650196075439453
368.290521,-0.3842024505138397,-0.07380008697509766,-0.18394923210144043
368.390946,-0.1976691484451294,-0.24417519569396973,-0.10570919513702393
368.491468,-0.12647366523742676,-0.14442557096481323,0.17641699314117432
368.592008,0.14265447854995728,-0.03963083028793335,0.1973276138305664
368.692453,0.11123037338256836,-0.02539360523223877,0.08249956369400024
368.792959,0.09839564561843872,-0.04143553972244263,0.06495934724807739
368.893561,0.015168249607086182,-0.042621731758117676,0.011006593704223633
368.993974,-0.013624012470245361,-0.011869072914123535,-0.01584988832473755
369.094553,0.11949759721755981,-0.06791883707046509,-0.16741430759429932
369.195048,-0.12630963325500488,-0.019953012466430664,-0.20543885231018066
369.295490,-0.22402536869049072,0.09156626462936401,-0.09265357255935669
369.395972,-0.12887516617774963,0.19852960109710693,0.052275627851486206
369.496498,-0.27694058418273926,0.0793885588645935,-0.05492310971021652
369.597088,0.38406094908714294,-0.3953533172607422,0.26507046818733215
369.697495,0.0741286426782608,-0.08312207460403442,0.3578116297721863
369.798021,-0.20021489262580872,0.1694248914718628,0.15815258026123047
369.898478,-0.17663384974002838,-0.17505204677581787,-0.11008650064468384
369.999012,0.07922923564910889,-0.26606285572052,0.010020196437835693
370.099695,0.06481227278709412,-0.044910967350006104,0.07687646150588989
370.199975,-0.0451509952545166,-0.030321121215820312,0.030485183000564575
370.300586,-0.03930288553237915,0.0472908616065979,-0.012881428003311157
370.401021,-0.053925782442092896,0.2327786684036255,-0.010193884372711182
370.501524,0.19482877850532532,-0.2426493763923645,0.016223564743995667
370.602105,0.23455923795700073,-0.18477988243103027,0.2765457034111023
370.702594,-0.357466459274292,0.32216691970825195,0.2535533905029297
370.803112,-0.2701148986816406,-0.38597702980041504,-0.1517994999885559
370.903524,0.13564613461494446,-0.2811901569366455,-0.015105128288269043
371.004119,0.1069195568561554,0.013857722282409668,0.08604520559310913
371.104644,0.04740062355995178,-0.036155104637145996,0.014144420623779297
371.205010,0.0454975962638855,0.05929809808731079,0.0350419282913208
371.305541,0.19216802716255188,0.22621077299118042,0.10949623584747314
371.406019,-0.2980881929397583,-0.07660090923309326,-0.2488551139831543
371.506494,0.27400922775268555,-0.489413857460022,0.1749616414308548
371.607031,-0.08844056725502014,0.07946717739105225,0.31477242708206177
371.707541,-0.39380770921707153,0.09919244050979614,0.08646103739738464
371.807982,-0.18283753097057343,-0.23717457056045532,-0.19799745082855225
371.908542,0.04774343967437744,-0.2381998896598816,0.005213841795921326
372.009107,0.12232434749603271,0.11090832948684692,0.14145290851593018
372.109478,0.05131661891937256,0.007302701473236084,0.012139379978179932
372.209933,0.013614237308502197,0.053938448429107666,0.007907100021839142
372.310522,-0.16844192147254944,0.07701772451400757,-0.10492879152297974
372.411013,0.18803277611732483,-0.3792412281036377,-0.0701296329498291
372.511572,0.14448976516723633,-0.06335693597793579,0.2829977869987488
372.612120,-0.09202884882688522,0.22753363847732544,0.23932278156280518
372.712672,-0.42515838146209717,-0.03000086545944214,-0.19283920526504517
372.813018,0.022766321897506714,-0.44434309005737305,-0.049464114010334015
372.913525,0.16058233380317688,0.033905744552612305,0.13521891832351685
373.014069,0.06673142313957214,-0.11482059955596924,-0.00560617633163929
373.114577,-0.0411854088306427,-0.02833688259124756,0.0060999393463134766
373.215049,0.02724716067314148,0.036451756954193115,0.07740223407745361
373.315594,-0.25247547030448914,0.02025628089904785,-0.18955063819885254
373.416001,0.1690453588962555,-0.4285948872566223,-0.007829543203115463
373.516557,0.15623536705970764,0.01174098253250122,0.30774983763694763
373.617048,-0.3172471225261688,0.34245073795318604,0.27725428342819214
373.717569,-0.3060879707336426,-0.11372160911560059,-0.20252001285552979
373.817999,0.05349358916282654,-0.16674089431762695,-0.018373839557170868
373.918710,0.160617858171463,0.17464274168014526,0.08562642335891724
374.019072,-0.15673762559890747,0.0719534158706665,-0.014240607619285583
374.119591,-0.22059813141822815,-0.09091931581497192,-0.021158501505851746
374.220054,0.07432857155799866,0.09041929244995117,0.10544630885124207
374.320629,0.22813600301742554,0.2320982813835144,0.16499894857406616
374.421037,-0.2655872404575348,0.05585789680480957,-0.12159383296966553
374.521664,0.3003290593624115,-0.6523987054824829,0.20928741991519928
374.622101,0.11964784562587738,0.11165595054626465,0.4483497142791748
374.722592,-0.5699918270111084,0.152393639087677,0.05080649256706238
374.823124,-0.07532849907875061,-0.30588722229003906,-0.17406852543354034
374.923544,0.1477905809879303,0.1577688455581665,0.14547684788703918
375.024056,0.07610541582107544,-0.046373724937438965,0.025137484073638916
375.124633,-0.05146229267120361,-0.005107700824737549,0.03480656445026398
375.225078,-0.044646650552749634,0.06346005201339722,0.019959330558776855
375.325560,-0.1452319622039795,-0.23288112878799438,-0.14203763008117676
375.426059,0.25758641958236694,-0.08255094289779663,0.21175608038902283
375.526689,-0.10221726447343826,0.35260009765625,0.3135700225830078
375.627076,-0.4228416979312897,-0.2676149010658264,-0.22993551194667816
375.727568,0.15599429607391357,-0.0811951756477356,0.03631897270679474
375.828068,0.19877344369888306,0.024128615856170654,0.06605377793312073
375.928592,0.0050813257694244385,-0.12201035022735596,-0.01593261957168579
376.029055,-0.08923609554767609,-0.08520650863647461,0.024241924285888672
376.129645,0.01492568850517273,-0.01274186372756958,0.022538915276527405
376.230085,-0.011348038911819458,0.19670134782791138,0.09828759729862213
376.330630,-0.4057769179344177,-0.03708052635192871,-0.20350444316864014
376.431091,0.15819546580314636,-0.24108445644378662,-0.005939662456512451
376.531678,0.11460363119840622,0.26793408393859863,0.3188508152961731
376.632108,-0.2433120161294937,0.15870153903961182,0.12748605012893677
376.732650,-0.2504734992980957,-0.2827604413032532,-0.1360633373260498
376.833116,0.26409831643104553,0.06187659502029419,0.06279462575912476
376.933619,0.15267524123191833,-0.030699193477630615,0.016522884368896484
377.034113,-0.049354881048202515,-0.07602035999298096,0.035268738865852356
377.134651,-0.01646287739276886,0.020455539226531982,0.017411112785339355
377.235132,0.029063552618026733,0.0011361241340637207,0.004937291145324707
377.335678,-0.07315254211425781,0.10904616117477417,0.051887936890125275
377.436095,-0.3975987434387207,-0.020530641078948975,-0.14957034587860107
377.536633,0.33581414818763733,-0.29199153184890747,0.10255864262580872
377.637135,0.10727517306804657,0.12969189882278442,0.29510846734046936
377.737631,-0.1405847817659378,0.2925427556037903,0.17738592624664307
377.838146,-0.37846824526786804,-0.28300321102142334,-0.16264700889587402
377.938664,0.0023539066314697266,-0.05159127712249756,0.0390610545873642
378.039133,0.1343975067138672,0.04296863079071045,0.025471150875091553
378.139668,0.10779044032096863,-0.010828256607055664,-0.007802486419677734
378.240140,0.027132540941238403,0.03561294078826904,0.009488753974437714
378.340597,0.05449029803276062,0.053789377212524414,0.046283841133117676
378.441113,-0.3898813724517822,-0.09316736459732056,-0.13440167903900146
378.541601,0.14395606517791748,-0.3744385838508606,0.0033102035522460938
378.642124,0.2710252106189728,0.156327486038208,0.24023178219795227
378.742642,-0.10565245151519775,0.2685971260070801,0.17150473594665527
378.843123,-0.32459792494773865,-0.24553412199020386,-0.1987546682357788
378.943630,-0.057833075523376465,-0.1500321626663208,-0.05654311180114746
379.044139,0.0442788302898407,0.1559639573097229,-0.01423102430999279
379.144630,0.04478195309638977,0.02052241563796997,-0.024728059768676758
379.245112,-0.05795316398143768,-0.011011123657226562,-0.02412271499633789
379.345625,-0.12387196719646454,0.04016023874282837,-0.014666675589978695
379.446210,-0.10341839492321014,0.058928072452545166,0.06723302602767944
379.546616,0.01992221176624298,0.04453200101852417,0.11940497159957886
379.647195,-0.16844415664672852,-0.0821307897567749,-0.024942390620708466
379.747642,0.16783368587493896,-0.5005426406860352,0.14796948432922363
379.848165,0.4050498902797699,-0.16854625940322876,0.35284802317619324
379.948776,-0.03788673132658005,0.49414312839508057,0.44025468826293945
380.049138,-0.41815119981765747,-0.11431503295898438,-0.13165366649627686
380.149666,-0.19401304423809052,-0.4306762218475342,-0.01498498022556305
380.250210,0.15061774849891663,0.1175154447555542,0.16070574522018433
380.350675,0.1778433918952942,0.08053451776504517,0.05772906541824341
380.451143,0.055606067180633545,-0.011796653270721436,0.02272295206785202
380.551709,-0.04680649936199188,0.11174601316452026,0.05556619167327881
380.652181,-0.36963820457458496,-0.11379832029342651,-0.23843324184417725
380.752657,0.3290025591850281,-0.3944757580757141,0.0593683123588562
380.853174,0.13822361826896667,0.2173733115196228,0.35005319118499756
380.953659,-0.230340838432312,0.20701736211776733,0.1963081955909729
381.054238,-0.31381362676620483,-0.32862651348114014,-0.15976932644844055
381.154688,0.03833863139152527,-0.16667550802230835,-0.00948428362607956
381.255209,0.1666249930858612,0.07291358709335327,0.06727564334869385
381.355693,0.03925083577632904,-0.08786207437515259,-0.013230085372924805
381.456090,-0.04561722278594971,-0.0070151686668396,0.03223705291748047
381.556730,-0.045367851853370667,0.06841009855270386,-0.003205064684152603
381.657173,-0.22485096752643585,-0.2327326536178589,-0.20734010636806488
381.757670,0.40442466735839844,-0.17546361684799194,0.17260994017124176
381.858155,0.14396266639232635,0.21497535705566406,0.3701089918613434
381.958711,-0.3116067051887512,0.14108407497406006,0.14108192920684814
382.059193,-0.22266307473182678,-0.29878008365631104,-0.15656661987304688
382.159593,0.16104868054389954,-0.020016491413116455,0.06239426136016846
382.260183,0.14196494221687317,0.10017955303192139,0.06191736459732056
382.360701,0.029676824808120728,-0.08491522073745728,0.04541122913360596
382.461194,-0.05129396915435791,0.024086356163024902,0.0378878116607666
382.561680,-0.03211715817451477,0.09508973360061646,0.0577162504196167
382.662181,-0.029073566198349,-0.37906843423843384,-0.14575397968292236
382.762686,0.4364878535270691,-0.08850979804992676,0.21038365364074707
382.863186,0.02734321355819702,0.4070969820022583,0.443938672542572
382.963695,-0.39028656482696533,-0.14400994777679443,-0.20524656772613525
383.064277,-0.08472539484500885,-0.3147004246711731,-0.16591155529022217
383.164645,0.13358351588249207,0.09197688102722168,0.06424230337142944
383.265212,0.059795767068862915,0.029616177082061768,0.036597251892089844
383.365699,-0.028033509850502014,-0.06766015291213989,0.03012263774871826
383.466230,-0.010102197527885437,0.05164647102355957,0.03967297077178955
383.566693,-0.0180978924036026,0.10129016637802124,0.039455052465200424
383.667191,-0.08905056118965149,-0.360265851020813,-0.14666332304477692
383.767843,0.33085042238235474,-0.0512579083442688,0.18443797528743744
383.868203,-0.07710127532482147,0.3816394805908203,0.36377692222595215
383.968721,-0.32893386483192444,-0.10534340143203735,-0.1449739933013916
384.069177,-0.00859864056110382,-0.22352266311645508,-0.06135128438472748
384.169728,0.14628012478351593,0.11086320877075195,0.07347226142883301
384.270291,0.0759810209274292,-0.018023371696472168,0.03212857246398926
384.370728,-0.00028461217880249023,0.01530599594116211,0.015750885009765625
384.471242,-0.04161432385444641,0.04256933927536011,0.02673637680709362
384.571918,0.0032474249601364136,0.027109205722808838,0.01322627067565918
384.672285,-0.03255310654640198,0.09165692329406738,0.008974194526672363
384.772814,-0.03248296678066254,-0.36616265773773193,-0.12794508039951324
384.873203,0.33797451853752136,-0.13581383228302002,0.15184307098388672
384.973743,0.045585885643959045,0.3533831238746643,0.38637223839759827
385.074272,-0.28976869583129883,0.057782769203186035,-0.037537142634391785
385.174704,-0.08709970116615295,-0.2714027166366577,-0.10160325467586517
385.275232,0.10495629906654358,0.059339046478271484,0.04892528057098389
385.375752,0.08072839677333832,0.07820022106170654,0.052998900413513184
385.476205,0.022615492343902588,-0.062255144119262695,0.004056923091411591
385.576798,-0.05401352047920227,0.14622437953948975,0.07928848266601562
385.677324,-0.18454432487487793,-0.26868194341659546,-0.1973065286874771
385.777822,0.3097922205924988,-0.06608450412750244,0.17764973640441895
385.878242,-0.13106462359428406,0.33700287342071533,0.39563125371932983
385.978762,-0.2826063632965088,-0.13174432516098022,-0.14778518676757812
386.079318,0.030557483434677124,-0.15724098682403564,-0.06293356418609619
386.179734,0.14084205031394958,0.09187829494476318,0.061630964279174805
386.280259,0.05985657870769501,-0.0010034441947937012,-0.012317538261413574
386.380709,-0.02497456967830658,-0.04612022638320923,0.0209808349609375
386.481254,-0.02041544020175934,0.08172786235809326,0.019019722938537598
386.581789,0.02358800172805786,-0.0220869779586792,-8.308142423629761e-05
386.682207,-0.07556870579719543,0.11525952816009521,0.03372538834810257
386.782905,-0.06552039086818695,-0.28244298696517944,-0.033137187361717224
386.883330,0.4016430079936981,-0.05716043710708618,0.16037608683109283
386.983764,0.07978999614715576,0.2165551781654358,0.2810707986354828
387.084298,-0.2848730683326721,-0.14978402853012085,-0.06266200542449951
387.184862,-0.12038880586624146,-0.218455970287323,-0.11053657531738281
387.285307,0.149190753698349,0.11962902545928955,0.034087780863046646
387.385747,0.10769043862819672,-0.013042926788330078,0.013127028942108154
387.486233,0.0038697123527526855,-0.009027063846588135,0.08472710847854614
387.586803,0.0348408967256546,0.009866654872894287,0.03787397965788841
387.687331,0.01983986794948578,0.0404239296913147,0.029856864362955093
387.787802,-0.21673105657100677,-0.02386295795440674,-0.13183534145355225
387.888295,0.272678017616272,-0.3016446828842163,-0.003879070281982422
387.988758,0.2111581414937973,0.07315069437026978,0.17066222429275513
388.089316,-0.12032830715179443,0.2618072032928467,0.18753057718276978
388.189776,-0.26638132333755493,-0.1349775195121765,-0.12779998779296875
388.290377,-0.13770560920238495,-0.07847684621810913,-0.13653934001922607
388.390802,-0.08994242548942566,0.2100917100906372,-0.13075006008148193
388.491251,-0.007196903228759766,0.13205188512802124,-0.15635812282562256
388.591800,0.009664684534072876,0.05465865135192871,0.08315902948379517
388.692242,0.10546427965164185,-0.14330732822418213,0.14481192827224731
388.792803,0.028379052877426147,0.061775386333465576,0.16565686464309692
388.893277,-0.04657185077667236,-0.1519806981086731,0.061855196952819824
388.993790,-0.06021788716316223,-0.1043822169303894,-0.033492207527160645
389.094347,-0.0009398460388183594,-0.7573296427726746,-0.015143997967243195
389.194794,0.11420029401779175,0.032847046852111816,0.07895433157682419
389.295365,-0.13503199815750122,-0.041410207748413086,0.031501542776823044
389.395892,-4.6879053115844727e-05,-0.003244340419769287,-0.048867348581552505
389.496301,-0.06617262959480286,-0.001116633415222168,0.12617182731628418
389.596796,0.002172917127609253,0.029773056507110596,-0.0061187744140625
389.697393,0.04968041181564331,0.006911158561706543,-0.0019935332238674164
389.797865,-0.0014477372169494629,-0.030352473258972168,-0.055226683616638184
389.898316,0.07950133085250854,-0.1526976227760315,0.09985649585723877
389.998812,0.050404876470565796,-0.29691046476364136,-0.00798516720533371
390.099325,0.022234439849853516,-0.009234011173248291,-0.006679236888885498
390.199875,-0.30059412121772766,0.304373562335968,-0.21636688709259033
390.300365,0.017048358917236328,-0.04063725471496582,-0.12434285879135132
390.400794,0.20192044973373413,-0.3116159439086914,0.7113300561904907
390.501334,-0.18352094292640686,0.2804456353187561,0.3026607632637024
390.601772,-0.49373432993888855,0.09451949596405029,-0.4501371383666992
390.702391,0.08406084775924683,-0.0049217939376831055,0.06702853739261627
390.802861,0.264041006565094,-0.06578594446182251,0.14590030908584595
390.903343,-0.10886770486831665,-0.12628024816513062,-0.040289223194122314
391.003800,0.18812984228134155,0.10408937931060791,-0.10106086730957031
391.104345,-0.31149816513061523,-0.19156241416931152,0.09877794981002808
391.204844,-0.02125227451324463,-0.15248364210128784,0.03455758094787598
391.305375,0.08554548025131226,0.1278638243675232,0.10613182187080383
391.405825,-0.20263373851776123,0.1494123935699463,-0.21473328769207
391.506280,-0.14000552892684937,0.14089608192443848,-0.11795207858085632
391.606916,0.5533332824707031,-0.48161929845809937,0.3964097201824188
391.707343,0.10312705487012863,0.20774245262145996,0.2216227650642395
391.807787,-0.3586902618408203,0.23808741569519043,-0.18243193626403809
391.908316,-0.18338492512702942,-0.16288810968399048,-0.14722222089767456
392.008847,0.20980024337768555,0.019285500049591064,0.14643234014511108
392.109343,0.08427372574806213,-0.10222089290618896,0.05362081527709961
392.209816,-0.03326272964477539,-0.012951314449310303,0.02527564764022827
392.310406,0.026302039623260498,0.07488036155700684,0.0771942213177681
392.410781,-0.007004499435424805,-0.08129853010177612,0.013567090034484863
392.511357,-0.044961512088775635,0.06686776876449585,-0.11974424868822098
392.611877,-0.20496535301208496,-0.20094478130340576,-0.10220450162887573
392.712308,0.33795303106307983,-0.1893962025642395,0.44245097041130066
392.812913,-0.10680156201124191,0.3427274227142334,0.1756647229194641
392.913339,-0.36232519149780273,-0.09830707311630249,-0.16758856177330017
393.013855,-0.04463231563568115,0.03880608081817627,-0.07603787630796432
393.114384,0.15255948901176453,-0.05591362714767456,-0.01877725124359131
393.214884,0.052756041288375854,-0.0821729302406311,-0.006372816860675812
393.315346,0.004694998264312744,0.0955844521522522,-0.016550540924072266
393.415925,-0.0028541386127471924,-0.04662370681762695,-0.010697662830352783
393.516391,-0.02090403437614441,0.09958541393280029,-0.11655700206756592
393.616859,-0.21493005752563477,-0.058036744594573975,-0.09354853630065918
393.717443,0.19701272249221802,-0.200606107711792,0.17582584917545319
393.817939,0.13392822444438934,0.287849485874176,0.15942257642745972
393.918400,-0.2986259460449219,-0.07310336828231812,-0.16009438037872314
394.018871,-0.1347452700138092,-0.059976160526275635,0.021556034684181213
394.119389,0.13292169570922852,0.0037847161293029785,0.037557706236839294
394.219855,0.013441473245620728,-0.092110276222229,0.03383401036262512
394.320429,-0.004260897636413574,0.025797605514526367,0.02257731556892395
394.420888,0.02176821231842041,0.00025200843811035156,0.0165255069732666
394.521350,0.018131554126739502,-0.020290255546569824,0.03143513202667236
394.621952,0.02438923716545105,0.0038316845893859863,0.0427640825510025
394.722454,0.007930517196655273,0.09513044357299805,0.02242395281791687
394.822897,-0.1588125228881836,-0.08907938003540039,-0.05744755268096924
394.923515,0.23421376943588257,-0.30810046195983887,0.25749486684799194
395.023845,0.020923525094985962,0.21710777282714844,0.12386217713356018
395.124461,-0.16316929459571838,0.11293590068817139,-0.1469770073890686
395.224893,-0.23677507042884827,-0.2814338207244873,-0.07493865489959717
395.325384,0.134392648935318,0.04056072235107422,-0.02593100070953369
395.425888,0.04783600568771362,-0.03631502389907837,-0.0068610310554504395
395.526445,-0.06419938802719116,0.011281371116638184,-0.03557276725769043
395.626914,-0.05946817994117737,0.044081032276153564,-0.052054062485694885
395.727368,-0.038249313831329346,0.03916764259338379,-0.036485910415649414
395.827891,0.013269901275634766,-0.03021925687789917,-0.0022166669368743896
395.928482,0.02675071358680725,-0.009345769882202148,-0.008234500885009766
396.028884,-0.014542639255523682,-0.005921363830566406,-0.025230705738067627
396.129554,0.0036185383796691895,-0.032823801040649414,-0.007702231407165527
396.229914,0.0034705698490142822,0.005376040935516357,-0.01159656047821045
396.330378,0.017102181911468506,0.03524577617645264,0.029425621032714844
396.430937,0.002417832612991333,-0.011166691780090332,0.03114902973175049
396.531314,0.019720137119293213,-0.024675607681274414,0.018077373504638672
396.631892,0.011851787567138672,-0.0164451003074646,0.004478812217712402
396.732387,-0.01519116759300232,0.011666059494018555,-0.007848277688026428
396.832918,-0.0005289614200592041,0.025088965892791748,0.022007927298545837
396.933403,-0.008686810731887817,-0.03252488374710083,0.009793385863304138
397.033919,0.025840938091278076,0.015544891357421875,0.01164257526397705
397.134451,-0.04454568028450012,0.1292949914932251,-0.017043352127075195
397.234904,-0.014094889163970947,-0.20146262645721436,0.036769986152648926
397.335493,0.2210182547569275,-0.2842426896095276,0.1891096830368042
397.435951,0.0664629340171814,0.2061442732810974,0.15717285871505737
397.536389,-0.2904689908027649,0.041516780853271484,-0.11022871732711792
397.636932,-0.10352697968482971,-0.19021016359329224,-0.022254109382629395
397.737465,0.17343664169311523,0.024278640747070312,0.06686019897460938
397.837917,-0.04539862275123596,-0.04272305965423584,-0.026511792093515396
397.938449,-0.00637364387512207,0.022361457347869873,0.008926741778850555
398.039008,0.03829234838485718,0.023291468620300293,0.02345310151576996
398.139463,-0.23845785856246948,0.22680729627609253,-0.20980511605739594
398.239956,0.05805736780166626,-0.3574070334434509,0.09279769659042358
398.340420,0.2231922447681427,0.0904848575592041,0.2435070276260376
398.440938,-0.34709596633911133,0.18423312902450562,-0.1707451343536377
398.541417,-0.17430807650089264,-0.22456443309783936,-0.04055206477642059
398.641911,0.13463321328163147,-0.04558110237121582,0.0644807368516922
398.742496,0.1402929127216339,0.07064837217330933,0.01230958104133606
398.842966,-0.08551102876663208,-0.09148460626602173,0.006327897310256958
398.943470,0.0366053581237793,0.048499107360839844,0.00019684433937072754
399.043968,0.018562257289886475,-0.005003213882446289,0.002232760190963745
399.144444,-0.11990571022033691,0.0597074031829834,-0.1150674819946289
399.244923,0.03118973970413208,-0.29457253217697144,0.0702977329492569
399.345465,0.2308424413204193,0.16325229406356812,0.2981930077075958
399.445951,-0.2494758665561676,0.22529345750808716,-0.013711735606193542
399.546435,-0.2245831936597824,-0.3843621611595154,-0.05026689171791077
399.646974,0.10395795106887817,-0.015930891036987305,0.001506224274635315
399.747514,0.1599317193031311,-0.020241737365722656,0.00845375657081604
399.847932,-0.0590672492980957,-0.05995762348175049,0.004957288503646851
399.948449,-0.026785045862197876,0.033911168575286865,-0.02033492922782898
400.049006,0.050305962562561035,-0.006942152976989746,0.026308774948120117
400.149439,-0.11244675517082214,-0.010566890239715576,-0.10626205801963806
400.249984,0.09373563528060913,-0.30208849906921387,0.20928502082824707
400.350576,0.035650938749313354,0.410101056098938,0.12749236822128296
400.451064,-0.13595609366893768,-0.009178221225738525,-0.1693258285522461
400.551464,-0.15185153484344482,-0.2644844055175781,-0.005873650312423706
400.651935,0.25193554162979126,0.10962128639221191,-0.007735848426818848
400.752445,-0.0860586166381836,-0.06818366050720215,-0.017109304666519165
400.853059,-0.012503296136856079,0.044019103050231934,-0.015176177024841309
400.953467,-0.002391815185546875,0.017351210117340088,0.004355639219284058
401.053939,-0.019464939832687378,-0.07110708951950073,0.005659669637680054
401.154496,0.004850059747695923,0.0042424798011779785,-0.021898865699768066
401.255096,-0.0034169256687164307,-0.0022997260093688965,-0.018936246633529663
401.355456,-0.018054306507110596,-0.02265399694442749,-0.008314669132232666
401.456005,0.008506178855895996,0.01941293478012085,-0.031825095415115356
401.556464,0.00037732720375061035,-0.022135376930236816,-0.014804750680923462
401.657039,-0.021944701671600342,-0.0026544928550720215,-0.013745278120040894
401.757606,-0.02260822057723999,0.014421224594116211,-0.018035084009170532
401.858061,-0.018415093421936035,-0.018024146556854248,-0.008504629135131836
401.958501,0.016127556562423706,0.013882279396057129,0.009956985712051392
402.058967,-0.025051116943359375,0.020191490650177002,0.01101982593536377
402.159399,-0.010898083448410034,-0.017849266529083252,-0.002926051616668701
402.259956,0.014015674591064453,0.011213302612304688,0.03375661373138428
402.360464,-0.012748390436172485,-0.029739201068878174,0.026838332414627075
402.461043,-0.043647706508636475,0.16583365201950073,-0.010355710983276367
402.561455,-0.05385172367095947,-0.31263887882232666,0.07080352306365967
402.661966,0.23533087968826294,-0.11879515647888184,0.25872576236724854
402.762528,0.022367700934410095,0.3995679020881653,0.1317874789237976
402.862965,-0.2816638946533203,-0.08426380157470703,-0.08198156207799911
402.963511,-0.04963013529777527,-0.24280130863189697,0.028209924697875977
403.063972,0.1876489818096161,0.06574338674545288,0.07055795192718506
403.164418,-0.017185091972351074,0.05246233940124512,0.0048835426568984985
403.265045,-0.012389838695526123,-0.00767594575881958,0.027988433837890625
403.365452,0.04094734787940979,0.028616249561309814,0.023901835083961487
403.466005,-0.013030022382736206,-0.025598764419555664,0.010078087449073792
403.566451,-0.01454898715019226,0.027743101119995117,-0.0064570605754852295
403.666966,-0.1801425814628601,0.05227470397949219,-0.08725273609161377
403.767594,-0.050852417945861816,-0.48231983184814453,0.05573701858520508
403.867990,0.4223483204841614,-0.04864668846130371,0.32036128640174866
403.968484,-0.18053877353668213,0.39509761333465576,0.14487648010253906
404.069074,-0.25870969891548157,-0.27168089151382446,-0.13763153553009033
404.169462,-0.03779187798500061,-0.05434250831604004,0.01679910719394684
404.270009,0.1577494740486145,0.04320138692855835,-0.007139325141906738
404.370494,0.001286834478378296,0.028453588485717773,0.004056796431541443
404.470998,-0.04483965039253235,-0.04488193988800049,-0.010788321495056152
404.571527,0.014741748571395874,0.03371608257293701,0.01918858289718628
404.672023,-0.10015586018562317,-0.022236943244934082,-0.07601174712181091
404.772579,-0.006702065467834473,-0.2950130105018616,0.044194579124450684
404.872996,0.21647748351097107,0.21619480848312378,0.2726683020591736
404.973498,-0.21894153952598572,0.08645236492156982,-0.05282813310623169
405.074025,-0.09713127464056015,-0.3156394362449646,-0.006713122129440308
405.174558,-0.03748929500579834,0.0342373251914978,0.004829823970794678
405.275016,0.11946579813957214,0.07656818628311157,-0.10059347748756409
405.375575,-0.03987130522727966,-0.05139505863189697,0.031065702438354492
405.476169,-0.021021783351898193,0.008583366870880127,-0.044718146324157715
405.576563,-0.07042565941810608,0.036932289600372314,-0.12467086315155029
405.677076,-0.1430390477180481,-0.2182590365409851,-0.02499207854270935
405.777540,0.23880335688591003,0.18737494945526123,0.32211947441101074
405.878018,-0.13135278224945068,0.13083642721176147,-0.15399158000946045
405.978598,-0.06615203619003296,-0.20847690105438232,-0.17544221878051758
406.079052,0.000532299280166626,0.0861731767654419,0.07138511538505554
406.179506,0.1038680374622345,0.04708588123321533,0.00473572313785553
406.280006,0.020619183778762817,-0.020525336265563965,0.033912062644958496
406.380539,-0.034893810749053955,-0.005930125713348389,0.042672157287597656
406.481029,0.005981087684631348,0.06537222862243652,0.01538635790348053
406.581604,0.0007765293121337891,-0.007894575595855713,0.06341421604156494
406.682050,0.02167743444442749,0.0007014274597167969,0.02895987033843994
406.782573,0.010913163423538208,0.008535325527191162,0.04611325263977051
406.883073,-0.002330958843231201,-0.007308065891265869,0.07367587089538574
406.983631,-0.008788436651229858,-0.12006574869155884,-0.026961326599121094
407.084031,0.2254939079284668,-0.2007371187210083,0.13906943798065186
407.184558,0.07813256978988647,0.21367120742797852,0.26459676027297974
407.285088,-0.16512717306613922,0.006994724273681641,-0.12494271993637085
407.385558,-0.1217588484287262,-0.11063098907470703,0.03300023078918457
407.486041,0.10727781057357788,0.03551840782165527,0.021224364638328552
407.586571,0.06982409954071045,0.021542787551879883,0.00017489492893218994
407.687165,-0.03871595859527588,-0.05568861961364746,0.023611649870872498
407.787572,-0.027163386344909668,0.026639044284820557,0.009211286902427673
407.888136,-0.03791692852973938,0.008750200271606445,-0.1027906984090805
407.988585,0.08357539772987366,-0.2299116849899292,0.08228898048400879
408.089131,0.14620846509933472,0.13701581954956055,0.31420573592185974
408.189535,-0.18704751133918762,0.028589248657226562,-0.09880688786506653
408.290060,-0.17249390482902527,-0.08486813306808472,-0.19070160388946533
408.390556,0.07887241244316101,0.03511887788772583,0.08577990531921387
408.491143,0.09995967149734497,-0.03591513633728027,-0.014500007033348083
408.591582,0.013716936111450195,-0.05562549829483032,-0.027803294360637665
408.692056,-0.00898975133895874,0.016769826412200928,0.027344226837158203
408.792616,-0.1882319152355194,-0.06297856569290161,-0.17322146892547607
408.893132,0.13156741857528687,-0.1090235710144043,0.18272030353546143
408.993591,0.041689757257699966,0.15567153692245483,0.09409788250923157
409.094139,-0.17066319286823273,-0.039337158203125,-0.23858070373535156
409.194630,0.012370184063911438,-0.04251992702484131,0.05245792865753174
409.295088,0.02027943730354309,0.03319704532623291,0.023952379822731018
409.395520,0.026012539863586426,0.01936030387878418,-0.011490345001220703
409.496062,-0.027408868074417114,-0.0752517580986023,-0.012495160102844238
409.596579,0.03285539150238037,0.053916871547698975,0.005695939064025879
409.697216,-0.006219089031219482,-0.030502140522003174,-0.014498360455036163
409.797571,0.004673033952713013,-0.0005992650985717773,-0.0019446536898612976
409.898101,-0.00916135311126709,0.02317953109741211,-0.006071805953979492
409.998623,-0.03604525327682495,0.01746469736099243,0.06197178363800049
410.099134,-0.007566899061203003,0.003344297409057617,0.02897726744413376
410.199698,0.05537530779838562,0.024225711822509766,0.1023024395108223
410.300081,-0.17304092645645142,-0.015788674354553223,-0.07622325420379639
410.400690,0.08936169743537903,-0.3867286443710327,0.09358549118041992
410.501177,0.19148315489292145,0.22712576389312744,0.3338470160961151
410.601651,-0.23408304154872894,-0.04083681106567383,-0.3794325292110443
410.702163,-0.16351079940795898,-0.09865224361419678,-0.036710649728775024
410.802602,0.14666327834129333,0.005513489246368408,0.09045824408531189
410.903124,0.034339308738708496,0.011871933937072754,0.03861105442047119
411.003598,-0.03375828266143799,-0.08090579509735107,0.003999583423137665
411.104109,0.041667401790618896,0.06551635265350342,0.07833898067474365
411.204599,-0.09798118472099304,0.046633243560791016,-0.2551279067993164
411.305148,-0.0016289949417114258,-0.18375861644744873,0.07402370870113373
411.405627,0.153469055891037,0.14499258995056152,0.30586397647857666
411.506171,-0.17152290046215057,-0.008211731910705566,-0.049316614866256714
411.606631,-0.19356703758239746,-0.10669165849685669,-0.20586931705474854
411.707139,0.07922178506851196,-0.06603121757507324,0.06145310401916504
411.807605,0.010214626789093018,-0.08498752117156982,0.023046135902404785
411.908106,-0.020923733711242676,0.016694843769073486,0.03511679172515869
412.008759,0.03778904676437378,0.021739482879638672,0.04445025324821472
412.109173,0.09647589921951294,-0.030873894691467285,0.02596801519393921
412.209660,0.05878514051437378,-0.0681559145450592,-0.03618687391281128
412.310195,0.04926800727844238,-0.051718950271606445,-0.010546684265136719
412.410608,0.013778269290924072,0.010479986667633057,0.014744460582733154
412.511126,-0.010751426219940186,0.00911298394203186,0.01547771692276001
412.611652,0.03331547975540161,0.025698602199554443,0.010415971279144287
412.712203,-0.005765855312347412,0.02789175510406494,-0.001743912696838379
412.812810,-0.005240976810455322,0.023410648107528687,0.011171519756317139
412.913137,0.03323650360107422,0.04042583703994751,0.009071260690689087
413.013612,0.032517313957214355,0.30118250846862793,-0.15776333212852478
413.114117,-0.18245869874954224,0.02533036470413208,-0.014409422874450684
413.214651,0.021268188953399658,-0.4557453989982605,0.4672679901123047
413.315201,0.33290302753448486,0.03330415487289429,0.4535967707633972
413.415628,-0.4178026616573334,0.20739775896072388,0.46220216155052185
413.516137,-0.26761314272880554,-0.047463059425354004,-0.3259216547012329
413.616617,-0.04365640878677368,-0.11941784620285034,0.10749679803848267
413.717262,0.19777879118919373,0.0730283260345459,0.19032573699951172
413.817669,0.004551231861114502,0.004709601402282715,0.006176933646202087
413.918207,-0.0003052949905395508,0.045259952545166016,0.03637808561325073
414.018716,-0.15087154507637024,0.1106867790222168,-0.035233497619628906
414.119138,-0.0489024817943573,-0.2937317490577698,-0.11964548379182816
414.219651,0.4090036153793335,-0.23517799377441406,0.21362516283988953
414.320211,-0.07681038975715637,0.15622574090957642,0.2689325511455536
414.420637,-0.3083339333534241,0.05728566646575928,-0.14664417505264282
414.521192,-0.12610995769500732,-0.20312929153442383,-0.14984703063964844
414.621673,0.05687995254993439,-0.10928761959075928,-0.016678329557180405
414.722161,0.13592803478240967,0.06889832019805908,0.06735235452651978
414.822647,-0.027622714638710022,-0.011148214340209961,-0.02032625675201416
414.923138,-0.04859122633934021,-0.050708651542663574,-0.045932892709970474
415.023645,0.007239699363708496,0.018997550010681152,-0.020211219787597656
415.124122,0.011202529072761536,0.013363122940063477,-0.010188460350036621
415.224778,-0.12181901931762695,-0.1174614429473877,-0.09869968891143799
415.325355,0.12358391284942627,-0.18284016847610474,0.01108163595199585
415.425681,0.21782973408699036,0.1541963815689087,0.21843332052230835
415.526145,-0.239591583609581,0.13645440340042114,0.0021947622299194336
415.626733,-0.1742381900548935,-0.23000198602676392,-0.12088213860988617
415.727145,-0.00169411301612854,-0.04414224624633789,-0.024547576904296875
415.827707,0.16859453916549683,0.0785641074180603,0.08331084251403809
415.928177,-0.05159658193588257,-0.035333454608917236,0.007313370704650879
416.028638,-0.06646950542926788,0.007832050323486328,0.04633045196533203
416.129145,-0.04182878136634827,-0.05955380201339722,0.021633505821228027
416.229685,0.14419376850128174,-0.24606239795684814,0.06919145584106445
416.330148,0.22651705145835876,0.1015881896018982,0.17078980803489685
416.430671,-0.22879061102867126,0.18318194150924683,0.15365934371948242
416.531281,-0.14605841040611267,-0.20764994621276855,-0.12016355991363525
416.631727,0.010087892413139343,-0.01963430643081665,-0.046218276023864746
416.732230,0.12669000029563904,-0.024058282375335693,0.054558634757995605
416.832693,0.08345940709114075,-0.0008056759834289551,0.06857597827911377
416.933175,-0.09320048987865448,-0.05830663442611694,-0.03879476338624954
417.033651,-0.011828780174255371,0.06369984149932861,0.0042351409792900085
417.134208,-0.08837726712226868,0.0500144362449646,0.04950976371765137
417.234662,-0.11820188164710999,-0.15998977422714233,-0.04064367711544037
417.335249,0.3519037365913391,-0.06036877632141113,0.11463821679353714
417.435757,0.08582597970962524,0.1189773678779602,0.13629519939422607
417.536223,-0.2313997447490692,0.032399654388427734,-0.02472090721130371
417.636681,-0.1472601741552353,-0.18743258714675903,-0.09336009621620178
417.737226,0.06290030479431152,-0.05575919151306152,-0.008977651596069336
417.837847,0.14486604928970337,0.09969013929367065,0.0858612060546875
417.938151,-0.02213980257511139,-0.027370333671569824,-0.011828780174255371
418.038704,-0.045486316084861755,-0.02989572286605835,-0.005897641181945801
418.139163,0.0049073100090026855,0.006167888641357422,0.011056050658226013
418.239689,0.02132384479045868,0.024669528007507324,0.004799351096153259
418.340237,-0.006472542881965637,0.02339404821395874,0.02395009994506836
418.440755,0.006987527012825012,-0.006217062473297119,-0.017671480774879456
418.541268,0.0011186152696609497,-0.0006325840950012207,-0.005822792649269104
418.641783,-0.0014359205961227417,0.008144676685333252,0.025938749313354492
418.742275,0.015307411551475525,-0.019524693489074707,-0.0023533105850219727
418.842791,0.02292811870574951,-0.01248389482498169,0.000856444239616394
418.943346,-0.007735103368759155,0.014510154724121094,0.006160721182823181
419.043763,-0.15066808462142944,-0.13481491804122925,-0.05738997459411621
419.144216,0.07853114604949951,-0.15235084295272827,0.08764934539794922
419.244825,0.1845712959766388,0.217149019241333,0.2272321581840515
419.345267,-0.2716917097568512,0.1688184142112732,0.03375619649887085
419.445821,-0.2043021023273468,-0.1890372633934021,-0.11781574040651321
419.546254,0.04920968413352966,-0.19195818901062012,-0.02250361442565918
419.646754,0.24135541915893555,-0.012066006660461426,0.052110910415649414
419.747287,0.039921343326568604,0.08155691623687744,0.0667262077331543
419.847748,-0.08424623310565948,-0.07690238952636719,-0.01024937629699707
419.948255,-0.010598167777061462,0.02373272180557251,0.005025610327720642
420.048764,-0.0706041157245636,-0.08950221538543701,-0.05131316930055618
420.149239,0.20000717043876648,-0.33041179180145264,0.1048579216003418
420.249780,0.15497243404388428,0.20339488983154297,0.3378295302391052
420.350250,-0.3505098819732666,0.13104236125946045,0.05675619840621948
420.450761,-0.2750202417373657,-0.32440829277038574,-0.11901688575744629
420.551214,0.021340906620025635,-0.29926496744155884,-0.05852925032377243
420.651746,0.3945198655128479,0.11636781692504883,0.1362156867980957
420.752268,-0.061153292655944824,-0.0797695517539978,-0.014505088329315186
420.852726,0.016232937574386597,-0.030200600624084473,0.0014418363571166992
420.953272,0.04020404815673828,-0.022927284240722656,0.015936370939016342
421.053799,-0.11467278003692627,0.04287499189376831,-0.07580281049013138
421.154243,0.1384275257587433,-0.3867344260215759,0.03021847829222679
421.254759,0.2834317088127136,0.17822057008743286,0.3212659955024719
421.355371,-0.38318154215812683,0.2774314284324646,0.08062624931335449
421.455734,-0.30701711773872375,-0.38439828157424927,-0.13527366518974304
421.556271,-0.12407618761062622,-0.537501335144043,-0.049646615982055664
421.656719,0.3480066657066345,0.04207712411880493,0.28995072841644287
421.757181,0.037229180335998535,0.032225608825683594,0.01803123950958252
421.857877,0.044310152530670166,0.07400566339492798,-0.0007413625717163086
421.958299,0.06099200248718262,-0.00852954387664795,0.009509474039077759
422.058778,0.007926106452941895,0.008691668510437012,-0.0048555731773376465
422.159158,-0.010187149047851562,0.0096016526222229,-0.017143607139587402
422.259763,-0.009010672569274902,-0.0023407936096191406,-0.028198957443237305
422.360253,-0.03258347511291504,-0.008240818977355957,-0.009503483772277832
422.460806,-0.03809887170791626,0.025859296321868896,0.01159849762916565
422.561301,-0.015974998474121094,0.012597262859344482,0.0221102237701416
422.661828,-0.009783804416656494,0.01581364870071411,0.024127542972564697
422.762250,0.007621169090270996,0.02210521697998047,0.027251392602920532
422.862828,-0.01793539524078369,0.048118531703948975,0.01740020513534546
422.963445,-0.06289392709732056,0.09014582633972168,-0.0011031627655029297
423.063727,-0.11975187063217163,0.12144982814788818,-0.07633893191814423
423.164264,-0.09400701522827148,-0.13956421613693237,0.06636162102222443
423.264803,0.34342020750045776,-0.3271292448043823,0.20850870013237
423.365297,0.09261941909790039,0.1290048360824585,0.36950621008872986
423.465748,-0.4411623775959015,0.3044810891151428,0.16380023956298828
423.566232,-0.25595366954803467,-0.4158287048339844,-0.11786998808383942
423.666763,-0.05973237752914429,-0.3322409987449646,-0.06490564346313477
423.767278,0.2902432084083557,0.050823748111724854,0.18476736545562744
423.867792,0.06459683179855347,0.012772679328918457,0.044390082359313965
423.968272,-0.03995707631111145,0.01780623197555542,0.0072449371218681335
424.068761,-0.07866370677947998,0.0022293925285339355,0.012406229972839355
424.169167,-0.18689104914665222,-0.0022786855697631836,-0.04758501052856445
424.269652,0.2172796130180359,-0.4600116014480591,0.08126747608184814
424.370258,0.22139599919319153,0.19040244817733765,0.44156503677368164
424.470822,-0.3924994468688965,0.15240973234176636,0.21464192867279053
424.571378,-0.33101925253868103,-0.22967302799224854,-0.19583070278167725
424.671770,0.05764704942703247,-0.2962196469306946,-0.033086784183979034
424.772439,0.359502375125885,0.09027993679046631,0.1857592761516571
424.872807,-0.057870328426361084,-0.023083627223968506,-0.02274632453918457
424.973296,-0.07024136185646057,-0.02011430263519287,-0.04134327173233032
425.073795,-0.02395343780517578,0.07384347915649414,0.033969104290008545
425.174291,-0.3359939754009247,-0.273868203163147,-0.15575957298278809
425.274816,0.4039584994316101,-0.1757686734199524,0.16646309196949005
425.375265,-0.045615896582603455,0.24967306852340698,0.4067584276199341
425.475953,-0.47927916049957275,0.03378462791442871,-0.04289788007736206
425.576348,-0.1818256974220276,-0.5022260546684265,-0.22120295464992523
425.676943,0.3302538990974426,0.08984363079071045,0.1730249524116516
425.777330,0.04202279448509216,-0.10048693418502808,0.09173041582107544
425.877766,-0.04276558756828308,-0.041039228439331055,-0.04826873913407326
425.978283,-0.03352731466293335,0.03561568260192871,0.00780576653778553
426.078892,-0.14243683218955994,0.10489791631698608,-0.035028278827667236
426.179316,-0.0970686674118042,-0.22667157649993896,-0.0819169282913208
426.279804,0.30958661437034607,0.09797638654708862,0.24884140491485596
426.380325,-0.21829348802566528,0.17914718389511108,0.2491440773010254
426.480761,-0.3129624128341675,-0.16073328256607056,-0.14191877841949463
426.581279,-0.07137733697891235,-0.4040190577507019,-0.15724468231201172
426.681902,0.41734957695007324,0.09375548362731934,0.15525823831558228
426.782351,0.056675732135772705,-0.024430453777313232,0.0583881139755249
426.882825,-0.08054924011230469,-0.05025142431259155,-0.04959762096405029
426.983389,-0.016050726175308228,0.0015988349914550781,-0.026149161159992218
427.083856,-0.16654571890830994,0.032056987285614014,-0.07291090488433838
427.184372,0.005031019449234009,-0.2949666380882263,-0.06236887723207474
427.284841,0.38089728355407715,0.13763517141342163,0.20448412001132965
427.385300,-0.22434058785438538,0.08996224403381348,0.19849979877471924
427.485899,-0.35522064566612244,-0.19297164678573608,-0.20673881471157074
427.586375,-0.17113211750984192,-0.3846849203109741,-0.117063969373703
427.686786,0.2159128189086914,0.02227538824081421,0.13656622171401978
427.787343,0.026399731636047363,0.11738461256027222,0.03974335640668869
427.887887,-0.025132447481155396,0.008307814598083496,-0.03168797865509987
427.988462,-0.02084067463874817,-0.01801377534866333,-0.0009205341339111328
428.088832,0.026182860136032104,-0.025767743587493896,-0.005345825105905533
428.189300,0.001313626766204834,-0.013512372970581055,-0.0012199804186820984
428.289889,0.008632779121398926,0.014654457569122314,0.005717270076274872
428.390367,-0.007741987705230713,-0.015265822410583496,-0.003349773585796356
428.490695,-0.023222237825393677,0.0028924942016601562,0.0052841901779174805
428.591346,-0.004705637693405151,-0.0019206404685974121,0.007008545100688934
428.691813,0.013192236423492432,0.013856768608093262,0.018697254359722137
428.792355,-0.01523137092590332,0.008939862251281738,0.009173750877380371
428.892878,-0.02818736433982849,-0.01810312271118164,-0.007253170013427734
428.993362,-0.002045243978500366,-0.0186767578125,0.015559554100036621
429.093967,-0.021211713552474976,0.026489675045013428,0.02039908990263939
429.194384,-0.04002729058265686,-0.03847670555114746,0.019516699016094208
429.294917,-0.17138680815696716,-0.11633211374282837,-0.03725433349609375
429.395497,0.23403918743133545,-0.15692728757858276,0.10852965712547302
429.495884,0.20563393831253052,0.20906376838684082,0.33409208059310913
429.596368,-0.3154720366001129,0.018660545349121094,0.08557853102684021
429.696972,-0.22765570878982544,-0.37729471921920776,-0.1615370512008667
429.797416,0.11302691698074341,-0.27710944414138794,-0.04382669925689697
429.897841,0.2889990508556366,0.11325407028198242,0.18235331773757935
429.998387,-0.048949986696243286,-0.01865285634994507,-0.0039304508827626705
430.098819,-0.0722217857837677,-0.026523828506469727,-0.023023612797260284
430.199339,-0.11317318677902222,0.09365612268447876,-0.010998375713825226
430.299875,0.20357567071914673,-0.39316803216934204,0.019070984795689583
430.400324,0.335568368434906,0.10059970617294312,0.29290032386779785
430.500928,-0.28915834426879883,0.07559436559677124,0.230381041765213
430.601417,-0.39880627393722534,-0.1224890947341919,-0.19206345081329346
430.701847,-0.07024282217025757,-0.40832364559173584,-0.10316061973571777
430.802368,0.4037090837955475,0.07628673315048218,0.17673587799072266
430.902892,0.08133834600448608,0.001075446605682373,0.06770956516265869
431.003374,-0.07366442680358887,0.0379447340965271,-0.03083193302154541
431.103865,-0.06632021069526672,0.0291440486907959,0.021796084940433502
431.204405,-0.22121086716651917,-0.29349029064178467,-0.1080477386713028
431.304868,0.3996052145957947,-0.35132384300231934,0.1447138786315918
431.405347,0.04448592662811279,0.266463041305542,0.3917224407196045
431.505888,-0.4075275659561157,0.04696410894393921,0.08138477802276611
431.606380,-0.2714264988899231,-0.2979859709739685,-0.17784379422664642
431.706970,0.20157653093338013,-0.10972350835800171,0.02340589463710785
431.807406,0.149186372756958,-0.025523245334625244,0.11633193492889404
431.907886,-0.015955477952957153,-0.05284106731414795,-0.026143208146095276
432.008344,0.012137442827224731,-0.0028790831565856934,-0.01720310002565384
432.108915,-0.048001110553741455,0.17537051439285278,0.046036362648010254
432.209365,-0.16255253553390503,-0.3381829857826233,-0.03929483890533447
432.309934,0.45916610956192017,-0.050775885581970215,0.23951905965805054
432.410386,-0.13425946235656738,0.2326985001564026,0.3185826539993286
432.510887,-0.476848840713501,0.09542983770370483,0.012648388743400574
432.611447,-0.3397318124771118,-0.22576814889907837,-0.25173458456993103
432.711922,-0.01792222261428833,0.04454845190048218,0.04981529712677002
432.812507,0.1206139326095581,-0.09357559680938721,0.06404997408390045
432.912949,0.2731524109840393,-0.5125397443771362,-0.004223957657814026
433.013403,0.03723818063735962,0.15666234493255615,0.020094379782676697
433.114059,-0.10513859987258911,-0.04814237356185913,-0.05325213074684143
433.214371,0.08917486667633057,0.02597135305404663,0.008769422769546509
433.314961,0.0034157633781433105,0.00793522596359253,0.02188849449157715
433.415370,-0.01899266242980957,0.0005055069923400879,-0.017054438591003418
433.515897,0.023020684719085693,-0.011701345443725586,0.003531426191329956
433.616439,-0.00014397501945495605,-0.005512595176696777,-0.004068508744239807
433.716888,0.009412050247192383,0.0009999275207519531,0.004634767770767212
433.817410,-0.025367826223373413,-0.004808485507965088,0.0028586387634277344
433.917987,-0.0054344236850738525,0.009675145149230957,-0.03104342520236969
434.019897,-0.12257599830627441,0.12757396697998047,-0.09139896929264069
434.118906,0.002129584550857544,0.08143991231918335,0.02226722240447998
434.219419,0.009769052267074585,0.012360095977783203,0.0006843805313110352
434.319965,0.01001119613647461,0.005761086940765381,-0.011514425277709961
434.420399,0.06838729977607727,-0.08573198318481445,0.04570412635803223
434.520911,-0.00575631856918335,-0.2263546586036682,-0.01243424043059349
434.621494,-0.08758601546287537,0.05428653955459595,0.07055366039276123
434.721901,-0.10423529148101807,0.27276724576950073,0.05507063865661621
434.822421,-0.2223832607269287,-0.008799493312835693,-0.07825413346290588
434.922957,0.2438443899154663,-0.18207955360412598,0.17234063148498535
435.023486,0.2927212417125702,0.19284963607788086,0.30498403310775757
435.123973,-0.3019425868988037,0.08164489269256592,-0.14598190784454346
435.224407,-0.1837277114391327,-0.3329625129699707,-0.09842652082443237
435.324859,0.14126887917518616,0.027471303939819336,0.09947825968265533
435.425457,-0.041587114334106445,-0.03034806251525879,-0.0026781409978866577
435.525902,-0.001796633005142212,-0.0015401840209960938,0.019278407096862793
435.626529,-0.03590953350067139,0.02860713005065918,0.007491946220397949
435.726926,-0.11230874061584473,0.09186321496963501,0.02421879768371582
435.827447,-0.13013535737991333,-0.28244584798812866,-0.07883906364440918
435.928011,0.2789206802845001,-0.1582086682319641,0.2968530058860779
436.028462,-0.0702686458826065,0.4213852882385254,0.21949118375778198
436.129013,-0.26519104838371277,-0.19057118892669678,-0.047044940292835236
436.229478,0.10870862007141113,-0.1058463454246521,0.08107244968414307
436.329906,0.17446231842041016,0.041835784912109375,0.0673411637544632
436.430420,-0.1067751944065094,-0.08978545665740967,0.002818286418914795
436.530946,0.029503077268600464,0.0696071982383728,0.02387506514787674
436.631456,0.009891033172607422,-0.017062067985534668,0.034775204956531525
436.731945,-0.04211103916168213,0.18831467628479004,-0.08946114778518677
436.832597,-0.07958978414535522,-0.6050053834915161,-0.16326595842838287
436.932923,0.25226399302482605,0.01877439022064209,0.3472099006175995
437.033453,-0.29705676436424255,0.4407871961593628,0.05435618758201599
437.133960,-0.4258497357368469,-0.40318864583969116,-0.15747511386871338
437.234438,0.2994600534439087,0.02671736478805542,0.11688052117824554
437.335066,0.01776215434074402,-0.05742532014846802,-0.009507536888122559
437.435441,-0.0499284565448761,-0.01980036497116089,-0.012174844741821289
437.535933,0.015800684690475464,0.04491144418716431,0.025577843189239502
437.636533,0.03418394923210144,-0.011463701725006104,0.043260231614112854
437.736998,-0.05155763030052185,0.05499798059463501,-0.11903232336044312
437.837536,-0.15171998739242554,-0.3643301725387573,-0.1781213879585266
437.937957,0.1202402114868164,0.0018619298934936523,0.2445124089717865
438.038459,-0.13266399502754211,0.3801167607307434,0.09293395280838013
438.138971,-0.24989381432533264,-0.32001781463623047,-0.1471477746963501
438.239525,0.13085323572158813,-0.03068864345550537,0.09184969216585159
438.340088,0.09373342990875244,-0.04062163829803467,0.03212714195251465
438.440411,-0.0495547354221344,-0.0699041485786438,-0.012125551700592041
438.541000,0.022475242614746094,0.04101419448852539,0.0018051862716674805
438.641321,0.01119840145111084,-0.0031142830848693848,0.016479261219501495
438.741946,-0.049892425537109375,0.03313088417053223,-0.0076426248997449875
438.842519,-0.11680877208709717,-0.10971003770828247,-0.03356969729065895
438.943069,0.08114880323410034,-0.16386127471923828,0.12083446979522705
439.043415,0.0801897794008255,0.44146209955215454,0.25551092624664307
439.144067,-0.280281126499176,-0.07072585821151733,-0.1897411346435547
439.244498,-0.2437509000301361,-0.2514866590499878,-0.0665820986032486
439.344997,0.2632221579551697,0.004108548164367676,0.02253974974155426
439.445498,0.0005970895290374756,-0.031655311584472656,-0.03092265874147415
439.545963,-0.03529462218284607,0.021046042442321777,-0.03900052607059479
439.646524,-0.018434852361679077,-0.011197209358215332,0.011643767356872559
439.746964,0.05267247557640076,-0.009228289127349854,-0.02610507607460022
439.847486,0.03808984160423279,-0.04435932636260986,-0.028448835015296936
439.947977,0.008341223001480103,-0.01322638988494873,-0.027124404907226562
440.048529,-0.017670363187789917,-0.007674574851989746,-0.025529533624649048
440.149111,-0.03130978345870972,0.004553496837615967,-0.02169671654701233
440.249500,-0.004673123359680176,-0.017803609371185303,0.029079675674438477
440.349970,-0.018418222665786743,-0.004845023155212402,-0.043358564376831055
440.450591,0.005075037479400635,0.01769578456878662,0.01820562779903412
440.551101,-0.02337893843650818,-0.021703004837036133,-0.0021081119775772095
440.651497,0.018763601779937744,0.018569588661193848,0.020388826727867126
440.752101,-0.009858429431915283,-0.014317572116851807,-0.013791695237159729
440.852420,0.007584720849990845,0.026577770709991455,0.0007500499486923218
440.952985,-0.003975123167037964,0.004149079322814941,0.02014923095703125
441.053530,0.0002919137477874756,0.011198163032531738,0.002861514687538147
441.153989,-0.0017022788524627686,-0.013974428176879883,0.004406467080116272
441.254505,0.006041467189788818,0.010342121124267578,0.014723673462867737
441.354996,-0.01707935333251953,-0.01739788055419922,-0.00406491756439209
441.455505,-0.023197948932647705,-0.0039196014404296875,0.006202444434165955
441.556063,0.010777652263641357,0.036038875579833984,0.006536602973937988
441.656554,0.011049270629882812,-0.04082077741622925,0.009449690580368042
441.756983,0.0032696127891540527,0.00897127389907837,0.014721870422363281
441.857543,0.0005336999893188477,0.024016141891479492,0.008638143539428711
441.958081,-0.007252931594848633,-0.020108044147491455,0.017404064536094666
442.058569,-0.24072802066802979,-0.06564414501190186,-0.07801750302314758
442.158964,0.027493417263031006,-0.3458765149116516,0.025510430335998535
442.259560,0.2736506462097168,0.04850935935974121,0.31478172540664673
442.360033,-0.07842676341533661,0.3445042371749878,0.1611577868461609
442.460661,-0.25989338755607605,-0.10792732238769531,-0.11009955406188965
442.561053,-0.07117784023284912,-0.17481601238250732,-0.06345224380493164
442.661537,0.14005470275878906,-0.05283021926879883,0.00332772359251976
442.762062,0.0316392183303833,-0.0507587194442749,0.0017783604562282562
442.862547,-0.0609096884727478,-0.005659937858581543,-0.022736668586730957
442.962933,-0.009210556745529175,0.011618554592132568,0.0013990476727485657
443.063548,0.027246564626693726,0.0028871893882751465,-0.004206180572509766
443.163999,-0.14986050128936768,0.012267231941223145,-0.0786581039428711
443.264647,-0.1265537142753601,-0.38761967420578003,-0.05867159366607666
443.364983,0.22814404964447021,0.08202993869781494,0.2836173474788666
443.465456,-0.07384546101093292,0.3830416202545166,0.2436763048171997
443.566040,-0.2172257900238037,-0.22586292028427124,-0.21226847171783447
443.666583,-0.057274818420410156,-0.19097882509231567,-0.09463554620742798
443.767093,0.15111839771270752,-0.1122860312461853,-0.027270201593637466
443.867540,0.07967594265937805,-0.07677876949310303,-0.0074585676193237305
443.968053,-0.032711148262023926,0.009247422218322754,-0.009208444505929947
444.068560,-0.03128203749656677,0.033099591732025146,0.01728343963623047
444.168986,-0.11999472975730896,0.10476917028427124,-0.09035158157348633
444.269738,-0.06961387395858765,-0.3851407766342163,-0.05873727798461914
444.370061,0.14668536186218262,0.04207313060760498,0.24925804138183594
444.470533,-0.13836601376533508,0.45947402715682983,0.17603111267089844
444.571092,-0.23591768741607666,-0.19788330793380737,-0.21651196479797363
444.671707,-0.032900065183639526,-0.1677303910255432,-0.03075004369020462
444.772075,0.16832667589187622,-0.07194739580154419,-0.005445726215839386
444.872544,0.021197140216827393,-0.08262777328491211,0.008192650973796844
444.973093,-0.01702532172203064,0.0009573101997375488,0.007809296250343323
445.073647,0.026130706071853638,-0.0014533400535583496,0.02416372299194336
445.174098,0.07474526762962341,0.06387203931808472,0.0192338228225708
445.274619,-0.11025726795196533,0.09483373165130615,-0.08382868766784668
445.375059,-0.17942377924919128,-0.1997019648551941,-0.04249405860900879
445.475579,0.18363893032073975,-0.07592546939849854,0.15317505598068237
445.576157,-0.019610676914453506,0.40933334827423096,0.1352216899394989
445.676667,-0.290387362241745,-0.013710975646972656,-0.1664196103811264
445.777282,-0.16514018177986145,-0.40548044443130493,0.014801770448684692
445.877520,0.23311391472816467,-0.029226243495941162,0.01895090937614441
445.978057,0.16596132516860962,-0.018349051475524902,0.08115866780281067
446.078626,-0.014929383993148804,-0.05095398426055908,-0.014082446694374084
446.179079,-0.0241449773311615,0.005449473857879639,-0.04686594009399414
446.279553,0.0003040730953216553,0.003622710704803467,-0.03817199170589447
446.380062,-0.02331686019897461,-0.03515946865081787,-0.022272706031799316
446.480608,0.018631011247634888,0.036026597023010254,-0.008753180503845215
446.581119,-0.009625017642974854,-0.027179360389709473,0.00044773519039154053
446.681597,0.006612539291381836,-0.028416752815246582,-0.021690011024475098
446.782100,0.06242009997367859,0.029939770698547363,0.0068378448486328125
446.882623,-0.05165523290634155,-0.034104228019714355,0.033900171518325806
446.983081,-0.02663019299507141,0.01107025146484375,-0.008698582649230957
447.083629,0.016392648220062256,0.0010837912559509277,-0.023517370223999023
447.184155,0.017102569341659546,-0.0006198883056640625,0.017497435212135315
447.284689,-0.02826496958732605,-0.015271365642547607,0.006584420800209045
447.385095,-0.013809144496917725,-0.00634843111038208,0.012109287083148956
447.485589,0.00856819748878479,0.05960643291473389,0.018542885780334473
447.586101,-0.004215031862258911,-0.033062875270843506,0.01080227643251419
447.686641,0.01370912790298462,0.011788785457611084,0.024750828742980957
447.787088,-0.0030194520950317383,0.004025518894195557,0.022353775799274445
447.887645,0.006586700677871704,0.02565598487854004,0.06469738483428955
447.988141,-0.11054512858390808,-0.029320597648620605,-0.03651668131351471
448.088638,-0.008813798427581787,-0.41970300674438477,0.07830923795700073
448.189113,0.0876183807849884,0.12925755977630615,0.35636842250823975
448.289614,-0.13283288478851318,0.24889743328094482,0.03954455256462097
448.390160,-0.23243723809719086,-0.3261193633079529,-0.11689305305480957
448.490643,0.04107898473739624,-0.046830058097839355,0.02201598882675171
448.591109,0.15334755182266235,0.017811894416809082,0.020764470100402832
448.691621,-0.05856207013130188,-0.05134272575378418,0.01087094098329544
448.792125,-0.006838738918304443,0.0256655216217041,-0.006043367087841034
448.892680,0.026991963386535645,-0.005586087703704834,0.015543583780527115
448.993163,-0.025209754705429077,-0.07368916273117065,0.0008765421807765961
449.093732,0.01276281476020813,0.0007153749465942383,0.021941065788269043
449.194200,0.008993417024612427,0.0366479754447937,0.009011983871459961
449.294690,-0.08837425708770752,0.09087198972702026,-0.07526804506778717
449.395159,0.0061400532722473145,-0.31570518016815186,0.05904817581176758
449.495654,0.25103306770324707,0.07867521047592163,0.2718452513217926
449.596179,-0.15202581882476807,0.21736931800842285,0.13340100646018982
449.696720,-0.23630231618881226,-0.11449682712554932,-0.18534481525421143
449.797092,-0.09182637929916382,-0.2741276025772095,0.11006331443786621
449.897650,0.22427576780319214,0.025993645191192627,0.0067131370306015015
449.998131,0.09948530793190002,-0.04733783006668091,0.03003978729248047
450.098786,0.03136378526687622,-0.0007266402244567871,-0.001941576600074768
450.199115,-0.019130557775497437,-0.005141913890838623,0.007398843765258789
450.299716,-0.04468882083892822,0.055856287479400635,0.03303945064544678
450.400115,-0.1675686538219452,-0.3654515743255615,-0.015506625175476074
450.500634,0.2522253096103668,0.035396039485931396,0.25655966997146606
450.601132,-0.028713621199131012,0.256919264793396,0.1693653166294098
450.701742,-0.06726671755313873,-0.05005776882171631,-0.022412538528442383
450.802110,-0.175691157579422,-0.20880848169326782,-0.06995654106140137
450.902837,0.14898908138275146,0.043101370334625244,0.017580971121788025
451.003138,0.07550525665283203,-0.0645972490310669,0.017675727605819702
451.103667,-0.007941663265228271,-0.004650294780731201,0.03555537760257721
451.204158,-0.006486266851425171,0.011880040168762207,0.0021817833185195923
451.304740,-0.02683374285697937,-0.007818043231964111,0.008546024560928345
451.405165,-0.1512390673160553,-0.11925947666168213,-0.031264543533325195
451.505669,0.07734306156635284,-0.166567862033844,0.09035682678222656
451.606158,0.1681382656097412,0.15336591005325317,0.20867660641670227
451.706671,-0.1468973159790039,0.07015645503997803,-0.0018609166145324707
451.807162,-0.2382177710533142,-0.2120411992073059,-0.10654531419277191
451.907657,-0.008704900741577148,0.024944007396697998,-0.026766076683998108
452.008192,0.15873202681541443,0.016923367977142334,0.032143719494342804
452.108743,0.028018608689308167,-0.11547762155532837,0.0231635719537735
452.209194,0.019061237573623657,0.046309828758239746,0.00840267539024353
452.309707,-0.001967132091522217,0.009129106998443604,-0.01918281614780426
452.410188,-0.00014044344425201416,0.05745375156402588,-0.001848950982093811
452.510622,-0.009906679391860962,-0.012598991394042969,0.008985742926597595
452.611178,-0.048447370529174805,0.025160551071166992,-0.04239419102668762
452.711683,-0.08265368640422821,-0.13302558660507202,-0.0008656978607177734
452.812133,0.1591913253068924,-0.03788495063781738,0.1378016471862793
452.912806,-0.009852290153503418,0.19121283292770386,0.11939665675163269
453.013214,-0.2174670398235321,0.1836249828338623,-0.03587019443511963
453.113738,-0.2629646062850952,-0.21273142099380493,-0.049953609704971313
453.214218,0.13974836468696594,-0.019762039184570312,0.014699071645736694
453.314937,0.15810784697532654,-0.03375875949859619,0.02384902536869049
453.415261,0.015703335404396057,-0.05884242057800293,0.018293142318725586
453.515672,-0.018642514944076538,0.03544807434082031,-0.012334123253822327
453.616131,0.02779245376586914,-0.0006794929504394531,0.01264837384223938
453.716706,0.032256901264190674,-0.043511927127838135,0.013178586959838867
453.817216,-0.06452575325965881,0.021083950996398926,-0.08278226852416992
453.917710,-0.07395857572555542,-0.15595221519470215,-0.023779138922691345
454.018182,0.15172377228736877,0.04321688413619995,0.18993721902370453
454.118710,-0.035755455493927,0.259868323802948,0.10996544361114502
454.219209,-0.1628071367740631,-0.0011545419692993164,-0.1004176139831543
454.319690,-0.2328844964504242,-0.14356571435928345,-0.031170502305030823
454.420267,0.15027987957000732,-0.027383804321289062,0.02271437644958496
454.520875,0.07899945974349976,-0.022643685340881348,-0.01997588574886322
454.621198,0.015576034784317017,-0.03644949197769165,-0.0007356405258178711
454.721779,-0.01037326455116272,0.02239680290222168,-0.014952905476093292
454.822218,-0.015616148710250854,0.01354902982711792,-0.006397128105163574
454.922698,0.010835230350494385,-0.026148617267608643,-0.012107014656066895
455.023201,0.016060978174209595,-0.016514301300048828,0.009494006633758545
455.123713,-0.01259845495223999,0.014603912830352783,-0.002769116312265396
455.224179,-0.0023458898067474365,0.0008645057678222656,5.729496479034424e-06
455.324704,0.0013443827629089355,-0.003242015838623047,-0.009620435535907745
455.425229,-0.01714208722114563,-0.011206209659576416,-0.009782493114471436
455.525700,-0.011130928993225098,0.008657574653625488,0.006396651268005371
455.626203,-0.017633482813835144,-0.02359241247177124,-0.010851383209228516
455.726716,0.006159797310829163,-0.0023640990257263184,0.0010743886232376099
455.827184,0.00297662615776062,-0.0061994194984436035,-0.007858648896217346
455.927747,-0.005567282438278198,-0.005375683307647705,0.00918443500995636
456.028288,-0.01615382730960846,0.014778852462768555,0.018580317497253418
456.128727,-0.0040623098611831665,-0.022569656372070312,-0.00939244031906128
456.229219,-0.01020359992980957,0.01607060432434082,0.02803802490234375
456.329794,-0.006087541580200195,-0.006705641746520996,0.0039103031158447266
456.430216,-0.007270842790603638,-0.0028685331344604492,0.012697994709014893
456.530780,-0.00917886197566986,0.022535979747772217,0.004627421498298645
456.631252,-0.0013523697853088379,-0.01277858018875122,-0.0015909075736999512
456.731761,0.0014716386795043945,0.008656024932861328,0.02258707582950592
456.832193,-0.017885476350784302,-0.004984736442565918,0.01323014497756958
456.932804,-0.017831921577453613,0.01482844352722168,0.02653723955154419
457.033322,-0.07375332713127136,0.0014148950576782227,-0.015671834349632263
457.133740,-0.08192098140716553,-0.20164453983306885,-0.061526596546173096
457.234328,0.25508201122283936,-0.09510922431945801,0.14968454837799072
457.334705,0.014181926846504211,0.22553426027297974,0.2298869490623474
457.435261,-0.17319820821285248,-0.031266748905181885,-0.09263823926448822
457.535811,-0.06098964810371399,-0.14015871286392212,-0.052524566650390625
457.636297,0.14060837030410767,-0.027085483074188232,0.07390618324279785
457.736728,0.04575338959693909,-0.1854667067527771,0.07959115505218506
457.837331,0.047133371233940125,-0.2570050358772278,0.1388973742723465
457.937751,-0.0472395084798336,-0.20796984434127808,0.13298872113227844
458.038181,-0.11303430795669556,-0.03797304630279541,0.04091063141822815
458.138751,0.19775086641311646,0.11146897077560425,0.17365288734436035
458.239258,0.1357795000076294,0.052432894706726074,0.10138148069381714
458.339696,-0.060191571712493896,-0.11836397647857666,0.05862957239151001
458.440300,-0.11890500783920288,-0.11948072910308838,0.1195676326751709
458.540908,-0.1728149652481079,-0.0392683744430542,0.17679394781589508
458.641223,-0.0722312331199646,0.11754006147384644,0.2777729034423828
458.741907,-0.11404800415039062,0.2767757177352905,0.3758270740509033
458.842247,0.029090553522109985,0.2873583436012268,0.25206905603408813
458.942785,-0.050011396408081055,0.10117608308792114,0.1768556833267212
459.043242,-0.2811881899833679,0.03242640197277069,-0.0056146979331970215
459.143757,-0.5551824569702148,0.3097202777862549,-0.24043545126914978
459.244249,-0.5771347880363464,0.47558465600013733,-0.23329228162765503
459.344768,-0.30537867546081543,0.319963663816452,0.08616340160369873
459.445256,-0.10374253988265991,0.20898491144180298,0.4783424139022827
459.545786,-0.01888418197631836,0.35720887780189514,0.7314352989196777
459.646390,0.053525328636169434,0.4854292869567871,0.7410193681716919
459.746780,0.007976628839969635,0.4024161100387573,0.48212867975234985
459.847242,0.23806394636631012,-0.00936192274093628,0.09747183322906494
459.947788,0.27633628249168396,-0.3069707155227661,0.2820580005645752
460.048303,0.05236660689115524,-0.4812227487564087,0.11648833006620407
460.148807,0.19858868420124054,-0.3733412027359009,0.14877939224243164
460.249289,-0.12072297930717468,0.02438962459564209,0.08067595213651657
460.349781,-0.29803532361984253,-0.01840376853942871,-0.2336435467004776
460.450326,0.5926173329353333,-0.1609177589416504,0.3765297532081604
460.550811,-0.02287444844841957,0.11234313249588013,0.3950365483760834
460.651359,-0.40068286657333374,0.10527241230010986,-0.00577961653470993
460.751766,-0.23865357041358948,-0.22808349132537842,-0.25919580459594727
460.852286,0.20271313190460205,-0.05644720792770386,0.044468045234680176
460.952784,0.12902650237083435,-0.02931976318359375,0.11076927930116653
461.053332,-0.08915656059980392,0.038117051124572754,0.05260586738586426
461.153863,-0.015909485518932343,0.00485682487487793,-0.05048799514770508
461.254262,0.008557505905628204,0.05005377531051636,0.008099198341369629
461.354756,-0.26751264929771423,-0.15608805418014526,-0.17910385131835938
461.455368,0.567032516002655,-0.322460412979126,0.31294411420822144
461.555857,-0.08191923052072525,0.21299266815185547,0.3043549954891205
461.656292,-0.659337043762207,0.09305334091186523,-0.0878434032201767
461.756696,-0.019554734230041504,-0.2758587598800659,-0.11484962701797485
461.857323,0.23969024419784546,-0.05655407905578613,0.007743116468191147
461.957901,-0.04554086923599243,0.03653395175933838,0.0542830228805542
462.058318,0.01455196738243103,0.01642775535583496,0.011077523231506348
462.158729,0.05100342631340027,-0.03975099325180054,0.0074089765548706055
462.259374,-0.007853686809539795,-0.010630309581756592,0.0146829504519701
462.359783,-0.015495598316192627,0.08073854446411133,0.005126776173710823
462.460293,-0.09617479145526886,0.16532182693481445,-0.07844233512878418
462.560818,-0.24069924652576447,-0.3280057907104492,-0.025769956409931183
462.661295,0.5505130290985107,-0.2103598713874817,0.3396919369697571
462.761853,-0.26326632499694824,0.3687285780906677,0.20584237575531006
462.862261,-0.5487427711486816,0.07309228181838989,-0.14254255592823029
462.962791,0.043217480182647705,-0.41889822483062744,0.010070323944091797
463.063284,0.15008702874183655,-0.21546876430511475,0.05115556716918945
463.163782,0.026988178491592407,0.03794443607330322,0.06207704544067383
463.264332,-0.09499338269233704,0.05679565668106079,0.011987805366516113
463.364869,0.03988850116729736,-0.0025600790977478027,-0.011190295219421387
463.465321,-0.06177634000778198,0.02036905288696289,0.002027153968811035
463.565865,-0.32796451449394226,-0.10923796892166138,-0.1979621797800064
463.666372,0.39423415064811707,-0.26452624797821045,0.13602590560913086
463.766972,0.16251526772975922,0.12965762615203857,0.23206473886966705
463.867339,-0.5873883962631226,0.39800405502319336,-0.05540793389081955
463.967839,-0.20357979834079742,-0.2384088635444641,-0.04873517155647278
464.068323,0.17516019940376282,-0.32723432779312134,0.07265710830688477
464.168747,0.15202069282531738,0.04700392484664917,0.02543783187866211
464.269378,-0.14241337776184082,0.006863594055175781,-0.015737295150756836
464.369843,-0.040562957525253296,-0.022100508213043213,-0.01890374720096588
464.470305,0.05021098256111145,-0.014757335186004639,0.02630150318145752
464.570840,-0.026104256510734558,-0.09909838438034058,0.017316803336143494
464.671371,-0.03453323245048523,0.035352885723114014,-0.007978558540344238
464.771924,0.01764117181301117,0.04214465618133545,0.0053424835205078125
464.872391,0.004396751523017883,-0.0584377646446228,0.014066934585571289
464.972853,-0.0006896704435348511,-0.021394550800323486,-0.009233862161636353
465.073389,-0.05972862243652344,0.018357813358306885,0.004613533616065979
465.173891,0.023708835244178772,0.15141820907592773,-0.01460196077823639
465.274363,-0.0010974109172821045,-0.002784550189971924,0.00038851797580718994
465.374850,0.05911244451999664,0.06396818161010742,0.031877756118774414
465.475366,0.010392315685749054,0.03188294172286987,0.025139927864074707
465.575983,-0.06963250041007996,-0.026378273963928223,-0.0037505626678466797
465.676383,-0.04780738800764084,-0.01013171672821045,-0.006842257454991341
465.776900,0.08810988813638687,-0.029265940189361572,0.07560241222381592
465.877353,-0.1004730761051178,0.07512813806533813,0.06733143329620361
465.977849,-0.1895371377468109,-0.05990999937057495,-0.14910542964935303
466.078383,0.19173473119735718,-0.3001129627227783,0.09939801692962646
466.178921,0.2999568581581116,-0.1621726155281067,0.24229830503463745
466.279343,-0.12605462968349457,0.20433157682418823,0.2472267746925354
466.379862,-0.3070068359375,0.17220920324325562,-0.031093239784240723
466.480350,-0.012869253754615784,-0.18727105855941772,-0.04182647168636322
466.580886,0.14055126905441284,-0.2425338625907898,-0.04269611835479736
466.681365,0.129770427942276,0.0708433985710144,0.05680549144744873
466.781902,-0.023663043975830078,0.041502177715301514,0.04377042502164841
466.882319,-0.036674126982688904,-0.04283618927001953,-0.005467474460601807
466.983012,0.04121331870555878,-0.013257920742034912,0.0014542341232299805
467.083497,-0.008483350276947021,0.012493431568145752,0.019049229100346565
467.183840,-0.24928055703639984,-0.01229184865951538,-0.15654975175857544
467.284458,0.4034067392349243,-0.20820116996765137,0.10575580596923828
467.384911,0.10409288108348846,0.0887904167175293,0.22920507192611694
467.485488,-0.32645803689956665,0.09141772985458374,0.06229686737060547
467.585901,-0.19355691969394684,-0.08619964122772217,-0.08103418350219727
467.686373,0.16301119327545166,-0.28790807723999023,-0.022140607237815857
467.786840,0.23975121974945068,0.009379565715789795,0.07391917705535889
467.887451,-0.07198452949523926,0.07988476753234863,0.026756227016448975
467.987911,-0.005343258380889893,-0.09266602993011475,-0.0015857219696044922
468.088384,0.025750085711479187,-0.07063007354736328,-0.009009480476379395
468.188895,-0.00828048586845398,0.001234889030456543,0.007104039192199707
468.289470,0.02097645401954651,0.002964019775390625,0.011872410774230957
468.389914,0.003996938467025757,-0.0029599666595458984,0.004282831214368343
468.490383,0.013863861560821533,-1.5556812286376953e-05,0.007464172318577766
468.590958,0.022833749651908875,0.02795034646987915,0.028873680159449577
468.691485,-0.10203501582145691,-0.1389194130897522,-0.11464989185333252
468.791977,0.29840704798698425,-0.22659313678741455,0.10222792625427246
468.892456,-0.00431407243013382,0.07399517297744751,0.18712228536605835
468.993019,-0.3416011333465576,0.18158674240112305,0.03462246060371399
469.093448,-0.2454260289669037,0.15157341957092285,-0.05734861269593239
469.194007,0.11767987906932831,-0.11768835783004761,0.013920888304710388
469.294597,0.17274245619773865,-0.48175179958343506,0.010198235511779785
469.394913,0.003908604383468628,0.19722622632980347,0.021034233272075653
469.495458,0.0228898823261261,-0.2162756323814392,-0.05165290832519531
469.595907,0.011061519384384155,0.04990077018737793,0.05981682986021042
469.696493,-0.0441838800907135,-0.02193474769592285,-0.03727935999631882
469.796917,0.01433369517326355,0.015942096710205078,0.011890880763530731
469.897409,0.001637279987335205,0.006318330764770508,-0.00437212735414505
469.997875,-0.0008402466773986816,0.004180610179901123,0.007918231189250946
470.098457,-0.016418904066085815,-0.0121116042137146,-0.03180170804262161
470.198908,0.019949764013290405,-0.003093123435974121,-0.01682674139738083
470.299465,-0.029918938875198364,0.0046100616455078125,-0.015113353729248047
470.399986,0.01330748200416565,-0.00997936725616455,0.012875072658061981
470.500485,0.007262736558914185,-0.060911476612091064,-0.0568549707531929
470.600922,0.16280314326286316,-0.10549366474151611,0.13498841226100922
470.701432,-0.06756311655044556,-0.12558281421661377,-0.059144020080566406
470.801964,-0.08669553697109222,0.06861084699630737,0.06126439571380615
470.902420,-0.2138650119304657,0.17676198482513428,0.04690825939178467
471.002920,-0.17183345556259155,-0.056577324867248535,-0.13221734762191772
471.103439,0.4241836667060852,-0.26464056968688965,0.15646326541900635
471.203987,0.29570674896240234,-0.06064426898956299,0.19515690207481384
471.304626,-0.3663128912448883,0.250535786151886,0.11003842949867249
471.405078,-0.25502723455429077,-0.06821411848068237,-0.13211429119110107
471.505406,0.11874756217002869,-0.18038815259933472,-0.05364394187927246
471.606052,0.11320653557777405,-0.04875922203063965,0.0368037149310112
471.706469,0.012853294610977173,0.12439334392547607,0.06555986404418945
471.806935,-0.06771333515644073,-0.04127764701843262,0.006971478462219238
471.907465,0.0027840137481689453,-0.010273754596710205,-0.012486465275287628
472.007962,0.04040601849555969,0.02901512384414673,0.007228001952171326
472.108482,0.11244331300258636,0.0013207793235778809,0.0579686164855957
472.208985,0.11202219128608704,-0.09050995111465454,0.0893319845199585
472.309443,-0.17498666048049927,0.09658485651016235,-0.017640475183725357
472.410022,-0.2899462580680847,-0.08373057842254639,-0.20527270436286926
472.510528,0.5026813745498657,-0.33452147245407104,0.14069700241088867
472.610987,-0.01947440207004547,0.06335383653640747,0.3099091351032257
472.711438,-0.6103981137275696,0.19121497869491577,-0.06783491373062134
472.811986,-0.07242342829704285,-0.23747146129608154,-0.09171661734580994
472.912457,0.26353198289871216,-0.12449222803115845,-0.015140175819396973
473.012948,0.04701417684555054,0.11541634798049927,0.07141220569610596
473.113475,0.021345123648643494,-0.09924441576004028,0.05636727809906006
473.214012,0.15471649169921875,-0.13702470064163208,0.10158896446228027
473.314544,-0.004586666822433472,0.012497305870056152,0.08397352695465088
473.414980,-0.15012751519680023,0.2429647445678711,-0.026253104209899902
473.515452,-0.4360317289829254,-0.22075945138931274,-0.2804715931415558
473.615911,0.35835909843444824,-0.24508440494537354,0.0264350026845932
473.716585,0.29263371229171753,-0.0155448317527771,0.3574654757976532
473.816925,-0.37498822808265686,0.17509233951568604,0.29999345541000366
473.917427,-0.24382831156253815,-0.036343395709991455,-0.10210871696472168
474.017987,0.015510708093643188,-0.264595091342926,-0.13599342107772827
474.118436,0.13132277131080627,-0.08849704265594482,0.01446688175201416
474.218998,0.006739199161529541,0.09607881307601929,0.10215545445680618
474.319468,0.028556734323501587,-0.0005655884742736816,0.027367472648620605
474.419978,0.01160740852355957,0.02179056406021118,0.01287221908569336
474.520453,-0.0375564843416214,0.03782463073730469,0.0043222904205322266
474.620969,-0.09405851364135742,0.16376906633377075,-0.06498374044895172
474.721472,-0.3777673542499542,-0.09263622760772705,-0.3138650357723236
474.821995,0.30530592799186707,-0.34724390506744385,0.123970627784729
474.922456,0.29021039605140686,-0.05140644311904907,0.3593069016933441
475.022938,-0.2966277599334717,0.3738338351249695,0.3243194818496704
475.123618,-0.349029541015625,-0.20009011030197144,-0.1322394609451294
475.224028,-0.049338847398757935,-0.2727230191230774,-0.16356246173381805
475.324472,0.18640807271003723,0.010626435279846191,0.05397570878267288
475.424997,0.04845896363258362,0.09420382976531982,0.12183201313018799
475.525442,0.026670455932617188,-0.10031294822692871,0.014241576194763184
475.625994,-0.003319978713989258,0.0577472448348999,-0.021919727325439453
475.726536,-0.01905152201652527,-0.0003459453582763672,-0.06757533550262451
475.826968,0.014662772417068481,0.06013035774230957,-0.0027507618069648743
475.927499,-0.29572799801826477,0.11524736881256104,-0.004641897976398468
476.027971,-0.13758349418640137,-0.3580188751220703,0.023315206170082092
476.128474,0.7568466663360596,-0.26264864206314087,0.38465869426727295
476.229071,-0.12154099345207214,0.44074010848999023,0.3745729327201843
476.329538,-0.31403353810310364,-0.19148623943328857,-0.03260542452335358
476.429966,-0.27182310819625854,-0.3474556803703308,-0.29125893115997314
476.530509,0.08930328488349915,0.01830458641052246,-0.12197376787662506
476.630972,-0.1721903681755066,0.1437869668006897,-0.06843113899230957
476.731494,-1.6510486602783203e-05,-0.11173826456069946,0.16857922077178955
476.831996,-0.028346538543701172,-0.023726940155029297,0.27388131618499756
476.932515,-0.1576547622680664,-0.12051725387573242,0.16515029966831207
477.032987,-0.006436645984649658,0.03577393293380737,-0.023809686303138733
477.133485,-0.021227896213531494,0.008835017681121826,-0.03801730275154114
477.234033,0.017793118953704834,0.008723437786102295,0.05294117331504822
477.334489,-0.001573324203491211,0.01650756597518921,0.008973687887191772
477.435011,-0.02716660499572754,-0.02075248956680298,0.0045386552810668945
477.535490,0.060046255588531494,-0.03549075126647949,-0.02251112461090088
477.636092,0.09525710344314575,-0.10670393705368042,0.020061135292053223
477.736480,0.017282843589782715,-0.08934491872787476,0.04408431053161621
477.837022,-0.04879492521286011,-0.15179681777954102,-0.10011732578277588
477.937439,-0.22044673562049866,0.09928792715072632,-0.12799477577209473
478.038173,-0.26491186022758484,0.3636912703514099,-0.05726665258407593
478.138548,-0.07227727770805359,0.08951181173324585,-0.10972404479980469
478.238988,0.3427254557609558,-0.6780109405517578,0.36984705924987793
478.339514,0.30088505148887634,-0.2470487356185913,0.4647497534751892
478.440023,-0.5366807579994202,0.5048638582229614,0.2635478973388672
478.540532,-0.4597617983818054,0.111469566822052,-0.2783859968185425
478.641090,0.18650773167610168,-0.4790005087852478,0.11698783189058304
478.741691,0.2562655210494995,-0.23133492469787598,0.08872279524803162
478.842011,0.024020791053771973,0.12486594915390015,0.04432249069213867
478.942596,-0.07152929902076721,0.06459707021713257,0.016490235924720764
479.043053,-0.12316882610321045,0.10300612449645996,-0.13236451148986816
479.143487,0.25714951753616333,-0.5250817537307739,0.10863301157951355
479.244009,0.10593228042125702,-0.0063277482986450195,0.4229167103767395
479.344550,-0.5071684122085571,0.4107397794723511,0.18411529064178467
479.445037,-0.3592352569103241,-0.12364614009857178,-0.1831684559583664
479.545488,0.041673094034194946,-0.41805481910705566,-0.05714142322540283
479.646062,0.19378623366355896,-0.013037502765655518,0.06666553020477295
479.746500,-0.05047810077667236,0.022335708141326904,0.03693336248397827
479.847042,-0.03350523114204407,-0.07356226444244385,-0.024853244423866272
479.947521,0.04937845468521118,0.007499516010284424,0.04887712001800537
480.047979,-0.3330821990966797,0.11961990594863892,-0.24262098968029022
480.148533,0.37481260299682617,-0.7102152705192566,0.11002844572067261
480.249032,0.08831795305013657,-0.17404675483703613,0.3962879180908203
480.349600,-0.5759403705596924,0.3904244899749756,0.1850069761276245
480.450116,-0.370076060295105,-0.06130170822143555,-0.1353670358657837
480.550516,0.056585490703582764,-0.3753511905670166,-0.055098116397857666
480.651064,0.1601502001285553,-0.1190115213394165,0.0016741156578063965
480.751541,-0.029392093420028687,0.03777676820755005,0.02783423662185669
480.852066,-0.021048247814178467,-0.010705530643463135,0.021886887028813362
480.952832,0.03531241416931152,-0.0893980860710144,0.005732476711273193
481.053018,0.09719547629356384,-0.1560242772102356,0.08148235082626343
481.153571,-0.012060463428497314,0.03485119342803955,0.026650607585906982
481.254119,-0.12165859341621399,0.3374629020690918,-0.17753851413726807
481.354491,-0.3421992361545563,-0.06313759088516235,-0.14179015159606934
481.455051,0.6613749861717224,-0.48054832220077515,0.3027227520942688
481.555528,0.16878150403499603,-0.1804627776145935,0.2918059825897217
481.656058,-0.3881417512893677,0.42979562282562256,0.2209765911102295
481.756605,-0.3571377694606781,0.01803046464920044,-0.13791698217391968
481.857075,-0.001400962471961975,-0.3719656467437744,-0.009146243333816528
481.957611,0.18186059594154358,-0.23105311393737793,-0.03744995594024658
482.058111,0.12029555439949036,-0.016315937042236328,0.07538849115371704
482.158466,-0.04350091516971588,-0.033298492431640625,-0.009125351905822754
482.259074,0.03368024528026581,-0.10566508769989014,0.003789551556110382
482.359656,-0.12488068640232086,0.0692644715309143,-0.04352414608001709
482.460153,-0.2814130187034607,0.03737771511077881,-0.13592875003814697
482.560557,0.16418826580047607,-0.35409295558929443,0.06399183720350266
482.661130,0.25931382179260254,0.05475163459777832,0.3201243579387665
482.761589,-0.4374840557575226,0.3224695324897766,0.09415048360824585
482.862095,-0.27329039573669434,0.1375686526298523,-0.12950700521469116
482.962594,-0.06016026437282562,-0.49882972240448,-0.045384764671325684
483.063054,0.13849356770515442,-0.21035915613174438,-0.006728045642375946
483.163537,0.01666197180747986,0.10353708267211914,0.005273699760437012
483.264129,-0.06084218621253967,0.022480010986328125,-0.014914512634277344
483.364582,-0.03251582384109497,-0.03745537996292114,0.01652514934539795
483.465090,0.03538423776626587,0.006989598274230957,0.027835123240947723
483.565578,0.001280665397644043,0.018069863319396973,0.015850551426410675
483.666096,-0.013646751642227173,-0.012923896312713623,-0.0014499351382255554
483.766622,-0.0038104355335235596,-0.019632697105407715,-0.008667707443237305
483.867153,0.016585662961006165,0.035018980503082275,0.015144705772399902
483.967542,0.006594553589820862,0.007428765296936035,0.019742727279663086
484.068047,0.039760321378707886,-0.04376029968261719,0.02839946746826172
484.168498,-0.0058197081089019775,0.024237990379333496,0.010855671018362045
484.269032,-0.008752778172492981,0.032109856605529785,0.02101564221084118
484.369563,-0.0002340376377105713,0.03225630521774292,0.003354068845510483
484.470086,0.020247846841812134,-0.0007811784744262695,0.023334268480539322
484.570555,0.014298349618911743,-0.03745746612548828,0.01565755158662796
484.671005,-0.02966095507144928,0.026360929012298584,0.013135548681020737
484.771568,-0.2830657958984375,-0.20847874879837036,-0.21220314502716064
484.872114,0.11881411075592041,-0.3148398995399475,0.073139488697052
484.972579,0.30425572395324707,-0.10880076885223389,0.3486812710762024
485.073070,-0.15343697369098663,0.3602578043937683,0.2781720757484436
485.173634,-0.4564841091632843,0.17046105861663818,0.0636606216430664
485.274067,0.030117712914943695,-0.3082520365715027,-0.05760228633880615
485.374562,0.17657427489757538,-0.19741445779800415,-0.013676770031452179
485.475075,0.09847202897071838,0.07681965827941895,0.09146267175674438
485.575656,-0.01077181100845337,0.05525606870651245,0.04755747318267822
485.676084,-0.055488958954811096,0.007514357566833496,0.0017070844769477844
485.776577,-0.13765378296375275,-0.3246661424636841,-0.04749298095703125
485.877133,0.4595954716205597,-0.2551001310348511,0.2570606470108032
485.977688,-0.1407245397567749,0.2434372901916504,0.3757796883583069
486.078124,-0.5718433260917664,0.17846214771270752,-0.09809434413909912
486.178625,-0.12538227438926697,-0.35567009449005127,-0.051985278725624084
486.279082,0.25358399748802185,-0.3257209062576294,0.04178667068481445
486.379693,0.09507313370704651,0.12620723247528076,0.0659824088215828
486.480161,-0.044323742389678955,0.021469056606292725,0.026729702949523926
486.580578,-0.04984012246131897,-0.06244027614593506,0.019599318504333496
486.681118,-0.1005648672580719,0.10491394996643066,-0.12592589855194092
486.781623,0.25170522928237915,-0.38394296169281006,0.1307116150856018
486.882142,0.2437678575515747,0.007655620574951172,0.35646528005599976
486.982568,-0.5132801532745361,0.20276105403900146,0.16158661246299744
487.083140,-0.29692739248275757,-0.11494177579879761,-0.145549476146698
487.183600,0.22005778551101685,-0.36379915475845337,-0.00507044792175293
487.284090,0.22680091857910156,0.07770019769668579,0.061597228050231934
487.384666,-0.02966877818107605,0.09593653678894043,0.03921759873628616
487.485102,-0.04013285040855408,-0.08856797218322754,0.005825266242027283
487.585631,-0.06778472661972046,0.054049909114837646,-0.04444681107997894
487.686157,-0.16658669710159302,-0.48049330711364746,0.09920370578765869
487.786612,0.37501412630081177,-0.03208988904953003,0.3686414361000061
487.887198,-0.5264259576797485,0.11622363328933716,0.19293266534805298
487.987707,-0.4628598690032959,0.09816092252731323,-0.10307778418064117
488.088161,0.16165459156036377,-0.5596849322319031,0.03163743019104004
488.188632,0.13972026109695435,-0.13639241456985474,0.13553068041801453
488.289124,0.012666642665863037,0.11151695251464844,0.055120378732681274
488.389601,0.08592498302459717,-0.028268158435821533,0.009487748146057129
488.490120,0.058394789695739746,0.0003018677234649658,-0.02075272798538208
488.590647,-0.017370283603668213,0.007386356592178345,-0.0075518786907196045
488.691102,0.03515160083770752,-0.0482848584651947,0.022949665784835815
488.791606,0.005093753337860107,-0.008091062307357788,0.004380226135253906
488.892210,0.03305494785308838,0.18708327412605286,-0.12644526362419128
488.992629,-0.25137245655059814,0.07111704349517822,-0.09009738266468048
489.093165,0.3745269179344177,-0.4270726442337036,0.3700977563858032
489.193705,-0.07999704778194427,0.11930012702941895,0.23070457577705383
489.294138,-0.5674353241920471,0.1026449203491211,-0.0800766795873642
489.394610,-0.20626968145370483,-0.1253846287727356,-0.1159011572599411
489.495130,0.17447051405906677,-0.2797682285308838,0.08272646367549896
489.595702,0.12264889478683472,-0.26665592193603516,0.12697649002075195
489.696240,-0.04589194059371948,-0.13753944635391235,0.04350244998931885
489.796661,0.40860962867736816,-0.23598623275756836,0.37461453676223755
489.897177,0.30025357007980347,-0.022856980562210083,0.4436976909637451
489.997637,-0.28559166193008423,0.20762154459953308,-0.21963465213775635
490.098158,-0.5045642852783203,0.1774541139602661,-0.7201793193817139
490.198645,-0.12870949506759644,-0.1305922567844391,0.12129122018814087
490.299282,0.008496105670928955,0.0028250813484191895,0.43858063220977783
490.399684,0.06123906373977661,0.1116715669631958,0.3234557509422302
490.500154,0.06640204787254333,-0.0195351243019104,0.26764875650405884
490.600628,0.046636879444122314,0.20100104808807373,0.1312183141708374
490.701237,-0.07978862524032593,0.287922739982605,-0.06938141584396362
490.801639,-0.05864173173904419,0.45646095275878906,-0.7318578958511353
490.902213,-0.01592770218849182,-0.22545796632766724,0.34708625078201294
491.002727,-0.05974012613296509,0.12041646242141724,-0.17557936906814575
491.103194,-0.059729695320129395,0.12078350782394409,-0.12728524208068848
491.203717,0.10234171152114868,0.6481099724769592,-0.10334920883178711
491.304200,0.08047044277191162,0.550429105758667,0.003585517406463623
491.404747,-0.021538257598876953,0.4411725401878357,0.13753008842468262
491.505034,0.09737610816955566,0.37231141328811646,0.29281681776046753
491.605659,0.005373060703277588,0.24639815092086792,0.2685750126838684
491.706197,-0.05665326118469238,0.05262494087219238,0.3226394057273865
491.806664,-0.09912943840026855,-0.060987651348114014,0.3246413469314575
491.907216,-0.12700438499450684,-0.09997045993804932,0.23137807846069336
492.007680,-0.008669674396514893,-0.7595105171203613,0.2036418914794922
492.108171,0.011760294437408447,0.09585016965866089,-0.0271306112408638
492.208703,0.06278657913208008,0.40666085481643677,0.08354832231998444
492.309196,0.16862088441848755,-0.021634578704833984,-0.03460538387298584
492.409629,-0.05188620090484619,-0.017156749963760376,-0.06042446196079254
492.510150,0.03121119737625122,-0.03069201111793518,0.11550487577915192
492.610701,-0.048119544982910156,-0.03486493229866028,0.05507278069853783
492.711073,-0.18608689308166504,-0.0016650259494781494,0.010770086199045181
492.811720,-0.2330530285835266,-0.07592326402664185,0.012842293828725815
492.912204,-0.07741731405258179,-0.0714600682258606,0.0002940855920314789
493.012703,-0.20260030031204224,0.06828796863555908,-0.1568552404642105
493.113197,-0.12302535772323608,0.26221001148223877,-0.1529669165611267
493.213773,-0.00302809476852417,0.3670680522918701,-0.19549143314361572
493.314160,0.07745803892612457,0.21618735790252686,0.03292044997215271
493.414649,-0.14901188015937805,-0.008112847805023193,-0.07005156576633453
493.515149,0.029779016971588135,0.06882166862487793,0.07542678713798523
493.615759,0.1542603224515915,-0.14389091730117798,0.12919679284095764
493.716244,0.013890281319618225,-0.0653790831565857,-0.016900181770324707
493.816720,-0.15670764446258545,0.015472829341888428,-0.12833958864212036
493.917374,-0.0022602975368499756,-0.3277931809425354,0.11251997947692871
494.017734,0.35820120573043823,-0.07374900579452515,0.16589602828025818
494.118224,-0.06387791782617569,0.2580680847167969,0.14163345098495483
494.218841,-0.2613786458969116,0.09659349918365479,-0.08671027421951294
494.319226,-0.15014781057834625,-0.13274312019348145,-0.07579314708709717
494.419837,0.14981821179389954,-0.19374418258666992,0.0690687894821167
494.520195,0.001185089349746704,0.030620157718658447,0.025886893272399902
494.620730,-0.10833689570426941,-0.025639116764068604,-0.016854271292686462
494.721140,0.06019735336303711,0.04748213291168213,-0.013120189309120178
494.821709,-0.002369493246078491,0.02576345205307007,-0.02350565791130066
494.922189,-0.20349374413490295,-0.09799093008041382,-0.06905034184455872
495.022731,0.3539699912071228,-0.15919554233551025,0.25865745544433594
495.123230,0.0960034504532814,0.13567990064620972,0.1439787894487381
495.223735,-0.37281322479248047,0.1883440613746643,-0.06336474418640137
495.324173,-0.27766674757003784,-0.16213476657867432,-0.0834580808877945
495.424708,0.28753238916397095,-0.07822161912918091,0.0848473459482193
495.525205,0.015633702278137207,0.002624809741973877,0.028647541999816895
495.625747,-0.05423450469970703,0.11577796936035156,-0.06058216094970703
495.726203,0.053783267736434937,-0.02528071403503418,0.02531193196773529
495.826699,-0.15980054438114166,0.07692605257034302,-0.12009692192077637
495.927268,-0.2476406991481781,-0.2550455927848816,0.07652315497398376
496.027723,0.40369361639022827,-0.07173645496368408,0.23890328407287598
496.128205,-0.07020177692174911,0.10664677619934082,0.09202950447797775
496.228665,-0.4283680319786072,0.0792040228843689,-0.20366740226745605
496.329279,-0.03297974169254303,-0.1367083191871643,0.013655543327331543
496.429728,0.18490976095199585,-0.12441986799240112,0.09598907828330994
496.530204,-0.04952442646026611,0.039099276065826416,-0.012478828430175781
496.630711,0.009743422269821167,0.036067306995391846,-0.037510037422180176
496.731302,0.042210131883621216,-0.032750606536865234,0.049635738134384155
496.831751,0.017521142959594727,0.02469879388809204,0.006758898496627808
496.932270,-0.1773931086063385,0.10462582111358643,-0.2633307874202728
497.032783,-0.09550851583480835,-0.11500602960586548,0.14635443687438965
497.133228,0.5028955936431885,-0.043418824672698975,0.29467546939849854
497.233762,-0.17543652653694153,0.12257879972457886,0.054419636726379395
497.334208,-0.4239584803581238,0.08136236667633057,-0.21155108511447906
497.434715,0.12471723556518555,-0.1511852741241455,0.0422193706035614
497.535260,0.17496153712272644,-0.04871368408203125,0.08260248601436615
497.635776,-0.1525871455669403,0.06398844718933105,-0.0517660528421402
497.736231,0.03515064716339111,0.036964237689971924,-0.020545601844787598
497.836745,0.03832313418388367,-0.06373584270477295,0.0401628315448761
497.937229,0.03333130478858948,0.046455323696136475,0.027845367789268494
498.037727,-0.23331323266029358,0.1705126166343689,-0.25586390495300293
498.138133,-0.15673887729644775,-0.2817181944847107,0.17043516039848328
498.238719,0.5502644777297974,-0.08834052085876465,0.2850567102432251
498.339243,-0.24092160165309906,0.3278771638870239,0.048753201961517334
498.439683,-0.4376164972782135,0.08364295959472656,-0.18391811847686768
498.540236,-0.025979280471801758,-0.27287018299102783,-0.00041857361793518066
498.640744,0.2261761724948883,-0.14063870906829834,0.09197208285331726
498.741248,-0.1244511753320694,0.047005534172058105,-0.03421202301979065
498.841749,-0.14071404933929443,-0.0733838677406311,0.006639808416366577
498.942231,-0.18701529502868652,-0.17786914110183716,0.056264519691467285
499.042700,0.08751262724399567,0.1159854531288147,0.06673252582550049
499.143213,-0.014824047684669495,0.22153764963150024,0.003975093364715576
499.243714,-0.23636062443256378,0.08284765481948853,-0.12358783930540085
499.344262,0.22144974768161774,-0.43859994411468506,0.3968658447265625
499.444717,0.11240813881158829,0.1807355284690857,0.1443074345588684
499.545225,-0.29594093561172485,0.41969162225723267,0.09209483861923218
499.645807,-0.22365686297416687,-0.35345447063446045,-0.0698012188076973
499.746231,0.1505921632051468,-0.07780647277832031,0.0166240893304348
499.846751,0.1242663711309433,0.10871762037277222,-0.03808737173676491
499.947274,-0.031481146812438965,-0.0016992688179016113,0.015848275274038315
500.047736,0.0638386681675911,-0.06620818376541138,0.045911550521850586
500.148251,-0.1412154734134674,0.08688420057296753,-0.09607315063476562
500.248767,-0.18874116241931915,-0.2969488501548767,0.021837696433067322
500.349313,0.3770022392272949,-0.05824398994445801,0.23155534267425537
500.449779,-0.054522305727005005,0.23792701959609985,0.07084484398365021
500.550251,-0.4760279655456543,0.004702746868133545,-0.12560170888900757
500.650745,-0.019139260053634644,-0.17986035346984863,-0.007706746459007263
500.751267,0.20355868339538574,-0.08140480518341064,0.020430102944374084
500.851791,-0.08438199758529663,-0.005371987819671631,-0.003844529390335083
500.952254,-0.031086593866348267,0.025556445121765137,-0.02063572406768799
501.052759,0.1070946455001831,-0.08265805244445801,0.05237281322479248
501.153405,0.050661683082580566,-0.11857718229293823,0.10644148290157318
501.253755,0.0353962779045105,0.04643601179122925,0.0061594173312187195
501.354325,-0.1548311412334442,0.21220791339874268,-0.20161746442317963
501.454733,-0.2792087197303772,-0.18011528253555298,-0.003882765769958496
501.555250,0.3936977684497833,-0.2144905924797058,0.25533223152160645
501.655908,0.15819858014583588,0.2756271958351135,0.1451188325881958
501.756287,-0.33653318881988525,0.25572669506073,0.018793761730194092
501.856760,-0.3676941394805908,-0.35594332218170166,-0.009863495826721191
501.957265,0.2301105260848999,-0.39115822315216064,0.13137462735176086
502.057768,0.24270868301391602,0.15473061800003052,-0.0033138543367385864
502.158199,-0.11529198288917542,0.09855198860168457,-0.03373958170413971
502.258769,-0.0027815401554107666,-0.1347174048423767,0.04023158550262451
502.359285,0.02301815152168274,-0.06176495552062988,0.01569199562072754
502.459757,-0.022679775953292847,0.09572863578796387,-0.030445247888565063
502.560263,-0.007580310106277466,0.037136733531951904,-0.03291711211204529
502.660821,0.08438396453857422,-0.05446141958236694,0.034745216369628906
502.761315,-0.035802245140075684,-0.04820019006729126,0.022240161895751953
502.861778,-0.009107440710067749,0.033397555351257324,-0.006720781326293945
502.962274,0.0008278787136077881,-0.023711740970611572,0.0027504563331604004
503.062783,0.18773555755615234,-0.20861750841140747,0.11364875733852386
503.163241,0.0746346116065979,-0.12185502052307129,0.047111451625823975
503.263764,0.16357946395874023,-0.06138703227043152,0.16615557670593262
503.364288,0.01192551851272583,0.07476098835468292,0.1971571445465088
503.464877,0.10124537348747253,0.2048342227935791,0.47251617908477783
503.565281,0.03414434194564819,0.016389936208724976,-0.16536235809326172
503.665788,-0.039020657539367676,-0.031740859150886536,-0.00461500883102417
503.766341,0.00497165322303772,0.005164057016372681,0.07680761814117432
503.866832,0.0050986409187316895,0.001665353775024414,-0.05114567279815674
503.967357,0.00940200686454773,0.005186989903450012,0.013165891170501709
504.067870,-0.009515076875686646,-0.00844620168209076,-0.02488541603088379
504.168221,0.006852388381958008,0.009623751044273376,0.029668688774108887
504.268803,0.002437114715576172,-0.007218509912490845,-0.018750309944152832
504.369321,-0.0006342530250549316,0.010115578770637512,0.05043739080429077
504.469796,-0.026267558336257935,-0.026464730501174927,-0.02087503671646118
504.570319,-0.010192781686782837,0.008923247456550598,0.011838257312774658
504.670824,-0.015768378973007202,-0.02181917428970337,-0.006789445877075195
504.771297,-0.023331254720687866,-0.008338943123817444,0.03687453269958496
504.871895,-0.018127888441085815,-0.026868954300880432,0.0020990371704101562
504.972318,-0.025104165077209473,-0.0015397518873214722,-0.019961953163146973
505.072797,-0.0075941383838653564,-0.014446243643760681,0.025867462158203125
505.173348,-0.015584945678710938,-0.0013323277235031128,-0.007088780403137207
505.273860,-0.013980090618133545,-0.026781439781188965,0.020411193370819092
505.374288,-0.0018880665302276611,0.0055490583181381226,-0.0401841402053833
505.474812,-0.005053818225860596,-0.020538941025733948,0.04309123754501343
505.575322,-0.007006615400314331,0.007640719413757324,-0.047369420528411865
505.675748,-0.00016602873802185059,-0.006152302026748657,0.03459334373474121
505.776356,-0.002755463123321533,0.004056110978126526,-0.03973877429962158
505.876833,0.014409750699996948,0.00820988416671753,0.03773015737533569
505.977352,-0.018020957708358765,-0.005004465579986572,-0.053573429584503174
506.077858,0.021712511777877808,0.025555506348609924,0.04388880729675293
506.178316,-0.02220657467842102,-0.018463119864463806,-0.03408783674240112
506.278777,0.00653424859046936,0.022034987807273865,0.027844548225402832
506.379315,-0.013334840536117554,-0.022248491644859314,-0.027126312255859375
506.479877,-0.00041663646697998047,0.016217976808547974,0.03571265935897827
506.580296,-0.029512017965316772,-0.030304357409477234,-0.009939908981323242
506.680834,-0.014808714389801025,0.005192086100578308,0.023461341857910156
506.781327,-0.007718086242675781,-0.03999541699886322,0.0049822330474853516
506.881815,-0.037782132625579834,-0.006838873028755188,-0.01718318462371826
506.982334,-0.002744317054748535,-0.022924721240997314,0.057212233543395996
507.082881,0.007758617401123047,0.00026747584342956543,-0.05648458003997803
507.183345,0.00040343403816223145,-0.004798635840415955,0.04379236698150635
507.283819,-0.021525293588638306,-0.0004934966564178467,-0.060409367084503174
507.384298,0.012742549180984497,-0.0077920109033584595,0.051594674587249756
507.484866,-0.00904199481010437,0.02388991415500641,-0.036728084087371826
507.585407,-0.012124508619308472,-0.013968482613563538,0.029259204864501953
507.685844,-0.01827406883239746,-0.017728015780448914,-0.017319560050964355
507.786321,0.004166662693023682,-0.0007306486368179321,0.003635227680206299
507.886827,-0.009794443845748901,-0.008286327123641968,0.029961228370666504
507.987348,-0.02056315541267395,-0.00773872435092926,-0.022959589958190918
508.087862,0.008598178625106812,0.0099545419216156,0.0019333958625793457
508.188341,-0.032430022954940796,-0.01416817307472229,0.010392427444458008
508.288865,-0.012336373329162598,-0.04845514893531799,0.09960627555847168
508.389351,-0.05153977870941162,-0.019550248980522156,0.07200908660888672
508.489837,0.055250391364097595,-0.17840509116649628,-0.2563682794570923
508.590464,-0.09147407114505768,0.143443763256073,-0.14199286699295044
508.690916,-0.019600510597229004,0.021848127245903015,0.08823913335800171
508.791338,-0.01206844300031662,0.03920657932758331,-0.11079442501068115
508.891930,0.008527936413884163,-0.020722687244415283,0.055062174797058105
508.992417,-0.06586197018623352,0.007905066013336182,0.04808682203292847
509.092946,-0.012290582060813904,-0.004251807928085327,-0.010498344898223877
509.193379,-0.03570999205112457,-0.013578712940216064,-0.005470573902130127
509.293769,-0.020451247692108154,0.0034121274948120117,-0.007958710193634033
509.394360,-0.054478228092193604,0.027130067348480225,-0.08847671747207642
