Time(sec),X,Y,Z
0.052609,-0.01032644510269165,0.0335354208946228,0.11374461650848389
0.152997,-0.0010761022567749023,-0.029129087924957275,-0.06572657823562622
0.253517,0.07172206044197083,-0.003372788429260254,-0.001324772834777832
0.354108,-0.030689656734466553,-0.0031385421752929688,-0.049047768115997314
0.454481,-0.028739020228385925,0.01564764976501465,0.003100574016571045
0.555020,0.0005652308464050293,-0.019268691539764404,0.002057373523712158
0.655510,0.015109583735466003,-0.004848480224609375,0.03240978717803955
0.756063,0.02392914891242981,-0.007433861494064331,0.012330770492553711
0.856555,0.013237684965133667,-0.010435283184051514,-0.025382936000823975
0.957085,-0.028041481971740723,-0.0003917217254638672,-0.03743577003479004
1.057563,-0.030299201607704163,-0.005287677049636841,0.008910775184631348
1.158092,-0.002280890941619873,0.006883978843688965,-0.011877894401550293
1.258567,0.0008516311645507812,0.00019952654838562012,-0.028549551963806152
1.359074,0.00603407621383667,0.014534801244735718,0.03439992666244507
1.459392,-0.06147393584251404,0.03607308864593506,0.01949620246887207
1.560090,-0.03412565588951111,0.049523353576660156,0.051890432834625244
1.660673,-0.04935840517282486,0.03688499331474304,0.05451524257659912
1.761137,-0.08280256390571594,0.06684687733650208,0.03387361764907837
1.861634,0.029382318258285522,0.01332053542137146,-0.0224875807762146
1.962141,0.009444355964660645,0.02937033772468567,-0.00539010763168335
2.062561,0.009301185607910156,0.04977056384086609,0.061708927154541016
2.163116,0.021876633167266846,-0.003152191638946533,0.06566733121871948
2.263689,0.020493239164352417,-0.0012758374214172363,0.0014272332191467285
2.364186,0.03389286994934082,0.016330555081367493,-0.04189664125442505
2.464656,0.023344457149505615,-0.043329887092113495,0.02988755702972412
2.565156,-0.016498565673828125,-0.032990626990795135,-0.024219095706939697
2.665712,-0.053412675857543945,-0.00039939582347869873,0.08756935596466064
2.766169,0.0006522834300994873,0.021238215267658234,0.0012885332107543945
2.866758,0.051709532737731934,0.021541649475693703,-0.05081051588058472
2.967205,0.08652558922767639,-0.046782396733760834,-0.025451183319091797
3.067707,0.021679192781448364,0.035502880811691284,-0.07483571767807007
3.168196,0.08023402094841003,-0.004276048392057419,-0.2105330228805542
3.268736,0.00428350642323494,-0.02438494563102722,-0.005277514457702637
3.369159,0.010819956660270691,0.1283358335494995,0.16284465789794922
3.469736,-0.0635034590959549,0.11725291609764099,0.062097132205963135
3.570250,-0.06932505965232849,0.04936760663986206,-0.063099205493927
3.670718,-0.10212278366088867,0.2646493911743164,-0.2927781343460083
3.771300,0.0008614063262939453,-0.06031918525695801,-0.22359982132911682
3.871748,0.36032384634017944,-0.4401511549949646,0.29927051067352295
3.972287,-0.21936717629432678,-0.08867168426513672,0.37553274631500244
4.072732,-0.3315162658691406,0.161787748336792,0.11118191480636597
4.173260,-0.3953653573989868,0.07208472490310669,-0.21987444162368774
4.273891,-0.016355212777853012,-0.2473435401916504,-0.04915226995944977
4.374349,0.04782571643590927,-0.021214604377746582,0.09507352113723755
4.474778,0.004725053906440735,0.12431252002716064,0.060430288314819336
4.575291,-0.09821698069572449,0.18505632877349854,-0.16156750917434692
4.675868,0.06997896730899811,-0.13989222049713135,-0.037640221416950226
4.776342,0.19081857800483704,0.16648000478744507,-0.04979473352432251
4.876909,-0.1497936248779297,-0.17307376861572266,-0.3150153160095215
4.977397,-0.10096864402294159,-0.026251912117004395,-0.09364987909793854
5.077851,0.05051538348197937,-0.3648948073387146,0.20964562892913818
5.178363,-0.09750811755657196,-0.14712876081466675,0.2810283601284027
5.278734,-0.39126071333885193,0.20215833187103271,-0.021701008081436157
5.379380,-0.21554657816886902,-0.03709876537322998,-0.1733306646347046
5.479910,0.10269138216972351,-0.19801604747772217,0.010813355445861816
5.580396,0.1738576591014862,-0.006002187728881836,0.047082602977752686
5.680981,0.008761651813983917,-0.0034834742546081543,0.03737402707338333
5.781488,-0.052414387464523315,0.010071933269500732,-0.015302184969186783
5.882023,-0.19316598773002625,-0.019241034984588623,-0.09392691403627396
5.982597,0.17194980382919312,-0.1864708662033081,-0.06370449811220169
6.083042,0.14077350497245789,-0.10189110040664673,0.18436062335968018
6.183618,-0.00984124094247818,0.12064480781555176,0.20800042152404785
6.283941,-0.2484954297542572,0.12826323509216309,-0.05345815420150757
6.384445,-0.18595388531684875,-0.1694047451019287,-0.16211724281311035
6.484945,0.03939300775527954,-0.12652742862701416,-0.0512615442276001
6.585438,0.08137109875679016,-0.039043962955474854,0.0817217230796814
6.686100,0.11865009367465973,0.07914400100708008,0.03952491283416748
6.786479,-0.004717916250228882,-0.066897451877594,0.015567239373922348
6.887000,-0.03317936882376671,0.029706954956054688,-0.05156832933425903
6.987595,-0.13463474810123444,-0.006602287292480469,-0.09831845760345459
7.087946,-0.032883450388908386,-0.22109955549240112,-0.06342428177595139
7.188575,0.11878681182861328,-0.11429554224014282,0.1631087362766266
7.289031,-0.1923934519290924,0.059446752071380615,0.0981144905090332
7.389466,-0.1339825987815857,0.1713849902153015,-0.17516566812992096
7.490086,-0.07126282155513763,-0.19172853231430054,-0.07492554187774658
7.590523,0.16321749985218048,0.032016098499298096,0.09795260429382324
7.691000,0.11000441014766693,0.020760715007781982,0.1296546757221222
7.791737,0.006679721176624298,-0.0023502111434936523,-0.020156562328338623
7.892035,-0.01160287857055664,-0.027512550354003906,-0.03189140558242798
7.992595,-0.09763575345277786,0.030804693698883057,-0.020949073135852814
8.093100,0.03457152843475342,0.02688974142074585,-0.06440901756286621
8.193567,0.16741536557674408,-0.19053220748901367,0.0756712555885315
8.294198,0.027233736589550972,-0.027574360370635986,0.19656163454055786
8.394699,-0.24430733919143677,0.12401646375656128,0.09683632850646973
8.495143,-0.1821960210800171,0.013180732727050781,-0.16236567497253418
8.595624,0.013919852674007416,-0.11906856298446655,0.003893733024597168
8.696136,0.08941319584846497,-0.02070748805999756,0.1251276731491089
8.796634,0.11567842960357666,0.03938722610473633,0.0679434984922409
8.897099,-0.00777830183506012,-0.0597841739654541,-0.019259095191955566
8.997692,-0.03881262242794037,-0.004650294780731201,-0.02297401800751686
9.098142,-0.012915149331092834,-0.0014015436172485352,-0.036202192306518555
9.198679,-0.09172935783863068,0.04850965738296509,-0.11756575107574463
9.299253,0.21313676238059998,-0.2108525037765503,0.087948739528656
9.399730,0.11486774682998657,-0.16316014528274536,0.24329185485839844
9.500168,-0.2283456027507782,0.12566548585891724,0.11586126685142517
9.600670,-0.279607892036438,0.05929458141326904,-0.19546568393707275
9.701262,0.06942425668239594,-0.19885653257369995,-0.0692887231707573
9.801724,0.09105712175369263,-0.0007632970809936523,0.08924007415771484
9.902207,-0.007826298475265503,0.08415180444717407,0.05075015127658844
10.002692,-0.04008060693740845,0.0176541805267334,-0.05349045991897583
10.103271,-0.052906110882759094,-0.045346200466156006,-0.02822231873869896
10.203800,-0.009929344058036804,0.14355051517486572,-0.02416127920150757
10.304208,0.02821493148803711,-0.07838350534439087,-0.06880933046340942
10.404721,0.17375263571739197,-0.24787813425064087,0.13231950998306274
10.505229,0.03713572025299072,-0.03359431028366089,0.21235951781272888
10.605815,-0.25789618492126465,0.09340190887451172,0.05709478259086609
10.706304,-0.1788264960050583,0.04042410850524902,-0.11961829662322998
10.806794,0.023974038660526276,-0.14958184957504272,-0.021113961935043335
10.907237,0.1123422384262085,-0.0690453052520752,0.09707742929458618
11.007808,0.12591975927352905,-0.15696555376052856,0.16426241397857666
11.108374,0.0744815468788147,-0.21743255853652954,0.13600903749465942
11.208873,0.0714663490653038,-0.11901891231536865,0.21432554721832275
11.309309,0.03614544868469238,-0.07719248533248901,0.3143996596336365
11.409941,0.11558935046195984,0.18841171264648438,0.3993707299232483
11.510279,0.10443879663944244,0.21473640203475952,0.4692303538322449
11.610849,0.18839672207832336,0.22590819001197815,0.1518017053604126
11.711481,-0.2367650270462036,0.2311720997095108,0.18677574396133423
11.811827,-0.09293367713689804,0.3650270402431488,0.06614857912063599
11.912465,-0.051730528473854065,0.42701423168182373,-0.24959474802017212
12.012899,0.026866406202316284,0.33199942111968994,-0.30632925033569336
12.113501,-0.015024513006210327,0.008895576000213623,0.007635831832885742
12.213897,0.035009704530239105,-0.08107584714889526,0.10340464115142822
12.314463,0.009555324912071228,0.053961753845214844,-0.05460590124130249
12.414897,-0.052463218569755554,0.06931865215301514,-0.1540607213973999
12.515385,0.010616624727845192,0.21472984552383423,-0.07936173677444458
12.615907,-0.08885606378316879,0.16568422317504883,-0.1303984522819519
12.716446,-0.09037154912948608,0.3985167145729065,-0.16619211435317993
12.816927,-0.042783260345458984,0.5077921152114868,0.0586395263671875
12.917542,0.09120872616767883,0.5840542912483215,0.2771439552307129
13.017939,0.23570235073566437,0.7313699722290039,0.28308823704719543
13.118445,0.06300950050354004,0.09044754505157471,0.4686732292175293
13.219041,-0.017682328820228577,-0.3282082676887512,0.3336843252182007
13.319491,0.025125160813331604,-0.18581730127334595,0.13227307796478271
13.419970,-0.07487791776657104,-0.018453657627105713,0.04622173309326172
13.520456,-0.0025297626852989197,-0.12682634592056274,0.03296962380409241
13.620937,0.2315218448638916,-0.1801024079322815,0.3060966730117798
13.721518,0.05979204177856445,-0.025059044361114502,0.25258344411849976
13.822051,-0.3609906733036041,0.12549906969070435,0.06250216066837311
13.922585,-0.21066762506961823,-0.13921064138412476,-0.24154113233089447
14.023056,0.10464008152484894,-0.19652962684631348,-0.0343705415725708
14.123532,0.10596883296966553,0.0023877620697021484,0.06719803810119629
14.223985,0.06500692665576935,0.07894903421401978,0.01180148497223854
14.324590,0.008290931582450867,-0.06579732894897461,-0.021207571029663086
14.425108,-0.05483779311180115,0.11387902498245239,-0.053526878356933594
14.525607,0.021930962800979614,-0.1102522611618042,-0.06415320187807083
14.626029,0.1955721527338028,-0.23603856563568115,0.1377010941505432
14.726607,-0.011767655611038208,0.09767836332321167,0.22865547239780426
14.827079,-0.2654567062854767,0.08708953857421875,-0.015474021434783936
14.927637,-0.2247188687324524,-0.13413965702056885,-0.182265043258667
15.028232,0.0614180713891983,-0.15864533185958862,-0.011101648211479187
15.128683,0.1790686845779419,0.006483852863311768,0.12147295475006104
15.229227,0.10924381017684937,0.051222026348114014,0.08009231090545654
15.329574,-0.021243959665298462,-0.024398863315582275,-0.030891053378582
15.430087,-0.014153912663459778,0.015747785568237305,-0.023500561714172363
15.530686,-0.09158805012702942,0.04750162363052368,-0.049683451652526855
15.631104,0.07810404896736145,-0.12318652868270874,-0.0476996973156929
15.731704,0.11834657192230225,-0.1520705223083496,0.12770718336105347
15.832111,-0.06400195509195328,0.054874539375305176,0.09578365832567215
15.932685,-0.21490433812141418,0.07976526021957397,-0.01128929853439331
16.033161,-0.1658671498298645,0.0005118846893310547,-0.15233516693115234
16.133687,0.12608221173286438,-0.03582501411437988,-0.00139521062374115
16.234254,0.08499673008918762,-0.06581217050552368,0.07290434837341309
16.334711,0.09659095108509064,0.05302542448043823,0.03646504878997803
16.435154,-0.037653759121894836,-0.05462360382080078,-0.021013379096984863
16.535671,-0.059619657695293427,-0.01245415210723877,-0.036762118339538574
16.636167,-0.09116421639919281,0.05403757095336914,-0.09435652941465378
16.736738,0.12161092460155487,-0.25289857387542725,0.0791546106338501
16.837206,0.08078882098197937,0.014548957347869873,0.1825772523880005
16.937760,-0.21209155023097992,0.16566479206085205,0.04545563459396362
17.038232,-0.15902557969093323,0.06663084030151367,-0.16235125064849854
17.138748,0.06789574027061462,-0.24430036544799805,-0.00632070004940033
17.239311,0.12684738636016846,-0.0229148268699646,0.11598539352416992
17.339745,0.03216831386089325,0.09397262334823608,0.04351848363876343
17.440253,-0.08405770361423492,0.04019725322723389,-0.06369853019714355
17.540860,-0.10075489431619644,0.08519357442855835,-0.10503850877285004
17.641368,0.013138845562934875,-0.1487153172492981,-0.021773703396320343
17.741775,0.16452790796756744,-0.1459658145904541,0.13644498586654663
17.842352,-0.04080241918563843,0.10934573411941528,0.15302610397338867
17.942773,-0.19779467582702637,0.03313571214675903,-0.03323465213179588
18.043385,-0.13620895147323608,0.031430184841156006,-0.09150753915309906
18.143804,0.04698212444782257,-0.16894227266311646,-0.034251198172569275
18.244344,0.14086344838142395,0.039162635803222656,0.08843326568603516
18.344889,0.039262980222702026,-0.030628204345703125,0.019522907212376595
18.445389,-0.0041402727365493774,0.009312808513641357,-0.019616954028606415
18.545862,-0.12660445272922516,0.07068735361099243,-0.1165761947631836
18.646363,-0.02388674020767212,-0.05226260423660278,-0.0457841232419014
18.746912,0.15447846055030823,-0.11427372694015503,0.12175840139389038
18.847400,0.0017125904560089111,-0.011822998523712158,0.10347115993499756
18.947842,-0.1394580602645874,0.10242938995361328,0.011845950037240982
19.048432,-0.24780893325805664,0.02307814359664917,-0.13015389442443848
19.148923,0.012117899954319,-0.13639843463897705,-0.06708432734012604
19.249447,0.14300744235515594,-0.025740206241607666,0.137689471244812
19.349925,0.09440799057483673,-0.007678806781768799,0.04049128293991089
19.450383,0.017383724451065063,0.0630461573600769,0.0012468136847019196
19.550917,-0.06043384224176407,-0.03577953577041626,-0.043405771255493164
19.651378,-0.08386466652154922,0.08716475963592529,-0.048281557857990265
19.751928,0.06842628121376038,-0.09940165281295776,-0.05133652687072754
19.852445,0.14015161991119385,-0.15833663940429688,0.15541452169418335
19.952974,-0.025238698348402977,0.05317270755767822,0.11492790281772614
20.053464,-0.20939421653747559,0.09510946273803711,-0.03079574927687645
20.154040,-0.16056238114833832,0.04872739315032959,-0.12293481826782227
20.254537,0.03367072343826294,-0.15595752000808716,-0.0026883110404014587
20.354982,0.12748593091964722,0.0028623342514038086,0.09200680255889893
20.455408,0.061187759041786194,0.005530893802642822,0.04978513717651367
20.555963,0.01959468424320221,-0.09677469730377197,-0.048816435039043427
20.656509,0.008765369653701782,0.07639360427856445,-0.017897728830575943
20.757020,-0.11039403080940247,0.06278890371322632,-0.11136531829833984
20.857465,0.06619633734226227,-0.07336878776550293,0.03371070325374603
20.958060,0.1069134771823883,-0.17962276935577393,0.12496781349182129
21.058579,-0.021339863538742065,0.09805727005004883,0.13034814596176147
21.159001,-0.20941855013370514,0.10661917924880981,-0.03934931755065918
21.259585,-0.17714282870292664,-0.01834261417388916,-0.12694846093654633
21.360042,0.047748863697052,-0.1319538950920105,0.003906741738319397
21.460530,0.09074454009532928,-0.03285539150238037,0.07219994068145752
21.561019,0.10514967143535614,0.06794345378875732,0.02552640251815319
21.661558,0.0027981698513031006,-0.044671058654785156,-0.017876632511615753
21.762105,-0.04512441158294678,0.03956383466720581,-0.05336105823516846
21.862645,-0.05126337707042694,0.01609891653060913,-0.05114685744047165
21.963100,0.10631799697875977,-0.1918763518333435,0.05756329372525215
22.063598,0.11898498237133026,0.020378530025482178,0.1662449836730957
22.164022,-0.12852531671524048,0.010045468807220459,0.041786715388298035
22.264648,-0.20673245191574097,0.08217555284500122,-0.06884205341339111
22.365146,-0.10608004778623581,-0.05731773376464844,-0.11015212535858154
22.465660,0.09653729200363159,-0.0629470944404602,0.05901825428009033
22.566095,0.09366011619567871,0.024758458137512207,0.0173795223236084
22.666653,0.16187000274658203,-0.04620826244354248,-0.03367233648896217
22.767162,0.09447774291038513,-0.009976029396057129,0.01540280133485794
22.867627,-0.07174217700958252,-0.07862347364425659,0.10003113746643066
22.968284,-0.06168299913406372,0.004836022853851318,0.018786057829856873
23.068653,-0.1480933427810669,-0.06597155332565308,-0.04792189598083496
23.169088,0.0719333291053772,-0.015472769737243652,-0.05793286859989166
23.269791,-0.18192297220230103,-0.10822087526321411,0.0011830329895019531
23.370149,-0.07732546329498291,-0.06706267595291138,-0.00883377343416214
23.470691,0.15255111455917358,-0.07197457551956177,0.10098958015441895
23.571180,0.0006747692823410034,0.05909717082977295,0.02047426998615265
23.671683,-0.2528592050075531,0.21706783771514893,-0.06374943256378174
23.772217,-0.15445078909397125,-0.05815756320953369,-0.24420404434204102
23.872774,0.18763357400894165,-0.3337361216545105,0.14705049991607666
23.973190,0.09553961455821991,-0.045986711978912354,0.27239280939102173
24.073692,-0.2207019329071045,0.09841114282608032,0.03351783752441406
24.174293,-0.338581383228302,0.07025152444839478,-0.2459179162979126
24.274798,0.022933589294552803,-0.28311610221862793,-0.0335858017206192
24.375270,0.19176357984542847,-0.020563840866088867,0.11432963609695435
24.475780,0.04418134689331055,-0.013333678245544434,0.08949793130159378
24.576314,0.005170747637748718,-0.005654573440551758,-0.017819881439208984
24.676756,-0.013750515878200531,-0.021671593189239502,-0.03294408321380615
24.777245,-0.10608384013175964,0.15622973442077637,-0.08341062068939209
24.877782,0.027355611324310303,-0.09556311368942261,-0.08670128136873245
24.978326,0.22761191427707672,-0.17759168148040771,0.24541234970092773
25.078849,-0.008664926514029503,0.10807985067367554,0.220024973154068
25.179333,-0.27502086758613586,0.11026358604431152,-0.03419862687587738
25.279950,-0.22608065605163574,-0.08018368482589722,-0.11858163774013519
25.380366,0.14066176116466522,-0.15050256252288818,-0.014370456337928772
25.480846,0.10709868371486664,0.03887432813644409,0.11091136932373047
25.581386,0.038294821977615356,0.029031693935394287,-0.0016489606350660324
25.681877,-0.029996201395988464,-0.04990792274475098,0.018108010292053223
25.782416,-0.004239946603775024,-0.038021206855773926,-0.0038814544677734375
25.882966,-0.03250306844711304,0.06929129362106323,-0.05313896760344505
25.983302,-0.15349164605140686,0.024818062782287598,-0.14733779430389404
26.083846,0.15601304173469543,-0.3191138505935669,0.09492267668247223
26.184348,0.08988353610038757,-0.0317157506942749,0.24214409291744232
26.284968,-0.1664121150970459,0.1929517388343811,0.02184838056564331
26.385407,-0.37090224027633667,-0.06200188398361206,-0.20505738258361816
26.485971,0.030824298039078712,-0.14992541074752808,-0.043597593903541565
26.586376,0.1907847821712494,-0.018874645233154297,0.14956367015838623
26.686899,0.09459368884563446,0.005257844924926758,0.038723647594451904
26.787422,0.016836732625961304,-0.0008565783500671387,0.0028736554086208344
26.888013,-0.041136614978313446,-0.06691569089889526,0.0022081173956394196
26.988428,-0.11451451480388641,0.17841333150863647,-0.10534262657165527
27.089001,-0.05507427453994751,-0.17238742113113403,-0.05013549327850342
27.189532,0.16658915579319,-0.23812085390090942,0.11275315284729004
27.290004,0.05786393582820892,0.08762133121490479,0.2167699933052063
27.390442,-0.18321767449378967,0.10353255271911621,-0.027052924036979675
27.490933,-0.26385167241096497,0.017445027828216553,-0.07352341711521149
27.591514,0.019394993782043457,-0.28411877155303955,-0.0624612420797348
27.691996,0.1699310839176178,0.09784013032913208,0.11718213558197021
27.792518,0.07098445296287537,-0.013822972774505615,0.022893615067005157
27.892999,0.03483011573553085,0.04115778207778931,-0.007045276463031769
27.993466,-0.058840349316596985,-0.011908173561096191,0.017254941165447235
28.094029,-0.27469971776008606,0.11657404899597168,-0.13786768913269043
28.194517,0.00809188187122345,-0.2790963649749756,0.0067911297082901
28.295093,0.2200492024421692,-0.15801405906677246,0.1697879433631897
28.395567,0.02063305675983429,0.19677191972732544,0.21984460949897766
28.496025,-0.2593105435371399,0.008824169635772705,-0.0691024586558342
28.596494,-0.22065401077270508,-0.053517699241638184,-0.06915044784545898
28.697103,0.04160571098327637,-0.2611014246940613,-0.06665052473545074
28.797596,0.12275746464729309,0.05657672882080078,0.10423173010349274
28.898029,0.047994136810302734,0.024324536323547363,0.02984725683927536
28.998610,-0.007644720375537872,-0.10615783929824829,-0.06038772314786911
29.099072,0.01184740662574768,0.05271071195602417,-0.0026396512985229492
29.199624,-0.1892165243625641,0.11967527866363525,-0.0925666093826294
29.300061,0.0344083309173584,-0.03372633457183838,-0.06587255001068115
29.400761,0.19756004214286804,-0.33762335777282715,0.19728416204452515
29.501118,-0.00550331175327301,0.09113353490829468,0.24054741859436035
29.601650,-0.2463143765926361,0.12421393394470215,-0.0198705792427063
29.702152,-0.31417256593704224,-0.09361535310745239,-0.15179872512817383
29.802698,-0.014949232339859009,-0.23379969596862793,-0.08103445172309875
29.903226,0.06651607155799866,0.11264365911483765,0.06226014345884323
30.003697,0.0004056096076965332,-5.716085433959961e-05,0.0393155962228775
30.104213,0.09226495027542114,-0.0010746121406555176,0.09762348234653473
30.204688,-0.05679893493652344,-0.03427833318710327,-0.06358116865158081
30.305202,-0.07706046104431152,-0.02331334352493286,0.041618771851062775
30.405712,0.009637236595153809,0.056580185890197754,0.009579911828041077
30.506180,0.08802592754364014,0.04968154430389404,0.029516994953155518
30.606696,-0.08471262454986572,-0.03979980945587158,0.004765868186950684
30.707201,0.04332101345062256,0.04544782638549805,0.032617345452308655
30.807676,-0.18450796604156494,-0.0952761173248291,-0.0836677998304367
30.908301,0.04966926574707031,-0.017483532428741455,0.04330688714981079
31.008694,0.11792975664138794,-0.052974700927734375,0.04144096374511719
31.109277,-0.044423460960388184,0.028503477573394775,-0.04984147101640701
31.209690,-0.06623335182666779,0.1720237135887146,-0.1632828712463379
31.310247,0.05786213278770447,-0.21973717212677002,0.0934639573097229
31.410773,0.17503701150417328,-0.10047394037246704,0.16624033451080322
31.511257,-0.14781148731708527,0.06978869438171387,0.08810025453567505
31.611790,-0.26409104466438293,0.019050538539886475,-0.1872594952583313
31.712295,-0.05635011941194534,-0.011786043643951416,0.03719282150268555
31.812808,0.12213349342346191,-0.16113579273223877,0.03536063805222511
31.913336,0.16655704379081726,0.07905727624893188,0.057574622333049774
32.013805,-0.02054494619369507,-0.02501434087753296,-0.036896586418151855
32.114311,0.021034270524978638,0.06421619653701782,0.02738499641418457
32.214845,-0.05978807806968689,-0.015701770782470703,0.0038618454709649086
32.315357,-0.032465338706970215,0.044226884841918945,-0.13301002979278564
32.415893,0.0031049251556396484,-0.1921994686126709,0.08473706245422363
32.516278,0.07087425887584686,-0.05915015935897827,0.0957799106836319
32.616788,-0.13717521727085114,0.09167498350143433,0.05092222988605499
32.717318,-0.18605394661426544,-0.012674033641815186,-0.143934965133667
32.817807,0.0016458332538604736,0.005627989768981934,0.02523304522037506
32.918359,0.06145624816417694,-0.10359126329421997,0.019162535667419434
33.018810,0.0869738906621933,0.05023789405822754,0.020238399505615234
33.119340,-0.0076007843017578125,-0.07471287250518799,-0.001806497573852539
33.219899,-0.018970832228660583,0.010499835014343262,0.02563774585723877
33.320477,0.003968074917793274,0.04867208003997803,-0.0190809965133667
33.420897,-0.12875840067863464,0.02058696746826172,-0.14695285260677338
33.521353,0.07616110146045685,-0.097287118434906,0.06349252909421921
33.621968,0.09925073385238647,-0.10517680644989014,0.14823108911514282
33.722526,-0.03829263895750046,0.07269811630249023,0.07859659194946289
33.822919,-0.1971021145582199,0.01675868034362793,-0.1455214023590088
33.923450,-0.0542667955160141,-0.059472739696502686,0.002815738320350647
34.023880,0.1083480566740036,0.029951035976409912,0.005505681037902832
34.124528,0.03860476613044739,0.004797399044036865,0.010040283203125
34.224961,0.02861066907644272,-0.03643214702606201,-0.011228322982788086
34.325460,-0.031715378165245056,0.036590516567230225,0.0008373279124498367
34.426048,-0.10974250733852386,0.020699679851531982,-0.013198606669902802
34.526491,0.06500330567359924,-0.1894218921661377,0.03064316138625145
34.626959,0.0727347731590271,-0.04632443189620972,0.17385606467723846
34.727494,-0.03741768002510071,0.06953710317611694,-0.015082716941833496
34.827970,-0.25663477182388306,0.01368558406829834,-0.07493840903043747
34.928500,0.03149920701980591,-0.007280111312866211,-0.04940413683652878
35.029032,0.10142087936401367,-0.03247213363647461,0.0732656717300415
35.129568,0.07731104642152786,-0.03552776575088501,-0.0262678861618042
35.230036,-0.01845993846654892,0.0124245285987854,0.011486411094665527
35.330513,-0.059290267527103424,-0.01856386661529541,0.010159016586840153
35.431112,-0.061470381915569305,0.10358160734176636,-0.02359306812286377
35.531518,-0.13156281411647797,-0.08795511722564697,-0.03527641296386719
35.631994,0.21410557627677917,-0.14911490678787231,0.12386417388916016
35.732614,0.08400443196296692,0.00993424654006958,0.18531495332717896
35.833086,-0.11939623951911926,-0.021367549896240234,0.04047471284866333
35.933511,-0.39669543504714966,0.062030255794525146,-0.06847883015871048
36.034162,0.005525644868612289,-0.18244469165802002,-0.030723929405212402
36.134568,0.24537736177444458,0.025008082389831543,0.10568034648895264
36.235098,0.03713519871234894,-0.013077497482299805,-0.02477717399597168
36.335577,-0.01099470630288124,0.022463858127593994,-0.008501298725605011
36.436179,-0.04408898949623108,-0.050272464752197266,0.04321783781051636
36.536576,0.013206258416175842,0.006159842014312744,0.0264203529804945
36.637131,0.0304018035531044,-0.007123887538909912,0.010698080062866211
36.737680,-0.09628213942050934,0.05275005102157593,-0.06187235936522484
36.838138,-0.06402456760406494,0.021298885345458984,-0.06421505659818649
36.938710,0.13008953630924225,-0.2596880793571472,0.04492473602294922
37.039206,0.1768811047077179,0.09572005271911621,0.21503788232803345
37.139684,-0.10842566937208176,0.050615012645721436,0.05355222523212433
37.240224,-0.3608749806880951,-0.03203850984573364,-0.09205746650695801
37.340676,0.010719113051891327,-0.19086968898773193,-0.0022345632314682007
37.441234,0.20207613706588745,-0.017324984073638916,0.09227502346038818
37.541698,0.13570620119571686,0.08768677711486816,0.014503180980682373
37.642187,-0.021086817607283592,-0.073300302028656,-0.04207265377044678
37.742718,-0.014347776770591736,0.051665544509887695,0.06368935108184814
37.843147,-0.1348305493593216,0.010184407234191895,-0.05771886929869652
37.943743,-0.03111836686730385,-0.019784152507781982,-0.07491005957126617
38.044251,0.23998583853244781,-0.32081103324890137,0.08397680521011353
38.144679,0.0742892473936081,0.10619479417800903,0.22869065403938293
38.245332,-0.24372169375419617,0.14375215768814087,-0.07159601151943207
38.345745,-0.3519132733345032,-0.09246879816055298,-0.038960590958595276
38.446206,0.14888207614421844,-0.12166982889175415,0.03126990795135498
38.546728,0.16943177580833435,-0.005808413028717041,0.08542436361312866
38.647202,0.0573081374168396,-0.004262149333953857,0.0027363263070583344
38.747811,-0.002887517213821411,-0.029973328113555908,-0.005786661058664322
38.848328,0.00042492151260375977,-0.002475738525390625,0.05713152885437012
38.948816,0.045444414019584656,0.03007793426513672,-0.04087269678711891
39.049239,-0.1360843926668167,0.11673080921173096,-0.07980109751224518
39.149764,0.10643260180950165,-0.16567707061767578,-0.021529078483581543
39.250362,0.18989142775535583,-0.14627772569656372,0.3489205241203308
39.350843,-0.06051072105765343,0.04141718149185181,0.19692271947860718
39.451322,-0.2626749575138092,0.05657947063446045,0.09791578352451324
39.551853,-0.3049767315387726,-0.10760802030563354,-0.08052576333284378
39.652313,-0.08406095206737518,-0.06082361936569214,-0.02138747274875641
39.752847,0.12348023056983948,-0.05772113800048828,0.07429265975952148
39.853351,0.18804791569709778,0.053807735443115234,0.0006686411798000336
39.953824,0.043640196323394775,-0.037866294384002686,0.01013493537902832
40.054443,0.03907209634780884,0.048539578914642334,-0.007231354713439941
40.154836,0.00010851770639419556,0.012670636177062988,0.052652835845947266
40.255361,-0.08022651076316833,-0.022358477115631104,-0.04014086723327637
40.355881,0.06018112599849701,-0.05222487449645996,-0.027913689613342285
40.456389,0.1522805094718933,-0.2046511173248291,0.08825010061264038
40.556864,0.04850862920284271,0.16390633583068848,0.24497343599796295
40.657438,-0.22251774370670319,0.017778754234313965,0.045238494873046875
40.757838,-0.31956085562705994,-0.08022290468215942,-0.08180415630340576
40.858373,-0.002079227939248085,-0.14689010381698608,0.02411794662475586
40.958910,0.15101896226406097,0.010606825351715088,0.05350559949874878
41.059419,0.06561948359012604,0.05280959606170654,0.0345005989074707
41.159884,0.008635997772216797,-0.13607096672058105,-0.05184280872344971
41.260465,0.04719986766576767,0.13168227672576904,0.025499701499938965
41.360933,0.003846593201160431,-0.07652485370635986,-0.01490175724029541
41.461374,-0.05413353815674782,0.12463510036468506,-0.041861288249492645
41.561994,-0.002125777304172516,-0.1581401228904724,-0.05612946301698685
41.662331,0.24221071600914001,-0.18375283479690552,0.13114941120147705
41.762928,0.056466490030288696,0.08183974027633667,0.19459813833236694
41.863516,-0.24195189774036407,0.035893023014068604,0.04925602674484253
41.963997,-0.25392305850982666,-0.04040926694869995,-0.06715381890535355
42.064465,0.06163454428315163,-0.105060875415802,-0.00232088565826416
42.165019,0.15063315629959106,0.08715236186981201,0.08170962333679199
42.265473,0.05580519139766693,-0.0931159257888794,-0.03278839588165283
42.366008,0.010991103947162628,-0.0439029335975647,0.033611539751291275
42.466560,0.10873682796955109,0.03346210718154907,0.027782797813415527
42.567042,0.018505744636058807,0.08435750007629395,-0.04436969757080078
42.667485,-0.13613972067832947,-0.0014147162437438965,-0.08144104480743408
42.768059,0.09803193807601929,-0.21996736526489258,0.0817641019821167
42.868569,0.12554596364498138,-0.03027665615081787,0.16194745898246765
42.969004,-0.1649601310491562,0.017296195030212402,0.07522416114807129
43.069481,-0.28019851446151733,0.0248602032661438,-0.008661970496177673
43.170054,-0.0456995964050293,-0.06001931428909302,-0.042015191167593
43.270575,0.14121048152446747,-0.05985987186431885,0.058841824531555176
43.371060,0.12558846175670624,0.05881732702255249,-0.030501067638397217
43.471567,0.02005310356616974,-0.06384414434432983,0.011901738122105598
43.572091,0.04005632549524307,0.03048497438430786,0.011306287720799446
43.672598,0.029804743826389313,-0.03723406791687012,0.03214508295059204
43.773169,-0.01590115949511528,-0.027949988842010498,0.06483983993530273
43.873451,-0.18556073307991028,0.06616103649139404,-0.058338046073913574
43.974096,0.019206374883651733,-0.2610017657279968,-0.039189696311950684
44.074665,0.2808157205581665,-0.05979514122009277,0.15069061517715454
44.175090,-0.05898652970790863,0.16930466890335083,0.11664077639579773
44.275591,-0.1881389319896698,-0.10424536466598511,-0.047711312770843506
44.376087,-0.12633904814720154,-0.0891270637512207,-0.0017282962799072266
44.476702,0.10775303840637207,-0.07572507858276367,0.0677146315574646
44.577152,0.15588852763175964,0.09783881902694702,0.03173816576600075
44.677614,0.04483678936958313,-0.08242112398147583,-0.021142898127436638
44.778134,0.024752363562583923,0.16100507974624634,-0.030700860545039177
44.878716,-0.16007518768310547,-0.06187605857849121,-0.08953035622835159
44.979202,0.1559029519557953,-0.16981291770935059,-0.06608211994171143
45.079700,0.15243777632713318,-0.08041274547576904,0.20347172021865845
45.180241,-0.14075598120689392,0.08194476366043091,0.09037137031555176
45.280643,-0.3058755397796631,0.0382692813873291,-0.024392426013946533
45.381205,-0.09718906879425049,-0.17524635791778564,-0.027862675487995148
45.481764,0.14991313219070435,0.011818766593933105,0.07672679424285889
45.582165,0.11644706130027771,-0.0513569712638855,-0.005905866622924805
45.682725,0.06870433688163757,0.06061595678329468,-0.010350354015827179
45.783260,-0.004620164632797241,-0.048593103885650635,0.010897750034928322
45.883743,-0.08118520677089691,0.0918741226196289,-0.013802528381347656
45.984196,-0.03782239556312561,-0.11457198858261108,-0.04836463928222656
46.084785,0.10647672414779663,-0.1408417820930481,0.1359872817993164
46.185261,0.0775928944349289,0.08291882276535034,0.13796353340148926
46.285863,-0.19513657689094543,-0.004628479480743408,-0.03327995538711548
46.386246,-0.21964313089847565,0.03188437223434448,-0.0657653883099556
46.486710,0.07927611470222473,-0.16796988248825073,0.031215429306030273
46.587215,0.0913744866847992,-0.009237527847290039,0.12035220116376877
46.687797,0.0020441412925720215,-0.08589810132980347,0.03140591084957123
46.788403,0.010125875473022461,-0.08508062362670898,0.06444497406482697
46.888881,0.05626145005226135,0.03755158185958862,0.000335007905960083
46.989295,0.014512568712234497,0.08496695756912231,-0.03966164588928223
47.089755,0.01843029260635376,0.11908602714538574,-0.07450000941753387
47.190389,0.017662376165390015,0.0839948058128357,-0.05024659261107445
47.290835,-0.2004166543483734,0.10955411195755005,-0.2334533929824829
47.391346,0.06312337517738342,-0.19478106498718262,0.0645742416381836
47.491913,0.20993128418922424,-0.18524116277694702,0.22301806509494781
47.592335,-0.05454536899924278,0.014627516269683838,0.25076472759246826
47.692879,-0.2783076763153076,0.15992772579193115,0.1488630175590515
47.793287,-0.4729471504688263,-0.13295763731002808,-0.07282716035842896
47.894016,-0.1593807339668274,-0.25989216566085815,0.0008240938186645508
47.994355,0.17995569109916687,-0.06669479608535767,0.13371634483337402
48.094821,0.25065547227859497,0.061660826206207275,0.08522576093673706
48.195306,0.07953564822673798,-0.06351739168167114,-0.04797995090484619
48.296052,0.010843783617019653,0.045922160148620605,0.001062273746356368
48.396466,-0.021447166800498962,-0.03659248352050781,0.028362151235342026
48.496850,0.01794832944869995,0.07080864906311035,-0.003115774132311344
48.597462,0.007973656058311462,-0.02591240406036377,0.037821412086486816
48.697911,0.016255781054496765,0.06024891138076782,-0.001233220100402832
48.798410,-0.14127102494239807,0.09309238195419312,-0.0857076644897461
48.898917,0.0048630982637405396,-0.19195759296417236,-0.037174344062805176
48.999445,0.31778067350387573,-0.1616690754890442,0.24438691139221191
49.099948,0.05037769675254822,0.008153915405273438,0.21639150381088257
49.200445,-0.25713515281677246,0.20317047834396362,0.085560142993927
49.300966,-0.5043702721595764,-0.07160121202468872,-0.03700125217437744
49.401554,-0.0923604816198349,-0.22854083776474,0.01640641689300537
49.501951,0.1807909607887268,-0.09042859077453613,0.13214337825775146
49.602497,0.16737830638885498,0.029253900051116943,0.02563035488128662
49.703005,0.07285532355308533,0.07094067335128784,-0.00032508373260498047
49.803487,0.009758487343788147,-0.029948532581329346,0.0017776526510715485
49.904021,-0.0025555789470672607,0.07454812526702881,0.061654627323150635
50.004510,-0.00830792635679245,-0.03769075870513916,0.00962841510772705
50.105030,-0.10950467735528946,0.11339980363845825,0.038436174392700195
50.205514,-0.03035043179988861,-0.09213638305664062,-0.1005774736404419
50.305968,0.17403873801231384,-0.19403612613677979,0.13527953624725342
50.406603,0.21451890468597412,-0.16644537448883057,0.24810165166854858
50.507029,-0.0344892293214798,0.21878153085708618,0.15893545746803284
50.607536,-0.24524042010307312,0.2245771884918213,0.05689801275730133
50.708093,-0.4907928705215454,-0.10191154479980469,-0.0006394311785697937
50.808532,-0.021879583597183228,-0.26764869689941406,0.08061480522155762
50.909077,0.10750466585159302,-0.019439280033111572,0.056544240564107895
51.009571,0.11756408214569092,-0.002985537052154541,0.00987488403916359
51.110098,0.0653088241815567,0.019315719604492188,-0.05946493148803711
51.210611,-0.04967440664768219,0.011844038963317871,0.028512895107269287
51.311053,0.00475078821182251,0.04893314838409424,-0.011135578155517578
51.411575,-0.0932459682226181,-0.039407432079315186,-0.03551900014281273
51.512121,0.0908195823431015,-0.18604117631912231,0.00011610984802246094
51.612591,0.15694470703601837,-0.02499973773956299,0.14170008897781372
51.713179,-0.01926615461707115,0.06948274374008179,0.056040823459625244
51.813614,-0.33434510231018066,0.11106133460998535,-0.030263841152191162
51.914123,-0.18423248827457428,-0.3214835524559021,-0.07230508327484131
52.014569,0.17261233925819397,-0.0329132080078125,0.08404099941253662
52.115143,0.16624663770198822,0.03796166181564331,0.15915590524673462
52.215700,0.0864289253950119,0.04251676797866821,-0.01646357774734497
52.316146,-0.007731851190328598,0.05106782913208008,0.03833508491516113
52.416660,0.003837110474705696,-0.015179574489593506,0.0020185858011245728
52.517199,-0.060051847249269485,0.03541141748428345,-0.030279092490673065
52.617688,-0.12918555736541748,-0.06456506252288818,-0.03819596767425537
52.718246,-0.16044025123119354,0.20711272954940796,-0.12781226634979248
52.818708,0.054168879985809326,0.28568071126937866,-0.03243124485015869
52.919231,0.15739929676055908,-0.13272768259048462,-0.1931225061416626
53.019663,0.05807042121887207,-0.3982585072517395,-0.2228735089302063
53.120204,-0.3649390637874603,-0.06092637777328491,0.029188930988311768
53.220768,-0.31364741921424866,0.45891499519348145,0.27937233448028564
53.321177,-0.22528234124183655,0.2726597189903259,0.013673603534698486
53.421677,0.06821167469024658,-0.18987542390823364,-0.3732339143753052
53.522239,0.2250901460647583,-0.23239684104919434,-0.24274975061416626
53.622721,-0.05361086130142212,-0.186862051486969,0.03492116928100586
53.723376,-0.0319485068321228,0.022175073623657227,-0.01784229278564453
53.823830,-0.02955573797225952,0.02965909242630005,0.06183841824531555
53.924323,-0.03430283069610596,0.09016621112823486,-0.015932947397232056
54.024750,0.05109238624572754,0.3281880021095276,-0.05398792028427124
54.125277,0.4006890058517456,-0.5642563104629517,-0.519841194152832
54.225756,-0.5467711091041565,-0.41838616132736206,-0.3912830948829651
54.326303,-0.48149821162223816,0.3816855549812317,0.3709259033203125
54.426898,-0.005497366189956665,0.4407299757003784,0.1059262752532959
54.527317,0.10157299041748047,-0.0036885738372802734,-0.25070589780807495
54.627781,0.17811250686645508,-0.13553762435913086,-0.23436066508293152
54.728340,-0.12403583526611328,-0.02212345600128174,0.013560205698013306
54.828961,0.052747249603271484,0.024463236331939697,-0.037063539028167725
54.929382,0.008638620376586914,0.028499186038970947,0.0197429358959198
55.029827,0.01941812038421631,0.16048473119735718,-0.01787590980529785
55.130357,0.05583453178405762,0.412908136844635,-0.0008834898471832275
55.230899,0.42212575674057007,-0.5215167999267578,-0.7050780057907104
55.331373,-1.0702779293060303,-0.5808267593383789,-0.7662979960441589
55.431868,-0.18697871267795563,0.5677713751792908,0.41127699613571167
55.532381,-0.0858384370803833,0.3473638892173767,0.08036405593156815
55.632919,0.22376686334609985,0.08196520805358887,-0.25419971346855164
55.733444,0.00774616003036499,-0.1765758991241455,-0.19545558094978333
55.833980,-0.1128225326538086,-0.06136500835418701,-0.01723027229309082
55.934475,0.026159584522247314,0.0432664155960083,-0.05365777015686035
56.035030,-0.021245956420898438,-0.012210965156555176,0.06404861807823181
56.135506,0.038128554821014404,0.3233603835105896,0.08308291435241699
56.235935,0.3482435345649719,-0.36761274933815,-0.5305559635162354
56.336470,-0.486286997795105,-0.7803071141242981,-0.6364604830741882
56.436938,-0.4252040684223175,0.6156187057495117,-0.2731921672821045
56.537403,-0.10277092456817627,0.42702537775039673,0.156696617603302
56.637935,0.1476573348045349,-0.04680269956588745,-0.2874298095703125
56.738419,0.14097613096237183,-0.22056794166564941,-0.15818071365356445
56.838949,-0.04212832450866699,0.03464555740356445,-0.030096888542175293
56.939492,-0.041497111320495605,-0.007635831832885742,0.048775434494018555
57.039943,0.054274022579193115,0.05337953567504883,-0.030176281929016113
57.140431,0.0034182071685791016,0.012822985649108887,0.03673550486564636
57.241138,0.026149272918701172,-0.027044177055358887,-0.059165358543395996
57.341447,-0.06304669380187988,0.02210557460784912,0.01816117763519287
57.442079,0.03201383352279663,-0.10188603401184082,-0.025877416133880615
57.542441,-0.03976738452911377,0.06728655099868774,0.022818446159362793
57.642995,0.03475308418273926,-0.07770544290542603,0.011551856994628906
57.743540,-0.032233357429504395,0.053393423557281494,-0.0025857388973236084
57.844161,0.016456305980682373,-0.04049479961395264,0.013393312692642212
57.944603,0.010128676891326904,0.0692741870880127,-0.015103191137313843
58.045053,-0.015933573246002197,-0.016393721103668213,0.007427126169204712
58.145615,0.030396878719329834,0.01779484748840332,-0.02184462547302246
58.246140,-0.023057401180267334,-0.0025988221168518066,0.0034148693084716797
58.346573,0.05047100782394409,-0.053045809268951416,-0.023811012506484985
58.447089,-0.019477486610412598,0.03173971176147461,0.003938078880310059
58.547534,0.011748909950256348,-0.03844720125198364,-0.020316720008850098
58.648064,-0.02020961046218872,-0.06730717420578003,-0.051565974950790405
58.748614,-0.0011310577392578125,-0.020160555839538574,-0.10801135003566742
58.849191,-0.026833921670913696,0.07547152042388916,0.026649661362171173
58.949661,-0.041168034076690674,0.12708890438079834,0.08165645599365234
59.050127,-0.10599809885025024,0.631806492805481,0.16678619384765625
59.150631,0.32953065633773804,-0.40912824869155884,-0.6818870306015015
59.251131,-0.2942405641078949,-0.39356398582458496,-0.3119354844093323
59.351562,-0.19645896553993225,0.22938811779022217,0.09976783394813538
59.452142,-0.12366461753845215,0.03586149215698242,0.1221129447221756
59.552640,0.020099222660064697,-0.0717548131942749,-0.12918859720230103
59.653131,0.10675251483917236,0.00938326120376587,-0.07439261674880981
59.753654,-0.08278882503509521,-0.027164876461029053,0.09044943749904633
59.854139,0.012896597385406494,0.03534054756164551,0.0034080296754837036
59.954634,0.016759395599365234,0.01573580503463745,-0.005368486046791077
60.055170,0.005829155445098877,0.018637120723724365,0.0010045617818832397
60.155746,-0.005147814750671387,0.006071269512176514,0.016463041305541992
60.256196,-0.027249693870544434,-0.043968260288238525,0.00026513636112213135
60.356705,-0.006036221981048584,-0.01615804433822632,-0.02893538773059845
60.457146,0.14299434423446655,0.08011811971664429,-0.00611799955368042
60.557700,0.36524397134780884,0.01872652769088745,-0.28393831849098206
60.658144,-0.5337249636650085,-0.3580859899520874,-0.27449673414230347
60.758697,-0.291246622800827,-0.10249954462051392,-0.03920173645019531
60.859268,0.03506186604499817,0.2545422315597534,0.02614569664001465
60.959653,-0.11072772741317749,0.029726624488830566,-0.029534362256526947
61.060256,0.14658671617507935,-0.04761582612991333,-0.19927364587783813
61.160798,-0.014761626720428467,-0.053672194480895996,-0.0372467041015625
61.261286,-0.05292236804962158,0.016830146312713623,0.02656310796737671
61.361803,0.04831153154373169,0.02906644344329834,0.02503281831741333
61.462242,-0.009154856204986572,-0.03314387798309326,-0.0033461451530456543
61.562878,-0.02662026882171631,-0.0050133466720581055,-0.0026298165321350098
61.663254,-0.0069394707679748535,0.010167300701141357,0.021180041134357452
61.763815,0.0034984350204467773,0.010295867919921875,0.005948424339294434
61.864350,0.005364894866943359,0.0021781325340270996,0.001112520694732666
61.964745,0.007758915424346924,0.003224194049835205,-5.6624412536621094e-05
62.065371,-0.004836142063140869,0.0032606124877929688,0.0018638372421264648
62.165821,-0.013580739498138428,-0.008211791515350342,0.0036202147603034973
62.266285,0.006741583347320557,0.0031589269638061523,-0.009001612663269043
62.366807,0.0010905265808105469,-0.0011240839958190918,0.0045090168714523315
62.467338,-0.005686759948730469,0.004008889198303223,0.008023858070373535
62.567868,-0.0019902586936950684,-0.002578437328338623,-0.010115280747413635
62.668349,0.02570199966430664,-0.04776120185852051,-0.07733696699142456
62.768936,-0.08684879541397095,0.029722988605499268,-0.0019130632281303406
62.869364,0.03548753261566162,0.18991655111312866,0.24031025171279907
62.969839,0.06973397731781006,-0.2023639678955078,-0.5494019389152527
63.070353,-0.0931464433670044,-0.12383812665939331,-0.2899820804595947
63.170864,-0.6672471165657043,0.03776353597640991,-0.07684832811355591
63.271377,-0.4280279278755188,-0.061828434467315674,0.11312064528465271
63.371883,-0.07687142491340637,0.0382879376411438,-0.06618267297744751
63.472373,0.18597561120986938,0.040172457695007324,-0.2200911045074463
63.572905,0.16566097736358643,-0.06572854518890381,-0.2367192506790161
63.673388,-0.020392894744873047,-0.014381885528564453,0.031079992651939392
63.773864,-0.03886425495147705,0.03265202045440674,0.08284462243318558
63.874541,0.013903796672821045,0.03146559000015259,0.018098533153533936
63.974960,0.04888951778411865,0.049871742725372314,-0.004137516021728516
64.075422,0.24162888526916504,0.05892455577850342,-0.1605926752090454
64.175919,-0.13032597303390503,-0.250440776348114,-0.1395254135131836
64.276458,-0.42570215463638306,-0.06682181358337402,-0.13672620058059692
64.376916,-0.04091024398803711,0.22505998611450195,0.14910584688186646
64.477402,0.1786847710609436,0.04371899366378784,-0.08349542319774628
64.577957,0.14263516664505005,-0.0011421442031860352,-0.12057694792747498
64.678467,-0.10372352600097656,-0.05308222770690918,0.047138094902038574
64.779012,-0.022252976894378662,0.028123319149017334,0.03781050443649292
64.879480,-0.002666771411895752,0.010884344577789307,4.0858983993530273e-05
64.980022,-0.08141809701919556,-0.05080896615982056,-0.012247681617736816
65.080453,0.0006520748138427734,-0.10495877265930176,-0.14837759733200073
65.180981,0.1842055320739746,0.08762842416763306,-0.12285149097442627
65.281518,-0.048993051052093506,0.17638808488845825,0.08675183355808258
65.381998,-0.24630406498908997,-0.11054092645645142,0.13539659976959229
65.482551,-0.07040464878082275,0.03796708583831787,0.058123424649238586
65.583043,0.12165439128875732,0.006827652454376221,-0.06539380550384521
65.683513,0.011207818984985352,-0.03480345010757446,-0.05038708448410034
65.784023,-0.07631939649581909,-0.00318986177444458,0.03970220685005188
65.884576,-0.12268447875976562,0.01042395830154419,0.03528660535812378
65.985067,0.09692245721817017,-0.06924307346343994,-0.13367152214050293
66.085519,0.09276700019836426,0.12201213836669922,-0.08425939828157425
66.186064,-0.036613769829273224,0.09762215614318848,0.1118357852101326
66.286545,-0.10795141011476517,-0.1297587752342224,0.056562989950180054
66.387030,-0.04838874936103821,-0.02200978994369507,0.0653197169303894
66.487613,0.07208386063575745,0.04065924882888794,-0.05688498914241791
66.588140,0.003453493118286133,-0.007639825344085693,-0.036264657974243164
66.688543,-0.02729731798171997,-0.034767746925354004,0.013545960187911987
66.789112,-0.006350040435791016,0.04229271411895752,0.02230823040008545
66.889622,0.01585155725479126,-0.030307412147521973,-0.010685324668884277
66.990163,-0.02608892321586609,0.019619524478912354,0.005296170711517334
67.090669,0.012219905853271484,-0.015629947185516357,0.009895816445350647
67.191166,-0.043413788080215454,0.03153771162033081,0.03082096576690674
67.291645,-0.0850101113319397,-0.12089544534683228,-0.06585419178009033
67.392203,0.061813950538635254,-0.03809565305709839,-0.12020659446716309
67.492651,0.15295593440532684,0.26329392194747925,-0.05003833770751953
67.593095,-0.12045631557703018,0.09640055894851685,0.11119255423545837
67.693622,-0.21570611000061035,-0.19714951515197754,0.1128280758857727
67.794222,-0.08019530773162842,0.059308648109436035,0.01616974174976349
67.894731,0.1921021044254303,0.04343372583389282,-0.06609916687011719
67.995258,0.009145975112915039,-0.031801581382751465,-0.03769582509994507
68.095742,-0.003521263599395752,0.007138848304748535,0.008625686168670654
68.196127,-0.028480887413024902,-0.004530131816864014,0.018867671489715576
68.296690,0.035194993019104004,0.017727136611938477,-0.002008408308029175
68.397257,-0.03929859399795532,0.024926722049713135,0.041359782218933105
68.497733,-0.17761611938476562,0.07945603132247925,0.07895845174789429
68.598206,-0.09123742580413818,-0.14307492971420288,-0.0668906569480896
68.698748,0.13109758496284485,-0.07224231958389282,-0.20125269889831543
68.799180,-0.0004713386297225952,0.17120808362960815,0.011479977518320084
68.899742,-0.09985145926475525,0.06428718566894531,0.18270525336265564
69.000270,-0.06147737801074982,-0.12106448411941528,-0.02301865816116333
69.100810,-0.07995167374610901,0.024270057678222656,0.05419071018695831
69.201233,0.1515474021434784,0.07085025310516357,-0.07657897472381592
69.301726,-0.01731330156326294,-0.08154630661010742,0.002056330442428589
69.402299,-0.038568735122680664,0.028081119060516357,-0.0015917420387268066
69.502788,0.018307626247406006,-0.024168729782104492,0.019571751356124878
69.603174,-0.023093730211257935,0.03649604320526123,0.014084845781326294
69.703764,-0.005451411008834839,-0.06095719337463379,0.00228196382522583
69.804308,0.00989040732383728,0.06397980451583862,0.011715918779373169
69.904810,-0.0030211806297302246,-0.05654877424240112,0.006424903869628906
70.005320,0.011928349733352661,0.0638919472694397,0.009601414203643799
70.105791,-0.015604883432388306,-0.03798878192901611,0.01596212387084961
70.206364,0.017735004425048828,0.04706364870071411,0.00608593225479126
70.306900,-0.022009044885635376,-0.013616979122161865,0.004374265670776367
70.407377,0.016231894493103027,-0.0034914612770080566,-0.008845627307891846
70.507818,-0.026068419218063354,0.022097110748291016,0.01644301414489746
70.608285,-0.05241560935974121,-0.030823230743408203,0.05938148498535156
70.708877,-0.0036620497703552246,0.16626012325286865,0.19978296756744385
70.809286,-0.02077805995941162,-0.374148428440094,-0.1952621340751648
70.909928,0.07221317291259766,-0.11190295219421387,-0.2890608310699463
71.010381,-0.021385468542575836,0.277565062046051,0.030848972499370575
71.110814,-0.19694243371486664,0.06130880117416382,0.04286617040634155
71.211420,-0.2632443308830261,-0.17916536331176758,0.28349676728248596
71.311903,0.12865203619003296,0.11984163522720337,-0.08559258282184601
71.412374,0.02581554651260376,0.014870822429656982,-0.01429324597120285
71.512875,0.005424320697784424,-0.08163666725158691,-0.03204236924648285
71.613450,-0.043430864810943604,0.039101600646972656,0.010793745517730713
71.713889,0.021764039993286133,-0.03505516052246094,0.007712140679359436
71.814409,-0.033501267433166504,0.02903163433074951,0.0013446509838104248
71.914991,-0.001065075397491455,-0.04462522268295288,0.015782713890075684
72.015436,0.0020101070404052734,0.05201536417007446,0.0014672726392745972
72.115937,-0.01060330867767334,-0.05416882038116455,0.014276683330535889
72.216473,0.029701650142669678,0.07243943214416504,0.0053833723068237305
72.317006,-0.0182153582572937,-0.03233689069747925,0.020420312881469727
72.417395,0.0007099509239196777,0.03174370527267456,-0.00022898614406585693
72.517933,-0.05662846565246582,0.01876997947692871,0.07132911682128906
72.618471,-0.06904327869415283,-0.07319718599319458,0.009099021553993225
72.718976,-0.04358023405075073,-0.0713312029838562,-0.13984692096710205
72.819450,0.17776279151439667,0.24354559183120728,-0.02827274799346924
72.920016,0.054442912340164185,-0.03226667642593384,-0.11152634024620056
73.020516,-0.18388590216636658,-0.187261700630188,0.2455826997756958
73.120995,0.05628079175949097,0.16520142555236816,-0.0006696507334709167
73.221597,0.019441664218902588,-0.011751890182495117,-0.007574841380119324
73.322056,0.0045990049839019775,-0.013477861881256104,-0.00773853063583374
73.422455,-0.02469426393508911,-0.006011784076690674,0.004601463675498962
73.523035,0.05091366171836853,0.03313559293746948,-0.011358976364135742
73.623602,-0.0390264093875885,-0.004494845867156982,0.015136189758777618
73.724030,0.025861114263534546,-0.009960472583770752,-0.020785748958587646
73.824536,-0.025477856397628784,-0.005376994609832764,-0.021623313426971436
73.925178,0.004070788621902466,-0.04716604948043823,-0.0018695518374443054
74.025508,-0.01760387420654297,0.046409547328948975,0.001396670937538147
74.126094,-0.0021001994609832764,-0.046262502670288086,0.037769615650177
74.226557,0.0027403831481933594,0.058908283710479736,-0.0011409521102905273
74.327059,-0.011892527341842651,-0.06991195678710938,0.016951784491539
74.427585,0.01887497305870056,0.05899590253829956,-0.019895076751708984
74.528148,-0.01411697268486023,-0.04184091091156006,0.010497748851776123
74.628526,0.021658867597579956,0.04854297637939453,-0.006457023322582245
74.729103,-0.016965031623840332,-0.01330113410949707,-0.0033115148544311523
74.829629,0.027111411094665527,0.008992910385131836,0.013926506042480469
74.930067,-0.08324199914932251,0.08483505249023438,0.1553705483675003
75.030624,-0.10361993312835693,-0.4177386164665222,-0.30766135454177856
75.131138,-0.0028093457221984863,0.07971298694610596,-0.06623196601867676
75.231711,0.2709028720855713,0.22297269105911255,-0.17661982774734497
75.332157,-0.13371387124061584,-0.16967427730560303,-0.014721795916557312
75.432708,-0.2230830192565918,-0.015236437320709229,0.1354253888130188
75.533120,0.22295010089874268,0.1394505500793457,-0.09663957357406616
75.633603,-0.03591722249984741,-0.059701502323150635,0.035353124141693115
75.734293,-0.013754785060882568,-0.0042760372161865234,-0.036596354097127914
75.834641,0.001141190528869629,0.02243441343307495,0.022980988025665283
75.935188,0.045149385929107666,-0.009209156036376953,-0.01682519167661667
76.035714,-0.043101489543914795,0.010657906532287598,-0.012483775615692139
76.136186,0.022165536880493164,-0.033884644508361816,0.002187371253967285
76.236799,-0.020329058170318604,0.02881699800491333,-0.0195881649851799
76.337172,-0.0010517239570617676,-0.07215189933776855,0.002651512622833252
76.437740,-0.014324486255645752,0.05580335855484009,-0.004420459270477295
76.538209,-0.011776566505432129,-0.06558394432067871,0.026324987411499023
76.638730,0.025888919830322266,0.07162320613861084,-0.003186821937561035
76.739269,-0.03676283359527588,-0.04205310344696045,0.056275125592947006
76.839771,0.07351791858673096,-0.10845011472702026,-0.20779836177825928
76.940223,0.034360721707344055,0.22639870643615723,0.12717914581298828
77.040746,-0.0204610675573349,-0.03663879632949829,-0.08433538675308228
77.141187,-0.17029380798339844,-0.1302754282951355,0.20182156562805176
77.241747,-0.031671881675720215,0.08241820335388184,0.002919196616858244
77.342271,0.16186755895614624,0.04446369409561157,-0.10058695822954178
77.442780,-0.06670057773590088,-0.10093438625335693,0.024364419281482697
77.543248,-0.015275061130523682,0.024749279022216797,-0.030053801834583282
77.643785,0.004005730152130127,-0.042783141136169434,0.023583117872476578
77.744332,0.029191017150878906,0.05792146921157837,-0.0007266998291015625
77.844894,-0.018157124519348145,-0.03496682643890381,0.028009653091430664
77.945343,0.035816490650177,0.06106191873550415,-0.008745189756155014
78.045772,-0.02912527322769165,-0.043433189392089844,0.012273374944925308
78.146377,0.03919196128845215,0.038131117820739746,-0.015011128038167953
78.246835,-0.01756364107131958,-0.008868932723999023,0.012388471513986588
78.347336,0.03460496664047241,0.006978750228881836,-0.0077100954949855804
78.447929,-0.034802913665771484,-0.0021053552627563477,-0.007358916103839874
78.548431,0.0030578970909118652,-0.05037045478820801,-0.012193139642477036
78.648853,-0.011240482330322266,0.03778296709060669,-0.013505339622497559
78.749320,-0.009980261325836182,-0.15446323156356812,-0.09879231452941895
78.849885,-0.06037154793739319,0.2251531481742859,0.05583750456571579
78.950388,-0.056432582437992096,-0.045741498470306396,0.09648662805557251
79.050850,-0.05949807167053223,-0.07492679357528687,0.09766525030136108
79.151373,0.0060882568359375,0.0896369218826294,0.01874035969376564
79.251878,0.14808285236358643,0.013599753379821777,-0.09273827075958252
79.352314,-0.07105803489685059,-0.04967421293258667,0.010488279163837433
79.452850,0.014211833477020264,0.017124831676483154,-0.01844371110200882
79.553445,-0.013853788375854492,-0.004975318908691406,0.0030975341796875
79.653862,0.020713448524475098,0.0003076791763305664,0.004010438919067383
79.754352,-0.027378737926483154,0.008535504341125488,-0.007070116698741913
79.854986,0.002553105354309082,-0.039010703563690186,0.010404538363218307
79.955410,-0.01226806640625,0.0406833291053772,-0.009350236505270004
80.055978,-0.009792685508728027,-0.027666747570037842,0.06197667121887207
80.156490,0.0019800662994384766,0.056159019470214844,0.0006709098815917969
80.256880,-0.08226132392883301,0.030252575874328613,0.145818829536438
80.357450,0.034584999084472656,-0.1656091809272766,-0.21919690072536469
80.457911,-0.058274924755096436,0.1514250636100769,-0.0008248984813690186
80.558465,0.07627943903207779,0.21504658460617065,-0.06358296424150467
80.658893,0.03614497184753418,-0.23983234167099,-0.1817726492881775
80.759430,-0.21009939908981323,-0.0984460711479187,0.04350292682647705
80.859979,0.11017554998397827,0.11006897687911987,-0.039829447865486145
80.960472,-0.008965134620666504,-0.052525460720062256,0.04556698352098465
81.061065,-0.03399395942687988,0.0303879976272583,-0.02883249521255493
81.161556,0.0059999823570251465,-0.05329298973083496,0.014668397605419159
81.261953,-0.012916743755340576,0.0336037278175354,-0.013344645500183105
81.362499,-0.0022341012954711914,-0.053553879261016846,0.02599232643842697
81.462963,0.015099704265594482,0.05352741479873657,-0.022738151252269745
81.563444,-0.01813739538192749,-0.07070809602737427,0.020276173949241638
81.663991,0.01838475465774536,0.06840455532073975,-0.005407214164733887
81.764573,-0.016898274421691895,-0.04729020595550537,0.022594258189201355
81.865018,0.036963045597076416,0.05224889516830444,-0.02291875332593918
81.965501,-0.023915469646453857,-0.03403729200363159,0.01566852629184723
82.066093,0.038979291915893555,0.0398593544960022,-0.0030626580119132996
82.166537,-0.01357656717300415,-0.000934302806854248,0.0037184953689575195
82.267130,0.012652158737182617,-0.0163729190826416,-0.0014309808611869812
82.367579,-0.01760929822921753,0.014312505722045898,-0.01491624116897583
82.468045,-0.06433570384979248,0.018283069133758545,0.10723006725311279
82.568601,-0.2266547679901123,0.00695347785949707,0.008860230445861816
82.669053,-0.14126843214035034,-0.3125048279762268,-0.19234216213226318
82.769589,0.20616856217384338,0.39979088306427,-0.11722530424594879
82.870039,0.10999083518981934,-0.030097365379333496,-0.15560787916183472
82.970590,-0.25610584020614624,-0.13618266582489014,0.1627313494682312
83.071121,0.025572776794433594,0.13309425115585327,0.022627949714660645
83.171556,0.09301137924194336,0.002978801727294922,-0.02861190214753151
83.272126,-0.05123758316040039,-0.0174444317817688,-0.016987264156341553
83.372590,0.024440646171569824,0.00414663553237915,-0.0013595223426818848
83.473272,-0.00817185640335083,0.009319007396697998,-4.649162292480469e-05
83.573626,-0.005031228065490723,-0.022861003875732422,0.023696132004261017
83.674135,-0.01759737730026245,0.04818052053451538,0.006944416090846062
83.774670,-0.042929768562316895,-0.07765758037567139,0.016799869015812874
83.875084,0.0017835497856140137,0.05646085739135742,-0.021501902490854263
83.975634,-0.05451035499572754,-0.06864142417907715,0.0094832181930542
84.076119,0.015446066856384277,0.06989312171936035,-0.06010505557060242
84.176649,0.09617918729782104,-0.006023883819580078,-0.07387663424015045
84.277271,0.021539773792028427,0.0773664116859436,-0.06799101829528809
84.377767,-0.08404618501663208,-0.054240286350250244,0.06585852801799774
84.478208,-0.056690849363803864,-0.057689011096954346,0.046715110540390015
84.578726,-0.08100205659866333,-0.006413578987121582,0.041518568992614746
84.679259,0.014071404933929443,0.007872343063354492,-0.002653181552886963
84.779706,0.05498114228248596,-0.005292832851409912,-0.05556213855743408
84.880333,0.0009377896785736084,-0.0670933723449707,0.016082637012004852
84.980733,-0.0019198358058929443,0.05147421360015869,-0.01068955659866333
85.081218,-0.013666033744812012,-0.0674942135810852,0.030933864414691925
85.181718,0.011809617280960083,0.0685463547706604,-0.0127672478556633
85.282314,-0.02140951156616211,-0.07001715898513794,0.017216548323631287
85.382742,0.03703618049621582,0.07142400741577148,-0.012348346412181854
85.483225,-0.014065712690353394,-0.036659419536590576,0.009144671261310577
85.583771,0.0312686562538147,0.04992949962615967,-0.0038960129022598267
85.684239,-0.021623551845550537,-0.012087702751159668,0.0015584900975227356
85.784794,0.024420559406280518,0.007387995719909668,-0.001669466495513916
85.885310,-0.017282605171203613,0.01495581865310669,-0.013459309935569763
85.985762,0.011853277683258057,-0.05748265981674194,0.007011011242866516
86.086230,-0.009840697050094604,0.06669807434082031,0.003222942352294922
86.186717,-0.10471612215042114,0.0646631121635437,0.23221857845783234
86.287334,0.018214941024780273,-0.14408493041992188,-0.149452805519104
86.387864,0.08341574668884277,0.0009480118751525879,-0.15166069567203522
86.488290,0.08888549357652664,0.25593143701553345,-0.04633939266204834
86.588886,-0.1332172304391861,0.020906269550323486,0.10768967866897583
86.689273,-0.18300598859786987,-0.0828406810760498,0.21768999099731445
86.789850,-0.026644766330718994,0.05459475517272949,-0.05773615837097168
86.890353,0.13678759336471558,-0.05024033784866333,-0.0964576005935669
86.990772,-0.019865751266479492,-0.005826830863952637,-0.0172957181930542
87.091330,-0.005382239818572998,-0.04008901119232178,0.0011141300201416016
87.191885,-0.018188655376434326,0.026533067226409912,-0.011051536537706852
87.292349,-0.0012483596801757812,-0.057624220848083496,0.018198013305664062
87.392838,0.012339353561401367,0.06624537706375122,-0.011394857428967953
87.493359,-0.016949474811553955,-0.060404062271118164,0.04334384202957153
87.593882,0.042128562927246094,0.07441043853759766,-0.021465718746185303
87.694416,-0.02162224054336548,-0.061486661434173584,0.017577769234776497
87.794943,0.03685402870178223,0.05441170930862427,-0.01909005455672741
87.895394,-0.017010271549224854,-0.012365162372589111,0.014419613406062126
87.995857,0.01642054319381714,0.03595471382141113,0.029321257025003433
88.096424,-0.10695523023605347,0.09673881530761719,0.15852093696594238
88.196969,-0.08393722772598267,-0.004156947135925293,-0.017984390258789062
88.297493,0.2783280909061432,0.05563229322433472,-0.2297765016555786
88.397970,0.03144240379333496,0.09539049863815308,-0.10879318416118622
88.498437,-0.2676597535610199,-0.09505093097686768,0.03140819072723389
88.598924,-0.19904381036758423,-0.136521577835083,0.17723894119262695
88.699414,0.023634612560272217,0.04039037227630615,-0.12162446975708008
88.799940,0.1115909218788147,-0.019737184047698975,-0.09990519285202026
88.900429,0.04567676782608032,-0.010348379611968994,-0.05176465958356857
89.000982,-0.04490077495574951,0.011716306209564209,0.015404284000396729
89.101468,0.017882466316223145,-0.014310717582702637,-0.007202208042144775
89.201971,-0.0389934778213501,0.0022540688514709473,-0.005106031894683838
89.302543,0.011321961879730225,-0.05174291133880615,-0.01455157995223999
89.402994,-0.014963924884796143,0.038897812366485596,-0.012966446578502655
89.503590,-0.020437300205230713,-0.08197742700576782,0.004876852035522461
89.604050,-0.06195998191833496,-0.007166504859924316,-0.05389368534088135
89.705421,0.03528726100921631,-0.22347092628479004,-0.16355526447296143
89.805052,0.05114877223968506,0.20121777057647705,-0.04362321272492409
89.905505,-0.09473332017660141,0.24264121055603027,0.15259546041488647
90.006068,-0.13416285812854767,-0.08031350374221802,-0.11250084638595581
90.106571,-0.25252240896224976,-0.3062264919281006,-0.10339391231536865
90.207037,0.0788918137550354,-0.03681671619415283,-0.19749955832958221
90.307589,0.1865379810333252,0.08791238069534302,-0.1935419738292694
90.407903,0.05446749925613403,-0.10470253229141235,-0.034895122051239014
90.508569,-0.04808121919631958,0.07739585638046265,0.02616599202156067
90.609111,-0.027475476264953613,-0.027982473373413086,0.04876816272735596
90.709590,0.032746076583862305,0.024718403816223145,-0.02925175428390503
90.810065,-0.02079331874847412,-0.04708904027938843,0.016321316361427307
90.910689,0.04014325141906738,0.05883973836898804,-0.028059661388397217
91.011142,-3.74913215637207e-05,-0.040648818016052246,0.02008146047592163
91.111674,0.031108438968658447,0.04793494939804077,-0.020681798458099365
91.212131,-0.010984599590301514,-0.01898491382598877,0.015448451042175293
91.312622,-0.07091367244720459,0.1063011884689331,0.10906906425952911
91.413164,0.005923092365264893,-0.25775766372680664,-0.1969645619392395
91.513654,0.11658638715744019,-0.013676345348358154,-0.24503910541534424
91.614190,-0.04898502677679062,0.3074607253074646,0.011134430766105652
91.714583,-0.2834557890892029,-0.02866750955581665,0.06460821628570557
91.815134,-0.13213354349136353,-0.0661243200302124,0.157403826713562
91.915702,0.15035253763198853,0.12823760509490967,-0.1032484769821167
92.016159,0.06547456979751587,-0.040880680084228516,-0.03955948352813721
92.116592,-0.0876111388206482,-0.05016225576400757,0.00370943546295166
92.217200,0.06932443380355835,0.07093137502670288,-0.012552976608276367
92.317707,-0.017364919185638428,-0.04069870710372925,0.004589438438415527
92.418256,0.03360098600387573,0.020529985427856445,-0.023790836334228516
92.518725,-0.025378108024597168,-0.025736212730407715,-0.006936296820640564
92.619242,0.019190847873687744,-0.010770142078399658,-0.017781555652618408
92.719726,-0.017153263092041016,0.029406070709228516,0.014881908893585205
92.820168,-0.009512841701507568,-0.021668553352355957,0.03823938965797424
92.920785,-0.02398461103439331,0.10676318407058716,0.07667669653892517
93.021230,-0.291504442691803,-0.14601600170135498,0.0234154611825943
93.121720,0.12977057695388794,-0.16817349195480347,-0.34414708614349365
93.222327,0.20474722981452942,0.4051247239112854,-0.034011486917734146
93.322661,0.0312664657831192,0.05942559242248535,-0.08124369382858276
93.423213,-0.19579648971557617,-0.12760025262832642,0.23464369773864746
93.523754,0.04166454076766968,0.16961920261383057,0.03215646743774414
93.624201,0.08054143190383911,0.01737689971923828,-0.050310373306274414
93.724736,-0.054901957511901855,-0.07169270515441895,-0.001740097999572754
93.825277,-0.041599810123443604,0.004669249057769775,-0.03309452533721924
93.925773,0.030893385410308838,-0.04317474365234375,0.005430832505226135
94.026237,-0.029025554656982422,0.026162445545196533,-0.01545785367488861
94.126841,-0.024120986461639404,-0.06810212135314941,0.008995503187179565
94.227315,0.011551916599273682,0.05551987886428833,-0.01645904779434204
94.327762,-0.004521846771240234,-0.06599307060241699,0.021547406911849976
94.428323,0.015076637268066406,0.07128453254699707,-0.00748811662197113
94.528830,-0.01906365156173706,-0.05360996723175049,0.022704899311065674
94.629263,0.04541003704071045,0.06230878829956055,-0.020328551530838013
94.729947,-0.015031695365905762,-0.03505522012710571,0.0107651948928833
94.830350,0.019377171993255615,0.03474301099777222,0.004173696041107178
94.930836,-0.06688261032104492,0.034274935722351074,0.06959903240203857
95.031370,-0.2056136131286621,-0.015814900398254395,0.045345962047576904
95.131868,-0.08645343780517578,-0.06920051574707031,-0.20270812511444092
95.232418,0.2053002119064331,0.31292182207107544,0.038105547428131104
95.332783,0.012269943952560425,-0.12077105045318604,-0.22691750526428223
95.433372,-0.16355854272842407,-0.12264645099639893,0.3230312466621399
95.533928,0.09275054931640625,0.2150191068649292,-0.008442103862762451
95.634350,0.03397870063781738,-0.05249506235122681,-0.007425844669342041
95.734903,0.0018264055252075195,-0.02196669578552246,-0.04552142322063446
95.835313,0.013981759548187256,0.0006814002990722656,0.009876012802124023
95.935895,0.023124516010284424,0.03494447469711304,-0.031580850481987
96.036482,-0.06442594528198242,-0.011600315570831299,0.0037775039672851562
96.136931,-0.002499520778656006,0.0003985762596130371,-0.021145999431610107
96.237510,0.0042645931243896484,-0.009933054447174072,-0.0011608675122261047
96.337965,0.015338599681854248,-0.021968185901641846,0.0001090019941329956
96.438541,0.0019600987434387207,0.023087680339813232,-0.004637956619262695
96.538865,-0.0004208683967590332,0.0026447176933288574,-0.04540121555328369
96.639373,-0.015810132026672363,-0.0022783875465393066,-0.02094823122024536
96.740022,-0.04300647974014282,-0.05917084217071533,0.03677801787853241
96.840423,-0.016084492206573486,-0.03599560260772705,-0.0028493329882621765
96.941036,-0.05197173357009888,0.013347029685974121,-0.02180277556180954
97.041568,0.0018749237060546875,0.009073913097381592,0.017903752624988556
97.141978,-0.1038241982460022,-0.1189839243888855,0.02784157544374466
97.242428,0.04192283749580383,-0.034011125564575195,-0.18830716609954834
97.342995,0.18490326404571533,0.236525297164917,-0.09056760370731354
97.443653,-0.012822344899177551,0.14323675632476807,-0.01676146686077118
97.544048,-0.17896856367588043,-0.20905828475952148,0.10156604647636414
97.644580,-0.10052114725112915,-0.07235109806060791,-0.029885083436965942
97.745007,0.17398548126220703,0.03938114643096924,-0.07931095361709595
97.845579,-0.024053335189819336,-0.04388761520385742,0.001425042748451233
97.946099,0.0252993106842041,0.03241539001464844,-0.019773483276367188
98.046565,-0.033852994441986084,-0.012691676616668701,0.015067726373672485
98.146975,0.04716107249259949,0.025432586669921875,-0.03578343987464905
98.247614,-0.0347009003162384,-0.039526939392089844,-0.0019066780805587769
98.348084,-0.0018371641635894775,-0.011747777462005615,-0.01763373613357544
98.448592,-0.014144748449325562,-0.020756423473358154,0.024815097451210022
98.549046,-0.018173694610595703,-0.01941782236099243,-0.0016318559646606445
98.649536,0.031497418880462646,0.02448713779449463,-0.002543017268180847
98.750063,-0.018702208995819092,-0.020600199699401855,0.024019241333007812
98.850506,0.059846073389053345,0.09322798252105713,-0.018243491649627686
98.951103,-0.04215270280838013,-0.07738786935806274,0.031074941158294678
99.051589,0.03465685248374939,0.07909715175628662,-0.026890084147453308
99.152108,-0.020463943481445312,-0.054517149925231934,0.02920299768447876
99.252616,0.007518857717514038,0.040648460388183594,-0.010141640901565552
99.353033,0.005657196044921875,-0.01098179817199707,-0.009457588195800781
99.453540,-0.022844046354293823,-0.05403602123260498,-0.014678120613098145
99.554178,-0.033857762813568115,0.037174344062805176,-0.010144293308258057
99.654564,-0.08482980728149414,0.017421483993530273,0.11960756778717041
99.755093,-0.02678525447845459,0.33594074845314026,-0.29931145906448364
99.855707,-0.17907077074050903,-0.3542127013206482,-0.16766542196273804
99.956077,-0.02487165480852127,-0.14105838537216187,-0.25621747970581055
100.056655,-0.22893795371055603,0.19213414192199707,0.007293134927749634
100.157201,0.06344151496887207,0.09462684392929077,-0.05624251812696457
100.257674,0.027560293674468994,-0.005364060401916504,0.023953862488269806
100.358184,0.06055563688278198,0.0062760114669799805,0.0036182403564453125
100.458592,-0.03808790445327759,-0.010660111904144287,-0.02333611249923706
100.559194,-0.0418471097946167,-0.043779850006103516,0.006424441933631897
100.659621,0.007134974002838135,0.023240625858306885,-0.009596586227416992
100.760164,-0.029195845127105713,-0.03697580099105835,0.012429237365722656
100.860652,0.00531238317489624,0.03415602445602417,0.013406336307525635
100.961179,-0.017197608947753906,-0.008608400821685791,0.029491007328033447
101.061690,0.062350690364837646,0.03020024299621582,-0.021247804164886475
101.162223,-0.01241225004196167,-0.0074977874755859375,0.01996343582868576
101.262723,0.052486300468444824,0.04734838008880615,-0.032786838710308075
101.363182,-0.04570305347442627,-0.033535897731781006,0.026878230273723602
101.463793,0.014486551284790039,0.03617578744888306,-0.027348872274160385
101.564217,-0.02921426296234131,-0.03046780824661255,0.0363273099064827
101.664672,0.020568549633026123,0.06510967016220093,0.04050552845001221
101.765243,0.08474022150039673,0.07399696111679077,-0.11805877089500427
101.865717,-0.07737123966217041,-0.24608641862869263,-0.12480753660202026
101.966279,-0.19621309638023376,-0.03769707679748535,-0.06979477405548096
102.066796,-0.21456310153007507,0.02573394775390625,0.05336505174636841
102.167221,-0.010178416967391968,0.1553797721862793,-0.047849833965301514
102.267789,0.037392109632492065,0.05663865804672241,0.05860681086778641
102.368282,0.06387895345687866,0.00835496187210083,-0.06437008082866669
102.468867,0.017195165157318115,-0.010019898414611816,0.016945168375968933
102.569282,0.02933526039123535,-0.007285416126251221,-0.02804487943649292
102.669818,-0.03262299299240112,0.030955612659454346,0.01638692617416382
102.770310,-0.009334743022918701,-0.046892762184143066,0.009799003601074219
102.870783,0.0075563788414001465,0.058369219303131104,-0.005664065480232239
102.971282,-0.0315626859664917,-0.08795714378356934,0.031210005283355713
103.071880,-0.0006511211395263672,0.05593061447143555,-0.025089338421821594
103.172335,-0.028857886791229248,-0.06908291578292847,0.018683627247810364
103.272887,0.010706186294555664,0.041059136390686035,-0.014207899570465088
103.373402,-0.017248809337615967,-0.017319142818450928,0.02267169952392578
103.473789,0.01732581853866577,0.01784646511077881,-0.011627361178398132
103.574361,-0.014828860759735107,0.013457775115966797,0.02092808485031128
103.674807,0.03639829158782959,0.008294939994812012,-0.009316548705101013
103.775334,-0.05695563554763794,0.02400350570678711,0.042918264865875244
103.875833,0.05739098787307739,0.245158851146698,0.028186917304992676
103.976319,0.15775305032730103,-0.2572132647037506,-0.3467639982700348
104.076869,-0.38465210795402527,-0.15145999193191528,-0.12447518110275269
104.177344,-0.2669118046760559,0.004093170166015625,-0.04627549648284912
104.277839,-0.08364500105381012,0.14203619956970215,-0.027283936738967896
104.378343,0.06158062815666199,0.14328235387802124,0.007700785994529724
104.478919,0.06567651033401489,-0.04307979345321655,-0.02755057066679001
104.579552,0.10154032707214355,0.05365860462188721,-0.0683661699295044
104.679846,-0.01840841770172119,-0.0513453483581543,0.040045320987701416
104.780440,0.03837829828262329,0.06967437267303467,-0.027431786060333252
104.880947,-0.033748745918273926,-0.03734773397445679,0.05297744274139404
104.981422,0.02479994297027588,0.031052052974700928,-0.03568284958600998
105.081914,-0.010565400123596191,-0.005006670951843262,0.025933682918548584
105.182405,-0.025978505611419678,-0.018454134464263916,-0.009203016757965088
105.283019,-0.006692945957183838,0.0596160888671875,0.006501920521259308
105.383431,-0.008108675479888916,0.05925273895263672,0.08844363689422607
105.483928,0.24763429164886475,0.15027791261672974,-0.12378919124603271
105.584437,-0.0971183180809021,-0.42591768503189087,-0.24242180585861206
105.684970,-0.3491154611110687,-0.08822458982467651,-0.13303345441818237
105.785488,-0.14776340126991272,0.1574026346206665,0.01124352216720581
105.885959,-0.015943199396133423,0.14559072256088257,0.005958616733551025
105.986460,0.021390199661254883,0.019231438636779785,0.0018245279788970947
106.086943,0.04674014449119568,-0.008181750774383545,-0.03376273810863495
106.187581,-0.013123929500579834,-0.008769690990447998,-0.019273102283477783
106.288019,0.012417763471603394,-0.05221742391586304,-0.001507394015789032
106.388467,0.0011793673038482666,0.04676336050033569,0.00022543221712112427
106.489051,0.016188979148864746,-0.02164548635482788,0.01935267448425293
106.589678,-0.011335700750350952,0.012880146503448486,-0.001940011978149414
106.690121,-0.031054377555847168,-0.030110716819763184,0.0213395357131958
106.790539,0.004150122404098511,0.01985985040664673,0.007155179977416992
106.891032,-0.002752751111984253,0.00018262863159179688,0.02276378870010376
106.991558,0.018231242895126343,0.02839130163192749,0.003121018409729004
107.092136,-0.015639156103134155,-0.01607215404510498,0.012614011764526367
107.192625,0.029950350522994995,0.0642048716545105,-0.01598942279815674
107.293066,-0.025319427251815796,-0.03631424903869629,0.02805103361606598
107.393628,0.02430415153503418,0.05155813694000244,-0.026684418320655823
107.494138,-0.03741335868835449,-0.05339395999908447,0.028751373291015625
107.594558,-0.011747181415557861,0.1043623685836792,0.057082414627075195
107.695084,0.11150038242340088,0.09249919652938843,-0.017589807510375977
107.795604,0.13597124814987183,-0.21989226341247559,-0.23588407039642334
107.896112,-0.2646538019180298,-0.08291292190551758,-0.09943151473999023
107.996568,-0.2608124017715454,-0.031151652336120605,-0.042362987995147705
108.097106,-0.08471512794494629,0.16185849905014038,-0.07597175240516663
108.197614,0.06090986728668213,0.12131112813949585,0.04034614935517311
108.298071,0.09659409523010254,-0.006086945533752441,-0.054838478565216064
108.398685,0.07334846258163452,-0.023057997226715088,-0.03186720609664917
108.499143,0.01695197820663452,-0.02420729398727417,-0.04731482267379761
108.599597,-0.04910707473754883,0.03304070234298706,0.017105162143707275
108.700156,-0.004426538944244385,-0.031217217445373535,0.0010352730751037598
108.800704,-0.020974278450012207,0.038964688777923584,-0.014349518343806267
108.901155,0.005600094795227051,-0.05417227745056152,0.028259575366973877
109.001679,-0.020785152912139893,0.035970985889434814,-0.028826890513300896
109.102191,-0.0029224157333374023,-0.05079168081283569,0.028902828693389893
109.202723,0.22038590908050537,0.3320081830024719,0.15895432233810425
109.303129,0.21657419204711914,0.07018852233886719,-0.32800501585006714
109.403782,-0.39056679606437683,-0.5804795026779175,-0.49587517976760864
109.504212,-0.39832645654678345,0.20625579357147217,-0.1779640018939972
109.604933,0.08161497116088867,0.4744882583618164,2.967938780784607e-05
109.705260,0.13092714548110962,0.05983799695968628,0.005998075008392334
109.805727,0.061959803104400635,-0.13622504472732544,-0.09117597341537476
109.906273,-0.03845304250717163,0.02034592628479004,-0.010838337242603302
110.006691,-0.012308597564697266,-0.028549790382385254,-0.02147846668958664
110.107157,0.02622932195663452,-0.0020822882652282715,0.001040630042552948
110.207714,0.011514127254486084,0.01618504524230957,-0.006277434527873993
110.308281,-0.0410999059677124,-0.0246925950050354,0.03804372251033783
110.408685,0.009194612503051758,-0.00984126329421997,-0.012750014662742615
110.509235,0.004847824573516846,-0.006084024906158447,-0.0074364542961120605
110.609710,-0.019935965538024902,-0.036767423152923584,0.0039014816284179688
110.710284,0.01967567205429077,0.06026017665863037,-0.004823978990316391
110.810772,0.014137029647827148,-0.009468615055084229,0.07706958055496216
110.911306,0.05969703197479248,0.2770765423774719,0.12472695112228394
111.011621,0.15723681449890137,-0.03028389811515808,-0.36101365089416504
111.112245,0.0002707839012145996,-0.3805767893791199,-0.3465811014175415
111.212830,-0.4990130364894867,-0.16584235429763794,-0.19734299182891846
111.313302,-0.34671780467033386,0.21934515237808228,0.01446300745010376
111.413824,-0.030941620469093323,0.1726505160331726,-0.045713409781455994
111.514321,-0.07008731365203857,-0.056327223777770996,-0.027782566845417023
111.614810,0.11706167459487915,-0.04593175649642944,-0.13119029998779297
111.715261,0.1094735860824585,-0.05957341194152832,-0.056943003088235855
111.815798,-0.011453449726104736,0.04699742794036865,0.02373724803328514
111.916333,-0.06292161345481873,-0.07264101505279541,0.04192674160003662
112.016792,-0.01800447702407837,0.0331500768661499,-0.002913413569331169
112.117329,-0.011855661869049072,-0.02122420072555542,0.01611042208969593
112.217874,0.020351380109786987,0.023664414882659912,0.0024336576461791992
112.318420,-0.007511407136917114,0.010646522045135498,0.023480776697397232
112.418905,0.027266860008239746,0.012198090553283691,-0.009362520650029182
112.519462,-0.040159374475479126,-0.005952656269073486,0.013229968026280403
112.619884,0.03522956371307373,0.01336890459060669,-0.04206568002700806
112.720465,-0.028298377990722656,-0.021411240100860596,0.014332890510559082
112.820925,0.030303776264190674,0.025808751583099365,-0.029810786247253418
112.921499,-0.026347845792770386,-0.02731221914291382,0.03206151723861694
113.022067,0.003675132989883423,0.00787353515625,-0.015331266447901726
113.122437,-0.004519999027252197,0.0032221078872680664,0.033954739570617676
113.222976,0.1846410632133484,0.4872615933418274,0.26539182662963867
113.323425,0.33302026987075806,-0.0310269296169281,-0.48460280895233154
113.423968,-0.12175247073173523,-0.5123692750930786,-0.5620881915092468
113.524428,-0.494259774684906,0.2754231095314026,-0.27229177951812744
113.624919,-0.17358162999153137,0.32481181621551514,0.061553955078125
113.725490,-0.0012044310569763184,0.06465530395507812,-0.0277516208589077
113.825938,0.12051427364349365,-0.08972829580307007,-0.06747585535049438
113.926487,0.11328178644180298,-0.02538621425628662,-0.15428243577480316
114.026950,-0.05258375406265259,-0.006290316581726074,0.029982805252075195
114.127502,-0.03959840536117554,-0.04845225811004639,-0.007258005440235138
114.227925,0.00447845458984375,0.06022155284881592,0.005253627896308899
114.328426,-0.0021982192993164062,-0.06117337942123413,0.038924217224121094
114.428975,-0.02124685049057007,0.06789034605026245,-0.005338914692401886
114.529566,-0.03485095500946045,-0.05887049436569214,0.04000676050782204
114.630003,0.20428448915481567,0.5203016400337219,0.21017736196517944
114.730558,0.3995763063430786,-0.19589653611183167,-0.4816814363002777
114.831129,-0.33714237809181213,-0.4280320703983307,-0.46170610189437866
114.931586,-0.5721105337142944,0.006171524524688721,-0.3680844306945801
115.032134,-0.003567248582839966,0.4718407392501831,0.04912072420120239
115.132495,0.1361297369003296,0.05456387996673584,-0.06280410289764404
115.233095,0.11958616971969604,-0.09819823503494263,-0.10799527168273926
115.333514,0.024560391902923584,0.0005976557731628418,-0.044309958815574646
115.434072,-0.05134612321853638,-0.04511469602584839,-0.012832358479499817
115.534535,-0.013197362422943115,0.002960681915283203,0.020558424293994904
115.635100,-0.001277327537536621,0.007278919219970703,-0.014580607414245605
115.735565,-0.02771008014678955,-0.004097044467926025,0.045577943325042725
115.836035,-0.001651763916015625,-0.0031604766845703125,-0.012616448104381561
115.936609,0.013844549655914307,0.027513623237609863,0.015883151441812515
116.037118,-0.018182694911956787,0.01681727170944214,0.05401402711868286
116.137563,0.2683039903640747,0.4152917265892029,0.0417720228433609
116.238103,0.18471068143844604,-0.16438838839530945,-0.3593618869781494
116.338507,-0.43798139691352844,-0.5245548486709595,-0.38803744316101074
116.439070,-0.35388123989105225,0.09509575366973877,-0.3443620204925537
116.539595,-0.21798637509346008,0.3946520686149597,-0.0004411637783050537
116.640145,0.107211634516716,0.11371535062789917,0.015202999114990234
116.740528,0.05267763137817383,-0.08766448497772217,-0.019107282161712646
116.841164,0.057244956493377686,-0.003767073154449463,-0.10870002210140228
116.941615,0.030658751726150513,-0.05682486295700073,-0.024068892002105713
117.042132,-0.05481922626495361,0.045520007610321045,0.029601022601127625
117.142720,-0.009035050868988037,-0.05362272262573242,0.02346576750278473
117.243238,-0.0009033083915710449,0.06814712285995483,0.012435555458068848
117.343645,-0.024257779121398926,-0.05831784009933472,0.02530747652053833
117.444219,0.01326298713684082,0.046672821044921875,-0.0046125054359436035
117.544721,-0.016457021236419678,-0.02254164218902588,0.036745548248291016
117.645226,0.011260390281677246,0.03160923719406128,0.005258798599243164
117.745721,-0.028292179107666016,-0.015281915664672852,0.020147189497947693
117.846271,0.02571845054626465,0.021154463291168213,-0.00028014183044433594
117.946691,-0.02115088701248169,0.01185077428817749,0.02478736639022827
118.047177,0.04185628890991211,0.0157320499420166,-0.020587921142578125
118.147685,-0.03107362985610962,-0.007103443145751953,0.01622307300567627
118.248225,0.028454184532165527,0.006251990795135498,-0.029768332839012146
118.348732,-0.0416906476020813,-0.0174562931060791,0.020838811993598938
118.449210,-0.03407561779022217,0.03510463237762451,0.01991477608680725
118.549794,0.10852259397506714,0.4147879481315613,0.009384453296661377
118.650287,0.32057976722717285,-0.17198380827903748,-0.44662296772003174
118.750786,-0.4295929968357086,-0.3300288915634155,-0.27309614419937134
118.851284,-0.39797067642211914,0.0705154538154602,-0.25399088859558105
118.951749,-0.10345180332660675,0.349733829498291,-0.07582360506057739
119.052224,0.057087332010269165,0.07790309190750122,-0.009384394623339176
119.152730,0.1927706003189087,-0.08852487802505493,-0.1607723832130432
119.253317,0.013638138771057129,-0.09032684564590454,-0.08383041620254517
119.353762,-0.03358250856399536,0.004189968109130859,-0.001087777316570282
119.454245,-0.06982022523880005,1.800060272216797e-05,0.03983360528945923
119.554815,0.006980836391448975,-0.013354659080505371,-0.028419971466064453
119.655293,0.003126978874206543,0.01302260160446167,0.0044634342193603516
119.755821,-0.02112489938735962,-0.07078403234481812,0.0016048625111579895
119.856404,-0.010502457618713379,0.0686497688293457,-0.0020325183868408203
119.956786,-0.028466761112213135,-0.08021247386932373,0.0335383340716362
120.057230,0.00987708568572998,0.07810324430465698,-0.006213366985321045
120.157835,-0.027369379997253418,-0.04904145002365112,0.050404369831085205
120.258497,0.014364480972290039,0.04224938154220581,-0.018294982612133026
120.358793,-0.019983232021331787,-0.018983125686645508,0.03966338187456131
120.459312,0.019999563694000244,0.02693009376525879,-0.011423416435718536
120.559761,-0.028294086456298828,0.0009118914604187012,0.039201974868774414
120.660299,0.027236104011535645,0.016895592212677002,-0.0103568434715271
120.760944,-0.024284183979034424,0.009762704372406006,0.028184950351715088
120.861359,0.027228891849517822,-0.009956955909729004,-0.03548264503479004
120.961868,-0.01914238929748535,0.0002765059471130371,0.012754268944263458
121.062539,0.02024310827255249,-0.012803137302398682,-0.03336440771818161
121.162860,-0.01983785629272461,-0.02185797691345215,0.009319126605987549
121.263400,0.003111898899078369,-0.008221209049224854,-0.0034513473510742188
121.363888,-0.0076184868812561035,-0.01573854684829712,0.020936019718647003
121.464405,-0.008514940738677979,-0.008728325366973877,0.01171458512544632
121.564909,0.0042307376861572266,0.027896642684936523,0.010275721549987793
121.665416,-0.030458450317382812,-0.032274603843688965,0.025699973106384277
121.765902,0.04110121726989746,0.05933433771133423,-0.029981374740600586
121.866412,-0.04951608180999756,-0.06177389621734619,0.04357295483350754
121.966890,0.05228137969970703,0.06969815492630005,-0.047333188354969025
122.067520,-0.037205398082733154,-0.06720888614654541,0.04394495487213135
122.167959,0.03652411699295044,0.05147749185562134,-0.037260472774505615
122.268408,-0.03446817398071289,-0.03494173288345337,0.03128296136856079
122.368975,0.010686397552490234,0.0034404993057250977,-0.027335405349731445
122.469563,0.1941061019897461,0.33063405752182007,0.1450803279876709
122.570087,0.17293286323547363,-0.20656582713127136,-0.4516623020172119
122.670472,-0.18794327974319458,-0.23510167002677917,-0.4023411273956299
122.771018,-0.6881117820739746,-0.13521844148635864,-0.2945854067802429
122.871551,-0.1515553742647171,0.3338906764984131,-0.03503817319869995
122.972009,0.03551110625267029,0.09023761749267578,0.02736485004425049
123.072514,0.18066704273223877,-0.17532676458358765,-0.16973185539245605
123.173016,0.041302382946014404,0.007593989372253418,-0.12305914610624313
123.273533,0.009135961532592773,-0.025354385375976562,0.025230523198843002
123.373992,-0.012150049209594727,0.05125236511230469,0.044622961431741714
123.474547,0.010257303714752197,-0.06274169683456421,-0.04932975023984909
123.575031,-0.0205877423286438,0.03304046392440796,0.006034970283508301
123.675555,0.0011860132217407227,-0.035149216651916504,0.008540801703929901
123.776035,-0.0002682805061340332,0.029358208179473877,-0.005842503160238266
123.876532,-0.010311305522918701,-0.05129033327102661,0.0014047659933567047
123.977099,-0.0006048083305358887,0.022551119327545166,0.008846461772918701
124.077449,-0.035321593284606934,-0.014714360237121582,0.0484577938914299
124.178040,0.016000747680664062,0.03435772657394409,0.0015834569931030273
124.278540,-0.00808042287826538,0.031287550926208496,0.061897218227386475
124.379001,0.029877960681915283,0.03685194253921509,0.006053812801837921
124.479566,-0.08123928308486938,0.008677959442138672,0.07367557287216187
124.580050,0.028705477714538574,-0.2590246796607971,-0.20932364463806152
124.680581,0.04029989242553711,-0.007533371448516846,-0.16611993312835693
124.781061,0.011757433414459229,0.3328908085823059,-0.015158295631408691
124.881789,-0.20697230100631714,-0.14443141222000122,-0.11105990409851074
124.982139,-0.29059427976608276,-0.2894044518470764,0.06833487749099731
125.082691,0.04268503189086914,0.0750347375869751,-0.055014342069625854
125.183168,0.13252663612365723,-0.051718175411224365,-0.0911639928817749
125.283634,0.0052495598793029785,0.0276603102684021,7.513165473937988e-05
125.384189,-0.06585609912872314,-0.039941251277923584,0.04175552725791931
125.484697,0.004754424095153809,0.0624387264251709,0.0011882185935974121
125.585196,-0.03433072566986084,-0.06647992134094238,0.028863921761512756
125.685702,-0.03341406583786011,0.23560869693756104,0.08313652873039246
125.786249,0.16700714826583862,-0.14442908763885498,-0.2662724256515503
125.886739,-0.2261544167995453,-0.2186497449874878,-0.14935415983200073
125.987219,-0.3346327841281891,-0.029141724109649658,-0.06740343570709229
126.087710,-0.08050796389579773,0.28015393018722534,0.06856536865234375
126.188233,0.22601091861724854,-0.049988746643066406,-0.08293528854846954
126.288677,0.11681675910949707,-0.06276047229766846,-0.10932663083076477
126.389176,-0.053341448307037354,0.009239494800567627,0.05191981792449951
126.489701,-0.039055705070495605,-0.020421981811523438,0.02942746877670288
126.590197,0.0034314393997192383,0.02369028329849243,0.0026144981384277344
126.690678,-0.014515697956085205,-0.027460038661956787,0.029326200485229492
126.791221,0.043739497661590576,0.007998466491699219,-0.028943926095962524
126.891715,0.11362624168395996,-0.0580524206161499,-0.08011558651924133
126.992246,0.11487454175949097,0.02152937650680542,-0.07549995183944702
127.092697,-0.05312563478946686,0.037667274475097656,0.002265244722366333
127.193326,-0.04023955762386322,0.08157920837402344,0.04452037811279297
127.293739,-0.10416840016841888,0.030449092388153076,0.026372134685516357
127.394266,-0.037254974246025085,0.04606705904006958,0.0009213685989379883
127.494728,-0.336573988199234,-0.17284393310546875,-0.03412371873855591
127.595215,-0.1222083568572998,0.3655276298522949,0.13885879516601562
127.695769,0.6471918225288391,-0.23832663893699646,-0.31916868686676025
127.796281,-0.22998210787773132,-0.4544306695461273,-0.4313088655471802
127.896797,-0.3536604642868042,-0.0012741684913635254,-0.3470314145088196
127.997341,0.06685739755630493,0.44419825077056885,-0.010103970766067505
128.097866,0.32114821672439575,0.03433150053024292,-0.02654135227203369
128.198266,0.04700404405593872,-0.07440316677093506,-0.028869986534118652
128.298861,-0.02481013536453247,0.016238510608673096,-0.0394228994846344
128.399265,-0.07260990142822266,-0.026738464832305908,0.030178099870681763
128.499790,0.06140494346618652,0.05274754762649536,-0.00228843092918396
128.600321,0.0025854110717773438,0.02290886640548706,0.029402196407318115
128.700820,0.009739339351654053,-0.07648599147796631,-0.0492018461227417
128.801378,-0.062071800231933594,0.013397037982940674,-0.01749590039253235
128.901822,-0.03283947706222534,0.017949163913726807,0.037127017974853516
129.002424,0.2853972911834717,0.41433650255203247,-0.0005657672882080078
129.102897,0.11147069931030273,-0.5324466824531555,-0.42147666215896606
129.203372,-0.5679466724395752,-0.5469768643379211,-0.5908783078193665
129.303889,-0.1831473410129547,0.4122595191001892,-0.13532555103302002
129.404336,0.11415708065032959,0.21343523263931274,-0.08422671258449554
129.504902,0.21128791570663452,-0.13853442668914795,-0.0417400598526001
129.605312,0.013584554195404053,-0.08689558506011963,-0.10012343525886536
129.705886,-0.052645325660705566,-0.013986408710479736,-0.016951441764831543
129.806373,0.0022677183151245117,-0.04403185844421387,-0.025576621294021606
129.906955,0.012823641300201416,0.03638780117034912,0.006920814514160156
130.007508,0.036715149879455566,-0.03196603059768677,0.0014924108982086182
130.107881,-0.03520017862319946,0.01871877908706665,0.00628352165222168
130.208418,-0.03223526477813721,-0.051144540309906006,-0.011550664901733398
130.308942,-0.008270204067230225,0.011567950248718262,0.000539243221282959
130.409442,-0.01850879192352295,0.0013812780380249023,0.03437283635139465
130.509889,0.06631898880004883,0.07151824235916138,0.04763150215148926
130.610438,0.09285080432891846,0.24743664264678955,0.10581761598587036
130.711080,0.28737109899520874,-0.2767467796802521,-0.26964616775512695
130.811416,-0.4482271075248718,-0.36764419078826904,-0.2969948649406433
130.912005,-0.27118155360221863,-0.06201982498168945,-0.35616540908813477
131.012486,-0.08390569686889648,0.39264464378356934,-0.04944854974746704
131.112964,0.08579200506210327,0.10507309436798096,-0.044448018074035645
131.213457,0.15546256303787231,-0.09444475173950195,-0.026972651481628418
131.313992,-0.013380110263824463,-0.005934000015258789,-0.089130699634552
131.414518,-0.026502490043640137,0.014807403087615967,0.0641632080078125
131.514999,-0.004503130912780762,-0.061331331729888916,-0.008020490407943726
131.615498,-0.02071225643157959,0.05206245183944702,0.0006420016288757324
131.716001,-0.045209646224975586,-0.09161520004272461,0.005888700485229492
131.816570,0.018999457359313965,0.09710186719894409,-0.0008350610733032227
131.917040,-0.012517571449279785,-0.059196650981903076,0.0419345498085022
132.017508,0.02697288990020752,0.08044952154159546,-0.01574629545211792
132.118099,-0.010573923587799072,-0.02226102352142334,0.07050937414169312
132.218569,0.13626700639724731,0.169300377368927,0.033102989196777344
132.319024,0.26000601053237915,0.14138555526733398,-0.09602397680282593
132.419540,0.008234143257141113,-0.4104243814945221,-0.45810216665267944
132.520063,-0.649518609046936,-0.34103450179100037,-0.3056456446647644
132.620534,-0.3281615972518921,0.0640292763710022,-0.23083269596099854
132.721115,0.058083951473236084,0.3452270030975342,-0.08086585998535156
132.821605,0.21821290254592896,-0.03390771150588989,0.02959495782852173
132.922088,0.13511955738067627,-0.020359814167022705,-0.1288335770368576
133.022483,-0.022596538066864014,-0.017100870609283447,0.032522618770599365
133.123143,-0.04136514663696289,0.030131876468658447,0.017751649022102356
133.223573,0.0026938319206237793,0.007480502128601074,0.04202429950237274
133.324261,-0.013831257820129395,0.00413060188293457,-0.00696505606174469
133.424629,-0.011558234691619873,0.026444196701049805,0.03597599267959595
133.525111,0.023412585258483887,0.0026526451110839844,-0.0003443807363510132
133.625562,-0.0006223320960998535,0.011865496635437012,0.013267159461975098
133.726146,0.1399475336074829,0.1843298077583313,0.06892089545726776
133.826672,0.11901074647903442,0.02672630548477173,-0.18831712007522583
133.927827,-0.159976989030838,-0.2827772796154022,-0.403242826461792
134.027672,-0.4641326367855072,-0.3899233937263489,-0.3355788588523865
134.128165,-0.18260660767555237,0.2861655354499817,-0.050609290599823
134.228663,0.03874942660331726,0.30660486221313477,0.04973216354846954
134.329168,0.17931139469146729,-0.09755915403366089,-0.020585402846336365
134.429646,0.08962446451187134,0.04827815294265747,-0.11224436014890671
134.530256,-0.03676760196685791,-0.061545372009277344,0.02051885426044464
134.630676,0.030710995197296143,0.05710810422897339,-0.005346208810806274
134.731266,-0.0263749361038208,-0.07753241062164307,0.026557505130767822
134.831641,0.04515862464904785,0.0642804503440857,-0.043959081172943115
134.932223,-0.037439584732055664,-0.03382158279418945,0.059935376048088074
135.032807,0.006721436977386475,0.04502081871032715,-0.039128005504608154
135.133220,0.2729986906051636,0.4476698637008667,0.2517715096473694
135.233749,0.32842159271240234,-0.38421574234962463,-0.531158447265625
135.334204,-0.5099536776542664,-0.24803760647773743,-0.4248703718185425
135.434739,-0.5186148285865784,-0.24357765913009644,-0.3538787364959717
135.535185,-0.07834699749946594,0.4606688618659973,-0.06286561489105225
135.635682,0.14578849077224731,0.08326804637908936,0.020515501499176025
135.736215,0.16447776556015015,-0.07138299942016602,-0.10389897227287292
135.836705,0.01942378282546997,-0.018082857131958008,-0.026352107524871826
135.937323,-0.0059623122215271,-0.004582464694976807,-0.035193562507629395
136.037714,-0.014894187450408936,0.02686333656311035,0.04080092906951904
136.138223,0.03869348764419556,0.007317245006561279,-0.014681532979011536
136.238818,-0.025749266147613525,0.033735573291778564,0.03838098794221878
136.339229,0.004645049571990967,0.15369653701782227,0.06701987981796265
136.439828,0.33509963750839233,0.0303078293800354,-0.060803234577178955
136.540286,0.12574702501296997,-0.2760704755783081,-0.438465416431427
136.640787,-0.5312105417251587,-0.15176844596862793,-0.3444889783859253
136.741298,-0.10557913780212402,0.2425326108932495,0.11442437767982483
136.841870,0.2171514332294464,0.16888171434402466,0.008043408393859863
136.942295,0.14108893275260925,-0.07331103086471558,-0.06083521246910095
137.042845,0.030602842569351196,0.06472688913345337,0.03007921576499939
137.143348,-0.1003710925579071,-0.06009179353713989,0.0032996535301208496
137.243972,0.03733307123184204,0.024422526359558105,-0.04413667321205139
137.344318,-1.3172626495361328e-05,-0.06277668476104736,-0.033496856689453125
137.444910,-0.05788642168045044,0.06605982780456543,0.0011708736419677734
137.545295,0.38514888286590576,0.7435194253921509,0.24846066534519196
137.645824,0.3218350410461426,-0.5935879945755005,-0.8335655331611633
137.746364,-0.6146823763847351,-0.20807522535324097,-0.524753212928772
137.846910,-0.22608879208564758,0.46367067098617554,0.09331972897052765
137.947421,-0.13090574741363525,0.30884063243865967,-0.02762019634246826
138.047834,0.14042264223098755,-0.24027079343795776,-0.2027212381362915
138.148405,0.03927254676818848,-0.02148270606994629,-0.16298151016235352
138.248893,-0.033428966999053955,-0.04304534196853638,0.05456221103668213
138.349379,0.030575096607208252,-0.023805975914001465,-0.06851351261138916
138.449849,-0.011119842529296875,-0.0063405632972717285,0.02656424418091774
138.550473,0.1962662935256958,0.49298548698425293,0.41523003578186035
138.650821,0.5858441591262817,-0.3467671573162079,-0.5929644107818604
138.751419,-0.7666497230529785,-0.5084675550460815,-0.635309636592865
138.852015,-0.5123482942581177,0.18626654148101807,-0.5452427864074707
138.952385,-0.18289759755134583,0.5376650094985962,0.009466901421546936
139.053454,0.3381233215332031,0.003911852836608887,-0.1725650578737259
139.153483,0.03423792123794556,-0.1344054937362671,-0.18494445085525513
139.253988,0.043181777000427246,-0.029007434844970703,-0.08638998866081238
139.354403,-0.028329789638519287,0.036543071269989014,0.051169395446777344
139.454892,-0.012819945812225342,-0.0625031590461731,-0.0020293593406677246
139.555487,-0.012150824069976807,0.03908318281173706,0.002602607011795044
139.655936,-0.046328842639923096,-0.07520711421966553,0.041912078857421875
139.756541,0.014575839042663574,0.07458102703094482,0.005037277936935425
139.856931,-0.04120916128158569,-0.0702548623085022,0.03698594868183136
139.957547,-0.04253363609313965,0.02481865882873535,-0.025511860847473145
140.058043,0.10497993230819702,0.40597206354141235,0.37714946269989014
140.158492,0.5806182622909546,-0.37523069977760315,-0.6631927490234375
140.258939,-0.585120677947998,-0.31593015789985657,-0.5091049075126648
140.359546,-0.5919526815414429,-0.3729376792907715,-0.5215883255004883
140.459997,-0.10126078128814697,0.48939019441604614,-0.02261224389076233
140.560516,0.12466877698898315,0.08952856063842773,0.032987356185913086
140.661022,0.1739041805267334,-0.12550359964370728,-0.11610279977321625
140.761511,-0.028628051280975342,-0.03680157661437988,-0.05766622722148895
140.862027,-0.006114542484283447,0.02649855613708496,0.04943430423736572
140.962544,-0.0469050407409668,-0.029445409774780273,0.032860398292541504
141.063143,0.022846639156341553,0.01992696523666382,0.004241153597831726
141.163582,-0.03715848922729492,0.01179957389831543,0.037747740745544434
141.264101,0.05193692445755005,-0.00020748376846313477,-0.017696067690849304
141.364567,-0.07713860273361206,0.22000384330749512,0.0621335506439209
141.465097,0.45902955532073975,0.15910044312477112,-0.4042193293571472
141.565580,-0.36006200313568115,-0.4354957938194275,-0.6102240681648254
141.666212,-0.5106618404388428,-0.005077958106994629,-0.3769645690917969
141.766613,-0.2008049488067627,0.48993968963623047,0.10485546290874481
141.867088,0.05819123983383179,-0.00039583444595336914,0.16012942790985107
141.967535,0.18734115362167358,0.016778945922851562,-0.08469844609498978
142.068090,-0.0051138997077941895,-0.03158116340637207,0.008632190525531769
142.168655,-0.018137991428375244,0.006184399127960205,-0.046804964542388916
142.269155,-0.19800585508346558,-0.032081782817840576,0.05459647998213768
142.369678,0.16179102659225464,0.2992873787879944,0.03683149814605713
142.470119,0.3302317261695862,-0.1929628849029541,-0.21506449580192566
142.570650,-0.4593260586261749,-0.5838618278503418,-0.40293818712234497
142.671095,-0.24484354257583618,0.009213030338287354,-0.20789018273353577
142.771597,-0.11124679446220398,0.13072437047958374,0.07047288864850998
142.872176,0.24235838651657104,0.06028562784194946,-0.03886866569519043
142.972639,0.13115161657333374,-0.10435426235198975,-0.08684371411800385
143.073189,-0.03809279203414917,0.07287144660949707,-0.02911090850830078
143.173756,-0.12103557586669922,-0.0977029800415039,0.0490616038441658
143.274163,0.0588742196559906,0.05701059103012085,-0.05478215217590332
143.374704,-0.022245049476623535,0.01241159439086914,0.08293908834457397
143.475184,0.010399460792541504,0.02326023578643799,-0.012646734714508057
143.575693,-0.05108499526977539,0.004750192165374756,0.017311997711658478
143.676341,-0.02337801456451416,0.10614341497421265,0.08113014698028564
143.776769,0.28049343824386597,0.00870060920715332,-0.05202740430831909
143.877197,-0.06293541193008423,-0.30004143714904785,-0.18104225397109985
143.977701,-0.2804105281829834,-0.17972129583358765,-0.2239443063735962
144.078172,-0.18393908441066742,0.07701247930526733,-0.021107077598571777
144.178787,0.042628973722457886,0.21192121505737305,-0.004227444529533386
144.279256,0.08248594403266907,0.020461440086364746,0.04535800591111183
144.379716,0.11025318503379822,-0.044434189796447754,-0.09694308787584305
144.480273,-0.04120975732803345,0.014793217182159424,0.005365315824747086
144.580758,-0.03229784965515137,-0.05182844400405884,0.025017082691192627
144.681231,0.05780607461929321,0.34386104345321655,0.09199053049087524
144.781809,0.2802489995956421,0.0048828125,-0.0693390965461731
144.882267,-0.06142289936542511,-0.22317510843276978,-0.3039250373840332
144.982785,-0.3262793719768524,-0.28528112173080444,-0.17260390520095825
145.083307,-0.1452234536409378,0.05604499578475952,-0.08779746294021606
145.183786,0.012067407369613647,0.18640738725662231,0.050521984696388245
145.284239,0.19477644562721252,0.07202142477035522,-0.035953931510448456
145.384812,0.15891897678375244,-0.010374903678894043,-0.07319056242704391
145.485356,0.2024368941783905,-0.09355682134628296,-0.12469176948070526
145.585749,0.06988537311553955,0.09854263067245483,-0.09483931958675385
145.686345,-0.04932703822851181,0.013785123825073242,0.007081091403961182
145.786893,-0.08659326285123825,0.3428265452384949,0.22407495975494385
145.887260,-0.26604869961738586,-0.12589526176452637,-0.023967504501342773
145.987879,-0.06122948229312897,-0.019269704818725586,0.017227232456207275
146.088307,0.002986997365951538,-0.06776624917984009,-0.05009844899177551
146.188814,0.14982399344444275,0.060383379459381104,0.014008045196533203
146.289401,-0.07301683723926544,0.015801429748535156,0.03942093253135681
146.389995,-0.06990092992782593,-0.02456200122833252,-0.018879234790802002
146.490305,-0.041618332266807556,-0.06654030084609985,-0.07708248496055603
146.590841,-0.08076385408639908,-0.2066161036491394,-0.05949249863624573
146.691433,0.11474553495645523,-0.016742587089538574,0.0488339364528656
146.791838,-0.07339587062597275,0.3097790479660034,-0.06223934888839722
146.892376,-0.017882928252220154,0.14253860712051392,-0.29306209087371826
146.992934,0.3029380440711975,-0.25420278310775757,0.19701147079467773
147.093472,0.08883033692836761,-0.15823251008987427,0.38730883598327637
147.193859,-0.24085472524166107,0.22759640216827393,0.14700192213058472
147.294462,-0.3075762093067169,0.008534848690032959,-0.05776655301451683
147.394923,-0.12335895001888275,-0.3908926248550415,-0.17241787910461426
147.495436,0.06500808894634247,-0.2936434745788574,0.03183400630950928
147.595921,0.12377017736434937,-0.09289538860321045,0.02753233164548874
147.696466,0.09047836065292358,0.106570303440094,0.08906632661819458
147.796928,-0.0146823450922966,0.048397839069366455,0.12901461124420166
147.897415,-0.08377133309841156,0.190018892288208,0.13551652431488037
147.998043,-0.2575910985469818,0.03616666793823242,-0.2224438190460205
148.098472,0.16795802116394043,-0.23497432470321655,0.02124929428100586
148.198968,0.14333142340183258,-0.1807384490966797,0.2883579134941101
148.299524,-0.015572210773825645,0.13097989559173584,0.23656463623046875
148.400008,-0.26351433992385864,0.070243239402771,0.039710402488708496
148.500441,-0.2543816566467285,-0.15644162893295288,-0.2011101245880127
148.601043,0.03160277009010315,-0.15507060289382935,-0.04730913043022156
148.701481,0.18743249773979187,-0.07868087291717529,0.11272121220827103
148.801979,0.07941550016403198,0.06633281707763672,0.07042825222015381
148.902531,-0.030134186148643494,-0.07430005073547363,-0.06180095672607422
149.003056,0.014957070350646973,0.07544869184494019,0.023455142974853516
149.103490,-0.07873363792896271,-0.05492556095123291,0.012019813060760498
149.204054,-0.02746390551328659,0.18446528911590576,-0.03944599628448486
149.304488,-0.13362891972064972,-0.10545974969863892,-0.1035170704126358
149.405024,0.11009684205055237,-0.21003949642181396,0.05153060704469681
149.505549,0.11851745843887329,-0.013170242309570312,0.24199052155017853
149.606061,-0.09842252731323242,0.0665656328201294,0.09919112920761108
149.706561,-0.19198095798492432,0.11646491289138794,0.0023527145385742188
149.807037,-0.1442110538482666,-0.15504491329193115,-0.15922844409942627
149.907633,0.06625005602836609,-0.02127814292907715,-0.0181049183011055
150.008075,0.0851668119430542,-0.05692315101623535,0.08446979522705078
150.108541,0.06536668539047241,0.06982231140136719,0.03994155302643776
150.209121,-0.03661736845970154,-0.046474575996398926,-0.010270713828504086
150.309707,-0.04025661572813988,-0.0014026165008544922,-0.007361710071563721
150.410091,-0.028977394104003906,0.1287592053413391,0.03323674201965332
150.510616,-0.1557268500328064,-0.015786707401275635,-0.125449538230896
150.611049,0.10418768227100372,-0.15732401609420776,0.05300319194793701
150.711657,0.17180947959423065,-0.06249046325683594,0.16224299371242523
150.812049,-0.011628776788711548,0.17424345016479492,0.14049336314201355
150.912644,-0.2021506130695343,0.01902616024017334,-0.02108931541442871
151.013124,-0.1707661896944046,-0.056149303913116455,-0.07863688468933105
151.113629,0.015985842794179916,-0.09986358880996704,-0.030131220817565918
151.214171,0.11765679717063904,0.007706105709075928,0.07506668567657471
151.314662,0.06661830842494965,0.06259894371032715,0.02339225262403488
151.415157,0.0028631240129470825,-0.004635453224182129,-0.022677123546600342
151.515673,-0.03954504057765007,0.04097771644592285,0.06345623731613159
151.616192,-0.14284753799438477,0.08645164966583252,-0.07065784931182861
151.716688,0.013923116028308868,-0.15717929601669312,-0.05456472933292389
151.817103,0.1755446195602417,-0.1454572081565857,0.05450153350830078
151.917648,0.06103627383708954,0.06484174728393555,0.17286843061447144
152.018144,-0.08618289232254028,0.12686002254486084,0.07386602461338043
152.118708,-0.2743453085422516,-0.012880980968475342,-0.07567620277404785
152.219225,-0.018611624836921692,-0.1405302882194519,-0.0560087114572525
152.319739,0.126122385263443,-0.04053044319152832,0.05669581890106201
152.420149,0.056399062275886536,0.03851896524429321,0.05432051420211792
152.520663,0.016155213117599487,0.007507622241973877,-0.042618632316589355
152.621221,-0.060350533574819565,-0.03207820653915405,0.006585597991943359
152.721764,0.005128487944602966,0.05606698989868164,0.045687079429626465
152.822180,-0.08388012647628784,0.1144561767578125,-0.03521442413330078
152.922813,-0.01485954225063324,-0.06049555540084839,-0.07652783393859863
153.023225,0.12044249475002289,-0.21877306699752808,0.0987086296081543
153.123765,0.14434391260147095,-0.03711909055709839,0.14100950956344604
153.224210,-0.12321941554546356,0.13518673181533813,0.13424091041088104
153.324825,-0.3370509743690491,-0.07481080293655396,-0.13988405466079712
153.425251,-0.003064282238483429,-0.0668255090713501,-0.047026991844177246
153.525813,0.09761494398117065,-0.06546157598495483,0.07437825202941895
153.626273,0.13077612221240997,0.09025895595550537,0.0739627480506897
153.726854,0.011623933911323547,-0.08494073152542114,-0.008583009243011475
153.827361,2.0273029804229736e-05,0.01125866174697876,0.0033265333622694016
153.927807,-0.017938703298568726,-0.003081202507019043,0.04933953657746315
154.028323,-0.1197262778878212,0.12724322080612183,-0.06017148494720459
154.128739,0.017432555556297302,-0.033856749534606934,-0.10702574253082275
154.229383,0.18279314041137695,-0.2203388214111328,0.10285907983779907
154.329853,0.08645577728748322,0.07061183452606201,0.24205124378204346
154.430331,-0.1956944763660431,0.07330018281936646,0.01856207847595215
154.530947,-0.27044954895973206,0.07708311080932617,-0.127599835395813
154.631366,0.0032658022828400135,-0.16424566507339478,-0.013484843075275421
154.732028,0.15965816378593445,-0.010987043380737305,0.11841665953397751
154.832375,0.08663977682590485,0.007283627986907959,0.035534389317035675
154.932941,-0.02517850697040558,-0.02811598777770996,-0.0654134750366211
155.033432,-0.0558566153049469,0.0349467396736145,0.018976211547851562
155.133832,-0.04553099721670151,0.003717482089996338,0.007460653781890869
155.234383,-0.004992485046386719,0.044371604919433594,0.019369900226593018
155.334847,0.008051298558712006,-0.04643017053604126,-0.028656363487243652
155.435348,0.007173322141170502,0.011219918727874756,0.02519547939300537
155.535884,0.012254290282726288,-0.04978203773498535,-0.014030277729034424
155.636336,-0.08936148881912231,0.12639617919921875,0.03797292709350586
155.736828,-0.06577049195766449,-0.011758565902709961,-0.15007352828979492
155.837489,0.18417181074619293,-0.2655782699584961,0.10168027877807617
155.937837,0.16007773578166962,-0.065091073513031,0.20172007381916046
156.038493,-0.067206010222435,0.14669269323349,0.07698090374469757
156.138955,-0.24306157231330872,0.12340599298477173,-0.0764954686164856
156.239395,-0.26665014028549194,-0.07756680250167847,-0.10172486305236816
156.339858,0.04569465294480324,-0.10989779233932495,0.09143412113189697
156.440474,0.12856529653072357,0.010049998760223389,0.09444200992584229
156.540949,0.026900991797447205,0.01564490795135498,-0.013061700388789177
156.641411,-0.00605890154838562,0.05466961860656738,-0.05616497993469238
156.741945,-0.046253979206085205,0.14044010639190674,-0.031812965869903564
156.842570,0.11123380064964294,-0.07755351066589355,0.0036615729331970215
156.942926,0.04348263144493103,0.036903202533721924,0.11147987842559814
157.043560,-0.0655679702758789,0.0038156509399414062,-0.018316514790058136
157.143999,-0.066089928150177,-0.04069817066192627,0.010098099708557129
157.244587,-0.02663421630859375,0.001711428165435791,0.005027413368225098
157.344935,0.009167373180389404,0.027653217315673828,-0.023515580222010612
157.445570,0.032407402992248535,0.016358017921447754,0.08962416648864746
157.545952,0.13684284687042236,-0.04590320587158203,-0.2683173418045044
157.646474,-0.097251296043396,-0.04985469579696655,-0.049099087715148926
157.747057,-0.0009739995002746582,0.02839714288711548,-0.0645906925201416
157.847557,0.03583073616027832,-0.010246634483337402,0.04238319396972656
157.947972,-0.021522045135498047,-0.015982747077941895,-0.04691356420516968
158.048573,0.014506042003631592,0.00476151704788208,0.04101366549730301
158.149065,-0.02965766191482544,-0.012892723083496094,-0.054958343505859375
158.249541,0.054279208183288574,0.027760624885559082,0.08284563571214676
158.350058,-0.08986425399780273,-0.0239982008934021,-0.07569438219070435
158.450538,0.057932496070861816,0.027855277061462402,0.11295247077941895
158.551045,-0.06456172466278076,-0.018484175205230713,-0.10620461404323578
158.651511,-0.1118628978729248,-0.045812249183654785,-0.0408070832490921
158.752069,-0.09085425734519958,-0.033988118171691895,0.03304159641265869
158.852524,0.0389823317527771,0.021142125129699707,0.006096847355365753
158.953166,-0.058544620871543884,0.20254164934158325,0.029014823958277702
159.053576,-0.029941633343696594,-0.09531933069229126,-0.22297118604183197
159.154045,0.13938161730766296,-0.21583819389343262,0.0856965184211731
159.254615,0.07485915720462799,-0.04109001159667969,0.21075770258903503
159.355209,-0.1234646663069725,0.2290547490119934,0.15505105257034302
159.455497,-0.30586981773376465,0.030413329601287842,-0.12517738342285156
159.556134,-0.09307911247015,-0.16383540630340576,-0.05423973500728607
159.656531,0.1558040827512741,-0.0453265905380249,0.09114736318588257
159.757143,0.1226443499326706,0.04846912622451782,0.08920609951019287
159.857666,0.03542622923851013,0.013514280319213867,-0.028956294059753418
159.958152,-0.039206624031066895,-3.2067298889160156e-05,0.001070857048034668
160.058718,-0.013729557394981384,-0.02945685386657715,-0.0033005494624376297
160.159110,-0.009785622358322144,0.016763508319854736,-0.025748254731297493
160.259685,-0.016996756196022034,0.010418295860290527,0.010822055861353874
160.360111,0.014599919319152832,-0.0037137866020202637,0.013825174421072006
160.460630,-0.04130864143371582,-0.029180943965911865,0.04143249988555908
160.561173,0.04282723367214203,0.005381405353546143,-0.02690732106566429
160.661702,-0.019216686487197876,0.01975041627883911,0.007269500754773617
160.762398,0.023726314306259155,0.03540945053100586,-0.01681983843445778
160.862737,-0.028747156262397766,-0.003359198570251465,0.01460409164428711
160.963195,-0.014998674392700195,-0.013372540473937988,-0.009723659604787827
161.063658,-0.07550272345542908,0.062136709690093994,-0.02289736270904541
161.164231,-0.08183395862579346,-0.1313474178314209,-0.10822641104459763
161.264731,0.1530286967754364,-0.2363693118095398,0.1342887282371521
161.365229,0.17153576016426086,0.016381263732910156,0.21866321563720703
161.465736,0.0018685534596443176,0.3273881673812866,0.10046452283859253
161.566275,-0.3999738097190857,-0.08219671249389648,-0.14170515537261963
161.666719,-0.15843719244003296,-0.3721427917480469,-0.0588676780462265
161.767225,0.21615859866142273,-0.1422169804573059,0.2262861132621765
161.867833,0.2412572056055069,0.15442979335784912,0.08534508943557739
161.968256,0.008673399686813354,0.08709073066711426,-0.020893625915050507
162.068750,-0.11730314046144485,-0.061359703540802,-0.06222480535507202
162.169256,-0.08455980569124222,-0.023484349250793457,0.035174012184143066
162.269778,-0.11274363845586777,-0.008382737636566162,-0.017710566520690918
162.370258,-0.0539126992225647,0.06698906421661377,-0.07989299297332764
162.470808,0.1173180639743805,-0.2751098871231079,0.04816919565200806
162.571310,0.2244165986776352,-0.09367901086807251,0.18146778643131256
162.671789,-0.012682139873504639,0.19941532611846924,0.17797070741653442
162.772301,-0.24295739829540253,0.09284985065460205,-0.0720565915107727
162.872763,-0.2947287857532501,-0.2256278395652771,-0.0856998860836029
162.973276,0.13737574219703674,-0.23916226625442505,0.11324667930603027
163.073833,0.23509636521339417,0.1996098756790161,0.22021806240081787
163.174319,0.05319097638130188,0.07398927211761475,-0.03286939114332199
163.274831,-0.010397523641586304,0.001117706298828125,0.006394147872924805
163.375302,-0.037533946335315704,-0.10473513603210449,2.9744580388069153e-05
163.475880,-0.04600433260202408,0.01112431287765503,0.024400053545832634
163.576321,0.01371254026889801,0.02467876672744751,-0.037326931953430176
163.676871,0.007931575179100037,-0.026357054710388184,3.479793667793274e-05
163.777341,0.043846338987350464,-0.004449188709259033,0.010833382606506348
163.877816,-0.015377834439277649,0.007213771343231201,0.043125152587890625
163.978338,-0.07584710419178009,0.08308744430541992,-0.06393957138061523
164.078884,0.010311469435691833,-0.17647117376327515,-0.04325781762599945
164.179377,0.12943418323993683,-0.10253763198852539,0.1016303300857544
164.279916,0.07956681400537491,0.11766165494918823,0.13653264939785004
164.380371,-0.16957011818885803,0.05829077959060669,0.015424072742462158
164.480868,-0.262204647064209,-0.014536499977111816,-0.10457374155521393
164.581364,-0.0026444047689437866,-0.20981407165527344,-0.0020476803183555603
164.681932,0.2007664144039154,0.08933937549591064,0.10339342802762985
164.782437,0.08846217393875122,-0.010421514511108398,0.03107142075896263
164.882932,-0.024284623563289642,-0.06670629978179932,-0.07850409299135208
164.983413,-0.0945662409067154,0.017389357089996338,0.05419851094484329
165.083863,-0.0033387988805770874,-0.0023714303970336914,-0.010492093861103058
165.184508,0.043837979435920715,0.08011519908905029,0.010467171669006348
165.284932,-0.24082499742507935,0.05076664686203003,-0.08256484568119049
165.385414,0.08543851971626282,-0.27856266498565674,-0.020081639289855957
165.485914,0.20068618655204773,-0.12802743911743164,0.15786176919937134
165.586490,0.06845800578594208,0.2457830309867859,0.13266396522521973
165.687193,-0.21748745441436768,0.09810763597488403,-0.002655390650033951
165.787492,-0.18440178036689758,-0.16594314575195312,-0.09086142480373383
165.888008,0.02170179784297943,-0.11553102731704712,0.05655252933502197
165.988494,0.08737045526504517,0.10928225517272949,0.03590047359466553
166.088923,0.08325761556625366,-0.0019008517265319824,0.0004490688443183899
166.189485,-0.06464731693267822,0.006445109844207764,-0.009345769882202148
166.290024,0.03145080804824829,0.027536451816558838,0.02968788892030716
166.390543,-0.056396424770355225,-0.037270545959472656,-0.06366896629333496
166.491026,0.02338370680809021,-0.015240848064422607,0.05215763300657272
166.591546,0.0005519688129425049,0.005593359470367432,-0.025853045284748077
166.692014,-0.029435724020004272,0.03485900163650513,-0.0006794929504394531
166.792525,0.018131524324417114,0.014341652393341064,0.04517257213592529
166.893038,-0.04909756779670715,-0.006871700286865234,0.008157722651958466
166.993504,0.08365309238433838,-0.058385491371154785,0.061891552060842514
167.094055,0.046712398529052734,0.05073988437652588,-0.005735166370868683
167.194543,-0.15171769261360168,0.18770498037338257,-0.08861635625362396
167.295157,0.019987285137176514,-0.18048375844955444,-0.04183244705200195
167.395623,0.10125355422496796,-0.2396535873413086,0.22499382495880127
167.496101,0.06492488831281662,0.23543155193328857,0.2057042121887207
167.596528,-0.2637770175933838,0.16956448554992676,-0.05551766976714134
167.697140,-0.18990251421928406,-0.24245083332061768,-0.16591130197048187
167.797630,0.18262693285942078,-0.23630374670028687,0.13339203596115112
167.898030,0.2786283791065216,0.14779412746429443,0.19769412279129028
167.998650,-0.04263812303543091,0.15757673978805542,0.008214637637138367
168.099119,-0.253493070602417,-0.07625329494476318,-0.09061575680971146
168.199610,0.01687067747116089,-0.1625741720199585,0.0346376895904541
168.300100,0.11361971497535706,0.03596091270446777,0.07512813806533813
168.400569,0.05322754383087158,0.0913848876953125,-0.024550914764404297
168.501107,-0.0565970242023468,-0.03637051582336426,0.013500808738172054
168.601733,0.012406155467033386,0.0778467059135437,0.02470695972442627
168.702196,-0.00794951617717743,-0.046233177185058594,0.0260312557220459
168.802705,0.012972697615623474,0.007180511951446533,-0.019344691187143326
168.903106,0.030470356345176697,0.016594529151916504,0.05234062671661377
169.003744,-0.03872677683830261,0.09276330471038818,-0.055945396423339844
169.104195,0.027700215578079224,-0.1788976788520813,-0.07359208166599274
169.204609,0.14413323998451233,-0.17936575412750244,0.11112689971923828
169.305192,0.07266251742839813,0.20282399654388428,0.22789931297302246
169.405711,-0.2480117678642273,0.04563063383102417,-0.06615567207336426
169.506124,-0.25851210951805115,-0.12938153743743896,-0.12272943556308746
169.606718,-0.06622590124607086,-0.1128242015838623,0.04817545413970947
169.707242,0.05362868309020996,0.12053042650222778,0.04766320809721947
169.807749,0.3050044775009155,-0.26257091760635376,-0.0018349885940551758
169.908288,-0.07117956876754761,0.011144697666168213,-0.017409324645996094
170.008736,0.026873648166656494,0.03275352716445923,0.045625217258930206
170.109220,-0.04081562161445618,-0.009652376174926758,-0.04032612219452858
170.209644,0.046170830726623535,0.01509082317352295,0.05308174714446068
170.310259,-0.01087525486946106,-0.020049214363098145,-0.07127833366394043
170.410672,-0.007968991994857788,-0.05811959505081177,0.0389179028570652
170.511218,-0.009385883808135986,-0.019185781478881836,-0.04105865955352783
170.611818,-0.036603838205337524,0.00585484504699707,0.015926003456115723
170.712293,0.049097299575805664,0.04379945993423462,0.01867830380797386
170.812758,-0.05868616700172424,0.0204811692237854,0.010809540748596191
170.913300,0.01295459270477295,-0.015739798545837402,0.009866833686828613
171.013803,-0.03537508845329285,-0.0569305419921875,-0.029317498207092285
171.114246,0.004496186971664429,-0.028447449207305908,-0.029312968254089355
171.214720,0.018300175666809082,0.03460663557052612,0.06547534465789795
171.315290,-0.010812848806381226,0.09868478775024414,0.12016139924526215
171.415821,0.07344618439674377,0.02305614948272705,0.01825559511780739
171.516311,-0.06362003087997437,-0.0490301251411438,-0.05239294469356537
171.616815,-0.03354930877685547,-0.00039905309677124023,-0.10356810688972473
171.717265,0.11438572406768799,-0.08333510160446167,0.0691913366317749
171.817805,0.1812162697315216,-0.010090649127960205,0.11027663946151733
171.918389,-0.0687234103679657,0.10271584987640381,0.17207741737365723
172.018887,-0.22243231534957886,0.028623342514038086,-0.019138099625706673
172.119278,-0.18138673901557922,-0.012686312198638916,-0.03320561349391937
172.219966,0.023293793201446533,-0.10633283853530884,0.009289368987083435
172.320327,0.2042059302330017,0.09035062789916992,0.03473375737667084
172.420834,0.03814774751663208,-0.07899516820907593,-0.0027800798416137695
172.521415,0.020122230052947998,0.02674412727355957,0.05398918688297272
172.621975,-0.030240610241889954,-0.031247437000274658,0.039924852550029755
172.722403,-0.0497000515460968,0.06576800346374512,-0.05711771547794342
172.822895,0.00039455294609069824,0.0005056858062744141,-0.012481346726417542
172.923399,0.02828657627105713,-0.07565999031066895,0.016597166657447815
173.023871,0.07626324892044067,0.033830225467681885,0.0775996521115303
173.124339,-0.0014773905277252197,-0.04417431354522705,0.04676639661192894
173.224891,-0.07107551395893097,0.10950130224227905,-0.012559279799461365
173.325382,-0.12360408902168274,-0.037365078926086426,-0.07758605480194092
173.425991,0.012677550315856934,0.018177330493927002,0.014524221420288086
173.526410,0.05658602714538574,-0.0238150954246521,0.0009614080190658569
173.626900,0.015645980834960938,-0.03478938341140747,0.008149012923240662
173.727429,0.012873291969299316,0.034302473068237305,0.0016641318798065186
173.827971,-0.03254963457584381,-0.029833734035491943,-0.010244742035865784
173.928436,0.016283556818962097,0.05071842670440674,0.012481316924095154
174.028952,-0.031035706400871277,-0.02626490592956543,0.0015190839767456055
174.129390,0.016443267464637756,0.02264714241027832,0.021171927452087402
174.230054,-0.01823340356349945,0.01090925931930542,-0.04233179986476898
174.330404,-0.04510447382926941,-0.022735893726348877,-0.0095919668674469
174.431005,0.16425779461860657,-0.1512892246246338,0.10288619250059128
174.531463,0.08765965700149536,0.013082921504974365,0.13523328304290771
174.631953,-0.03401130437850952,0.11303848028182983,0.021802842617034912
174.732529,-0.23260004818439484,0.03389984369277954,-0.035448551177978516
174.833036,-0.11173905432224274,-0.045257747173309326,-0.03588630259037018
174.933533,0.07561275362968445,-0.052785515785217285,0.064642533659935
175.033947,0.11306801438331604,-0.04190385341644287,0.02601182460784912
175.134580,0.06659960746765137,0.03255319595336914,0.002215266227722168
175.234956,-0.03389737010002136,-0.021055936813354492,0.0016925260424613953
175.335487,-0.0016194432973861694,0.061261892318725586,-0.014706149697303772
175.435999,-0.04441921412944794,-0.03364807367324829,0.01632821559906006
175.536520,0.019688338041305542,0.03160440921783447,-0.008065208792686462
175.636975,-0.009412229061126709,-0.025074541568756104,0.04757987707853317
175.737622,0.009423181414604187,0.011301875114440918,-0.012695923447608948
175.838107,0.011126488447189331,0.04988217353820801,-0.010741472244262695
175.938522,-0.03444796800613403,-0.06397974491119385,-0.044515982270240784
176.039201,0.09154337644577026,-0.08060258626937866,0.07665301859378815
176.139496,0.10791048407554626,-0.04698014259338379,0.0926128625869751
176.240125,-0.012435242533683777,0.12091058492660522,0.08843803405761719
176.340587,-0.3030468821525574,0.014004170894622803,-0.08041167259216309
176.441112,-0.09609699249267578,-0.04475283622741699,-0.018073469400405884
176.541581,0.07692426443099976,-0.08798748254776001,0.081526979804039
176.642062,0.11844900250434875,0.030248284339904785,0.024393081665039062
176.742616,0.07669559121131897,-0.015921711921691895,-0.012417912483215332
176.843062,-0.015026211738586426,-0.007139742374420166,0.009828433394432068
176.943676,-0.004050880670547485,0.058237314224243164,0.028910398483276367
177.044141,-0.024291038513183594,-0.02900010347366333,-0.030305534601211548
177.144513,-0.003587067127227783,0.036144137382507324,0.030105456709861755
177.245215,0.009850651025772095,-0.01985877752304077,-0.01654982566833496
177.345693,0.008347183465957642,-0.0032927989959716797,0.013777613639831543
177.446105,0.03706297278404236,0.007776618003845215,-0.01827646791934967
177.546605,-0.04653957486152649,-0.02273768186569214,0.014903053641319275
177.647139,0.03793478012084961,0.05103117227554321,-0.02032269537448883
177.747702,-0.028469771146774292,-0.01618826389312744,0.016372203826904297
177.848120,0.023421138525009155,-0.006298720836639404,-0.008320793509483337
177.948631,-0.02782195806503296,-0.029244601726531982,0.01540672779083252
178.049094,0.004965364933013916,0.011530637741088867,-0.0009478181600570679
178.149616,0.02366924285888672,0.027803361415863037,0.004281044006347656
178.250262,-0.0477505624294281,-0.022793829441070557,0.006271377205848694
178.350692,0.030302494764328003,0.05975872278213501,-0.005874276161193848
178.451121,-0.07819655537605286,0.016717493534088135,-0.0040106624364852905
178.551681,0.009722113609313965,-0.046920597553253174,-0.03069591522216797
178.652179,0.12525275349617004,-0.1458134651184082,0.17653095722198486
178.752756,0.1126653403043747,0.1333053708076477,0.08333790302276611
178.853244,-0.14339517056941986,0.12603706121444702,-0.02610599994659424
178.953750,-0.22995685040950775,-0.09130263328552246,-0.07240226864814758
179.054232,0.04289132356643677,-0.01655113697052002,0.07398425042629242
179.154741,0.062331169843673706,-0.03849911689758301,-0.0023412704467773438
179.255270,0.11337131261825562,0.032452285289764404,-0.011838331818580627
179.355719,-0.01984727382659912,-0.06812351942062378,0.019127123057842255
179.456227,-0.027201414108276367,0.029130876064300537,0.0153345987200737
179.556766,-0.02086159586906433,-0.04936325550079346,-0.005475051701068878
179.657256,-0.014665991067886353,0.020788908004760742,-0.02312101423740387
179.757796,-0.0021302998065948486,-0.016013503074645996,0.018635272979736328
179.858261,-0.02353811264038086,0.020733773708343506,-0.019092679023742676
179.958860,-0.026195794343948364,0.036072492599487305,-0.010319359600543976
180.059262,0.058687031269073486,-0.13488423824310303,-0.023192986845970154
180.159793,0.1951979696750641,-0.01815664768218994,0.16516900062561035
180.260185,-0.0006465315818786621,0.04623526334762573,0.0777120590209961
180.360748,-0.20137152075767517,0.07016986608505249,-0.021698832511901855
180.461273,-0.20971225202083588,-0.05016493797302246,-0.03991711139678955
180.561811,0.042152583599090576,-0.0019150972366333008,0.05926775932312012
180.662273,0.11464738845825195,-0.021131694316864014,0.025400161743164062
180.762821,0.08283692598342896,-0.014048516750335693,0.025678172707557678
180.863329,0.047894835472106934,-0.03318214416503906,-0.01282799243927002
180.963798,-0.028721511363983154,0.007980167865753174,0.016831502318382263
181.064367,-0.03353288769721985,0.02847135066986084,0.014870874583721161
181.164881,-0.013631820678710938,0.033269524574279785,0.01548612117767334
181.265354,-0.03659060597419739,-0.03469538688659668,0.015445828437805176
181.365826,0.046885937452316284,-0.01984536647796631,0.010314345359802246
181.466467,-0.10990750789642334,0.06202852725982666,-0.08278226852416992
181.567016,0.14445996284484863,-0.1885172724723816,0.04707753658294678
181.667371,0.12386593222618103,-0.04478597640991211,0.18041986227035522
181.767922,-0.0076787471771240234,0.12407791614532471,0.06791793555021286
181.868375,-0.30058392882347107,0.09680682420730591,-0.06395387649536133
181.968852,-0.12988807260990143,-0.15000683069229126,-0.07409168779850006
182.069484,0.07827407121658325,-0.0117570161819458,0.087638258934021
182.169852,0.06381762027740479,-0.034689247608184814,-0.019740208983421326
182.270451,0.08133375644683838,0.0388680100440979,0.004303336143493652
182.370927,-0.00677180290222168,-0.0071332454681396484,0.025544047355651855
182.471517,0.015838652849197388,0.005680382251739502,-0.006204135715961456
182.571908,-0.059673190116882324,-0.08821594715118408,0.0021649524569511414
182.672416,0.006632596254348755,0.03813886642456055,-0.004426494240760803
182.772935,0.019480735063552856,-0.039935946464538574,-0.011041894555091858
182.873523,-0.016988486051559448,0.028839588165283203,-0.06076370179653168
182.973986,-0.03977963328361511,0.05948895215988159,-0.009569182991981506
183.074441,0.03741869330406189,-0.188698410987854,-0.021039843559265137
183.174937,0.13847926259040833,0.006903469562530518,0.14886009693145752
183.275470,-0.05068764090538025,0.05284005403518677,0.04662525653839111
183.375971,-0.2468557208776474,0.08415883779525757,-0.059957750141620636
183.476460,-0.09584759175777435,-0.138083815574646,-0.04819333553314209
183.576955,0.1166796088218689,0.02706611156463623,0.05247713625431061
183.677489,0.1083303689956665,-0.005705893039703369,-0.010044455528259277
183.777958,0.03174950182437897,-0.02518695592880249,0.024588122963905334
183.878559,0.011110320687294006,0.03718876838684082,0.02925289422273636
183.979043,-0.0018717646598815918,0.00792539119720459,0.0318455696105957
184.079456,0.05097855627536774,-0.08489227294921875,-0.07208287715911865
184.180000,-0.02789217233657837,-0.02976924180984497,0.00820159912109375
184.280568,-0.06504137814044952,0.022748708724975586,0.05807686597108841
184.381011,-0.02643445134162903,0.01138615608215332,0.00336659699678421
184.481541,-0.021247774362564087,0.015663504600524902,-0.047357916831970215
184.582027,0.030764400959014893,0.11027318239212036,-0.09579195082187653
184.682538,0.05818206071853638,0.11327797174453735,-0.035223133862018585
184.783031,0.06566135585308075,-0.018677830696105957,0.05476030707359314
184.883710,0.0084734708070755,-0.09655529260635376,0.08471347391605377
184.984065,-0.011008873581886292,-0.0028873682022094727,-0.024734020233154297
185.084618,-0.03420841693878174,0.0031839609146118164,0.034860968589782715
185.185094,0.19617430865764618,0.014867424964904785,0.020584821701049805
185.285497,0.026653990149497986,-0.053144752979278564,0.08046352118253708
185.386129,0.04572318494319916,0.13429123163223267,-0.0862896516919136
185.486652,-0.0658683180809021,0.2777767777442932,0.1443166881799698
185.587053,-0.27478885650634766,-0.25159400701522827,-0.0730971097946167
185.687582,-0.10047125816345215,-0.22966229915618896,-0.04526004195213318
185.788089,0.15164566040039062,-0.024515748023986816,-0.19684487581253052
185.888688,0.16751134395599365,0.011596202850341797,-0.07692104578018188
185.989125,-0.04851335287094116,-0.03601360321044922,0.0718809962272644
186.089669,-0.05833820998668671,0.07928824424743652,-0.0025624632835388184
186.190116,-0.0632045716047287,-0.009859681129455566,0.0739627480506897
186.290625,0.26825815439224243,0.3376947045326233,0.0331696942448616
186.391116,-0.06934244930744171,0.47711843252182007,-0.12074989080429077
186.491663,-0.2518976032733917,-0.359813392162323,-0.33367645740509033
186.592192,-0.06234586238861084,-0.2830514907836914,-0.2992851138114929
186.692661,0.37651652097702026,0.06498938798904419,-0.27588385343551636
186.793179,0.22114849090576172,0.16754180192947388,-0.10350310802459717
186.893682,-0.04394896328449249,0.01895308494567871,0.08405733108520508
186.994139,-0.15444977581501007,0.08538472652435303,0.05278146266937256
187.094686,-0.27614685893058777,-0.19836944341659546,0.012951105833053589
187.195200,0.11217755079269409,-0.26607370376586914,-0.2571343183517456
187.295718,0.20068573951721191,-0.09807145595550537,-0.16544604301452637
187.396162,0.13898295164108276,0.028763294219970703,-0.07372629642486572
187.496703,-0.015510797500610352,-0.033982038497924805,0.011953473091125488
187.597249,-0.08215856552124023,0.060305893421173096,0.04036891460418701
187.697759,-0.06903105974197388,0.015056848526000977,0.04933673515915871
187.798194,0.00702434778213501,-0.004421830177307129,0.01558452844619751
187.898709,-0.08062770962715149,0.03582245111465454,0.021138735115528107
187.999239,-0.11500787734985352,0.15162992477416992,0.08616067469120026
188.099795,-0.2739030122756958,-0.04933345317840576,-0.08164602518081665
188.200225,0.1663838028907776,-0.12928152084350586,-0.2558262348175049
188.300745,0.2698482871055603,0.02040576934814453,-0.18448758125305176
188.401324,0.03641533851623535,0.3578014373779297,0.030475972220301628
188.501750,-0.12413716316223145,-0.31022679805755615,-0.21729832887649536
188.602265,-0.22124776244163513,-0.15792328119277954,0.01681572198867798
188.703580,0.11389529705047607,0.0626634955406189,-0.10751538723707199
188.803283,0.1232445240020752,-0.051460862159729004,-0.04390614479780197
188.903818,0.04447859525680542,0.04488092660903931,0.009905042126774788
189.004335,-0.03025871515274048,-0.009645164012908936,0.03963756561279297
189.104809,0.018326103687286377,-0.002973496913909912,-0.06086278706789017
189.205311,-0.006845951080322266,0.007100999355316162,0.04463911056518555
189.305857,0.052319228649139404,0.08623343706130981,-0.02305176854133606
189.406358,-0.15259701013565063,-0.20519661903381348,-0.07103323936462402
189.506859,0.10790261626243591,0.2378840446472168,0.024639636278152466
189.607353,0.2042582780122757,0.20761603116989136,-0.12192606925964355
189.707788,-0.008778713643550873,-0.3806180953979492,-0.07842853665351868
189.808301,-0.12014913558959961,0.0004912018775939941,-0.00444851815700531
189.908905,0.13103216886520386,-0.010825812816619873,-0.06768940389156342
190.009335,0.05058252811431885,-0.009908616542816162,-0.04656326770782471
190.109857,-0.05217874050140381,-0.01129913330078125,0.08794831484556198
190.210378,0.037153780460357666,0.07490253448486328,-0.014412060379981995
190.310861,0.0040656328201293945,-0.034374773502349854,0.05055403709411621
190.411343,0.08649718761444092,0.05089747905731201,-0.025220051407814026
190.511905,-0.013224780559539795,-0.006860077381134033,0.004670038819313049
190.612341,-0.025066614151000977,-0.044712603092193604,-0.05958329141139984
190.712872,0.03515458106994629,-0.058644890785217285,-0.05374214053153992
190.813475,-0.07949519157409668,0.12360483407974243,0.03332236409187317
190.913987,0.0563339963555336,0.012417376041412354,-0.10195574164390564
191.014533,0.04299143701791763,-0.019097208976745605,0.04960525035858154
191.114943,-0.11548024415969849,0.01420813798904419,0.08540140092372894
191.215374,0.0941624641418457,-0.07763373851776123,-0.03724885731935501
191.315899,0.04610908031463623,0.02820718288421631,-0.003870368003845215
191.416442,-0.0399971604347229,0.010026931762695312,0.04135942459106445
191.516966,0.04204058647155762,0.0094185471534729,-0.006940484046936035
191.617442,-0.007727503776550293,0.001798868179321289,-0.014119269326329231
191.718008,0.06149512529373169,0.007592201232910156,-0.0021779537200927734
191.818464,-0.005092799663543701,0.01794576644897461,-0.007125914096832275
191.918930,0.06060904264450073,-0.01677149534225464,-0.012262759730219841
192.019433,-0.019284844398498535,0.005988359451293945,-0.01518547348678112
192.119990,-0.05509805679321289,0.01831001043319702,0.029249727725982666
192.220560,0.036647021770477295,-0.07409453392028809,0.021201923489570618
192.320988,-0.05683165788650513,0.04057013988494873,-0.045137882232666016
192.421590,-0.057244330644607544,-0.14845246076583862,-0.30822229385375977
192.521908,-0.12502062320709229,0.022336363792419434,0.03579592704772949
192.622446,0.20477834343910217,0.02085477113723755,-0.17251861095428467
192.723057,-0.058835893869400024,-0.010991454124450684,0.13229544460773468
192.823563,0.0302753746509552,0.0628504753112793,-0.02446131408214569
192.924017,-0.023159295320510864,-0.04519444704055786,0.006008759140968323
193.025289,0.060102641582489014,0.01775878667831421,-0.04363745450973511
193.125067,-0.050215721130371094,-0.03597360849380493,-0.00033348798751831055
193.225574,0.016530781984329224,0.009862005710601807,-0.01968437433242798
193.326083,-0.043062567710876465,0.019614338874816895,0.02501089870929718
193.426560,0.4989285469055176,0.0783657431602478,0.15115481615066528
193.526994,-0.12754559516906738,0.038239121437072754,0.05659902095794678
193.627557,-0.17723047733306885,-0.12599384784698486,-0.17259418964385986
193.728127,-0.1085665225982666,-0.07183551788330078,-0.047605305910110474
193.828574,0.13806968927383423,0.07656168937683105,0.04257321357727051
193.929108,0.1440308690071106,0.030281364917755127,-0.05194181203842163
194.029647,-0.1265660524368286,0.010164201259613037,0.10359349846839905
194.130078,0.04082667827606201,0.026412546634674072,-0.038670122623443604
194.230627,0.0002396702766418457,-0.020927071571350098,-0.006402552127838135
194.331113,0.04061537981033325,-0.001501321792602539,-0.0178544819355011
194.431602,0.36430275440216064,0.25728023052215576,0.20320016145706177
194.532057,-0.1615421175956726,-0.3207753896713257,-0.2871971130371094
194.632610,-0.2208569496870041,-0.15286457538604736,-0.23666483163833618
194.733142,-0.10663354396820068,0.07641267776489258,0.0037798285484313965
194.833587,0.09785312414169312,-0.0074946582317352295,-0.03851955384016037
194.934148,0.17310738563537598,0.021177053451538086,0.0010705739259719849
195.034529,0.02039968967437744,0.018311798572540283,-0.010188117623329163
195.135155,-0.051700711250305176,-0.00345689058303833,0.018450677394866943
195.235740,0.045434772968292236,0.008225739002227783,-0.026855647563934326
195.336120,0.016006886959075928,0.026182830333709717,0.029751360416412354
195.436594,0.029695987701416016,0.019251704216003418,0.022162795066833496
195.537186,0.15059858560562134,0.19728821516036987,0.1628189980983734
195.637661,0.31243014335632324,-0.2080039083957672,-0.18749260902404785
195.738236,-0.12238174676895142,-0.16895949840545654,-0.32042717933654785
195.838724,-0.2030998021364212,-0.24520546197891235,-0.23860996961593628
195.939216,-0.19316378235816956,0.12070989608764648,-0.11017382144927979
196.039712,0.2630712389945984,0.18784749507904053,-0.0022908449172973633
196.140144,0.16315299272537231,-0.04091590642929077,-0.013121962547302246
196.240745,0.03218674659729004,0.0172121524810791,-0.008029341697692871
196.341197,-0.035348355770111084,0.009462118148803711,0.029811561107635498
196.441724,-0.024339377880096436,-0.010072290897369385,0.004811946302652359
196.542224,0.03957211971282959,-0.019054114818572998,-0.024686209857463837
196.642655,-0.02984529733657837,-0.007615983486175537,0.0212901271879673
196.743194,-0.03927958011627197,0.1671573519706726,0.12181288003921509
196.843799,0.1272791028022766,-0.16829770803451538,-0.12668222188949585
196.944207,-0.13816851377487183,0.04897797107696533,-0.045250654220581055
197.044752,-0.03174978494644165,-0.01824086904525757,-0.14060962200164795
197.145322,-0.04970061779022217,-0.1099095344543457,0.18481826782226562
197.245793,0.18964308500289917,0.060962557792663574,-0.030434422194957733
197.346272,0.04479414224624634,0.009684860706329346,0.011325664818286896
197.446749,-0.06918883323669434,0.05723774433135986,0.06805623322725296
197.547291,-0.007938861846923828,-0.054140448570251465,-0.02542807161808014
197.647712,0.008350908756256104,0.016307413578033447,-0.03824841231107712
197.748290,-0.05447345972061157,-0.05613565444946289,0.051049113273620605
197.848814,-0.04339975118637085,0.27474671602249146,0.0895456075668335
197.949374,0.1907503604888916,-0.24885547161102295,0.0192205011844635
198.049789,-0.09371334314346313,0.03485149145126343,-0.09016671776771545
198.150294,-0.007218904793262482,-0.06386542320251465,-0.10197202861309052
198.250729,-0.00375211238861084,-0.023247361183166504,0.16509652137756348
198.351332,0.17351824045181274,0.032268524169921875,-0.08341216295957565
198.451741,0.020674049854278564,-0.008516132831573486,0.021903760731220245
198.552266,-0.07224279642105103,0.03417474031448364,0.028236329555511475
198.652794,0.030800819396972656,0.021707534790039062,0.01876402087509632
198.753304,0.16834509372711182,0.1854647994041443,0.06543439626693726
198.853900,0.10009109973907471,-0.17191380262374878,-0.0541001558303833
198.954346,-0.08146299421787262,-0.17758506536483765,-0.24329566955566406
199.054892,-0.14468532800674438,0.0560908317565918,-0.16222703456878662
199.155335,0.07946979999542236,0.020108163356781006,0.12775880098342896
199.255819,0.21984201669692993,0.01934140920639038,-0.06054490804672241
199.356368,-0.017039179801940918,0.0013933777809143066,0.03129255771636963
199.456916,-0.06598448753356934,-0.009312450885772705,0.009945876896381378
199.557334,0.008324384689331055,-0.005311846733093262,-0.001460488885641098
199.657877,0.00875324010848999,0.01682436466217041,0.014486316591501236
199.758419,-0.002478182315826416,0.01960533857345581,0.02827584743499756
199.858916,-0.022626936435699463,-0.021824419498443604,0.0056275129318237305
199.959438,0.014035463333129883,0.0038289427757263184,-0.029990553855895996
200.059912,-0.021166563034057617,-0.03446638584136963,0.02358429878950119
200.160456,0.02635812759399414,0.05713212490081787,-0.019668281078338623
200.261035,-0.09260153770446777,-0.056211233139038086,0.029379673302173615
200.361467,0.07593870162963867,0.242209792137146,0.08200663328170776
200.461998,0.42747342586517334,-0.17491954565048218,-0.14929890632629395
200.562442,-0.1520412564277649,-0.47961944341659546,-0.39446884393692017
200.662787,-0.17581838369369507,0.011059403419494629,-0.07971405982971191
200.763405,-0.1071363091468811,0.08564364910125732,0.014195915311574936
200.863936,0.2405322790145874,0.03664255142211914,-0.0058814361691474915
200.964481,0.05023157596588135,-0.07630801200866699,-0.07951390743255615
201.064907,-0.03174853324890137,0.013470172882080078,0.0016664192080497742
201.165427,-0.07598906755447388,-0.06294548511505127,-0.005383014678955078
201.266008,0.03140741586685181,0.056549012660980225,-0.024634599685668945
201.366449,-0.042702555656433105,-0.029815375804901123,0.06286740303039551
201.466980,-0.017429828643798828,0.04609394073486328,-0.018882032483816147
201.567533,-0.0024533867835998535,-0.05503559112548828,0.019833680242300034
201.667999,-0.006451845169067383,0.0011485815048217773,-0.03719651699066162
201.768619,-0.07795482873916626,-0.017737925052642822,0.02840566635131836
201.869025,0.2776482105255127,0.5472765564918518,0.15484821796417236
201.969532,0.5725380778312683,-0.2168337106704712,-0.24262011051177979
202.070063,-0.18837973475456238,-0.5709701776504517,-0.557727575302124
202.170527,-0.03434118628501892,0.46810775995254517,-0.11147278547286987
202.270999,0.24306899309158325,0.12233799695968628,0.09647488594055176
202.371489,0.1384735107421875,-0.09968984127044678,-0.06280742585659027
202.471938,0.03146785497665405,-0.048029541969299316,-0.044664397835731506
202.572551,-0.0326918363571167,0.007207334041595459,0.020016774535179138
202.672977,0.011287987232208252,-0.0035275816917419434,-0.031172871589660645
202.773511,0.018858253955841064,0.008590340614318848,0.03736363351345062
202.874043,0.052271902561187744,0.018147170543670654,-0.014000892639160156
202.974533,-0.0666419267654419,-0.01779937744140625,0.022275567054748535
203.075119,-0.00024145841598510742,-0.03187435865402222,-0.01913130283355713
203.175604,-0.00424569845199585,0.022180795669555664,-0.015690922737121582
203.276016,-0.00532156229019165,-0.04976820945739746,0.016970261931419373
203.376571,-0.006975412368774414,0.036938607692718506,-0.03408968448638916
203.477097,-0.06718504428863525,0.12878501415252686,0.11068269610404968
203.577538,0.2884698510169983,0.10616028308868408,-0.16077888011932373
203.678094,-0.1909692883491516,-0.465156614780426,-0.4670534133911133
203.778615,-0.04767642915248871,0.00399172306060791,-0.23359745740890503
203.879152,-0.1402568817138672,0.19473958015441895,0.044596195220947266
203.979638,0.19331294298171997,-5.8591365814208984e-05,0.08200086653232574
204.080194,0.04096567630767822,-0.01851707696914673,-0.09250806272029877
204.180649,-0.02461642026901245,-0.07171285152435303,-0.007601618766784668
204.281182,-0.06740409135818481,-0.005458950996398926,-0.03875744342803955
204.381670,0.05668693780899048,-0.0303800106048584,0.029206864535808563
204.482149,0.004616856575012207,0.060257792472839355,-0.013340353965759277
204.582697,-0.017728149890899658,0.011255741119384766,0.05356907844543457
204.683195,-0.013300955295562744,0.010604619979858398,-0.021365642547607422
204.783721,-0.06491589546203613,-0.08017754554748535,0.0036239586770534515
204.884175,-0.017247378826141357,0.01327669620513916,-0.007322788238525391
204.984703,-0.017223477363586426,-0.0011292695999145508,0.024848580360412598
205.085134,0.05296623706817627,0.2318631410598755,0.04324460029602051
205.185682,0.22397440671920776,-0.15803802013397217,-0.13541966676712036
205.286180,-0.13875162601470947,-0.015135347843170166,-0.1296389102935791
205.386573,-0.2110418677330017,-0.07165729999542236,-0.005239278078079224
205.487179,0.10609769821166992,0.05284196138381958,0.05092179775238037
205.587661,0.07152998447418213,0.005390048027038574,-0.00427478551864624
205.688282,-0.01909250020980835,0.037106215953826904,0.037084221839904785
205.788665,-0.03936409950256348,-0.013014018535614014,-4.1291117668151855e-05
205.889174,0.026483893394470215,-0.04777681827545166,-0.0266687273979187
205.989717,0.024811387062072754,-0.022783279418945312,0.0006697326898574829
206.090292,0.07055062055587769,0.011801719665527344,0.003177076578140259
206.190753,0.0247461199760437,0.18964123725891113,0.08762884140014648
206.291256,-0.1967710256576538,-0.12399661540985107,-0.042900919914245605
206.391858,-0.011042594909667969,0.03501236438751221,0.003902912139892578
206.492207,-0.08968508243560791,0.005859017372131348,0.020970523357391357
206.592755,0.03799271583557129,0.04130268096923828,0.023483991622924805
206.693331,-0.5458000302314758,0.057396531105041504,-0.10541200637817383
206.793818,0.47687941789627075,0.10999709367752075,0.13227790594100952
206.894310,0.18338292837142944,-0.252424418926239,-0.2512294054031372
206.994832,-0.2851797044277191,-0.05199402570724487,-0.15063029527664185
207.095254,-0.1499805450439453,0.14756453037261963,0.06963187456130981
207.195800,0.1349514126777649,0.05054980516433716,0.06702598929405212
207.296297,-0.07157203555107117,-0.034405291080474854,0.0027039945125579834
207.396765,-0.0869678258895874,-0.020664989948272705,0.009730130434036255
207.497328,0.06560388207435608,0.0478634238243103,0.0073656439781188965
207.597835,-0.10476794838905334,-0.03694605827331543,-0.024512797594070435
207.698299,-0.010958224534988403,-0.03320598602294922,-0.015766113996505737
207.798878,0.02056342363357544,-0.08409154415130615,-0.032824933528900146
207.899319,0.0073146820068359375,-0.11996132135391235,-0.01636725664138794
207.999867,0.037420451641082764,0.03341567516326904,0.03381073474884033
208.100367,-0.08665180206298828,0.11940133571624756,0.0571974515914917
208.200893,-0.1383952498435974,-0.09100240468978882,0.09961555898189545
208.301220,-0.2146240472793579,-0.050879597663879395,0.05889357626438141
208.401840,-0.052084386348724365,0.03537052869796753,0.11597275733947754
208.502382,-0.07386049628257751,0.03847283124923706,-0.05809933319687843
208.602851,-0.08196073770523071,0.123401939868927,0.2966434955596924
208.703431,-0.02859833836555481,0.22093218564987183,0.21791642904281616
208.803867,0.07575181126594543,0.25675565004348755,0.3158404231071472
208.904393,-0.10413596034049988,0.23665714263916016,0.20712783932685852
209.004913,-0.08884331583976746,0.2418777346611023,-0.15811043977737427
209.105455,0.11798197031021118,0.15340548753738403,-0.2863740921020508
209.205958,0.0035943984985351562,0.0345497727394104,-0.09883791208267212
209.306466,0.02918010950088501,0.08790424466133118,-0.026514649391174316
209.406944,-0.02282130718231201,0.05780148506164551,-0.02736908197402954
209.507434,-0.019791603088378906,-0.01765960454940796,-0.05170828104019165
209.607940,-0.011636555194854736,-0.032931774854660034,-0.21033191680908203
209.708498,-0.1428319215774536,-0.15623518824577332,-0.41134434938430786
209.808908,-0.1270526647567749,-0.12374696135520935,-0.3203805685043335
209.909457,-0.192579984664917,-0.01610863208770752,-0.4849313497543335
210.009903,-0.16902488470077515,0.19747212529182434,-0.2188820242881775
210.110521,0.004585206508636475,0.3650108575820923,-0.06763499975204468
210.210877,0.2086004614830017,0.3411358594894409,0.2623518109321594
210.311545,0.28550225496292114,0.37041592597961426,0.20610672235488892
210.411968,0.09316232800483704,0.3803979754447937,0.20380964875221252
210.512544,0.06630125641822815,0.24668222665786743,0.19378384947776794
210.613028,0.20121118426322937,0.11548441648483276,-0.1746039092540741
210.713498,-0.09204554557800293,-0.0003883242607116699,0.13500161468982697
210.814123,-0.21538513898849487,-0.21601557731628418,0.1953466534614563
210.914486,-0.05980652570724487,-0.26280659437179565,0.2149149775505066
211.015070,0.028138160705566406,-0.1025814414024353,0.06561392545700073
211.115462,-0.012692674994468689,-0.1339583396911621,-0.09972751140594482
211.215945,0.0879528820514679,0.09768891334533691,-0.2753775119781494
211.316563,-0.09801784157752991,0.10054302215576172,-0.05428984761238098
211.417018,0.29477831721305847,-0.37615084648132324,0.3176972568035126
211.517539,-0.13346916437149048,-0.150576651096344,0.4997442364692688
211.618063,-0.19838161766529083,0.3181729316711426,0.11354696750640869
211.718558,-0.03599601611495018,0.2426866888999939,-0.3204426169395447
211.819004,0.0728878453373909,-0.33462804555892944,-0.06080329418182373
211.919588,0.06293467432260513,0.012799322605133057,0.09482502937316895
212.020121,0.00313342222943902,-0.0013359785079956055,-0.033722877502441406
212.120568,-0.04659291356801987,-0.07556968927383423,-0.06031167507171631
212.221155,0.015871046110987663,-0.002512991428375244,0.034509897232055664
212.321628,-0.02558179199695587,0.01495140790939331,0.033200740814208984
212.422112,-0.03849117085337639,-0.08204483985900879,-0.022265255451202393
212.522532,0.07191022485494614,-0.01242673397064209,0.03793209791183472
212.623057,0.004360780119895935,0.059367358684539795,0.03905719518661499
212.723585,-0.04138856753706932,-0.08659178018569946,-0.047904372215270996
212.824075,0.04224316030740738,0.04125261306762695,0.011514723300933838
212.924623,-0.014551892876625061,0.060966432094573975,0.03949463367462158
213.025054,-0.05505658686161041,-0.07102447748184204,-0.029359102249145508
213.125659,-0.0721479207277298,0.2358647584915161,-0.07939338684082031
213.226193,-0.15064328908920288,-0.068320631980896,0.08040440082550049
213.326676,0.3309110701084137,-0.19563782215118408,0.16117024421691895
213.427211,0.1613173633813858,0.017222881317138672,0.16402113437652588
213.527671,-0.17925392091274261,0.15784603357315063,-0.06722044944763184
213.628123,-0.5574488639831543,0.04396909475326538,-0.17908483743667603
213.728683,0.01694604754447937,-0.019118964672088623,0.15808117389678955
213.829127,0.3469841480255127,-0.1543840765953064,0.10859173536300659
213.929756,-0.07557913661003113,-0.019575119018554688,-0.04854786396026611
214.030160,-0.013926073908805847,0.010731518268585205,0.00649571418762207
214.130666,0.0057366639375686646,-0.00024431943893432617,0.007144033908843994
214.231287,0.006131097674369812,-0.0018702149391174316,0.015439212322235107
214.331683,0.006301119923591614,-0.002179861068725586,0.00906991958618164
214.432192,-0.01010902225971222,-0.019289016723632812,-0.009338080883026123
214.532653,0.016713589429855347,-0.011389076709747314,0.013723254203796387
214.633209,-0.01180298626422882,-0.0037471652030944824,0.010014653205871582
214.733712,-0.022054091095924377,-0.009225130081176758,0.00033146142959594727
214.834164,-0.05981682240962982,-0.0022092461585998535,0.0005719661712646484
214.934741,-0.06642235815525055,0.11162745952606201,-0.0524517297744751
215.035324,0.198821023106575,-0.358396053314209,0.0618128776550293
215.135706,0.18196484446525574,-0.007485389709472656,0.21699613332748413
215.236289,-0.057471975684165955,0.4053249955177307,0.1322808861732483
215.336843,-0.8084741830825806,0.1948588490486145,-0.27321964502334595
215.437203,0.3632650375366211,-0.1353081464767456,0.01114034652709961
215.537752,0.23001207411289215,0.019322454929351807,0.09643346071243286
215.638325,-0.12197846174240112,0.034983038902282715,-0.04795658588409424
215.738823,0.06614390015602112,-0.01583009958267212,0.032226622104644775
215.839356,-0.09734994173049927,-0.013742208480834961,-0.01167452335357666
215.939789,0.07216359674930573,0.00026154518127441406,0.014520049095153809
216.040339,-0.00588361918926239,0.0022910237312316895,0.0013177990913391113
216.140707,-0.020419850945472717,-0.016025960445404053,0.0009836554527282715
216.241312,0.016829147934913635,-0.0019399523735046387,0.009344100952148438
216.341829,-0.009506791830062866,-0.005141854286193848,0.00248110294342041
216.442340,0.004915177822113037,0.004078805446624756,0.010579466819763184
216.542792,0.010444313287734985,0.0020726919174194336,0.007375001907348633
216.643313,-0.0031571388244628906,-0.007976531982421875,0.005502164363861084
216.743803,0.008771523833274841,0.00400233268737793,0.0032596588134765625
216.844337,-0.005636140704154968,-0.005320191383361816,0.0036523938179016113
216.944874,-0.02349993586540222,-0.015112876892089844,-0.0013837814331054688
217.045353,-0.07712289690971375,-0.01366734504699707,-0.007585287094116211
217.145814,-0.14523619413375854,0.14454644918441772,-0.040764451026916504
217.246331,0.2830357253551483,-0.34329867362976074,0.09920144081115723
217.346896,0.1838291585445404,-0.0030232667922973633,0.22333920001983643
217.447276,-0.1051972508430481,0.3681862950325012,0.08071058988571167
217.548003,-0.9584530591964722,0.21011954545974731,-0.17176765203475952
217.648361,0.516014575958252,-0.024536490440368652,0.20264744758605957
217.748848,-0.04186710715293884,0.01393967866897583,-0.034883737564086914
217.849454,0.005382165312767029,-0.024130046367645264,0.023145079612731934
217.949895,-0.007237881422042847,0.009206414222717285,-0.007875561714172363
218.050396,0.007915139198303223,-0.010757744312286377,-0.000529944896697998
218.150975,-0.009437888860702515,0.006099224090576172,0.0022521615028381348
218.251499,-0.0014757663011550903,-0.01563405990600586,0.012395322322845459
218.351896,-0.008133530616760254,-0.007802367210388184,-0.004918217658996582
218.452402,0.006751522421836853,0.005510687828063965,0.014241158962249756
218.552885,-0.00038051605224609375,0.044041216373443604,0.0010962486267089844
218.653390,-0.14742793142795563,0.043576836585998535,-0.006891846656799316
218.753957,0.16270259022712708,-0.08128589391708374,0.022439181804656982
218.854498,0.24270902574062347,-0.10115939378738403,0.18793034553527832
218.954943,0.04647545516490936,0.11761927604675293,0.09075003862380981
219.055457,-0.5069539546966553,0.22948282957077026,-0.18884587287902832
219.155960,0.07666674256324768,-0.22815090417861938,-0.05834197998046875
219.256479,0.18487057089805603,-0.03565472364425659,0.11005055904388428
219.356899,-0.14287522435188293,-0.001531362533569336,-0.05403703451156616
219.457505,0.04804277420043945,-0.009375452995300293,0.029290318489074707
219.557982,-0.017306089401245117,0.006897449493408203,-0.013200581073760986
219.658467,-0.006368368864059448,-0.013371288776397705,0.0031598806381225586
219.758951,0.005156874656677246,-0.003993630409240723,0.005554914474487305
219.859521,-0.01972264051437378,-0.01966327428817749,-0.005199909210205078
219.960039,-0.025461256504058838,-0.00986182689666748,-0.010221898555755615
220.060545,-0.15325801074504852,0.035274505615234375,-0.03784370422363281
220.161018,-0.05827435851097107,-0.015613555908203125,-0.026857852935791016
220.261508,0.37609678506851196,-0.31279534101486206,0.21825391054153442
220.362014,0.06257648766040802,0.10481268167495728,0.21214795112609863
220.462564,-0.38620367646217346,0.543458878993988,-0.12769174575805664
220.563026,-0.1612115204334259,-0.454939067363739,-0.11255288124084473
220.663488,0.32193365693092346,-0.011556029319763184,0.19541114568710327
220.764021,-0.21269646286964417,0.04008597135543823,-0.10188943147659302
220.864501,0.11768388748168945,-0.007937192916870117,0.06053251028060913
220.964958,-0.07888299226760864,0.002117455005645752,-0.03069019317626953
221.065508,0.009660333395004272,-0.009680569171905518,0.012943267822265625
221.166179,0.004715979099273682,-0.003756880760192871,0.0012361407279968262
221.266479,0.000886082649230957,-0.00015604496002197266,-0.0007538795471191406
221.367038,-0.006810307502746582,-0.007693588733673096,-0.010325849056243896
221.467651,0.012933820486068726,0.0010843873023986816,0.004782319068908691
221.568126,-0.006771177053451538,-0.006353795528411865,0.004492402076721191
221.668570,0.0011591911315917969,-0.006451249122619629,0.0013843178749084473
221.769134,0.010295599699020386,0.0013512969017028809,-0.0002180933952331543
221.869628,-0.0037741363048553467,-0.003783106803894043,-0.000849604606628418
221.970088,-0.004972785711288452,0.0009709000587463379,0.004382014274597168
222.070650,-0.001300513744354248,0.0006127357482910156,-0.0007477998733520508
222.171112,-0.004133015871047974,-0.003539144992828369,0.00022584199905395508
222.271662,0.0027275383472442627,-0.00025194883346557617,0.00459444522857666
222.372030,0.0059216320514678955,-0.0030022263526916504,0.0020746588706970215
222.472719,-0.004150301218032837,0.0008753538131713867,-0.002006709575653076
222.573133,-0.006736576557159424,-0.003926455974578857,0.0024055838584899902
222.673689,-0.17947247624397278,-0.038758039474487305,-0.04773479700088501
222.774182,-0.11835133284330368,0.0699923038482666,-0.013727664947509766
222.874685,0.30010083317756653,-0.13834577798843384,-0.006580829620361328
222.975189,0.28599682450294495,-0.0295560359954834,0.2545820474624634
223.075644,-0.15763787925243378,0.37912213802337646,0.12410908937454224
223.176127,-1.089358925819397,-1.0260872840881348,0.7497292757034302
223.276704,0.3563271164894104,0.0622943639755249,0.26544249057769775
223.377173,-0.17910873889923096,0.0031641721725463867,-0.09621071815490723
223.477658,0.10184478759765625,-0.023361623287200928,0.051454246044158936
223.578182,-0.08427441120147705,-0.014089703559875488,-0.03634876012802124
223.678688,0.03393399715423584,0.0010088086128234863,0.01850956678390503
223.779190,-0.017851799726486206,-0.005424141883850098,0.001040816307067871
223.879732,0.016940385103225708,-0.0007564425468444824,0.007730007171630859
223.980196,0.010882079601287842,0.02119290828704834,-0.002902507781982422
224.080705,0.006186932325363159,0.005993247032165527,0.00207442045211792
224.181293,0.006850093603134155,-0.001880049705505371,0.003911137580871582
224.281753,0.005692005157470703,-0.00752335786819458,0.005169034004211426
224.382243,-0.009846314787864685,-0.10141241550445557,0.0026450157165527344
224.482761,0.0005013942718505859,-0.01685231924057007,0.014005064964294434
224.583281,0.0038797110319137573,0.03706151247024536,0.015535235404968262
224.683696,-0.016154080629348755,0.05206489562988281,-0.007080197334289551
224.784257,-0.12277728319168091,0.02940577268600464,-0.03528904914855957
224.884828,-0.0762505978345871,-0.004479527473449707,0.025521576404571533
224.985302,0.224348783493042,-0.1275431513786316,0.08886408805847168
225.085777,0.12815527617931366,-0.07861357927322388,0.06063932180404663
225.186425,-0.08536648750305176,0.05541807413101196,0.05355304479598999
225.286805,-0.33169740438461304,0.17703115940093994,-0.10770034790039062
225.387284,-0.0638914406299591,0.07689553499221802,0.10444200038909912
225.487817,0.2901758551597595,-0.3023093342781067,0.007513761520385742
225.588393,-0.07448044419288635,0.026578128337860107,-0.03212618827819824
225.688860,0.046848028898239136,-0.0025792717933654785,0.025186359882354736
225.789324,0.034333065152168274,0.01495206356048584,-0.0052536725997924805
225.889832,0.03807070851325989,0.017284095287322998,0.009917974472045898
225.990346,0.024779245257377625,0.013322889804840088,0.007876694202423096
226.090834,-0.05023372173309326,-0.008043169975280762,-0.003120243549346924
226.191407,-0.13760608434677124,-0.006853640079498291,-0.0026475191116333008
226.291859,-0.1671346127986908,-0.008860409259796143,-0.012282788753509521
226.392385,0.07126294821500778,0.035993337631225586,0.01533883810043335
226.492833,0.2510949373245239,-0.20845675468444824,0.12962138652801514
226.593366,0.05306313931941986,-0.01129692792892456,0.12785637378692627
226.693878,-0.06434857845306396,0.1485392451286316,0.015562772750854492
226.794353,-0.2976834177970886,0.27554208040237427,-0.12552249431610107
226.894801,-0.09934529662132263,-0.11466032266616821,0.19412237405776978
226.995360,0.2663944363594055,-0.048613548278808594,0.18263614177703857
227.095850,-0.1433638036251068,0.03189563751220703,-0.09287440776824951
227.196409,0.07015913724899292,-0.03618878126144409,0.030780553817749023
227.296934,-0.07472240924835205,0.020203590393066406,-0.006014764308929443
227.397420,-0.0036733150482177734,-0.0070879459381103516,0.024047017097473145
227.497875,-0.005971089005470276,-0.012831509113311768,-9.846687316894531e-05
227.598462,0.007322877645492554,0.007866621017456055,-7.659196853637695e-05
227.699033,-0.01501116156578064,0.004884123802185059,-0.0030347704887390137
227.799436,-0.1605638712644577,0.0962684154510498,-0.02161175012588501
227.900024,0.06486407667398453,-0.2172110676765442,-0.025664031505584717
228.000542,0.19396618008613586,-0.1621408462524414,0.2045688033103943
228.101024,0.01096758246421814,0.0831713080406189,0.061841607093811035
228.201547,-0.22720031440258026,0.31896156072616577,-0.19952130317687988
228.302049,-0.3207172453403473,0.09688180685043335,0.07217109203338623
228.402592,0.31979894638061523,-0.1276494860649109,0.15968739986419678
228.502992,-0.1474076211452484,0.038367271423339844,-0.0876273512840271
228.603586,0.061416804790496826,-0.02293449640274048,0.04252421855926514
228.704213,-0.039108455181121826,0.015336096286773682,-0.025782227516174316
228.804634,-0.023434072732925415,-0.05564242601394653,0.04178476333618164
228.905141,0.1442657858133316,-0.11394953727722168,0.06788146495819092
229.005614,0.00599101185798645,0.06223982572555542,0.053073883056640625
229.106081,-0.08787345886230469,0.24286508560180664,-0.05621898174285889
229.206500,-0.20450791716575623,0.1482025384902954,-0.04356497526168823
229.307087,0.11849930882453918,-0.2291562557220459,0.08048629760742188
229.407587,0.2811078429222107,-0.1593923568725586,0.15122628211975098
229.508090,0.01191738247871399,0.06121402978897095,0.08584082126617432
229.608680,-0.22732636332511902,0.238164484500885,-0.06929135322570801
229.709115,-0.2544431686401367,0.17627394199371338,0.02358555793762207
229.809598,0.34613534808158875,-0.25270313024520874,-0.01348203420639038
229.910108,0.03490045666694641,0.03961294889450073,0.025027751922607422
230.010612,-0.018817812204360962,0.006200909614562988,0.0022730231285095215
230.111009,-0.009834915399551392,0.0020178556442260742,-0.013863921165466309
230.211571,-0.0064543187618255615,-0.025097966194152832,0.014460563659667969
230.312065,-0.010827332735061646,-0.009916484355926514,-0.005395650863647461
230.412564,-0.0025748014450073242,-0.0024329423904418945,0.00045037269592285156
230.513063,-0.033232152462005615,-0.005118846893310547,0.00026547908782958984
230.613631,-0.12091220915317535,0.11110502481460571,0.012630224227905273
230.714077,0.049376681447029114,-0.06950962543487549,0.011560022830963135
230.814562,0.24156948924064636,-0.19533532857894897,0.0349503755569458
230.915229,0.07760830968618393,0.0017545223236083984,0.16658955812454224
231.015569,-0.09911976754665375,0.31697791814804077,0.05705350637435913
231.116115,-0.46520915627479553,0.2558909058570862,-0.09262192249298096
231.216667,0.3909236192703247,-0.2110205888748169,0.10326141119003296
231.317101,-0.07696449756622314,-0.007403433322906494,-0.03801774978637695
231.417609,0.05721905827522278,-0.018850326538085938,0.024213433265686035
231.518113,-0.0389939546585083,0.00596088171005249,-0.03131890296936035
231.618650,0.017692625522613525,0.005972027778625488,0.020641446113586426
231.719196,-0.007262468338012695,-0.0015618205070495605,0.0013419389724731445
231.819657,-0.011537939310073853,-0.013957858085632324,0.0017309784889221191
231.920127,-0.002131342887878418,-0.001429438591003418,-0.00738525390625
232.020653,0.0009237825870513916,-0.00678706169128418,-0.0016384124755859375
232.121177,0.00356939435005188,-0.0030512213706970215,0.008283674716949463
232.221689,-0.006481140851974487,-0.031083524227142334,-0.006766915321350098
232.322168,0.017379671335220337,-0.014401078224182129,0.003383338451385498
232.422729,0.01336890459060669,-0.04774963855743408,0.01179969310760498
232.523158,0.0060749351978302,0.014409363269805908,0.005666136741638184
232.623710,-0.11665573716163635,0.13688713312149048,-0.05683493614196777
232.724163,-0.1402890980243683,0.029337942600250244,0.025348007678985596
232.824669,0.2600238025188446,-0.17834389209747314,0.11716347932815552
232.925198,0.11038245260715485,-0.051721036434173584,0.09270143508911133
233.025782,-0.05429550260305405,0.22339141368865967,-0.041071414947509766
233.126360,-0.32537418603897095,0.12743955850601196,-0.127327561378479
233.226724,0.2183961570262909,-0.2204405665397644,0.24282264709472656
233.327201,0.00048285722732543945,-0.01247316598892212,0.0041381120681762695
233.427851,-0.01571783423423767,-0.002051711082458496,-0.022135794162750244
233.528248,-0.005744516849517822,0.0048004984855651855,-0.00999230146408081
233.628756,-0.010810792446136475,-0.01302105188369751,0.006732642650604248
233.729250,0.019442886114120483,-0.00388181209564209,0.0006879568099975586
233.829760,-0.03871700167655945,-0.006873071193695068,0.009675443172454834
233.930244,0.023245245218276978,0.020107507705688477,-0.0018680095672607422
234.030787,0.01920744776725769,0.002333998680114746,0.0020914077758789062
234.131282,-0.01631629467010498,-0.007161319255828857,-0.002765178680419922
234.231826,0.012546718120574951,0.009329140186309814,0.007135748863220215
234.332270,0.01500914990901947,-0.020040273666381836,0.0024347305297851562
234.432743,0.04372437298297882,-0.08599317073822021,0.054866671562194824
234.533284,0.011920660734176636,0.10034483671188354,-0.027216315269470215
234.633826,-0.31207385659217834,0.1492440104484558,-0.1222655177116394
234.734332,0.08160854876041412,-0.11557471752166748,0.02663421630859375
234.834839,0.24508701264858246,-0.17733550071716309,0.056699514389038086
234.935354,-0.14682504534721375,0.1652660369873047,-0.16421973705291748
235.035853,-0.1194276213645935,-0.012859106063842773,-0.07667285203933716
235.136373,-0.12622344493865967,-0.1994633674621582,0.012364506721496582
235.236845,-0.013159699738025665,-0.3024229407310486,-0.004683377221226692
235.337330,0.03924164921045303,0.12930482625961304,0.07660216093063354
235.437870,0.13701820373535156,0.08355468511581421,0.15998560190200806
235.538347,0.013165682554244995,0.10505974292755127,0.20948010683059692
235.638846,-0.06281979382038116,-0.07314056158065796,-0.11812642216682434
235.739357,-0.01197069138288498,0.0735434889793396,0.09207731485366821
235.839900,0.047533683478832245,-0.009414255619049072,-0.011647194623947144
235.940359,-0.02629704400897026,-0.1343340277671814,-0.15833592414855957
236.040861,-0.02700856328010559,-0.04341840744018555,-0.04528114199638367
236.141397,0.0007248595356941223,0.08382415771484375,0.07715636491775513
236.241989,-0.032521843910217285,0.15086257457733154,-0.033945731818675995
236.342295,0.0760723352432251,-0.21968919038772583,-0.16096782684326172
236.442961,0.09428147971630096,-0.23403072357177734,0.23326078057289124
236.543368,-0.02491895854473114,0.07454514503479004,0.31188535690307617
236.644002,-0.17200157046318054,0.41092461347579956,-0.1781092882156372
236.744405,-0.14313602447509766,-0.5195135474205017,-0.037987738847732544
236.844907,0.06631503999233246,-0.1922561526298523,0.24777081608772278
236.945424,-0.06418341398239136,0.03159612417221069,0.10768526792526245
237.045962,-0.04362258315086365,0.11641418933868408,0.06969666481018066
237.146467,-0.056324079632759094,0.09062671661376953,0.008244961500167847
237.247011,0.010198235511779785,0.10195541381835938,0.025675982236862183
237.347455,0.02865949273109436,0.10491037368774414,0.01356738805770874
237.447945,0.09186774492263794,-0.01197659969329834,0.012122824788093567
237.548400,0.023523390293121338,-0.01608455181121826,0.03256082534790039
237.648937,-0.00953972339630127,-0.05271786451339722,-0.0002031177282333374
237.749489,-0.042748257517814636,-0.02954268455505371,0.011161983013153076
237.850069,0.005114451050758362,0.12836170196533203,-0.030758552253246307
237.950439,0.043648168444633484,-0.07536661624908447,-0.06642001867294312
238.051046,-0.08459053933620453,0.09238147735595703,0.07084643840789795
238.151527,0.024963438510894775,-0.003209829330444336,-0.028911586850881577
238.251938,-0.007635027170181274,0.058498919010162354,0.016400333493947983
238.352534,0.042769864201545715,-0.03261828422546387,0.0211831945925951
238.452956,-0.10109373182058334,0.06581497192382812,-0.055979013442993164
238.553462,-0.06439208984375,-0.06728494167327881,0.0026553869247436523
238.653952,-0.19040969014167786,0.028417468070983887,-0.1901228278875351
238.754575,-0.026690056547522545,-0.32096248865127563,-0.15136447548866272
238.855013,0.11634398996829987,-0.25145506858825684,0.23643851280212402
238.955520,0.02326945774257183,0.06274902820587158,0.2983873188495636
239.055990,-0.24609646201133728,0.3839314579963684,-0.028753578662872314
239.156500,-0.27746647596359253,-0.043891966342926025,-0.10182127356529236
239.257047,0.07204553484916687,-0.2181515097618103,0.1049906313419342
239.357580,0.1566200703382492,0.030759572982788086,0.1927335113286972
239.458062,0.09126102924346924,0.03631716966629028,0.003973484039306641
239.558540,0.0032556504011154175,0.009141385555267334,-0.004625678062438965
239.659028,0.017358236014842987,0.014272212982177734,0.017175927758216858
239.759602,0.00034131109714508057,0.012499749660491943,-0.004113674163818359
239.860091,-0.02238798886537552,0.021839797496795654,-0.0219804048538208
239.960634,-0.0004513561725616455,-0.0026394128799438477,0.017768248915672302
240.061263,0.03078700602054596,0.06271600723266602,0.021237969398498535
240.161576,-0.22906523942947388,0.1271190047264099,-0.19135917723178864
240.262105,0.1322181671857834,-0.4324188232421875,0.05126705765724182
240.362572,0.2285148799419403,-0.0884237289428711,0.33519434928894043
240.463090,-0.12336809933185577,0.20638877153396606,0.08139562606811523
240.563604,-0.45494556427001953,-0.011814236640930176,-0.16379176080226898
240.664080,-0.14466528594493866,-0.3210439085960388,-0.008019834756851196
240.764669,0.0830952525138855,-0.03693729639053345,0.16101646423339844
240.865223,0.10651466250419617,-0.08705538511276245,0.05101358890533447
240.965797,0.0046476274728775024,-0.0025998353958129883,0.08931864798069
241.066106,-0.06876000761985779,0.02774357795715332,0.03024446964263916
241.166693,0.00047431886196136475,-0.0021516084671020508,-0.015094488859176636
241.267219,-0.0018747150897979736,0.06254750490188599,0.014881908893585205
241.367698,-0.05841314047574997,0.04489099979400635,-0.029059171676635742
241.468131,-0.005072206258773804,0.0021685361862182617,-0.004612535238265991
241.568620,0.007919840514659882,-0.026173830032348633,-0.0010016262531280518
241.669177,-0.029658585786819458,-0.0022447705268859863,-0.004193305969238281
241.769763,-0.03820756822824478,0.010035812854766846,-0.008739054203033447
241.870210,-0.011529520153999329,0.0015805959701538086,-0.017182767391204834
241.970723,0.006722882390022278,-0.0016306638717651367,0.0035619735717773438
242.071224,0.0043715909123420715,-0.002519547939300537,-0.013103067874908447
242.171704,0.08739720284938812,0.14952021837234497,0.011492043733596802
242.272189,-0.11276547610759735,0.18035566806793213,-0.21468912065029144
242.372630,0.19154956936836243,-0.5072473883628845,0.12180531024932861
242.473273,0.15659859776496887,-0.11567914485931396,0.30998706817626953
242.573730,-0.10772371292114258,0.16483306884765625,0.14791655540466309
242.674329,-0.3703610897064209,0.12586981058120728,0.02500975877046585
242.774762,-0.27835795283317566,-0.364921510219574,-0.060229092836380005
242.875178,0.19167792797088623,-0.10793459415435791,0.16218207776546478
242.975809,0.18977168202400208,0.1332029104232788,0.08035624027252197
243.076252,0.02478814125061035,-0.02131474018096924,-0.039434321224689484
243.176804,-0.012128651142120361,0.030761897563934326,0.020105622708797455
243.277256,0.017383038997650146,-0.027307212352752686,0.026612520217895508
243.377762,-0.0077637434005737305,0.034540772438049316,0.013966552913188934
243.478317,0.026480689644813538,0.018705129623413086,-0.0013315528631210327
243.578783,-0.21842186152935028,0.056300997734069824,-0.09762215614318848
243.679273,0.2263396680355072,-0.35282039642333984,0.05571889877319336
243.779814,0.35663777589797974,0.014269828796386719,0.3160160183906555
243.880308,-0.1386137306690216,0.2537693977355957,0.058441102504730225
243.980813,-0.5140806436538696,-0.14862310886383057,-0.119549959897995
244.081345,-0.09571048617362976,-0.2489490509033203,-0.02504587173461914
244.181753,0.1458093822002411,0.02153867483139038,0.13206326961517334
244.282287,0.07428383827209473,-0.019859790802001953,-0.0009869486093521118
244.382861,-0.00231720507144928,0.008448600769042969,-0.02810443937778473
244.483375,0.025726675987243652,0.03630584478378296,0.00933539867401123
244.583909,0.0008359253406524658,-0.023116886615753174,0.01254737377166748
244.684328,-0.025759145617485046,0.0022664666175842285,-0.008601784706115723
244.784854,-0.007704675197601318,0.012502551078796387,0.011501714587211609
244.885342,0.03336900472640991,0.008440971374511719,0.007480248808860779
244.985935,-0.05749964714050293,0.1472349762916565,-0.03130924701690674
245.086365,-0.15978117287158966,-0.13691282272338867,-0.09498634934425354
245.186799,0.1740666627883911,-0.27786046266555786,0.1850743293762207
245.287404,0.11485572159290314,0.1380367875099182,0.2539917826652527
245.387829,-0.17915292084217072,0.2731543183326721,-0.03748643398284912
245.488312,-0.33421608805656433,-0.2653511166572571,-0.1169590950012207
245.588870,0.019562240689992905,-0.1654261350631714,0.06997743248939514
245.689428,0.1336839199066162,0.09472990036010742,0.11152628064155579
245.789912,0.03682645037770271,-0.011030137538909912,-0.024377793073654175
245.890505,-0.011261340230703354,0.04137098789215088,-0.027296319603919983
245.990896,-0.01204611361026764,-0.002780139446258545,-0.001034468412399292
246.091359,-0.011680396273732185,-0.008065223693847656,0.017436504364013672
246.191879,0.019410306587815285,0.005335807800292969,-0.007993578910827637
246.292435,0.038837358355522156,0.03871387243270874,0.00939333438873291
246.393039,-0.11547625064849854,0.146656334400177,-0.04987382888793945
246.493413,0.10544104874134064,-0.43189185857772827,0.021981388330459595
246.593939,0.2618953287601471,-0.022128403186798096,0.25518929958343506
246.694423,0.0010451674461364746,0.2835118770599365,0.1701400876045227
246.794938,-0.4081030488014221,-0.04329323768615723,-0.14273378252983093
246.895498,-0.09323209524154663,-0.2258417010307312,-0.06846734881401062
246.995962,0.1239335685968399,0.06098639965057373,0.11712287366390228
247.096428,0.0639667809009552,0.0008394122123718262,0.037887781858444214
247.196985,-0.03287191316485405,-0.006034255027770996,-0.03719080984592438
247.297445,-0.029545962810516357,0.04035431146621704,-0.010696619749069214
247.398025,0.0022873971611261368,-0.008252441883087158,-0.007647424936294556
247.498478,0.006129628047347069,-0.0036008358001708984,0.008471518754959106
247.598926,0.003557724878191948,0.029783904552459717,-0.007205694913864136
247.699494,-0.07433211803436279,0.10657882690429688,-0.02559688687324524
247.800005,0.06246894598007202,-0.3840562701225281,-0.000917285680770874
247.900392,0.2407003939151764,-0.11202454566955566,0.2521322965621948
248.000973,-0.029471606016159058,0.2675039768218994,0.17450964450836182
248.101576,-0.2865135371685028,0.026881635189056396,-0.08625780045986176
248.202004,-0.21582284569740295,-0.27040666341781616,-0.08979940414428711
248.302440,0.012727320194244385,-0.02420884370803833,0.04652571678161621
248.403026,0.1820862889289856,-0.07111454010009766,0.10733199119567871
248.503590,0.04118649661540985,0.08642810583114624,0.0037344619631767273
248.604131,0.012710988521575928,-0.038481950759887695,-0.03733396530151367
248.704746,-0.0014335066080093384,0.01121985912322998,0.023349270224571228
248.805030,-0.012278243899345398,-0.02585124969482422,0.0093001127243042
248.905696,-0.0020044445991516113,0.04158663749694824,0.01588369905948639
249.006092,0.05912621319293976,0.028273940086364746,0.0031557083129882812
249.106658,-0.18547138571739197,0.16750741004943848,-0.08079290390014648
249.207002,0.2199333757162094,-0.578597903251648,0.07924748957157135
249.307578,0.2563641667366028,-0.0037568211555480957,0.31089305877685547
249.408156,-0.08313591778278351,0.4362680912017822,0.1325441151857376
249.508573,-0.45377403497695923,-0.2086266279220581,-0.20963510870933533
249.609028,0.048890724778175354,-0.2397695779800415,0.03177449107170105
249.709596,0.17607608437538147,0.08643120527267456,0.2080899477005005
249.810089,-0.01791590452194214,-0.01108318567276001,-0.024612441658973694
249.910653,-0.02845856547355652,0.0006511807441711426,-0.03725637495517731
250.011139,0.005635946989059448,0.04495722055435181,0.02513168752193451
250.111642,-0.0005510896444320679,-0.031052231788635254,0.012034282088279724
250.212179,-0.0014887601137161255,-0.0038747191429138184,-0.00880064070224762
250.312645,0.015881270170211792,0.018748104572296143,3.896653652191162e-05
250.413060,0.00330372154712677,-0.01980006694793701,0.009136542677879333
250.513633,0.006654843688011169,0.03530442714691162,0.00874076783657074
250.614175,0.01001061499118805,-0.01242595911026001,-0.009779691696166992
250.714612,0.0021315962076187134,-0.007563769817352295,-0.013405919075012207
250.815120,0.007462561130523682,0.05597376823425293,-0.006641864776611328
250.915653,-0.02690999209880829,-0.04485553503036499,-0.0640970766544342
251.016111,-0.12181013822555542,-0.2107493281364441,0.010222524404525757
251.116618,0.125088632106781,-0.10463857650756836,0.1612686812877655
251.217204,0.1378307342529297,0.21404129266738892,0.11382806301116943
251.317651,-0.061222296208143234,0.14626699686050415,-0.03888237476348877
251.418126,-0.17943283915519714,-0.09516853094100952,-0.07457682490348816
251.518685,-0.1085592657327652,-0.12961572408676147,0.023963063955307007
251.619155,0.118381068110466,-0.023983418941497803,0.07325461506843567
251.719660,0.046353161334991455,0.06473827362060547,0.0012659728527069092
251.820216,0.03655441850423813,-0.03811866044998169,-0.03535664081573486
251.920760,0.0029516592621803284,0.031462132930755615,0.01809665560722351
252.021252,0.005624599754810333,-0.0050144195556640625,0.0167371928691864
252.121726,0.03566518425941467,0.09033650159835815,0.005129188299179077
252.222342,-0.12055829912424088,-0.1676161289215088,-0.03367239236831665
252.322755,0.1989147961139679,-0.24553817510604858,0.1710571050643921
252.423184,0.08927997946739197,0.23610317707061768,0.24740833044052124
252.523812,-0.18331745266914368,0.31262391805648804,0.007535584270954132
252.624179,-0.22061243653297424,-0.3773403763771057,-0.09350290894508362
252.724775,0.03469957038760185,-0.0002091526985168457,0.0817791223526001
252.825237,0.1469726264476776,0.03190147876739502,0.06541144847869873
252.925756,0.028061524033546448,-0.011196315288543701,-0.01289716362953186
253.026285,-0.03297194838523865,0.04280585050582886,-0.013962864875793457
253.126720,-0.007639061659574509,-0.025904715061187744,0.00812569260597229
253.227266,-0.00254362216219306,-0.012397468090057373,0.0033362209796905518
253.327764,0.005797203630208969,0.00711667537689209,0.0014876127243041992
253.428333,-0.008527485653758049,0.017862439155578613,-0.030641674995422363
253.528798,-0.09320760518312454,-0.06813687086105347,-0.027166038751602173
253.629273,0.09543565660715103,-0.1799863576889038,0.06062746047973633
253.729851,0.19533053040504456,-0.0051198601722717285,0.16033124923706055
253.830342,-0.032208241522312164,0.3493838906288147,0.09203672409057617
253.930974,-0.2196723222732544,0.025766372680664062,-0.09353281557559967
254.031324,-0.13691607117652893,-0.31433480978012085,-0.0464819073677063
254.131792,0.1190083771944046,0.06093066930770874,0.11601243913173676
254.232312,0.10586071014404297,-0.045387446880340576,0.020076274871826172
254.332798,0.006090372800827026,0.025046169757843018,-0.02290305495262146
254.433326,-0.039381541311740875,0.014911770820617676,-0.007604971528053284
254.533818,-0.018534980714321136,-0.038121163845062256,0.015577048063278198
254.634365,0.005369603633880615,-0.010526180267333984,0.0023211538791656494
254.734853,0.013384383171796799,0.051399946212768555,8.353590965270996e-05
254.835356,0.0008695423603057861,-0.035326361656188965,0.0049048662185668945
254.935845,0.0003445744514465332,0.00792551040649414,0.004012554883956909
255.036211,0.01585538312792778,0.01301264762878418,0.007194101810455322
255.137012,0.010295908898115158,0.03727376461029053,-0.0037374794483184814
255.237347,-0.24853549897670746,0.1101304292678833,-0.05129978060722351
255.337952,0.1655128300189972,-0.3318142294883728,0.034149169921875
255.438447,0.2518361508846283,0.0030458569526672363,0.2652791738510132
255.538935,-0.07068677246570587,0.30817949771881104,0.08098959922790527
255.639489,-0.24976202845573425,-0.14811325073242188,-0.11262574791908264
255.739985,-0.08968687802553177,-0.12879019975662231,-0.04512214660644531
255.840474,0.10442383587360382,0.04244101047515869,0.06507548689842224
255.940985,0.07556301355361938,-0.03780519962310791,0.035591065883636475
256.041448,0.007212791591882706,0.030713140964508057,-0.025976181030273438
256.141949,-0.037069596350193024,0.017842471599578857,-0.021932125091552734
256.242529,-0.031008467078208923,-0.010889530181884766,0.008419722318649292
256.342962,-0.0007364172488451004,-0.00048601627349853516,0.0040690600872039795
256.443515,0.005830613896250725,0.02953892946243286,-0.00932583212852478
256.543994,0.013958077877759933,0.014060795307159424,-0.004573553800582886
256.644505,-0.008654339239001274,-0.01791781187057495,0.014122158288955688
256.744956,0.004711741581559181,0.02680671215057373,0.0004190504550933838
256.845481,-0.060856446623802185,0.04720938205718994,-0.032525092363357544
256.945961,0.03612968325614929,-0.2297375202178955,0.0014864206314086914
257.046544,0.1997036337852478,-0.113797128200531,0.18311940133571625
257.147001,0.07410050928592682,0.20388293266296387,0.18681228160858154
257.247565,-0.22516213357448578,0.21072643995285034,-0.026169762015342712
257.348063,-0.31123870611190796,-0.34216076135635376,-0.09445968270301819
257.448525,0.0861893892288208,-0.024818837642669678,0.07799175381660461
257.549007,0.1547851860523224,0.05888932943344116,0.06962502002716064
257.649596,0.0334509015083313,-0.0509456992149353,-0.021770358085632324
257.750023,-0.012845255434513092,0.054916441440582275,0.003993779420852661
257.850632,-0.0032351240515708923,-0.018238723278045654,-0.0008179247379302979
257.951048,-0.001915261149406433,0.008469462394714355,0.008630424737930298
258.051555,0.02265416830778122,-0.009791553020477295,0.0071000754833221436
258.152060,-0.006874818354845047,0.06883978843688965,-0.025979191064834595
258.252585,-0.04407893866300583,-0.17823809385299683,-0.007422059774398804
258.353051,0.16837294399738312,-0.1320682168006897,0.19772028923034668
258.453509,0.022509418427944183,0.3326515555381775,0.1929071992635727
258.554097,-0.17808152735233307,0.13445252180099487,-0.1218118667602539
258.654546,-0.0859491303563118,-0.23357850313186646,-0.03777089715003967
258.755088,0.06806310266256332,0.040159761905670166,0.12881112098693848
258.855632,0.11358001083135605,-0.0302620530128479,0.025455087423324585
258.956065,-0.02453012950718403,0.08065682649612427,-0.004815578460693359
259.056626,-0.2153744399547577,0.07136356830596924,-0.10915002226829529
259.157198,0.06903974711894989,-0.3977307081222534,0.03013990819454193
259.257645,0.2516322731971741,-0.08485442399978638,0.2753409743309021
259.358127,-0.028850041329860687,0.3474941849708557,0.11082321405410767
259.458672,-0.3150254189968109,-0.11792099475860596,-0.18694840371608734
259.559139,-0.0750032439827919,-0.13597404956817627,-0.034110039472579956
259.659616,0.1223151758313179,0.023698389530181885,0.12203562259674072
259.760151,0.06441116333007812,-0.03449374437332153,0.0038941800594329834
259.860716,-0.026829680427908897,0.04040294885635376,-0.03481055796146393
259.961146,-0.03182932361960411,0.0005035996437072754,-0.0024052858352661133
260.061684,0.0015998058952391148,0.005733609199523926,0.013237789273262024
260.162217,0.01396942138671875,-0.014861762523651123,0.0004406273365020752
260.262688,0.0073240576311945915,0.0029529333114624023,-0.00534510612487793
260.363131,0.006345534231513739,0.003744363784790039,0.010767489671707153
260.463661,0.0008307634852826595,-0.00016170740127563477,0.005396485328674316
260.564122,-0.001113121397793293,0.003249526023864746,-0.009733796119689941
260.664665,-0.011038845404982567,0.021593332290649414,-0.0029131323099136353
260.765142,0.0017678630538284779,0.015539824962615967,0.014734625816345215
260.865669,-0.06779179722070694,0.09962546825408936,-0.013536661863327026
260.966233,0.019190624356269836,-0.30950701236724854,-0.025943785905838013
261.066714,0.22294601798057556,-0.10753977298736572,0.22835932672023773
261.167188,0.011454403400421143,0.2304072380065918,0.17199718952178955
261.267740,-0.3919300436973572,-0.023977696895599365,-0.15864397585391998
261.368245,-0.10113310813903809,-0.1968708038330078,-0.05801893770694733
261.468717,0.12174790352582932,0.05082803964614868,0.09613370895385742
261.569260,0.08378277719020844,-0.0279044508934021,0.007694602012634277
261.669746,-0.013444590382277966,0.06335180997848511,-0.023121967911720276
261.770291,-0.03630460798740387,-0.010018229484558105,-0.016972631216049194
261.870754,-0.0035647647455334663,-0.008675038814544678,0.008042693138122559
261.971243,0.01895180344581604,0.0020754337310791016,0.0004391968250274658
262.071712,-0.002475903369486332,0.0036398768424987793,-0.006243228912353516
262.172282,-0.004893660545349121,0.009180724620819092,0.0021077245473861694
262.272832,0.004588466137647629,-0.02779453992843628,-0.011124849319458008
262.373248,-0.00578601099550724,0.03788864612579346,0.013010025024414062
262.473862,-0.01972903497517109,0.0588231086730957,-0.006337523460388184
262.574218,-0.08232731372117996,-0.27279168367385864,-0.054700613021850586
262.674786,0.1572827398777008,-0.07134562730789185,0.1982412487268448
262.775258,0.15587815642356873,0.23517781496047974,0.15439307689666748
262.875787,-0.25540274381637573,0.04992550611495972,-0.14574933052062988
262.976240,-0.10517022758722305,-0.16216832399368286,-0.03194168210029602
263.076781,0.06211790442466736,0.029057204723358154,0.08768369257450104
263.177284,0.09582290798425674,-0.04442882537841797,0.010425463318824768
263.277775,0.020321331918239594,0.07977437973022461,-0.012586712837219238
263.378247,-0.008999958634376526,-0.0275152325630188,0.014074161648750305
263.478900,-0.020485199987888336,0.010248720645904541,0.005077347159385681
263.579371,0.004617713391780853,-0.011803090572357178,-0.010030031204223633
263.679810,-0.017869405448436737,0.018041372299194336,0.022459864616394043
263.780339,-0.013045743107795715,0.04978448152542114,0.015586838126182556
263.880884,-0.07890905439853668,0.06599658727645874,-0.013519912958145142
263.981372,-0.12695172429084778,-0.09957027435302734,-0.07317635416984558
264.081925,0.14811724424362183,-0.1770305037498474,0.09043613076210022
264.182399,0.17572399973869324,0.0957905650138855,0.17999494075775146
264.282826,-0.09047777950763702,0.3183535933494568,0.02662753313779831
264.383353,-0.3731136918067932,-0.17216020822525024,-0.09917011857032776
264.483903,-0.010846734046936035,-0.27922213077545166,0.023784935474395752
264.584372,0.16755080223083496,0.06890988349914551,0.14233914017677307
264.684896,0.04707914590835571,0.026853322982788086,-0.027393877506256104
264.785449,-0.013300701975822449,0.04421401023864746,-0.027858048677444458
264.885931,0.02015189826488495,0.00831669569015503,0.009537160396575928
264.986381,-0.2577325105667114,0.10884475708007812,-0.07604166865348816
265.086838,0.21311843395233154,-0.43910545110702515,0.06985577940940857
265.187528,0.28829795122146606,0.12309443950653076,0.27669787406921387
265.287939,-0.16695177555084229,0.30858367681503296,0.08462191373109818
265.388496,-0.18553967773914337,-0.36416590213775635,-0.14392021298408508
265.488920,0.09084685146808624,-0.004638373851776123,0.11146602034568787
265.589392,0.1371050626039505,0.03386586904525757,0.09982597827911377
265.689972,0.02321229875087738,-0.0820278525352478,-0.03775538504123688
265.790498,0.019735760986804962,-0.06504547595977783,0.04045630991458893
265.890960,0.054352544248104095,0.008213937282562256,0.07060741633176804
265.991454,0.045439712703228,0.05522042512893677,0.033483266830444336
266.091971,-0.08915643393993378,0.07941806316375732,-0.025710344314575195
266.192403,-0.0644146054983139,-0.005041241645812988,-0.08852994441986084
266.292867,-0.10685084015130997,0.16295111179351807,-0.04797542467713356
266.393455,0.03753304481506348,-0.04595416784286499,0.03210020065307617
266.493918,0.00821232795715332,0.1454300880432129,0.14364731311798096
266.594538,0.146401047706604,0.13648200035095215,0.018808424472808838
266.694981,0.37313389778137207,-0.4438219666481018,-0.46880853176116943
266.795484,-0.10369908064603806,-0.3526179790496826,-0.0978955626487732
266.896023,-0.16431806981563568,-0.017802119255065918,0.013358533382415771
266.996509,-0.13837577402591705,0.14452385902404785,-0.06633687019348145
267.097141,-0.1344216763973236,0.24735665321350098,-0.15800195932388306
267.197556,-0.15709909796714783,0.1539430022239685,-0.06721866130828857
267.298034,0.11869809031486511,-0.036080360412597656,-0.03514111042022705
267.398564,0.024186447262763977,-0.23870575428009033,-0.12365764379501343
267.499042,-0.006919562816619873,0.2713298201560974,0.10082858800888062
267.599598,0.008668497204780579,0.21665441989898682,-0.04799926280975342
267.699992,0.11302515864372253,-0.12024247646331787,-0.005319118499755859
267.800561,-0.0005541890859603882,0.035168230533599854,0.07883691787719727
267.901076,-0.04775577783584595,-0.05981254577636719,0.11787831783294678
268.001545,0.19506123661994934,-0.1832680106163025,-0.05496785044670105
268.102204,0.20949089527130127,0.032794415950775146,-0.28311872482299805
268.202668,-0.0771189033985138,0.17286229133605957,-0.28335124254226685
268.303116,-0.14455971121788025,0.09287333488464355,-0.09076398611068726
268.403697,-0.2597040832042694,0.031738102436065674,0.019712209701538086
268.504103,-0.18354324996471405,-0.3269309401512146,0.025545060634613037
268.604539,-0.0307325292378664,-0.19209706783294678,0.09597861766815186
268.705147,0.11787404119968414,-0.018101990222930908,-0.1630566120147705
268.805621,0.0981663167476654,0.10700011253356934,-0.09812319278717041
268.906208,0.055731937289237976,0.03490036725997925,-0.013488411903381348
269.006593,0.034090250730514526,-0.004411518573760986,0.003397345542907715
269.107155,0.035640448331832886,-0.05249679088592529,-0.03327757120132446
269.207649,0.0946626216173172,-0.11928409337997437,0.013357102870941162
269.308167,0.15494392812252045,0.07719367742538452,-0.12966430187225342
269.408729,0.10425152629613876,0.1086696982383728,-0.29072558879852295
269.509131,-0.18568432331085205,0.06815260648727417,-0.15175974369049072
269.609625,-0.49188312888145447,-0.09212368726730347,0.04462164640426636
269.710134,-0.3002723455429077,-0.4630066752433777,0.0693974494934082
269.810662,-0.15319685637950897,-0.2508454918861389,-0.134424090385437
269.911173,0.36371609568595886,0.13982361555099487,-0.33991187810897827
270.011667,0.01746046543121338,0.23780888319015503,-0.07609307765960693
270.112199,0.0091397725045681,-0.053482890129089355,-0.012391149997711182
270.212755,-0.024177871644496918,-0.005372285842895508,0.018068969249725342
270.313181,0.018894430249929428,0.030930817127227783,0.003597766160964966
270.413699,0.03478483110666275,0.029350578784942627,-0.0315854549407959
270.514232,0.01864851824939251,-0.0223199725151062,-0.01448926329612732
270.614710,-0.006901985965669155,0.015141010284423828,0.0030963122844696045
270.715285,-0.006490033119916916,-0.032005369663238525,-5.894899368286133e-05
270.815683,-0.012885551899671555,0.004129767417907715,0.020989030599594116
270.916197,-0.011912036687135696,-0.0070188045501708984,-0.04235541820526123
271.016793,0.0803249329328537,0.04560726881027222,-0.11192899942398071
271.117242,0.04915975034236908,0.0954541563987732,-0.03246179223060608
271.217828,0.007740586996078491,0.08228594064712524,0.036987513303756714
271.318243,-0.0822855681180954,-0.046105265617370605,0.03397250175476074
271.418800,-0.085238978266716,-0.12050312757492065,0.029841065406799316
271.519218,-0.07359415292739868,-0.0727689266204834,0.010738134384155273
271.619791,-0.015898995101451874,0.05100959539413452,-0.031246185302734375
271.720429,0.028995193541049957,0.036192893981933594,0.015870749950408936
271.820756,-0.03223738819360733,-0.004857480525970459,-0.0032700300216674805
271.921268,-0.0044300854206085205,-0.0798308253288269,0.0003618001937866211
272.021773,0.07168672233819962,-0.03309375047683716,-0.03977310657501221
272.122238,0.04780437797307968,0.05784577131271362,0.025164008140563965
272.222759,0.02929186075925827,0.006000339984893799,-0.02815455198287964
272.323323,-0.0289541594684124,-0.059882402420043945,0.02851414680480957
272.423804,-0.05166495591402054,0.028998196125030518,0.04597693681716919
272.524142,-0.027963809669017792,-0.052097439765930176,0.0359729528427124
272.624760,-0.06243409216403961,-0.028610706329345703,0.004927515983581543
272.725371,0.020370855927467346,-0.11517345905303955,-0.11212623119354248
272.825763,0.12145432829856873,0.05205625295639038,-0.17619481682777405
272.926358,0.10112260282039642,0.21675604581832886,-0.09964251518249512
273.026798,0.03577820956707001,0.2088937759399414,0.027369797229766846
273.127311,-0.08752097189426422,-0.07716059684753418,0.03546696901321411
273.227841,-0.0961577445268631,-0.20875918865203857,0.024430036544799805
273.328388,-0.09181363135576248,0.020620644092559814,0.020532667636871338
273.428839,0.0637962594628334,-0.08510041236877441,-0.012308716773986816
273.529319,-0.01866479218006134,0.006652474403381348,0.027817249298095703
273.629799,-0.031221210956573486,-0.15414655208587646,0.13718169927597046
273.730352,-0.22711333632469177,-0.04867231845855713,0.153883695602417
273.830922,0.09650254249572754,0.13166214525699615,0.10118836164474487
273.931372,0.21023789048194885,0.2309947907924652,-0.2720629572868347
274.031937,0.14586973190307617,0.1273704469203949,-0.3330065608024597
274.132421,-0.09042367339134216,-0.039950232952833176,-0.10484093427658081
274.232926,-0.24358373880386353,-0.0016098171472549438,0.26364588737487793
274.333397,-0.15788352489471436,-0.10920997709035873,0.4266378879547119
274.433886,-0.023042500019073486,0.08704741299152374,0.3773998022079468
274.534438,0.09366369247436523,0.14756974577903748,-0.12451368570327759
274.634905,0.04526478052139282,0.01620487868785858,-0.4345376491546631
274.735440,0.04619097709655762,-0.00741887092590332,-0.1639418601989746
274.835983,-0.025160133838653564,0.04936825484037399,0.1146504282951355
274.936370,0.120576411485672,0.13980154693126678,0.013840019702911377
275.037002,-0.05181422829627991,-0.004659339785575867,-0.05959409475326538
275.137419,-0.24887698888778687,0.26208317279815674,0.05499786138534546
275.237982,0.057608574628829956,-0.1034926027059555,0.04698050022125244
275.338499,-0.12484977394342422,0.012269243597984314,-0.07671123743057251
275.438902,-0.11809802800416946,0.0577508807182312,0.03511577844619751
275.539409,-0.054728761315345764,0.01062425971031189,0.035202741622924805
275.640008,0.1114586889743805,-0.14296722412109375,0.1383669376373291
275.740524,-0.044325828552246094,0.33740776777267456,0.38111257553100586
275.840993,0.05101048946380615,0.1944124847650528,-0.022641301155090332
275.941473,-0.40087956190109253,-0.10086646676063538,-0.47160112857818604
276.042013,-0.6179322600364685,-0.05752846598625183,-0.4678362011909485
276.142548,-0.11077642440795898,-0.08379793167114258,-0.3774043023586273
276.243037,-0.08797425031661987,0.081694096326828,-0.13352786004543304
276.344416,0.10006368160247803,-0.04164913296699524,-0.23355591297149658
276.443978,0.18349885940551758,-0.03614512085914612,-0.1617659479379654
276.544440,0.48493969440460205,-0.23552843928337097,0.12341070175170898
276.645104,0.4460669159889221,-0.08194470405578613,-0.04087519645690918
276.745446,0.21729958057403564,0.24307851493358612,-0.014293491840362549
276.846027,-0.2549614906311035,0.5749791860580444,0.23311913013458252
276.946543,-0.5103389024734497,0.2512210011482239,0.24461951851844788
277.047109,-0.33556294441223145,-0.5365023016929626,0.24591776728630066
277.147470,0.006024301052093506,-0.45136502385139465,-0.4800368845462799
277.248055,0.5156040191650391,0.3376235365867615,-0.16818302869796753
277.348502,0.5184274315834045,0.29990142583847046,-0.07911701500415802
277.449019,-0.6551457047462463,-0.25865650177001953,-0.1469694972038269
277.549521,-0.46191030740737915,-0.26492199301719666,-0.16680753231048584
277.650072,0.7553459405899048,0.415934681892395,0.3164174556732178
277.750544,0.7903832793235779,1.1254019737243652,-0.5084060430526733
277.851096,-0.018778204917907715,-0.16558578610420227,-1.0416982173919678
277.951628,-0.6471129059791565,-0.3138236403465271,-0.2852545976638794
278.052081,-0.8137979507446289,-0.6722878813743591,0.1872854232788086
278.152575,1.8324006795883179,1.5124584436416626,0.783729076385498
278.253129,0.4968910813331604,0.5366078019142151,-0.6727778315544128
278.353568,-1.1415408849716187,0.005889177322387695,0.4022252559661865
278.454072,-0.6834518313407898,-0.16720503568649292,-0.4873535633087158
278.554706,0.2540881037712097,-0.47285163402557373,0.9135518074035645
278.655166,0.7275580167770386,0.31098997592926025,0.5385198593139648
278.755654,0.22704321146011353,0.22446298599243164,-0.5355441570281982
278.856176,0.1617421954870224,-0.06624001264572144,0.275171160697937
278.956761,-0.12259674072265625,-0.10266894102096558,0.37904465198516846
279.057152,-0.04279950261116028,0.10411769151687622,-0.662017822265625
279.157705,0.04815831780433655,0.09292423725128174,-0.09798789024353027
279.258187,-0.0077988505363464355,0.1358257532119751,0.051011793315410614
279.358672,-0.13360492885112762,-0.2520902156829834,-0.5842717885971069
279.459157,-0.43139225244522095,0.04712706804275513,0.27768832445144653
279.559621,-0.199421226978302,-0.11717987060546875,-0.3176015615463257
279.660163,0.1608397364616394,0.04606497287750244,0.10009798407554626
279.760655,0.06811976432800293,0.06865048408508301,-0.08401614427566528
279.861199,0.025664925575256348,-0.07514578104019165,0.01390981674194336
279.961686,0.2047562301158905,-0.13710033893585205,-0.08340707421302795
280.062242,0.04615911841392517,-0.20715034008026123,0.015014290809631348
280.162656,0.09031227231025696,-0.043862760066986084,-0.13999450206756592
280.263246,-0.0005292296409606934,-0.23288553953170776,-0.14980566501617432
280.363694,-0.3733402490615845,0.8206883668899536,-0.2156909704208374
280.464280,0.5877612233161926,-0.45960164070129395,-0.46682727336883545
280.564763,0.240475594997406,0.19420284032821655,0.24815881252288818
280.665272,0.008450731635093689,-0.06163758039474487,0.25685787200927734
280.765794,0.06969885528087616,0.036979734897613525,-0.07695364952087402
280.866277,-0.05642670392990112,-0.0001844167709350586,-0.08071136474609375
280.966768,-0.33211463689804077,-0.04126131534576416,0.004317163955420256
281.067322,0.2103784829378128,0.5693590641021729,-0.08805524557828903
281.167837,0.5100975632667542,0.44961017370224,0.054437607526779175
281.268277,-0.31378886103630066,0.18921613693237305,0.5723713040351868
281.368801,-0.05257168412208557,-0.4255436658859253,0.36267417669296265
281.469280,0.12169498950242996,-0.34968292713165283,0.3228069543838501
281.569803,0.05221773684024811,0.13529610633850098,0.27576398849487305
281.670305,0.0374426394701004,0.7626134157180786,0.01193249225616455
281.770839,0.3766464591026306,-0.3771056532859802,-0.15827929973602295
281.871269,-0.4195830821990967,0.18652403354644775,0.2981555461883545
281.971827,-0.04863922297954559,0.08483552932739258,-0.3427131175994873
282.072392,-0.19008393585681915,-0.01743149757385254,0.04655354470014572
282.172815,-0.25996336340904236,-0.03127455711364746,-0.06917964667081833
282.273307,-0.21910130977630615,-0.0011720061302185059,0.15214470028877258
282.373852,0.47251808643341064,0.5561347007751465,-0.7117494344711304
282.474375,-0.15546107292175293,0.1506894826889038,0.255285382270813
282.574882,0.39192742109298706,-0.2528541684150696,0.4110680818557739
282.675379,0.1851102113723755,-0.15504831075668335,0.3185729384422302
282.775843,-0.043219417333602905,0.30681413412094116,0.17382383346557617
282.876327,0.2856777310371399,0.24599754810333252,-0.3027345538139343
282.976808,-0.3370796740055084,0.036288559436798096,-0.1407899260520935
283.077393,-0.4915149509906769,0.1256256103515625,0.48327165842056274
283.177876,0.04028022289276123,-0.007102906703948975,0.03184758126735687
283.278455,-0.020887941122055054,-0.09768354892730713,-0.08715265989303589
283.378828,-0.1730857789516449,-0.04279452562332153,-0.16515064239501953
283.479430,-0.42435508966445923,-0.14629721641540527,0.07684844732284546
283.579919,-0.17829328775405884,0.5411390662193298,-0.2881244122982025
283.680362,0.2674211263656616,0.1742006540298462,0.32116931676864624
283.780936,0.24993538856506348,-0.05462881922721863,0.43707865476608276
283.881430,0.5559746623039246,-0.19011762738227844,0.5176188349723816
283.981917,0.2789038419723511,-0.04366803169250488,0.2368205189704895
284.082412,-0.3061964809894562,0.39328503608703613,0.2148653268814087
284.183372,-0.01814374327659607,1.3466390371322632,-0.6897462606430054
284.283444,0.30811426043510437,-0.5917678475379944,0.40571922063827515
284.383953,-0.5486708283424377,0.6522764563560486,0.3572806715965271
284.484464,-0.0383458286523819,0.3065353035926819,-0.1691211462020874
284.584954,-0.24397942423820496,-0.11166501045227051,0.01967620849609375
284.685403,-0.10072582960128784,-0.22385644912719727,-0.12760001420974731
284.785993,-0.27138659358024597,-0.027458369731903076,0.07229302823543549
284.886460,0.28841421008110046,0.6880432963371277,-0.8663642406463623
284.986992,-0.26463454961776733,0.07932049036026001,0.3771934509277344
285.087452,0.06865650415420532,-0.21269863843917847,0.27540236711502075
285.188035,0.2857179343700409,-0.37055277824401855,0.3588840961456299
285.288491,0.35682347416877747,0.02813166379928589,0.2925122380256653
285.389031,0.02553844451904297,0.4358203411102295,-0.331651508808136
285.489486,0.04188410937786102,-0.16247785091400146,0.06944537162780762
285.590045,-0.2507531940937042,-0.2470739483833313,0.09755539894104004
285.690475,-0.5365961790084839,0.3959290385246277,-0.0910876989364624
285.791034,-0.11884012818336487,0.533897340297699,0.06205010414123535
285.891505,0.6955028772354126,0.02103489637374878,-0.21578359603881836
285.992061,-0.2513781189918518,-0.14810240268707275,-0.9669588208198547
286.092613,-0.441449910402298,0.06733131408691406,-0.4276919364929199
286.192973,-0.38326936960220337,0.38797762989997864,0.07546722888946533
286.293541,-0.21567323803901672,0.3054223358631134,0.5670537352561951
286.393982,-0.17890679836273193,0.22540579736232758,0.4551050066947937
286.494555,-0.007521927356719971,0.1579294204711914,0.2636699676513672
286.595045,0.09663903713226318,0.06431624293327332,0.11040395498275757
286.695596,-0.01402619481086731,0.0788353979587555,0.024965405464172363
286.796014,-0.05016568303108215,0.029603958129882812,0.09514832496643066
286.896565,-0.033235013484954834,-0.04455047845840454,0.024867892265319824
286.997081,-0.04995131492614746,-0.008376657962799072,0.0036716461181640625
287.097566,0.07641232013702393,0.084666907787323,0.1032450795173645
287.198087,-0.060939013957977295,0.08125704526901245,0.0013141334056854248
287.298632,0.02427273988723755,0.41412657499313354,-0.19962966442108154
287.399051,0.16768544912338257,-0.3275875449180603,0.48257213830947876
287.499608,-0.13108152151107788,-0.042565762996673584,-0.05912265181541443
287.600133,-0.2288130521774292,-0.1907142996788025,0.0789579302072525
287.700615,-0.3241423964500427,-0.13473784923553467,0.07850968837738037
287.801062,0.15310931205749512,0.24935567378997803,0.33437156677246094
287.901588,-0.06210833787918091,0.34596896171569824,0.3167194128036499
288.002149,-0.2084505558013916,0.18444108963012695,0.13419681787490845
288.102648,-0.016529440879821777,0.09995698928833008,-0.18543003499507904
288.203151,-0.09962284564971924,-0.06120532751083374,-0.3857957124710083
288.303592,0.4829031825065613,0.07079821825027466,-0.9564671516418457
288.404089,-0.023918211460113525,-0.005144357681274414,-0.2254544496536255
288.504717,-0.02486950159072876,-0.045829057693481445,-0.02922344207763672
288.605024,-0.04790562391281128,-0.03061121702194214,-0.07307839393615723
288.705519,-0.040003836154937744,0.10650908946990967,-0.17700505256652832
288.806189,0.09317964315414429,0.1369914412498474,-0.1655644178390503
288.906715,0.15811312198638916,-0.04357564449310303,-0.07111142575740814
289.007187,0.20645616948604584,-0.2780682444572449,0.0535125806927681
289.107792,0.09766871482133865,-0.008947551250457764,0.4167281985282898
289.208193,-0.15516002476215363,0.07542651891708374,0.36625492572784424
289.308703,-0.4516735076904297,0.08564138412475586,0.10740703344345093
289.409036,-0.25762608647346497,-0.03808164596557617,-0.18561995029449463
289.509779,0.027885019779205322,-0.11420196294784546,-0.12066136300563812
289.610301,0.14816895127296448,-0.08577346801757812,0.06811046600341797
289.710725,0.03978106379508972,-0.09088826179504395,0.08763456344604492
289.811169,0.059151411056518555,0.10216712951660156,0.011440634727478027
289.911743,-0.26432693004608154,-0.02604079246520996,-0.10155392438173294
290.012199,-0.14021867513656616,-0.22568398714065552,-0.2346489280462265
290.112895,0.4327947795391083,-0.1107245683670044,0.14369487762451172
290.213409,0.11203122138977051,-0.11128443479537964,0.34496399760246277
290.313762,-0.2595674693584442,0.12316977977752686,0.10831320285797119
290.414262,-0.2839387357234955,0.0043724775314331055,-0.21821892261505127
290.514757,0.019357457756996155,-0.14692533016204834,-0.09945622086524963
290.615402,0.11139890551567078,-0.03593164682388306,0.04638683795928955
290.715811,0.056540846824645996,-0.039268553256988525,0.05731773376464844
290.816365,0.018899351358413696,-0.0396687388420105,0.016875986009836197
290.916919,-0.018550872802734375,-0.06854921579360962,-0.013913758099079132
291.017304,-0.06132960319519043,0.049072265625,-0.01629495993256569
291.117796,-0.24659082293510437,-0.23810315132141113,-0.28281354904174805
291.218317,0.48217689990997314,-0.14032429456710815,0.14075899124145508
291.318771,0.02737019956111908,-0.04140329360961914,0.3097589612007141
291.419250,-0.3896610140800476,-0.01406097412109375,-0.02784469723701477
291.519759,-0.17025691270828247,-0.12513422966003418,-0.19768908619880676
291.620351,0.20409142971038818,-0.01668870449066162,-0.020431414246559143
291.720937,0.05669161677360535,-0.058344364166259766,0.08938848972320557
291.821268,-0.024967432022094727,-0.017532765865325928,0.016323566436767578
291.921827,0.0202825665473938,-0.016309797763824463,-0.025882244110107422
292.022320,-0.03666931390762329,0.04171764850616455,0.0016775131225585938
292.122943,-0.2430378496646881,-0.03269475698471069,-0.1922243982553482
292.223332,0.44107645750045776,-0.15864872932434082,0.041966430842876434
292.323839,0.04584798216819763,0.03105461597442627,0.2669609785079956
292.424374,-0.3804028630256653,-0.03187614679336548,-0.01393231749534607
292.524885,-0.07501229643821716,-0.12647706270217896,-0.1558091640472412
292.625445,0.1821499764919281,0.09330981969833374,-0.026961207389831543
292.725840,-0.01201927661895752,-0.055278658866882324,0.0609394907951355
292.826358,-0.00277140736579895,-0.036499202251434326,-0.0036759376525878906
292.926950,0.05534905195236206,-0.023021280765533447,0.018649695441126823
293.027334,0.0019114911556243896,0.040171802043914795,0.02432537078857422
293.127883,-0.3278740644454956,0.10515099763870239,-0.18570291996002197
293.228399,0.22661522030830383,-0.26088982820510864,0.07805514335632324
293.328926,0.22783145308494568,0.003262162208557129,0.27939438819885254
293.429404,-0.3614763915538788,0.09669989347457886,0.16888919472694397
293.529939,-0.22361382842063904,-0.06120920181274414,-0.17528069019317627
293.630385,0.2073616087436676,0.02497553825378418,-0.056544527411460876
293.730924,0.017198652029037476,-0.055636703968048096,0.07569992542266846
293.831357,-0.038602858781814575,-0.03319662809371948,0.010197639465332031
293.931950,0.02926039695739746,0.0017375349998474121,0.008774399757385254
294.032572,0.013174951076507568,-0.002353966236114502,0.027434471994638443
294.132947,-0.1656591296195984,0.09611326456069946,-0.06443380564451218
294.233501,-0.2194817066192627,-0.21995538473129272,-0.239497572183609
294.333977,0.47277185320854187,-0.11652553081512451,0.2575418949127197
294.434413,-0.044347696006298065,-0.09117937088012695,0.2753191888332367
294.534980,-0.37052592635154724,0.11964422464370728,-0.10346359014511108
294.635534,0.0355781614780426,-0.1681641936302185,-0.09593592584133148
294.735999,0.1517726480960846,0.0028882622718811035,0.06807363033294678
294.836580,-0.005857378244400024,0.010479211807250977,0.041702091693878174
294.936994,0.026612967252731323,-0.007733821868896484,0.003426669165492058
295.037534,0.059296876192092896,-0.0337907075881958,0.03391695022583008
295.138000,-0.051373571157455444,0.052780747413635254,0.10539126396179199
295.238490,-0.28769150376319885,-0.0204811692237854,-0.22856390476226807
295.339041,0.3234403133392334,-0.08902192115783691,0.028292909264564514
295.439556,0.21993643045425415,-0.08791100978851318,0.2704026699066162
295.540035,-0.2586077153682709,0.1955876350402832,0.16776788234710693
295.640531,-0.42352786660194397,0.17814642190933228,-0.1104750782251358
295.741068,-0.10778951644897461,-0.05489617586135864,-0.061301857233047485
295.841599,0.006482362747192383,0.09230458736419678,0.016350381076335907
295.942196,-0.015160858631134033,-0.09194368124008179,-0.006371840834617615
296.042600,-0.21708613634109497,-0.045298635959625244,-0.006130322813987732
296.143080,-0.027473747730255127,0.0006456375122070312,0.00038407742977142334
296.243593,-0.001254737377166748,0.030512869358062744,0.015522584319114685
296.344014,0.024860143661499023,0.0003916025161743164,0.009041525423526764
296.444567,0.01266932487487793,0.02331078052520752,0.01859535276889801
296.545113,-0.021212637424468994,-0.006779074668884277,0.017730236053466797
296.645572,-0.03693050146102905,-0.014796435832977295,-0.0019904449582099915
296.746113,-0.05292302370071411,-0.08143419027328491,0.009927749633789062
296.846593,0.09614980220794678,-0.17794406414031982,-0.02554219961166382
296.947141,-0.39062973856925964,0.04590505361557007,-0.3440474271774292
297.047662,0.2830572724342346,-0.2619197964668274,0.16290009021759033
297.148224,0.22086265683174133,-0.11225265264511108,0.45346489548683167
297.248683,-0.2997216582298279,0.3546934127807617,0.2544550597667694
297.349108,-0.4336246848106384,-0.006884276866912842,-0.24207067489624023
297.449616,0.24683302640914917,-0.09247928857803345,0.029123306274414062
297.550112,0.11173608899116516,-0.02842247486114502,0.08935493230819702
297.650655,-0.020757436752319336,0.010020971298217773,0.013589145615696907
297.751171,-0.0026718080043792725,0.015797853469848633,0.0016361456364393234
297.851628,0.014007210731506348,-0.033354759216308594,-0.0026679029688239098
297.952134,-0.21561428904533386,0.031712234020233154,-0.05042922869324684
298.052676,-0.05349433422088623,-0.24068844318389893,-0.0421297550201416
298.153128,0.4208691120147705,-0.283239483833313,0.29083365201950073
298.253695,-0.19811895489692688,0.05784332752227783,0.2005840539932251
298.354104,-0.3889849781990051,-0.04526704549789429,-0.16456365585327148
298.454650,0.1305617094039917,-0.11493366956710815,-0.058361515402793884
298.555136,0.13644832372665405,0.018690645694732666,0.04769808426499367
298.655752,-0.05128815770149231,-0.040155887603759766,0.011769533157348633
298.756250,-0.003831028938293457,-0.04593271017074585,0.041521430015563965
298.856705,0.023179829120635986,-0.00943136215209961,0.0720665454864502
298.957238,0.012596726417541504,0.009202539920806885,0.07931804656982422
299.057692,-0.010132431983947754,0.00940406322479248,0.09556043148040771
299.158211,0.02143949270248413,0.04361391067504883,0.09916114807128906
299.258732,-0.04698982834815979,0.035789310932159424,0.014529474079608917
299.359180,-0.18109822273254395,-0.14169460535049438,-0.06531667709350586
299.459631,0.27331075072288513,-0.07081478834152222,0.10685211420059204
299.560267,0.06711441278457642,0.17259728908538818,0.22257810831069946
299.660786,-0.10171635448932648,0.24038535356521606,0.09261453151702881
299.761296,-0.0672009289264679,0.2925110459327698,-0.09758567810058594
299.861714,-0.02876591682434082,0.1448519229888916,-0.037123918533325195
299.962282,-0.1284368932247162,-0.21060770750045776,0.04551064968109131
300.062742,-0.03429284691810608,-0.07569783926010132,0.06316909193992615
300.163325,-0.12909407913684845,-0.13116919994354248,0.03125190734863281
300.263798,-0.2471998631954193,-0.1679491400718689,-0.06295546889305115
300.364249,-0.37673482298851013,-0.06851089000701904,-0.25681865215301514
300.464853,-0.1947959065437317,-0.19197916984558105,-0.2831588387489319
300.565381,0.22492358088493347,-0.3847857713699341,-0.09702163934707642
300.665806,0.3480364680290222,-0.24091243743896484,0.1543106883764267
300.766400,0.14203929901123047,-0.1236419677734375,0.3744378685951233
300.866716,-0.04687529802322388,0.0971720814704895,0.4160113036632538
300.967357,-0.1390921175479889,0.16312485933303833,0.36278235912323
301.067845,-0.2535150647163391,-0.0032721757888793945,0.14336347579956055
301.168426,-0.17358337342739105,-0.12065798044204712,-0.08861839771270752
301.268855,0.018280774354934692,-0.18989670276641846,-0.2899017632007599
301.369366,-0.009918004274368286,-0.11455142498016357,-0.20939627289772034
301.469869,0.08233991265296936,-0.026704907417297363,-0.05204150080680847
301.570308,0.008470773696899414,-0.0053092241287231445,-0.02702951431274414
301.670821,-0.21642109751701355,0.07058346271514893,0.04118704795837402
301.771396,-0.06499621272087097,-0.07615154981613159,-0.11375725269317627
301.871861,0.28459882736206055,-0.3182728886604309,-0.02157437801361084
301.972354,0.31291836500167847,-0.14586585760116577,0.08771933615207672
302.072879,-0.07075747847557068,0.08471697568893433,0.3650325834751129
302.173461,-0.29623138904571533,0.03476834297180176,0.21043157577514648
302.273870,0.007510960102081299,-0.15602827072143555,-0.15791282057762146
302.374369,-0.004283249378204346,-0.05027651786804199,-0.09852138161659241
302.474852,0.016445934772491455,-0.03121626377105713,-0.026136666536331177
302.575347,0.05917048454284668,-0.008764982223510742,0.0030970722436904907
302.675870,0.034760981798172,-0.027366161346435547,-0.015779122710227966
302.776417,-0.021220356225967407,-0.005522966384887695,-0.014420613646507263
302.876926,-0.033723801374435425,0.01822608709335327,0.016608595848083496
302.977442,-0.21142271161079407,0.0496293306350708,0.00934147834777832
303.077925,-0.17232602834701538,-0.0004423856735229492,-0.09090210497379303
303.178516,0.3617490530014038,-0.37355339527130127,-0.2244856059551239
303.279081,0.4295273423194885,-0.21685314178466797,0.13255435228347778
303.379470,0.03748854994773865,-0.06869512796401978,0.1471555233001709
303.479960,-0.4087938368320465,0.0955314040184021,0.2320866733789444
303.580469,-0.14010193943977356,-0.08084022998809814,-0.20186616480350494
303.681021,-0.019559353590011597,-0.0005138516426086426,-0.02611948549747467
303.781481,0.020608901977539062,-0.04151439666748047,-0.08690762519836426
303.882034,0.0536307692527771,-0.04891163110733032,-0.06764306128025055
303.982596,0.09461644291877747,-0.044063687324523926,-0.044303178787231445
304.083001,0.011396944522857666,-0.046519696712493896,-0.02761375904083252
304.183449,-0.38282930850982666,0.07749593257904053,0.01853477954864502
304.284003,-0.19592857360839844,-0.05360007286071777,-0.16537916660308838
304.384494,0.3706245422363281,-0.25400716066360474,-0.10016167163848877
304.485047,0.20905551314353943,-0.2093469500541687,0.23422487080097198
304.585539,-0.14867162704467773,0.0869702696800232,0.45927104353904724
304.686031,-0.5568596124649048,-0.05411249399185181,-0.19797062873840332
304.786455,-0.17671559751033783,-0.0332566499710083,-0.1972084939479828
304.887077,-0.08566522598266602,-0.051334917545318604,-0.10667039453983307
304.987555,-0.1054576188325882,0.04273587465286255,-0.1229393482208252
305.088019,-0.14744320511817932,-0.06506067514419556,-0.054022446274757385
305.188533,-0.031180933117866516,0.11561143398284912,-0.0449751615524292
305.289101,-0.1766381561756134,-0.12729549407958984,0.06381344795227051
305.389566,-0.30967387557029724,0.028921663761138916,0.10080218315124512
305.490083,0.27870094776153564,-0.6286759376525879,-0.2732574939727783
305.590547,0.5320696234703064,-0.30005449056625366,0.12756401300430298
305.691037,0.12975376844406128,-0.14900094270706177,0.4462113380432129
305.791594,-0.22432447969913483,0.11671316623687744,0.24167177081108093
305.892122,-0.18297475576400757,0.11459016799926758,-0.18625396490097046
305.992553,0.022610753774642944,-0.09071677923202515,-0.1560206413269043
306.093122,0.17136728763580322,-0.28547221422195435,-0.07861918210983276
306.193678,0.37144148349761963,-0.13782066106796265,0.012464694678783417
306.294034,0.21011686325073242,-0.302814781665802,0.17380383610725403
306.394661,0.1170041561126709,-0.006338238716125488,0.27209538221359253
306.495095,-0.29289132356643677,-0.033489763736724854,0.05382412672042847
306.595610,-0.5836959481239319,0.0712997317314148,-0.17299869656562805
306.696159,0.09525004029273987,-0.11847251653671265,0.12032994627952576
306.796690,0.2630399763584137,-0.020474910736083984,0.031325578689575195
306.897181,-0.13905450701713562,0.07619541883468628,0.017565220594406128
306.997674,0.2900705635547638,0.07117849588394165,-0.025212645530700684
307.098192,-0.1008404791355133,0.07860374450683594,-0.09403306245803833
307.198628,-0.026560217142105103,0.024929404258728027,-0.05110903084278107
307.299164,-0.14849060773849487,0.054228127002716064,-0.12256259471178055
307.399678,-0.36969295144081116,0.02809274196624756,-0.046719010919332504
307.500194,-0.3016483783721924,0.038482069969177246,-0.04072856530547142
307.600681,-0.3077266216278076,-0.021683335304260254,0.06583559513092041
307.701177,0.2055579423904419,-0.3819997310638428,-0.19552457332611084
307.801652,0.5295924544334412,-0.287662148475647,0.09755724668502808
307.902212,0.25449061393737793,-0.11980617046356201,0.35891193151474
308.002703,-0.11662711203098297,0.15294921398162842,0.4130200743675232
308.103242,-0.18850760161876678,-0.0990978479385376,-0.1566530466079712
308.203676,0.024851828813552856,-0.04340028762817383,-0.24667586386203766
308.304260,0.09185222536325455,-0.07487183809280396,-0.21545365452766418
308.404791,0.018691033124923706,0.0024871230125427246,-0.14266981184482574
308.505201,0.07343912124633789,0.1394234299659729,0.02704581618309021
308.605690,-0.03530820831656456,-0.07121950387954712,0.1390068531036377
308.706260,-0.2858010232448578,0.0030869245529174805,-0.12534643709659576
308.806856,-0.13581545650959015,-0.1657431721687317,-0.1561174988746643
308.907278,0.3989599347114563,-0.1593700647354126,0.3512037992477417
309.007721,0.012361988425254822,-0.14443892240524292,0.27840253710746765
309.108308,-0.48216646909713745,0.09760850667953491,-0.12425453960895538
309.208746,-0.0889977440237999,0.16294801235198975,-0.1453031301498413
309.309313,0.062274932861328125,0.1394636034965515,0.10035800188779831
309.409771,-0.007818847894668579,0.08504152297973633,0.1866115927696228
309.510263,-0.07571204006671906,0.036431074142456055,0.04453689604997635
309.610771,0.046019092202186584,-0.028168559074401855,0.007604904472827911
309.711242,0.04490792751312256,0.08118629455566406,0.0985039621591568
309.811743,0.040841132402420044,0.022987782955169678,0.030709147453308105
309.912391,-0.023314327001571655,-0.028649985790252686,0.19304969906806946
310.012850,-0.27628210186958313,0.36466795206069946,-0.03948083519935608
310.113432,-0.1963343620300293,-0.3515341877937317,-0.32244277000427246
310.213821,0.3482968509197235,-0.5511418581008911,0.35806804895401
310.314334,-0.025699809193611145,-0.3614392876625061,0.447137713432312
310.414803,-0.3270242512226105,0.26544588804244995,0.20290672779083252
310.515278,-0.4040604531764984,0.35838913917541504,-0.288280725479126
310.615864,-0.14373138546943665,-0.207552969455719,-0.30743494629859924
310.716406,0.08397169411182404,-0.21898949146270752,0.025185465812683105
310.818978,0.28006601333618164,-0.3621289134025574,0.21329152584075928
310.917415,0.30037790536880493,0.0820574164390564,0.2647967040538788
311.017856,-0.1424494981765747,0.20918190479278564,0.1649799942970276
311.118454,-0.4715622663497925,0.01250612735748291,-0.31586527824401855
311.218943,0.16944631934165955,-0.5751634836196899,-0.02884349226951599
311.319329,0.5351815819740295,-0.20869749784469604,0.454120934009552
311.419919,-0.1878322809934616,0.22026467323303223,0.39044106006622314
311.520445,-0.3396604061126709,0.03673267364501953,-0.18963001668453217
311.620911,0.05431586503982544,-0.03385436534881592,-0.12439465522766113
311.721419,0.06984725594520569,-0.08639693260192871,0.039025068283081055
311.821922,-0.01925438642501831,0.09017699956893921,-0.029227785766124725
311.922446,-0.04222053289413452,0.03353339433670044,0.08943945169448853
312.022925,-0.02402472496032715,0.010547935962677002,0.07989229261875153
312.123456,0.01459813117980957,-0.002497434616088867,-0.050427377223968506
312.223895,-0.1272837519645691,-0.10723412036895752,-0.03312245011329651
312.324447,-0.173691064119339,0.03377872705459595,-0.1461421251296997
312.424924,0.0009128004312515259,0.13227134943008423,0.06068289279937744
312.525437,-0.08238290250301361,0.019022464752197266,-0.1537501960992813
312.625874,0.04540649801492691,0.017378389835357666,0.10569734871387482
312.726430,-0.06629280745983124,0.2220718264579773,0.10660506784915924
312.826926,-0.1085502952337265,0.16283297538757324,0.013015450909733772
312.927512,-0.22667846083641052,-0.08134114742279053,-0.22988106310367584
313.027984,0.43775129318237305,-0.23261576890945435,0.33304232358932495
313.128446,0.06718899309635162,-0.14870959520339966,0.397935688495636
313.228981,-0.36448270082473755,0.20617735385894775,-0.05994299054145813
313.329476,-0.30781182646751404,-0.4376155138015747,-0.26242220401763916
313.429938,0.08916784822940826,-0.1271410584449768,-0.013172164559364319
313.530539,0.16076013445854187,0.15615558624267578,0.10998660326004028
313.631016,0.07719459384679794,-0.06858187913894653,0.06257402896881104
313.731445,0.04074425250291824,-0.07836908102035522,0.021256808191537857
313.832022,-0.04295700043439865,0.006239831447601318,-0.04696381464600563
313.932621,-0.004153665155172348,0.007364392280578613,-0.022525671869516373
314.033107,-0.004848744720220566,0.02442610263824463,-0.01368856430053711
314.133555,-0.04591033607721329,0.045158207416534424,0.01990830898284912
314.234101,-0.2251782864332199,0.08909296989440918,-0.1530582755804062
314.334514,0.004251733422279358,-0.1995036005973816,-0.040614135563373566
314.435079,0.49875757098197937,-0.2490065097808838,0.23452965915203094
314.535548,-0.1495307981967926,0.09869331121444702,0.23103711009025574
314.636048,-0.3807656168937683,0.02586156129837036,-0.14166045188903809
314.736689,-0.15247613191604614,-0.303019642829895,-0.1308300495147705
314.837087,0.2407437264919281,0.17426657676696777,0.12610113620758057
314.937594,0.018443256616592407,0.0002504587173461914,0.030668966472148895
315.038142,-0.047236278653144836,-0.08372139930725098,0.017175927758216858
315.138623,0.0002413243055343628,0.037462830543518066,0.010708943009376526
315.239130,0.017967715859413147,0.021503329277038574,0.021251313388347626
315.339552,0.0026154369115829468,-0.043171584606170654,0.015609607100486755
315.440173,-0.020914383232593536,-0.002665281295776367,0.033070191740989685
315.540605,-0.00033351778984069824,-0.0024682283401489258,0.004640817642211914
315.641087,-0.00959739089012146,0.005568027496337891,0.014293193817138672
315.741578,-0.023266978561878204,-0.02450162172317505,0.012354835867881775
315.842150,0.004721462726593018,0.025294363498687744,0.01122593879699707
315.942635,-0.002526618540287018,0.03284579515457153,0.007699489593505859
316.043135,-0.02352883666753769,-0.015867114067077637,0.0101395845413208
316.143610,-0.005713939666748047,0.020548641681671143,-0.009578101336956024
316.244076,-0.006079472601413727,-0.009664058685302734,-0.00788021832704544
316.344667,-0.0012436732649803162,-0.00015562772750854492,-0.018621213734149933
316.445145,-0.016787685453891754,-0.016571342945098877,-0.0025017186999320984
316.545697,-0.04053279757499695,0.10346615314483643,0.012423284351825714
316.646189,-0.2728852927684784,0.05130743980407715,-0.1363532543182373
316.746675,0.1635323166847229,-0.27850598096847534,0.02320849895477295
316.847134,0.4243473708629608,-0.1040809154510498,0.3033585846424103
316.947830,-0.24121488630771637,0.3096228837966919,0.13440057635307312
317.048302,-0.28622668981552124,-0.1812918782234192,-0.18294879794120789
317.148622,-0.007250398397445679,-0.2094670534133911,-0.07778716087341309
317.249276,0.2811805307865143,0.2581934928894043,0.10166049003601074
317.349655,-0.018975883722305298,-0.11975526809692383,0.001726500689983368
317.450171,-0.08366906642913818,-0.017370522022247314,0.032129764556884766
317.550735,-0.021360814571380615,0.03282099962234497,0.0291508287191391
317.651235,0.0256214439868927,-0.019888579845428467,0.05271553993225098
317.751686,0.02596232295036316,-0.029631972312927246,0.02970971167087555
317.852250,0.004836589097976685,0.017588138580322266,0.020854473114013672
317.952743,-0.02267622947692871,0.03363931179046631,0.02704416960477829
318.053238,-0.006036683917045593,0.0051277875900268555,0.017809510231018066
318.153850,0.01929602026939392,0.020593762397766113,0.01794254034757614
318.254233,-0.009883895516395569,-0.025067627429962158,0.004356861114501953
318.354756,-0.009911671280860901,0.033151447772979736,0.001688934862613678
318.455200,-0.0027666836977005005,-0.02351433038711548,-0.008935794234275818
318.555815,-0.031723782420158386,-0.01196354627609253,-0.01112271100282669
318.656286,-0.013526350259780884,0.011536359786987305,-0.03241432458162308
318.756806,-0.03791852295398712,0.04002171754837036,-0.0019065141677856445
318.857303,-0.16699017584323883,0.03772515058517456,-0.09953616559505463
318.957791,0.0031691789627075195,-0.23376822471618652,-0.04762434959411621
319.058294,0.3773159384727478,-0.15932697057724,0.21073073148727417
319.158747,-0.08196362853050232,0.2259564995765686,0.10684403777122498
319.259283,-0.23509100079536438,-0.14031612873077393,-0.11947977542877197
319.359834,-0.056004203855991364,-0.28557270765304565,-0.06906020641326904
319.460308,0.20654571056365967,0.1843826174736023,0.0916440486907959
319.560810,0.07866361737251282,-0.021771132946014404,0.027555696666240692
319.661282,-0.035295844078063965,-0.09368252754211426,0.005266204476356506
319.761804,-0.05184286832809448,-0.0008211135864257812,0.030321232974529266
319.862288,-0.015672609210014343,0.06321549415588379,0.04081808775663376
319.962907,0.048468217253685,-0.06544101238250732,0.0403599739074707
320.063338,0.0413985401391983,0.031393229961395264,0.01905679702758789
320.163936,-0.014740511775016785,0.02387315034866333,0.02203190326690674
320.264349,-0.032447680830955505,0.008021652698516846,0.025170788168907166
320.364825,0.01011425256729126,0.00968867540359497,0.00859379768371582
320.465337,0.001978829503059387,-0.006993532180786133,0.021106377243995667
320.565799,-0.000669330358505249,0.004730284214019775,0.002413034439086914
320.666371,-0.017939835786819458,0.011641740798950195,-0.005137190222740173
320.766960,-0.012062370777130127,0.019404828548431396,0.0008131265640258789
320.867424,-0.015154808759689331,0.006197452545166016,0.0006136894226074219
320.967883,-0.01980896294116974,0.017482399940490723,0.024227142333984375
321.068404,-0.07647913694381714,0.05757260322570801,-0.08799324929714203
321.168915,-0.009870797395706177,-0.11274653673171997,-0.06886541843414307
321.269352,0.22080153226852417,-0.10409665107727051,0.11438238620758057
321.369899,0.05061303824186325,0.10566902160644531,0.14073874056339264
321.470380,-0.22365979850292206,-0.11201000213623047,0.009130358695983887
321.570954,-0.17583774030208588,-0.13091504573822021,-0.12623608112335205
321.671504,0.10396921634674072,0.11943906545639038,-0.013917572796344757
321.771968,0.10811659693717957,-0.007456839084625244,0.030952677130699158
321.874280,-0.019583791494369507,-0.09400588274002075,0.03184248507022858
321.972875,-0.03588239848613739,0.04426133632659912,-0.012979254126548767
322.073412,0.006161242723464966,-0.003005683422088623,0.009015679359436035
322.173984,0.038635000586509705,-0.03055405616760254,0.013739347457885742
322.274504,0.008213087916374207,-0.003947019577026367,0.009664535522460938
322.374905,-0.046214208006858826,-0.014856815338134766,0.00017332285642623901
322.475482,0.037819743156433105,-0.02589017152786255,0.05784642696380615
322.575933,0.28917020559310913,0.022411227226257324,-0.00750279426574707
322.676443,-0.14985573291778564,-0.20233464241027832,-0.0843636691570282
322.777063,-0.1865054816007614,-0.27555960416793823,0.14248406887054443
322.877445,0.08591115474700928,0.38664472103118896,0.0626363679766655
322.977986,0.018001794815063477,0.0231209397315979,-0.04717475175857544
323.078513,0.09536382555961609,0.04855412244796753,-0.027066580951213837
323.179110,-0.036996155977249146,-0.15047180652618408,0.036818623542785645
323.279534,0.042620182037353516,-0.05316287279129028,-0.008858680725097656
323.380054,0.028895720839500427,0.11054837703704834,0.09487950801849365
323.480501,-0.05387797951698303,-0.06748241186141968,-0.0036505460739135742
323.581036,-0.007874444127082825,0.05628025531768799,0.030175209045410156
323.681497,-0.16638918220996857,0.05744069814682007,-0.05137491226196289
323.782066,-0.0843750536441803,-0.023929595947265625,-0.06866657733917236
323.882546,0.21941140294075012,-0.13384997844696045,0.08192776888608932
323.983056,0.19444751739501953,0.004971921443939209,0.19519634544849396
324.083555,-0.16238903999328613,-0.024394512176513672,0.0313379168510437
324.184027,-0.2631198763847351,-0.04406625032424927,-0.14950191974639893
324.284595,-0.008090123534202576,-0.036947786808013916,-0.04258155822753906
324.385074,0.1761571615934372,0.03859955072402954,0.08062314987182617
324.485551,0.00920674204826355,-0.0281832218170166,0.02907109260559082
324.586095,-0.028661705553531647,-0.021144092082977295,-0.00941430777311325
324.686499,-0.006535544991493225,-0.02002042531967163,0.015118483453989029
324.787042,-0.030977651476860046,0.03907960653305054,0.003000851720571518
324.887589,-0.17625975608825684,0.07674270868301392,-0.10674726963043213
324.988109,0.0895916223526001,-0.12729036808013916,-0.03216765820980072
325.088564,0.21456721425056458,-0.011998951435089111,0.1835939884185791
325.189101,-0.07352341711521149,0.06443864107131958,0.10044409334659576
325.289612,-0.2333807349205017,-0.08286601305007935,-0.0653720498085022
325.390147,0.01579985022544861,-0.05301946401596069,-0.06363068521022797
325.490658,0.171966552734375,0.05881410837173462,0.03106629103422165
325.591080,-0.020035788416862488,-0.016379833221435547,0.024208303540945053
325.691668,-0.03847499191761017,-0.021420657634735107,-0.004358053207397461
325.792164,-0.008106663823127747,0.012535691261291504,-0.0067026615142822266
325.892642,0.0019855499267578125,0.006190359592437744,0.017946720123291016
325.993184,-0.017664149403572083,0.01169729232788086,-0.010405302047729492
326.093582,0.00642278790473938,0.004485666751861572,-0.0016893073916435242
326.194118,0.0029581934213638306,-0.016658425331115723,-0.00022638589143753052
326.294632,-0.030450791120529175,0.013799726963043213,0.00641273707151413
326.395195,0.0021070092916488647,0.004247069358825684,-0.005832090973854065
326.495641,0.0007244497537612915,0.02117335796356201,-0.009960658848285675
326.596092,-0.028554767370224,0.0039033889770507812,0.004608750343322754
326.696696,-0.06626403331756592,0.042057156562805176,-0.06017519533634186
326.797243,0.03863793611526489,-0.1692829132080078,-0.007739908993244171
326.897745,0.21192970871925354,0.010800302028656006,0.1971144676208496
326.998301,-0.07070108503103256,0.09611862897872925,0.10661816596984863
327.098682,-0.18534642457962036,-0.13807225227355957,-0.07015103101730347
327.199212,-0.05402131378650665,-0.1110333800315857,-0.08918416500091553
327.299763,0.22440028190612793,0.049182236194610596,0.05945313721895218
327.400249,0.0639365017414093,-0.060497164726257324,0.07555687427520752
327.500712,-0.04660564661026001,-0.06669336557388306,0.0011894702911376953
327.601264,-0.0020264089107513428,0.024445772171020508,-0.0005873441696166992
327.701697,0.02828007936477661,-0.0045049190521240234,0.017523758113384247
327.802215,0.014294862747192383,-0.01650989055633545,0.004413612186908722
327.902790,0.0024238526821136475,0.01378864049911499,0.011496901512145996
328.003210,-0.06414586305618286,0.022312402725219727,-0.012619614601135254
328.103768,-0.1155843734741211,-0.04210638999938965,-0.09713112562894821
328.204291,0.241045743227005,-0.09307223558425903,0.028565526008605957
328.304800,0.1312382072210312,-0.02753692865371704,0.18389131128787994
328.405259,-0.18895213305950165,0.08353275060653687,0.0444372296333313
328.505762,-0.2751764953136444,-0.11523616313934326,-0.11817121505737305
328.606233,0.021591320633888245,-0.0750158429145813,-0.042471423745155334
328.706727,0.21846434473991394,-0.007146179676055908,0.0485081672668457
328.807312,0.043236345052719116,-0.028196990489959717,0.014586810022592545
328.907865,-0.05539247393608093,-0.05196487903594971,-0.009200803935527802
329.008269,-0.013888299465179443,0.05692708492279053,-0.008029937744140625
329.109009,0.013783484697341919,-0.06061196327209473,-0.0036393404006958008
329.209329,0.012997359037399292,0.010006308555603027,0.007032640278339386
329.309884,-0.017411619424819946,0.014499664306640625,0.0023250579833984375
329.410379,-0.010791122913360596,-0.023452401161193848,0.004544135183095932
329.510836,0.00618898868560791,0.010362565517425537,0.00431644544005394
329.611345,0.0075637102127075195,-0.006106674671173096,-0.0017713233828544617
329.711899,0.005609869956970215,0.009872674942016602,0.008045665919780731
329.812145,-0.007635653018951416,-0.006768286228179932,0.002243760973215103
329.912719,-0.0019397139549255371,0.028164923191070557,-0.0013849735260009766
330.013447,-0.004204660654067993,0.003031790256500244,0.008917689323425293
330.113817,0.011699140071868896,-0.017595767974853516,5.042180418968201e-05
330.214319,0.009802952408790588,-0.0007406473159790039,0.0017701406031847
330.314861,-0.01988452672958374,0.011198282241821289,0.010119915008544922
330.415384,-0.10947254300117493,0.08603513240814209,-0.04384946823120117
330.515855,-0.00881105661392212,-0.08797234296798706,-0.04598677158355713
330.616339,0.21819084882736206,-0.1267285943031311,0.05250472202897072
330.716952,0.03705716133117676,0.09401261806488037,0.09990321099758148
330.817335,-0.20006047189235687,-0.0369221568107605,0.0713084414601326
330.917931,-0.16147606074810028,-0.0711599588394165,-0.11529409885406494
331.018373,0.09341302514076233,-0.01649850606918335,-0.027264364063739777
331.118898,0.21242371201515198,0.06249105930328369,0.060515761375427246
331.219511,-0.043014511466026306,-0.08771061897277832,0.0003848075866699219
331.319944,-0.05432477593421936,-0.0006055235862731934,-0.020377635955810547
331.420375,0.020768672227859497,0.022824585437774658,0.010766983032226562
331.520877,0.034641385078430176,-0.022742748260498047,0.010261185467243195
331.621466,-0.014744043350219727,0.02511364221572876,-0.0023633241653442383
331.721986,-0.024372011423110962,0.027314603328704834,-0.00928904116153717
331.822456,0.019817382097244263,-0.009251058101654053,0.008504152297973633
331.922963,0.01199689507484436,0.021827757358551025,0.013532035052776337
332.023365,-0.04354625940322876,0.025663793087005615,-0.010177254676818848
332.123915,-0.07471621036529541,-0.042629122734069824,-0.06905663013458252
332.224434,0.17052879929542542,-0.1138756275177002,0.0029560327529907227
332.324924,0.053454652428627014,0.10351896286010742,0.1516992300748825
332.425518,-0.16140615940093994,0.04187685251235962,0.027292318642139435
332.525992,-0.21213500201702118,-0.11561667919158936,-0.08551277220249176
332.626502,0.04590985178947449,0.018539249897003174,-0.018674373626708984
332.727159,0.20181041955947876,0.033772408962249756,0.050037503242492676
332.827506,-0.018535852432250977,-0.06776684522628784,0.005137085914611816
332.927995,-0.06169694662094116,-0.031095802783966064,0.006682977080345154
333.028323,0.019328385591506958,0.02520012855529785,0.0031409338116645813
333.128987,0.028918325901031494,-0.008502066135406494,0.010884638875722885
333.229556,-0.012848973274230957,-0.0013931989669799805,0.006340146064758301
333.330005,-0.009206384420394897,0.02938079833984375,-0.0034488439559936523
333.430541,0.002629801630973816,0.012762248516082764,0.0012224912643432617
333.531005,-0.004623234272003174,-0.03152197599411011,0.012040730565786362
333.631474,0.02621118724346161,0.0035123229026794434,0.009919174015522003
333.732102,-0.08595581352710724,0.047223567962646484,0.016005754470825195
333.832526,-0.11789265275001526,0.013814032077789307,-0.09278047829866409
333.933074,0.19918012619018555,-0.13112753629684448,0.04223800078034401
334.033626,0.14829018712043762,-0.003328263759613037,0.15530472993850708
334.134068,-0.12589219212532043,0.09883636236190796,0.11826936900615692
334.234612,-0.25419166684150696,-0.0698966383934021,-0.0921163558959961
334.335071,-0.11175648868083954,-0.05614107847213745,-0.07507312297821045
334.435558,0.1385035216808319,-0.028050661087036133,0.051092617213726044
334.536134,0.15894052386283875,-0.012294352054595947,0.03676151856780052
334.636630,-0.0236014723777771,-0.05340486764907837,-0.008324138820171356
334.737097,-0.04121965169906616,0.01538848876953125,0.002813100814819336
334.837648,-0.010254621505737305,0.014437735080718994,-0.0030226707458496094
334.938075,0.013573557138442993,-0.019537150859832764,0.01733361929655075
335.038656,0.005733013153076172,-0.005913257598876953,0.0006349086761474609
335.139111,-0.024934321641921997,-0.0001252293586730957,0.0008926317095756531
335.239675,-0.04327932000160217,0.008450508117675781,-0.008604288101196289
335.340143,-0.09287196397781372,-0.11238670349121094,-0.057440392673015594
335.440690,0.24630481004714966,-0.07398098707199097,0.017116550356149673
335.541103,0.06340831518173218,0.136033296585083,0.148739293217659
335.641627,-0.1805572807788849,-0.06086409091949463,0.026964232325553894
335.742170,-0.25249481201171875,-0.15690267086029053,-0.11274802684783936
335.842703,0.051412224769592285,-0.0006095767021179199,-0.051524996757507324
335.943151,0.214108407497406,-0.03400719165802002,0.06694973260164261
336.043647,0.05084255337715149,-0.03636801242828369,0.047988541424274445
336.144132,-0.06386619806289673,-0.02241194248199463,-0.03241850435733795
336.244697,-0.05126795172691345,0.00010526180267333984,-0.004838936030864716
336.345184,0.03343534469604492,0.00443577766418457,0.008293740451335907
336.445603,0.024661749601364136,0.008208990097045898,0.0063294172286987305
336.546261,-0.025991052389144897,-0.011736631393432617,-0.0015853643417358398
336.646768,-0.07032337784767151,-0.03407442569732666,-0.013217456638813019
336.747199,-0.0034338831901550293,-0.15236973762512207,-0.04236709326505661
336.847759,0.16462457180023193,0.062248170375823975,0.2180858850479126
336.948223,-0.00764821469783783,0.1517379879951477,0.1164257675409317
337.048743,-0.1894068717956543,-0.08517783880233765,-0.002695739269256592
337.149193,-0.15541453659534454,-0.17428672313690186,-0.10859620571136475
337.249728,0.1626451015472412,0.01379162073135376,-0.0377507284283638
337.350219,0.16511934995651245,0.024126768112182617,0.06118619441986084
337.450715,-0.03818371891975403,-0.031794607639312744,-0.0026894807815551758
337.551256,-0.055438995361328125,-0.010388553142547607,-0.0156562402844429
337.651732,0.02145788073539734,0.04245126247406006,0.013063192367553711
337.752263,0.021395593881607056,-0.02667999267578125,-0.0014464780688285828
337.852796,-0.03119298815727234,-0.03600996732711792,0.0009356662631034851
337.953286,0.020507514476776123,0.032447874546051025,0.002185337245464325
338.053786,0.007556140422821045,0.014046907424926758,0.008447892963886261
338.154239,-0.011799126863479614,-0.0034290552139282227,-0.0018756315112113953
338.254751,0.006363570690155029,0.00044858455657958984,0.00622713565826416
338.355225,-0.0056264400482177734,-0.009477674961090088,0.009494781494140625
338.455793,0.013209730386734009,0.007538855075836182,0.020716778934001923
338.556299,-0.06171277165412903,-0.038718581199645996,-0.051435112953186035
338.656907,0.10853219032287598,-0.13472390174865723,-0.03432667255401611
338.757309,0.15323665738105774,0.06904137134552002,0.15604758262634277
338.857805,-0.11574801802635193,0.11723732948303223,0.09154748916625977
338.958300,-0.25273770093917847,-0.12050783634185791,-0.04268836975097656
339.058801,-0.07454803586006165,-0.10061973333358765,-0.06738545000553131
339.159304,0.2070663571357727,-0.010593712329864502,0.03129136562347412
339.259812,0.10209923982620239,-0.038405656814575195,0.03723323345184326
339.360328,-0.03826585412025452,-0.03918862342834473,-0.016969680786132812
339.460854,-0.03715407848358154,0.04153174161911011,0.007328994572162628
339.561375,0.01311558485031128,0.0018532872200012207,-0.0012290477752685547
339.661858,0.01308506727218628,-0.004599452018737793,0.006001591682434082
339.762390,-0.007318943738937378,-0.019287168979644775,0.0019119903445243835
339.862888,0.014683812856674194,0.011534929275512695,0.010023348033428192
339.963372,0.007515817880630493,-0.0006811618804931641,0.003091573715209961
340.063922,-0.015065163373947144,0.05257910490036011,0.0045653581619262695
340.164373,-0.09736564755439758,-0.08558183908462524,-0.05775713920593262
340.264847,0.2044333815574646,-0.13922065496444702,0.009313462302088737
340.365341,0.10766935348510742,0.07609391212463379,0.17114579677581787
340.465944,-0.13790647685527802,0.0801498293876648,0.06906360387802124
340.566349,-0.2224021553993225,-0.10823869705200195,-0.07754206657409668
340.666920,0.004040926694869995,-0.04870188236236572,-0.05530442297458649
340.767399,0.17617231607437134,-0.036126911640167236,0.03626227378845215
340.867857,0.054527223110198975,-0.038272202014923096,0.029556985944509506
340.968413,-0.06795266270637512,-0.021009981632232666,-0.01081179827451706
341.068953,0.019213438034057617,0.06771975755691528,0.005144111812114716
341.169365,0.0107002854347229,-0.022989749908447266,0.009219281375408173
341.269939,-0.00590100884437561,0.015553534030914307,-0.0020379945635795593
341.370439,-0.008406102657318115,0.0010251402854919434,-0.004387028515338898
341.470902,0.01287660002708435,-0.008059263229370117,0.006995685398578644
341.571434,2.4586915969848633e-05,0.059253990650177,0.005983598530292511
341.671974,-0.10847923159599304,-0.08527225255966187,-0.04696737229824066
341.772501,0.1881975531578064,-0.12749332189559937,0.02930450439453125
341.872986,0.09026855230331421,0.06092649698257446,0.13543982803821564
341.973463,-0.1583854705095291,0.08727365732192993,0.0517040491104126
342.073946,-0.23561620712280273,-0.08593159914016724,-0.08128739148378372
342.174494,-0.04001450538635254,-0.07676684856414795,-0.050964683294296265
342.275060,0.2053852677345276,-0.06299299001693726,0.0425247997045517
342.375531,0.06671494245529175,-0.02881479263305664,0.018353335559368134
342.476011,-0.05884367227554321,-0.00041407346725463867,-0.023351773619651794
342.576539,-0.020515471696853638,0.016901373863220215,0.004170067608356476
342.676927,0.023375630378723145,-0.015489041805267334,0.007504455745220184
342.777476,0.014857381582260132,-0.011550188064575195,0.0032423734664916992
342.878044,-0.0014561116695404053,0.015086352825164795,0.003849029541015625
342.978472,-0.06359940767288208,0.0651962161064148,-0.0053256601095199585
343.079052,-0.0907433032989502,-0.07998454570770264,-0.06883953511714935
343.179500,0.20516079664230347,-0.0866166353225708,-0.00675046443939209
343.280039,0.11658233404159546,0.02753227949142456,0.11098545789718628
343.380508,-0.05353839695453644,0.12193375825881958,0.10114076733589172
343.481048,-0.23669543862342834,-0.1508602499961853,-0.054058440029621124
343.581574,-0.1229795515537262,-0.08254462480545044,-0.08792997896671295
343.682004,0.09702795743942261,-0.06926536560058594,0.023472070693969727
343.782495,0.19041991233825684,-0.028416991233825684,0.04477178305387497
343.883030,0.011718511581420898,-0.00730818510055542,0.009594440460205078
343.983630,-0.05012857913970947,0.06554090976715088,0.03320933133363724
344.084105,-0.11109945178031921,0.05822700262069702,-0.029417887330055237
344.184561,-0.08971983194351196,-0.08234894275665283,-0.06825841963291168
344.285060,0.20058488845825195,-0.10272961854934692,0.061103880405426025
344.385565,0.08896055817604065,-0.0008304715156555176,0.12505048513412476
344.486118,-0.16558308899402618,0.05400538444519043,0.07567852735519409
344.586558,-0.2562878429889679,-0.13980740308761597,-0.020763162523508072
344.687184,-0.10573729872703552,-0.11688506603240967,-0.09394991397857666
344.787658,0.20445889234542847,-0.006023883819580078,0.05218327045440674
344.888096,0.14674019813537598,-0.01884514093399048,0.05740541219711304
344.988625,-0.04032495617866516,-0.015403687953948975,-0.008381839841604233
345.089151,-0.018015801906585693,-0.06406855583190918,-0.014472007751464844
345.189639,0.08430925011634827,-0.02619558572769165,0.025512810796499252
345.290171,0.002742379903793335,-0.04064422845840454,0.07324016094207764
345.390634,-0.2856621742248535,0.16105329990386963,-0.09675837308168411
345.491161,-0.2171420156955719,0.01800227165222168,-0.08983242511749268
345.591663,0.37434738874435425,-0.2948688864707947,0.20114433765411377
345.692100,0.17429980635643005,0.04024016857147217,0.21562951803207397
345.792668,-0.22251716256141663,0.10984635353088379,0.01799546182155609
345.893163,-0.2832976281642914,0.025680065155029297,-0.12177718430757523
345.993651,-0.023305118083953857,-0.12696272134780884,-0.06326057016849518
346.094129,0.230754554271698,-0.10103338956832886,0.12839370965957642
346.194737,0.1300044059753418,0.013496935367584229,0.07004958391189575
346.295215,-0.08540281653404236,-0.03012019395828247,0.0029753446578979492
346.395637,-0.09764575958251953,-0.11009424924850464,0.040728867053985596
346.496155,0.04795199632644653,0.058408141136169434,0.06707417964935303
346.596726,-0.005748778581619263,0.06479811668395996,0.01862698793411255
346.697176,-0.23860618472099304,-0.013948678970336914,-0.1348491907119751
346.797645,0.1693141758441925,-0.2711985111236572,0.054010748863220215
346.898184,0.22868287563323975,-0.0738976001739502,0.2414412796497345
346.998758,-0.10921088606119156,0.2347239851951599,0.12009647488594055
347.099240,-0.26795923709869385,0.20364773273468018,-0.08854532241821289
347.199846,-0.03590428829193115,-0.06193256378173828,-0.13560627400875092
347.300337,0.11144563555717468,0.057096779346466064,-0.03715828061103821
347.400772,0.02541494369506836,-0.020217835903167725,0.10107970237731934
347.501284,-0.0017347335815429688,-0.03233391046524048,0.0010509565472602844
347.601677,0.03834986686706543,-0.012744545936584473,0.04420304298400879
347.702231,0.09097927808761597,-0.045504748821258545,-0.043908461928367615
347.802831,0.07658004760742188,0.12265056371688843,0.004561886191368103
347.903329,-0.37971407175064087,-0.04768770933151245,-0.05170653760433197
348.003767,-0.16584402322769165,0.04416900873184204,-0.09745335578918457
348.104295,0.18911588191986084,-0.13131964206695557,0.10904097557067871
348.204658,0.28590211272239685,-0.05343520641326904,0.213899627327919
348.305223,-0.10899162292480469,0.04725682735443115,0.1911466121673584
348.405752,-0.26094910502433777,0.04613250494003296,-0.0911971926689148
348.506300,-0.1320166289806366,-0.040664851665496826,-0.15471473336219788
348.606841,0.06344461441040039,0.0038917064666748047,0.042193055152893066
348.707249,0.11484777927398682,-0.054350316524505615,0.08600360155105591
348.807859,0.12444871664047241,-0.023571908473968506,0.03137063980102539
348.908331,-0.01762804388999939,-0.030588209629058838,0.0095747709274292
349.008815,-0.0705309510231018,-0.004142880439758301,0.0032831430435180664
349.109372,-0.16265204548835754,0.04768556356430054,-0.04244077950716019
349.209777,0.10919058322906494,-0.1636907458305359,-0.02580750361084938
349.310314,0.2860496938228607,-0.0167691707611084,0.1353967785835266
349.410845,-0.02599272131919861,-0.006425321102142334,0.14409518241882324
349.511322,-0.16844087839126587,-0.014344990253448486,0.01914459466934204
349.611799,-0.1727059781551361,-0.02489757537841797,-0.11684132367372513
349.712410,0.009624600410461426,0.06198066473007202,-0.10220788419246674
349.812849,0.07797616720199585,-0.03763318061828613,0.04085051268339157
349.913404,0.03384217619895935,-0.061593830585479736,0.054479606449604034
350.013833,0.02212423086166382,-0.030380666255950928,-0.024859927594661713
350.114362,-0.021628201007843018,0.02803128957748413,-0.013536110520362854
350.214853,-0.04597023129463196,-0.0033377408981323242,-0.016668304800987244
350.315420,-0.05254217982292175,-0.02530086040496826,-0.05610264837741852
350.415901,0.09682360291481018,-0.15458744764328003,-0.03366959095001221
350.516433,0.18012923002243042,0.020895838737487793,0.16298741102218628
350.616977,-0.07882526516914368,0.11845254898071289,0.11341351270675659
350.717470,-0.25330650806427,-0.10220009088516235,0.04271102324128151
350.817971,-0.11074700951576233,-0.05697178840637207,-0.05389738827943802
350.918407,0.20275968313217163,0.12836307287216187,0.0121002197265625
351.018940,-0.11059460043907166,0.19235610961914062,0.017630696296691895
351.119404,-0.10781615972518921,0.10175305604934692,0.08922208845615387
351.219943,0.03143647313117981,-0.7921088337898254,0.0038014650344848633
351.320457,0.17054617404937744,0.34193581342697144,0.1768636703491211
351.420923,-0.10938107967376709,-0.11767280101776123,0.016083598136901855
351.521502,0.010427892208099365,0.012425422668457031,0.011008143424987793
351.621948,-0.07601433992385864,-0.07311171293258667,0.10906517505645752
351.722423,-0.017084598541259766,0.05303269624710083,0.09077954292297363
351.822953,-0.033621370792388916,-8.07046890258789e-05,0.0714406967163086
351.923476,-0.3221045136451721,-0.11650925874710083,-0.20322948694229126
352.023931,-0.05008137226104736,0.0630413293838501,0.029999852180480957
352.124504,0.009762704372406006,-0.0730103850364685,-0.11172032356262207
352.224993,-0.044116437435150146,0.025950968265533447,0.003491640090942383
352.325440,-0.047016680240631104,-0.0879063606262207,-0.03859877586364746
352.425960,0.09199213981628418,-0.0863487720489502,0.05334699898958206
352.526513,0.016375869512557983,-0.025317788124084473,0.046421781182289124
352.626988,-0.12834495306015015,0.12001252174377441,0.10431161522865295
352.727489,-0.26563477516174316,0.16513711214065552,0.014026284217834473
352.828027,-0.10309189558029175,0.016053617000579834,-0.09004382789134979
352.928526,0.27824145555496216,-0.255898654460907,-0.011348336935043335
353.029028,0.2249259054660797,-0.05783635377883911,0.1677475869655609
353.129550,-0.21059224009513855,0.06336694955825806,0.03511786460876465
353.230068,-0.2680463492870331,0.08695513010025024,-0.12352925539016724
353.330460,0.10895109176635742,0.007910847663879395,-0.015765637159347534
353.430994,0.10064828395843506,0.004664957523345947,0.0518985390663147
353.531517,0.0026026368141174316,0.001276552677154541,0.0024338066577911377
353.632034,0.024945378303527832,0.0016627311706542969,0.03676751255989075
353.732526,-0.040074706077575684,0.11780214309692383,0.03576338291168213
353.833084,-0.05328470468521118,-0.2913590669631958,-0.23932293057441711
353.933579,0.2878134846687317,-0.07689636945724487,0.16065165400505066
354.034135,-0.04171854257583618,0.11366242170333862,0.1842329204082489
354.134573,-0.42476409673690796,0.028600692749023438,-0.030442625284194946
354.235132,0.01907360553741455,-0.10751473903656006,-0.1268784999847412
354.336752,0.2834634780883789,-0.06713598966598511,0.06988590955734253
354.436094,-0.0020665526390075684,-0.04669231176376343,-0.00870513916015625
354.536568,-0.05058598518371582,-0.027794599533081055,0.018257081508636475
354.637045,0.034362614154815674,-0.0006638765335083008,0.04644148051738739
354.737637,-0.23717427253723145,0.11607182025909424,-0.082255057990551
354.838118,0.09241324663162231,-0.40894174575805664,-0.13190962374210358
354.938566,0.3868657350540161,0.040247201919555664,0.2895180583000183
355.039212,-0.4029662013053894,0.11891365051269531,0.15905877947807312
355.139568,-0.2233504056930542,-0.07206594944000244,-0.1926952600479126
355.240203,0.1957087516784668,-0.1367170214653015,-0.007791772484779358
355.340609,0.092681884765625,-0.018290162086486816,0.062148407101631165
355.441247,-0.06967872381210327,-0.07140713930130005,-0.04609532654285431
355.541641,0.034082889556884766,0.018072009086608887,0.03135956823825836
355.642113,0.009947121143341064,0.07152634859085083,0.054013438522815704
355.742677,-0.25928616523742676,-0.01584458351135254,-0.11595022678375244
355.843172,0.20984113216400146,-0.4069717526435852,-0.06557261943817139
355.943646,0.22248196601867676,0.14062118530273438,0.3079979419708252
356.044164,-0.520649790763855,0.03150129318237305,0.1118895411491394
356.144684,-0.1649179458618164,-0.15693867206573486,-0.21995413303375244
356.245252,0.3727787137031555,-0.02016913890838623,0.06884883344173431
356.345714,-0.025712668895721436,-0.1046142578125,-0.0006147027015686035
356.446114,-0.04787003993988037,-0.039448082447052,-0.03680253028869629
356.546645,0.031048238277435303,0.01881861686706543,0.043723344802856445
356.647192,0.006614506244659424,-0.0008848905563354492,-0.009809441864490509
356.747770,-0.09245562553405762,0.15036261081695557,0.05264014005661011
356.848255,-0.15595734119415283,-0.3781108856201172,-0.18021762371063232
356.948703,0.3910605311393738,-0.11290627717971802,0.22218915820121765
357.049100,-0.02591434121131897,0.1593291163444519,0.2617766559123993
357.149740,-0.452304482460022,-0.09763354063034058,-0.09779327362775803
357.250246,0.07027733325958252,-0.106822669506073,-0.08784621953964233
357.350641,0.27235913276672363,0.005276739597320557,0.05493515729904175
357.451199,-0.08350080251693726,-0.06823259592056274,-0.03168487176299095
357.551757,-0.02871769666671753,-0.051185548305511475,0.004764147102832794
357.652338,0.08865076303482056,-0.014593303203582764,0.028579063713550568
357.752775,-0.10842573642730713,0.10450690984725952,0.014679856598377228
357.853290,-0.1353195309638977,-0.1616300344467163,-0.1100693941116333
357.953717,0.3692636489868164,-0.19255250692367554,0.10836169123649597
358.054328,0.08711329102516174,0.17606228590011597,0.2402467131614685
358.154841,-0.4228779077529907,-0.13580608367919922,-0.0430639386177063
358.255264,-0.011773765087127686,-0.11003309488296509,-0.10627763718366623
358.355778,0.26692354679107666,0.024678170680999756,0.07014869153499603
358.456313,-0.09939515590667725,-0.03373980522155762,-0.04376727342605591
358.556791,-0.05214071273803711,-0.022654592990875244,0.018392503261566162
358.657315,0.04582875967025757,0.023048102855682373,0.021744504570961
358.757831,0.04493635892868042,-0.0051541924476623535,-0.005181446671485901
358.858375,-0.17259681224822998,0.15678566694259644,0.02198845148086548
358.958806,0.028651118278503418,-0.36654871702194214,-0.12083673477172852
359.059289,0.32397615909576416,-0.09300059080123901,0.15172699093818665
359.159842,-0.0779462456703186,0.19126075506210327,0.17061549425125122
359.260380,-0.38537052273750305,-0.060368120670318604,-0.07880496978759766
359.360812,0.16712641716003418,-0.09742385149002075,-0.043867163360118866
359.461343,0.18018603324890137,-0.019002258777618408,0.046259284019470215
359.561833,-0.10382378101348877,-0.030593931674957275,-0.014481961727142334
359.662311,-0.015464961528778076,0.02393406629562378,0.018672697246074677
359.762903,0.04185354709625244,-0.014379739761352539,0.011265337467193604
359.863389,-0.01143258810043335,-0.03440636396408081,-0.003010869026184082
359.963839,-0.03132057189941406,0.030100703239440918,0.026702947914600372
360.064371,-0.13509756326675415,-0.019319653511047363,-0.02569711208343506
360.164892,0.20539408922195435,-0.18847644329071045,-0.035741448402404785
360.265353,0.14646440744400024,0.013398885726928711,0.18067693710327148
360.365871,-0.2804543077945709,0.0340234637260437,0.11504101753234863
360.466396,-0.21035271883010864,-0.05419868230819702,-0.1448611617088318
360.566881,0.2756275534629822,-0.008816063404083252,0.001980304718017578
360.667413,0.03881293535232544,-0.04406660795211792,0.014084935188293457
360.767911,-0.11354941129684448,-0.05753767490386963,-0.013628242537379265
360.868368,0.045758724212646484,0.01929318904876709,0.02596384659409523
360.968891,0.024057984352111816,-0.007811307907104492,0.004091445356607437
361.069389,-0.028488218784332275,-0.007824420928955078,0.006255686283111572
361.169901,0.029743194580078125,0.046746909618377686,0.0025405297055840492
361.270373,-0.13788336515426636,0.059507906436920166,-0.047797322273254395
361.370956,0.04233229160308838,-0.2809344530105591,-0.08381521701812744
361.471427,0.28447049856185913,0.006738543510437012,0.1863146424293518
361.571974,-0.13349419832229614,0.12816917896270752,0.18928003311157227
361.672496,-0.39403045177459717,-0.06121784448623657,-0.04437148571014404
361.772940,0.09745264053344727,-0.10633295774459839,-0.08929014205932617
361.873467,0.26075196266174316,-0.009227514266967773,0.03213298320770264
361.973957,-0.10738146305084229,-0.08751845359802246,-0.005732893943786621
362.074409,-0.0038497447967529297,0.028564453125,-0.011753439903259277
362.174998,0.050114989280700684,0.009729504585266113,0.02374589443206787
362.275448,-0.010749995708465576,-0.02941817045211792,-0.0022640246897935867
362.375924,-0.031501173973083496,0.058428168296813965,0.009142991155385971
362.476527,-0.09453415870666504,0.004552245140075684,-0.04111909866333008
362.576970,0.14498865604400635,-0.20745986700057983,-0.016064167022705078
362.677444,0.20636975765228271,-0.023215174674987793,0.09884913265705109
362.778008,-0.17798426747322083,0.07843267917633057,0.16016018390655518
362.878573,-0.33260172605514526,-0.03749871253967285,-0.03963535651564598
362.978985,0.08616834878921509,0.031069576740264893,-0.08679831027984619
363.079534,0.09199219942092896,-0.0712810754776001,0.049681901931762695
363.179969,-0.04490554332733154,-0.09973859786987305,-0.017383459955453873
363.280444,0.06961888074874878,0.05479717254638672,0.01987004280090332
363.381064,-0.011200010776519775,0.02896702289581299,0.012013554573059082
363.481488,-0.023460745811462402,-0.02712702751159668,-0.010026572272181511
363.582043,0.03711825609207153,0.02948760986328125,0.009396255016326904
363.682486,-0.02302098274230957,-0.023667871952056885,0.007815837860107422
363.783013,0.00827258825302124,0.024393081665039062,0.017291903495788574
363.883554,-0.10698962211608887,0.031524658203125,-0.032456398010253906
363.984029,0.06724417209625244,-0.18667173385620117,-0.04412626475095749
364.084553,0.22695577144622803,-0.038472115993499756,0.13532212376594543
364.185071,-0.038096845149993896,0.1449570655822754,0.17097854614257812
364.285507,-0.34938594698905945,-0.054776132106781006,-0.013243913650512695
364.386080,-0.027879714965820312,-0.010604321956634521,-0.07653262466192245
364.486639,0.1866382360458374,-0.020769596099853516,0.012603051960468292
364.587033,-0.01319187879562378,-0.05534559488296509,-0.006162285804748535
364.687558,-0.0259019136428833,-0.03296804428100586,-0.006354808807373047
364.788140,0.03562772274017334,0.04066675901412964,0.02447713166475296
364.888607,-0.0020360946655273438,0.00426483154296875,-0.013110987842082977
364.989070,0.0163424015045166,0.028415918350219727,0.01451779156923294
365.089578,-0.14479976892471313,0.015246212482452393,-0.00328720360994339
365.190070,0.05936324596405029,-0.22837865352630615,-0.05930662155151367
365.290647,0.2620745301246643,0.07362258434295654,0.09083503484725952
365.391117,-0.14115968346595764,0.05810064077377319,0.15196409821510315
365.491572,-0.34148693084716797,-0.046372830867767334,-0.05124175548553467
365.592108,0.0810854434967041,0.01876246929168701,-0.04910767078399658
365.692630,0.13214969635009766,-0.07495713233947754,0.0307156965136528
365.793104,-0.02040576934814453,-0.059069693088531494,-0.03152550011873245
365.893666,-0.026537775993347168,0.013762950897216797,0.024809591472148895
365.994131,0.018040955066680908,0.030918419361114502,0.010788798332214355
366.094639,-0.014620840549468994,-0.04809480905532837,-0.0064727067947387695
366.195176,0.02777838706970215,0.0057978034019470215,0.004289146512746811
366.295687,-0.0012350678443908691,0.0030109286308288574,0.003399975597858429
366.396146,0.0002841949462890625,0.012418746948242188,0.013167507946491241
366.496727,-0.03918266296386719,0.05521392822265625,0.018635757267475128
366.597279,-0.21481215953826904,-0.1277766227722168,-0.027660012245178223
366.697673,0.28030282258987427,-0.1779382824897766,0.09225983172655106
366.798186,0.24405986070632935,0.1388164758682251,0.15451663732528687
366.898703,-0.2830556035041809,0.0032692551612854004,0.09651394188404083
366.999177,-0.24349182844161987,-0.12426382303237915,-0.09338116645812988
367.099718,0.25978195667266846,0.0038892626762390137,-0.015570402145385742
367.200227,0.07599145174026489,-0.06621640920639038,0.012255068868398666
367.300663,-0.11602377891540527,-0.05037045478820801,-0.01760362833738327
367.401161,0.05048227310180664,0.05199027061462402,0.012771844863891602
367.501786,0.012910127639770508,-0.011816620826721191,-0.0002612993121147156
367.602227,-0.029011130332946777,-0.03942835330963135,-0.008353352546691895
367.702694,0.04311496019363403,0.013898074626922607,0.019884228706359863
367.803337,-0.04248785972595215,0.07000088691711426,0.01007235050201416
367.903853,-0.20697957277297974,-0.11420512199401855,-0.020330198109149933
368.004249,0.23348724842071533,-0.22912722826004028,-0.002491528168320656
368.104745,0.20687371492385864,0.12853997945785522,0.10887852311134338
368.205186,-0.23939695954322815,-0.0016657710075378418,0.12459129095077515
368.305701,-0.3327287435531616,-0.09095776081085205,-0.0822983905673027
368.406291,0.1984652280807495,-0.009897172451019287,-0.03205931931734085
368.506816,0.13905775547027588,-0.044915974140167236,0.013342857360839844
368.607226,-0.12038159370422363,-0.07029134035110474,-0.012985952198505402
368.707722,0.06081533432006836,0.0004042983055114746,0.00849246233701706
368.808266,0.03320276737213135,-0.012606263160705566,0.00711369514465332
368.908794,-0.03910350799560547,-0.02364283800125122,0.011697061359882355
369.009331,-0.05801534652709961,0.10232526063919067,0.022411108016967773
369.109872,-0.17653512954711914,-0.13897550106048584,-0.08065056800842285
369.210337,0.31142956018447876,-0.20719033479690552,0.1025155782699585
369.310845,0.18340450525283813,0.18733161687850952,0.1582624912261963
369.411411,-0.4536151885986328,-0.06097298860549927,0.10838837176561356
369.511749,-0.18958044052124023,-0.12194859981536865,-0.12571550905704498
369.612275,0.3573497533798218,-0.011151015758514404,0.009132139384746552
369.712775,0.011570930480957031,-0.025562524795532227,0.0004581138491630554
369.813357,-0.163346529006958,-0.06959283351898193,-0.015239372849464417
369.913891,0.09087491035461426,0.004856586456298828,0.022171728312969208
370.014345,0.050957322120666504,0.005682766437530518,-8.774548768997192e-05
370.114858,-0.06862831115722656,0.00626903772354126,0.013298392295837402
370.215389,-0.05914336442947388,0.0033855438232421875,-0.007104501128196716
370.315882,0.06338083744049072,-0.05425822734832764,0.00735628604888916
370.416463,0.025074362754821777,-0.00803309679031372,0.010372176766395569
370.516826,-0.037348270416259766,0.026479661464691162,0.028247229754924774
370.617405,-0.12505650520324707,0.06653118133544922,-0.035420432686805725
370.717859,0.026166677474975586,-0.2703595757484436,-0.0865180492401123
370.818331,0.2994377613067627,-0.05316811800003052,0.12385141849517822
370.918946,-0.032508671283721924,0.18617701530456543,0.23547333478927612
371.019453,-0.49010881781578064,-0.10068172216415405,-0.011844392865896225
371.119910,0.07407242059707642,-0.05373650789260864,-0.10046222805976868
371.220379,0.26680976152420044,-0.023039638996124268,0.038497328758239746
371.321102,-0.06749582290649414,-0.008638262748718262,-0.02246655523777008
371.421474,-0.04787611961364746,-0.04168498516082764,0.012804865837097168
371.521892,0.035575807094573975,0.011499583721160889,0.003319278359413147
371.622398,-0.01639378070831299,-0.01226043701171875,0.0027780532836914062
371.722938,-0.00888967514038086,-0.009559810161590576,0.02308213710784912
371.823390,0.020640671253204346,0.021188974380493164,0.001978151500225067
371.923992,-0.012726426124572754,-0.02054041624069214,0.02417469024658203
372.024379,0.01937878131866455,-0.002368927001953125,0.0207970067858696
372.124967,-0.09367763996124268,0.05942356586456299,0.008216872811317444
372.225405,-0.059087276458740234,-0.32947176694869995,-0.14989948272705078
372.325997,0.3537905812263489,0.02713841199874878,0.17660494148731232
372.426434,-0.14428433775901794,0.105410635471344,0.24641168117523193
372.526993,-0.3677608370780945,-0.1581016182899475,-0.17737507820129395
372.627448,0.2267465591430664,-0.03560882806777954,-0.07062102854251862
372.728076,0.14180773496627808,-0.01067882776260376,0.049063682556152344
372.828462,-0.11406373977661133,-0.05688297748565674,-0.07008445262908936
372.928972,0.028626680374145508,0.007580101490020752,-0.005216948688030243
373.029601,0.024911880493164062,0.023119986057281494,-0.010708443820476532
373.129977,-0.03425014019012451,-1.0728836059570312e-05,-0.02818538248538971
373.230476,0.026115715503692627,0.09542948007583618,0.014947764575481415
373.330956,-0.18571597337722778,0.01282888650894165,-0.04128003120422363
373.431566,0.14484131336212158,-0.21546107530593872,0.027432560920715332
373.532040,0.2320166826248169,0.1403954029083252,0.2036035656929016
373.632475,-0.36368903517723083,-0.03503310680389404,0.12087740004062653
373.733026,-0.11899787187576294,-0.06814610958099365,-0.09840166568756104
373.833491,0.2765141725540161,-0.02536594867706299,0.07883942127227783
373.934107,-0.007432878017425537,-0.0993267297744751,0.04802751541137695
374.034529,-0.0816693902015686,-0.02634608745574951,0.026762738823890686
374.135034,-0.0714958906173706,0.0643431544303894,0.014006614685058594
374.235569,0.04277461767196655,-0.2799699902534485,-0.05431760102510452
374.336026,0.30382972955703735,0.17997688055038452,0.18175534904003143
374.436574,-0.3219376504421234,-0.1509190797805786,0.18237796425819397
374.536953,-0.19950473308563232,-0.12526315450668335,-0.16658422350883484
374.637564,0.3313140273094177,0.006188690662384033,-0.02940988540649414
374.738050,0.0423855185508728,-0.047941505908966064,0.046718478202819824
374.838586,-0.15368962287902832,0.004922926425933838,0.005769014358520508
374.939121,-0.2284347414970398,-0.09353989362716675,-0.06716443598270416
375.039644,0.2860392928123474,-0.18724828958511353,0.06263786554336548
375.140172,0.2499173879623413,0.23053276538848877,0.1726095825433731
375.240678,-0.5031232833862305,-0.10518747568130493,0.10053187608718872
375.341033,-0.17909002304077148,-0.27879995107650757,-0.16714631021022797
375.441660,0.506227433681488,-0.09096658229827881,0.03413354977965355
375.542151,0.06325119733810425,0.14334362745285034,0.10287773609161377
375.642587,-0.42745527625083923,-0.08711647987365723,-0.000300772488117218
375.743046,0.028759658336639404,-0.20173507928848267,-0.08408497273921967
375.843711,0.36888355016708374,-0.02134120464324951,0.2166648507118225
375.944151,-0.13317513465881348,0.07736396789550781,0.16879278421401978
376.044611,-0.3566155731678009,0.0017064213752746582,-0.03990805149078369
376.145102,0.06720554828643799,-0.0286482572555542,-0.08751223981380463
376.245658,0.17188972234725952,-0.05449259281158447,0.042701005935668945
376.346159,-0.06171691417694092,-0.05563807487487793,-0.011588327586650848
376.446639,-0.023057639598846436,-0.011163771152496338,-0.007982857525348663
376.547142,0.05589872598648071,-0.014371395111083984,0.08022700995206833
376.647672,-0.22241312265396118,0.1228531002998352,-0.02798306941986084
376.748108,0.032631516456604004,-0.2898716330528259,-0.05641436576843262
376.848695,0.3595525026321411,0.054673969745635986,0.21494626998901367
376.949194,-0.24422293901443481,0.06713467836380005,0.18591567873954773
377.049731,-0.2863323390483856,-0.06767678260803223,-0.11509215831756592
377.150172,0.1900830864906311,-0.04174017906188965,-0.05177640914916992
377.250718,0.09625029563903809,-0.05865621566772461,0.06962954998016357
377.351184,-0.1196470856666565,-0.08308291435241699,-0.023067831993103027
377.451631,0.012756824493408203,0.022589385509490967,0.018706321716308594
377.552230,0.045561254024505615,-0.009274184703826904,0.03790748119354248
377.652729,-0.060517966747283936,0.1515434980392456,-0.019880302250385284
377.753185,-0.05727219581604004,-0.2674400210380554,-0.11784076690673828
377.853661,0.35027575492858887,0.0018676519393920898,0.1252974271774292
377.954200,-0.1363324522972107,0.06926453113555908,0.18117016553878784
378.054754,-0.3577791452407837,-0.05842578411102295,-0.05369889736175537
378.155271,0.1640971302986145,0.023089945316314697,-0.09173298627138138
378.255669,0.13712364435195923,-0.0529789924621582,0.0454561710357666
378.356290,-0.11229878664016724,-0.05447882413864136,-0.008161425590515137
378.456689,0.0007890462875366211,0.035604655742645264,-0.004420511424541473
378.557235,0.03248172998428345,0.0010774731636047363,0.029032833874225616
378.657736,-0.0190504789352417,-0.02886068820953369,-0.010558970272541046
378.758225,0.025489389896392822,0.024294912815093994,0.005683295428752899
378.858710,-0.014370858669281006,0.00046437978744506836,0.005701899528503418
378.959313,-0.023487389087677002,-0.021685898303985596,0.0099949911236763
379.059865,0.028564035892486572,0.001644909381866455,0.0019495561718940735
379.160337,0.001477062702178955,0.005352675914764404,0.03337060660123825
379.260752,-0.07735639810562134,0.019012808799743652,-0.047313109040260315
379.361307,0.08086633682250977,-0.18778741359710693,-0.047193288803100586
379.461778,0.17445743083953857,0.06142735481262207,0.15017664432525635
379.562316,-0.1843833029270172,0.01705104112625122,0.12892507016658783
379.662818,-0.24364936351776123,-0.021247506141662598,-0.06887519359588623
379.763256,0.16943395137786865,0.02019631862640381,-0.04397130012512207
379.863809,0.0802573561668396,-0.08521503210067749,0.0209120512008667
379.964325,-0.09948468208312988,-0.06243175268173218,-0.013712048530578613
380.064777,0.03334677219390869,0.046643197536468506,0.01553880050778389
380.165259,0.029724419116973877,-0.012922525405883789,0.010929234325885773
380.265806,-0.005241811275482178,-0.015914559364318848,-0.00458168238401413
380.366401,0.015077710151672363,0.03191983699798584,0.018901467323303223
380.466804,-0.15287882089614868,-0.09715557098388672,-0.026731714606285095
380.567331,0.2546929717063904,-0.19835537672042847,-0.00645977258682251
380.667852,0.13052916526794434,0.17073827981948853,0.1352328658103943
380.768407,-0.3400653004646301,-0.023032188415527344,0.12159852683544159
380.868940,-0.17085665464401245,-0.10165590047836304,-0.13183356821537018
380.969388,0.24731212854385376,0.003877699375152588,-0.020874857902526855
381.069909,-0.06840980052947998,-0.11566203832626343,0.07034502923488617
381.170410,-0.07191199064254761,0.002692878246307373,-0.02521193027496338
381.270917,0.06593841314315796,0.019503891468048096,0.013052701950073242
381.371460,-0.012579381465911865,-0.02374476194381714,0.004929892718791962
381.471946,-0.01764124631881714,-0.014668762683868408,-0.0055391862988471985
381.572428,0.007560610771179199,0.06800395250320435,0.04539620876312256
381.672884,-0.1961783766746521,0.014741837978363037,-0.056080713868141174
381.773363,0.17523860931396484,-0.200766921043396,0.07812488079071045
381.873951,0.19893699884414673,0.12967628240585327,0.1610993891954422
381.974358,-0.3640391230583191,-0.05115550756454468,0.13815438747406006
382.074874,-0.12374114990234375,-0.007267773151397705,-0.12637865543365479
382.175393,0.15332043170928955,-0.021902799606323242,0.038555972278118134
382.275953,0.022340893745422363,-0.03633636236190796,0.013213755562901497
382.376444,0.038753509521484375,-0.00833892822265625,-0.021537426859140396
382.476918,0.05262351036071777,0.00031578540802001953,0.01656341552734375
382.577439,0.006961345672607422,0.03669852018356323,-0.026554465293884277
382.677900,-0.05591166019439697,-0.034536778926849365,0.049480803310871124
382.778400,0.02015244960784912,-0.020054757595062256,0.04716038703918457
382.879022,-0.16082268953323364,0.0779988169670105,-0.027623891830444336
382.979431,-0.04860919713973999,-0.11475855112075806,-0.13696706295013428
383.079995,0.3558770418167114,-0.26035577058792114,0.11667466163635254
383.180474,0.14561212062835693,-0.006510376930236816,0.20358337461948395
383.280961,-0.3064902424812317,0.068118155002594,0.0011922679841518402
383.381497,-0.2209569811820984,-0.040976762771606445,-0.11675119400024414
383.481958,0.06392872333526611,0.0330888032913208,0.02995145134627819
383.582438,0.06915044784545898,-0.007746458053588867,0.01981794834136963
383.682961,-0.023776531219482422,-0.038866639137268066,-0.014651060104370117
383.783582,-0.02447223663330078,0.0068947672843933105,0.01716507226228714
383.884007,-0.0006139278411865234,0.025858283042907715,0.00852799043059349
383.984496,-0.01692885160446167,-0.008318185806274414,0.0030672624707221985
384.084990,-0.0044828057289123535,-0.0009962916374206543,0.003996729850769043
384.185519,-0.0039027929306030273,0.030347466468811035,0.03029000014066696
384.286037,-0.10270863771438599,0.057244837284088135,-0.006091117858886719
384.386529,-0.019791483879089355,-0.2296205759048462,-0.04360151290893555
384.487018,0.3160174489021301,-0.08903473615646362,0.09791195392608643
384.587533,0.08752119541168213,0.14429789781570435,0.09273731708526611
384.688056,-0.25720804929733276,-0.0005368590354919434,0.021819349378347397
384.788535,-0.1352057158946991,-0.061125099658966064,-0.0012679174542427063
384.889209,0.11757498979568481,0.04618805646896362,0.02082490548491478
384.990300,0.07151347398757935,0.005013763904571533,0.000496741384267807
385.089911,-0.059419095516204834,-0.06532615423202515,-0.014680981636047363
385.190289,-0.006674408912658691,0.015249371528625488,0.01896797865629196
385.290886,0.016395628452301025,0.023096442222595215,0.002608060836791992
385.391376,-0.00956428050994873,-0.027346014976501465,-0.005821354687213898
385.491926,-1.8775463104248047e-05,0.00734633207321167,0.0060689374804496765
385.592575,-0.011165618896484375,0.007655501365661621,0.009512662887573242
385.693128,-0.0025869011878967285,-0.0066841840744018555,0.0009087398648262024
385.793636,0.006984293460845947,0.008091270923614502,0.012208700180053711
385.894125,0.003398716449737549,0.013328075408935547,0.006082773208618164
385.994655,-0.037501633167266846,0.03785586357116699,0.031465888023376465
386.095081,-0.09281647205352783,-0.12912732362747192,-0.0468897819519043
386.195576,0.22884708642959595,-0.07397091388702393,0.014210931956768036
386.296042,0.08773547410964966,0.09355998039245605,0.13978475332260132
386.396653,-0.19845369458198547,0.07612091302871704,0.0472756028175354
386.497122,-0.1202484667301178,-0.04834848642349243,-0.06575833261013031
386.597677,0.09732073545455933,-0.032736241817474365,0.01811504364013672
386.698004,0.06100577116012573,0.010328590869903564,0.0016843080520629883
386.798647,-0.04105931520462036,-0.001069784164428711,-0.013936415314674377
386.899177,-0.012079894542694092,0.0019330382347106934,0.019809365272521973
386.999686,0.02396559715270996,0.02061629295349121,0.0012314245104789734
387.100186,-0.01492464542388916,-0.02033686637878418,0.004748575389385223
387.200689,0.012172341346740723,0.014131307601928711,0.008249759674072266
387.301192,-0.011932998895645142,-0.0035022497177124023,0.0033327266573905945
387.401734,0.0036576390266418457,0.011123895645141602,0.006895899772644043
387.502177,0.0009382963180541992,-0.009799420833587646,0.002476915717124939
387.602756,-0.003643900156021118,0.0015843510627746582,0.006292462348937988
387.703235,-0.006183743476867676,0.008980274200439453,0.008251428604125977
387.803702,0.006600439548492432,-0.0060454607009887695,-0.000613093376159668
387.904244,0.0014882981777191162,-0.008119404315948486,0.009345166385173798
388.004656,-0.014374643564224243,0.018755435943603516,0.00045930594205856323
388.105337,-0.024161070585250854,0.03041893243789673,0.03151653707027435
388.205812,-0.17221683263778687,0.01587146520614624,-0.02342785894870758
388.306246,0.052487194538116455,-0.33217042684555054,-0.06738007068634033
388.406798,0.36591267585754395,0.013632237911224365,0.10336131602525711
388.507278,-0.05770799517631531,0.13890093564987183,0.2212914228439331
388.607725,-0.37335506081581116,-0.006382346153259277,-0.018886804580688477
388.708279,-0.006431281566619873,-0.06370818614959717,-0.09182989597320557
388.808775,0.23070085048675537,-0.05165815353393555,0.03428983315825462
388.909221,-0.006905078887939453,-0.0072310566902160645,0.002499222755432129
389.009745,-0.08363127708435059,0.016905784606933594,-0.005504131317138672
389.110222,0.01805013418197632,0.012956619262695312,0.02431582659482956
389.210731,0.018306612968444824,0.0027931928634643555,-0.004103668034076691
389.311305,-0.023633062839508057,-0.018098652362823486,0.001690395176410675
389.411788,0.008192718029022217,0.022153496742248535,0.006957300007343292
389.512243,0.012387633323669434,-0.012979269027709961,0.004072904586791992
389.612816,0.01183229684829712,0.007326960563659668,0.009656436741352081
389.713280,-0.19546139240264893,0.11877989768981934,0.026538267731666565
389.813855,0.03691786527633667,-0.2795719504356384,-0.07172191143035889
389.914192,0.36341822147369385,-0.07968556880950928,0.06168103218078613
390.014547,0.03135538101196289,0.11874550580978394,0.19940583407878876
390.115094,-0.3475877344608307,0.05361396074295044,0.05904895067214966
390.215721,-0.13435518741607666,-0.05909872055053711,-0.08622050285339355
390.316373,0.20772522687911987,-0.06171131134033203,0.01310969889163971
390.416802,0.052825748920440674,-0.005519449710845947,0.005610927939414978
390.517320,-0.07418572902679443,-0.0031630992889404297,-0.012925535440444946
390.617839,0.010156214237213135,0.012657105922698975,0.015368454158306122
390.718398,0.02284938097000122,0.00366365909576416,0.001118876039981842
390.818920,-0.014931142330169678,-0.002356112003326416,0.0014462172985076904
390.919467,0.005959212779998779,0.0005663633346557617,0.014754801988601685
391.019814,0.0066664814949035645,0.010926246643066406,0.00664617121219635
391.120329,-0.026677370071411133,0.04548013210296631,0.03630781173706055
391.220878,-0.13902634382247925,-0.09084278345108032,-0.03368055820465088
391.321334,0.13556832075119019,-0.21888911724090576,-0.08651113510131836
391.421867,0.2619190216064453,0.013734400272369385,0.10487931966781616
391.522377,-0.06241437792778015,0.15810835361480713,0.18847377598285675
391.622837,-0.33000311255455017,-0.0011581182479858398,0.009576909244060516
391.723443,-0.0522426962852478,-0.07217651605606079,-0.07581517100334167
391.823875,0.17360442876815796,-0.06772708892822266,-0.0032590776681900024
391.924365,0.014070510864257812,-0.030076444149017334,-0.012064576148986816
392.024875,-0.04407602548599243,0.004120528697967529,0.012740001082420349
392.125384,0.0071770548820495605,0.023570537567138672,0.014640554785728455
392.225963,0.012064814567565918,0.0078078508377075195,-0.01125645637512207
392.326351,-0.009403884410858154,-0.0123366117477417,-0.0019387155771255493
392.426879,0.0020257234573364258,0.0031654834747314453,0.008182898163795471
392.527377,0.0007894635200500488,0.012429296970367432,0.007227316498756409
392.627864,0.03145211935043335,-0.020753145217895508,-0.009924650192260742
392.728454,-0.004308342933654785,0.009048044681549072,0.032734498381614685
392.828954,-0.16258257627487183,0.021628201007843018,0.015186518430709839
392.929416,0.008866310119628906,-0.25929951667785645,-0.08926473557949066
393.030012,0.33795809745788574,-0.0162431001663208,0.039219439029693604
393.130445,0.04859566688537598,0.15452933311462402,0.2124522477388382
393.231001,-0.3031703233718872,0.024547696113586426,0.01816606894135475
393.331531,-0.07030034065246582,-0.07321327924728394,-0.06447698175907135
393.431951,0.14788156747817993,-0.06827545166015625,0.025117874145507812
393.532473,0.030908167362213135,0.010213255882263184,-0.01040184497833252
393.632963,-0.06183183193206787,-0.0017579197883605957,0.006983034312725067
393.733552,-0.00767827033996582,-0.012379050254821777,0.010268434882164001
393.833996,0.03032541275024414,0.002752542495727539,-0.0073016732931137085
393.934552,-0.020721375942230225,-0.03356128931045532,-0.0036650970578193665
394.034996,-0.002014636993408203,0.002828061580657959,-0.0007328838109970093
394.135484,0.0190354585647583,0.0015328526496887207,0.011387348175048828
394.236060,-0.028492331504821777,0.018647611141204834,0.03542909771203995
394.336524,-0.1670440435409546,0.05620604753494263,0.03234420716762543
394.437066,-0.0053868889808654785,-0.29199618101119995,-0.07433997094631195
394.537542,0.4077072739601135,-0.13501852750778198,0.038527488708496094
394.638021,0.14289605617523193,0.19571542739868164,0.21217477321624756
394.738547,-0.34164711833000183,-0.03863006830215454,0.09385871887207031
394.839019,-0.22314339876174927,-0.18830889463424683,-0.11820933222770691
394.939493,0.2549359202384949,-0.011516034603118896,0.01872885227203369
395.040063,0.09035253524780273,-0.04695558547973633,0.02078213542699814
395.140568,-0.11200675368309021,0.005654811859130859,-0.021793365478515625
395.241174,-0.013682901859283447,0.022437751293182373,0.024615779519081116
395.341569,0.0608178973197937,0.0013161897659301758,0.005967974662780762
395.442092,-0.01226341724395752,-0.03061807155609131,-0.01068161427974701
395.542563,-0.0009936094284057617,0.012554764747619629,0.020442359149456024
395.643073,0.012003421783447266,0.022412896156311035,0.013680323958396912
395.743599,-0.01568549871444702,-0.01202702522277832,0.025319695472717285
395.844184,-0.1091720461845398,0.07047390937805176,0.010348081588745117
395.944643,-0.13191038370132446,-0.2593145966529846,-0.07126748561859131
396.045125,0.36907005310058594,-0.12814122438430786,0.08486461639404297
396.145609,0.24904274940490723,0.17739218473434448,0.15266549587249756
396.246153,-0.2634339928627014,0.03317439556121826,0.12484657764434814
396.346564,-0.27712976932525635,-0.2141605019569397,-0.09467066824436188
396.447697,0.2458975911140442,0.004721939563751221,-0.01778469979763031
396.547575,0.10852360725402832,-0.0317341685295105,0.021897688508033752
396.648113,-0.11018240451812744,0.003961086273193359,-0.026232481002807617
396.748569,-0.02983391284942627,0.012425780296325684,0.03731216490268707
396.849223,0.03683137893676758,-0.011902093887329102,0.009516477584838867
396.949763,0.0046956539154052734,-0.003333866596221924,-0.010968334972858429
397.050259,-0.009379744529724121,0.02058732509613037,0.01920391619205475
397.150682,0.01145470142364502,0.013839483261108398,0.008383408188819885
397.251116,0.006833136081695557,-0.008819639682769775,-0.004658207297325134
397.351617,0.0016089081764221191,-0.003941237926483154,0.00799655169248581
397.452119,0.00224912166595459,0.017884790897369385,0.007558107376098633
397.552667,-0.006108701229095459,-0.018728435039520264,-0.0015075206756591797
397.653189,0.01172560453414917,0.011219441890716553,0.0044553205370903015
397.753694,0.007493793964385986,0.012017488479614258,0.004239916801452637
397.854233,-0.0029078125953674316,-0.005724728107452393,0.008093476295471191
397.954659,0.008958041667938232,0.008035898208618164,0.005280733108520508
398.055177,0.003495335578918457,0.0005828142166137695,0.0026233121752738953
398.155648,-0.006265699863433838,0.02500319480895996,0.005340456962585449
398.256211,-0.1249815821647644,-0.039039790630340576,0.0017548948526382446
398.356674,-0.003643035888671875,-0.22308260202407837,-0.09935402870178223
398.457216,0.32800835371017456,-0.05750197172164917,0.0922389030456543
398.557771,0.07083398103713989,0.17153114080429077,0.17329317331314087
398.658209,-0.2846032977104187,0.004863381385803223,0.03398597240447998
398.758791,-0.14481431245803833,-0.0799112319946289,-0.08201241493225098
398.859208,0.19444984197616577,-0.03890484571456909,0.02065908908843994
398.959671,0.020279884338378906,-0.05668729543685913,-0.01303921639919281
399.060111,-0.05813318490982056,-0.004717350006103516,-0.0026487112045288086
399.160721,0.009088337421417236,0.018982350826263428,0.026453614234924316
399.261208,0.008550882339477539,-0.017869770526885986,-0.013737544417381287
399.361752,-0.005179941654205322,-0.001779317855834961,-0.0017019584774971008
399.462233,0.017349541187286377,0.021353185176849365,0.011225812137126923
399.562760,-0.00982511043548584,-0.013634324073791504,-0.0018830299377441406
399.663267,0.010372698307037354,0.0052637457847595215,0.016552798449993134
399.763765,-0.01155310869216919,0.05349886417388916,0.022676438093185425
399.864356,-0.13341599702835083,-0.07979154586791992,-0.041090935468673706
399.964779,0.05840021371841431,-0.19309043884277344,-0.07579530775547028
400.065278,0.2293405532836914,0.036353468894958496,0.11434721946716309
400.165816,-0.03555935621261597,0.12971121072769165,0.1300642490386963
400.266255,-0.2220228910446167,0.020622849464416504,-0.017897121608257294
400.366800,0.0008249282836914062,-0.04206264019012451,-0.020986780524253845
400.467300,0.10080188512802124,-0.08400523662567139,-0.008694417774677277
400.567765,0.00954592227935791,0.042187392711639404,0.0023038312792778015
400.668397,-0.040232449769973755,0.0010662674903869629,0.020436890423297882
400.768862,0.013023853302001953,0.0034592151641845703,0.0013481378555297852
400.869320,0.021117091178894043,-0.0030317306518554688,-0.006369471549987793
400.969856,-0.008599996566772461,-0.00046759843826293945,0.014466419816017151
401.070279,0.0027064085006713867,0.029494881629943848,0.05179056525230408
401.170808,-0.07268410921096802,0.07171905040740967,0.012734055519104004
401.271300,-0.15320992469787598,-0.22735214233398438,-0.10164608061313629
401.371967,0.25684040784835815,-0.2655065655708313,0.013714537024497986
401.472366,0.2573779821395874,0.029500067234039307,0.11590862274169922
401.572882,-0.06731301546096802,0.1934477686882019,0.23419703543186188
401.673420,-0.3966808021068573,-0.08453840017318726,-0.0006073564291000366
401.773860,0.03927457332611084,-0.1101941466331482,-0.07038381695747375
401.874488,0.23064327239990234,-0.06339919567108154,0.017185434699058533
401.974806,-0.024803519248962402,0.02735823392868042,-0.009089335799217224
402.075387,-0.09874659776687622,-0.0009914636611938477,0.01997588574886322
402.175998,0.03307837247848511,-0.006993532180786133,0.003407120704650879
402.276443,0.028822720050811768,-0.02236109972000122,-0.016051411628723145
402.376913,-0.008816838264465332,-0.009028851985931396,0.010729074478149414
402.477401,-0.002804696559906006,0.019081473350524902,0.05656944215297699
402.577859,-0.11857253313064575,0.12034064531326294,0.0033958256244659424
402.678395,-0.23161017894744873,-0.27667123079299927,-0.023791581392288208
402.778962,0.30317074060440063,-0.39284753799438477,0.01308392733335495
402.879355,0.3886460065841675,-0.014443516731262207,0.09167766571044922
402.980049,0.06520992517471313,0.3158407211303711,0.2723788619041443
403.080437,-0.47705894708633423,-0.18012231588363647,0.01809537410736084
403.180915,-0.02806377410888672,-0.12686139345169067,-0.09868156909942627
403.281413,0.2224777340888977,-0.04077500104904175,0.05152570456266403
403.381980,0.016188085079193115,-0.015004575252532959,0.01853489875793457
403.482451,-0.10516095161437988,-0.036544203758239746,-0.006836891174316406
403.582951,0.0063130855560302734,-0.009631931781768799,0.0050411224365234375
403.683517,0.060054123401641846,0.006117641925811768,0.029537677764892578
403.783942,0.014566957950592041,-0.01325082778930664,0.013355724513530731
403.884431,0.011852264404296875,-0.006131350994110107,0.01756429672241211
403.984891,0.004979252815246582,0.011562347412109375,0.010805360972881317
404.085533,0.001997053623199463,0.01542896032333374,-0.0030897706747055054
404.185909,0.0176699161529541,0.0020394325256347656,0.002970591187477112
404.286384,-0.028307080268859863,-0.02418816089630127,-0.024465903639793396
404.386991,-0.031477510929107666,-0.005928337574005127,-0.01478613168001175
404.487613,0.14403921365737915,-0.11486953496932983,0.013356447219848633
404.588030,-0.04275202751159668,0.09045273065567017,-0.008003219962120056
404.688479,-0.2883201837539673,0.1545811891555786,0.0014523416757583618
404.789069,-0.005018889904022217,-0.3913986086845398,-0.130731463432312
404.889485,0.33691734075546265,-0.17110329866409302,0.0943271592259407
404.990195,0.06918352842330933,0.2588123083114624,0.11792993545532227
405.090529,-0.2647984027862549,0.15128308534622192,0.03994821757078171
405.191059,-0.1987665891647339,-0.13825690746307373,-0.09164512157440186
405.291490,0.11935228109359741,-0.04472094774246216,0.04005884751677513
405.392059,0.06036323308944702,0.028248310089111328,0.05798006057739258
405.492511,0.01602703332901001,0.01023554801940918,0.04558538645505905
405.593062,-0.0032840371131896973,-0.027108371257781982,0.022268779575824738
405.693555,0.0024362802505493164,-0.014352738857269287,0.004807226359844208
405.794019,0.02682018280029297,-0.005924582481384277,0.03751624375581741
405.894552,-0.011780202388763428,0.042217791080474854,0.08952510356903076
405.995095,-0.29330503940582275,-0.09436601400375366,-0.023849129676818848
406.095606,0.32626116275787354,-0.3947979211807251,-0.07828915119171143
406.196107,0.27808159589767456,0.026457786560058594,0.24809587001800537
406.296593,-0.25492745637893677,0.17469274997711182,0.2411026507616043
406.397063,-0.2866270840167999,-0.08662569522857666,-0.10808420181274414
406.497537,0.15013355016708374,-0.12164568901062012,-0.051050424575805664
406.598104,0.12534958124160767,-0.05886036157608032,0.04657149314880371
406.698613,-0.08083242177963257,0.02101820707321167,-0.00810718908905983
406.799132,-0.029303789138793945,0.020213007926940918,-0.005327098071575165
406.899571,0.03301548957824707,0.0038176774978637695,0.007035255432128906
407.000128,0.0001475811004638672,-0.013689219951629639,0.012781493365764618
407.100609,-0.018337488174438477,-0.01348876953125,0.002910502254962921
407.201134,-0.0162927508354187,0.06885969638824463,0.007737874984741211
407.301683,-0.33003097772598267,-0.053064048290252686,-0.025848880410194397
407.402167,0.13542723655700684,-0.44020876288414,-0.10931241512298584
407.502666,0.42758506536483765,-0.1262294054031372,0.10756754875183105
407.603140,0.03634744882583618,0.30262136459350586,0.31567245721817017
407.703688,-0.5995762348175049,-0.03950917720794678,0.05009126663208008
407.804178,-0.04562640190124512,-0.1368902325630188,-0.08075176179409027
407.904749,0.2469165325164795,-0.07592600584030151,0.06342792510986328
408.005093,0.04432731866836548,-0.057791709899902344,-0.004527449607849121
408.105771,-0.019412457942962646,-0.0759018063545227,0.007134556770324707
408.206184,0.04789942502975464,0.022827327251434326,0.012366415932774544
408.306638,0.039862215518951416,0.03811579942703247,-0.002379300072789192
408.407150,-0.07366734743118286,0.0006710290908813477,0.026030778884887695
408.507744,0.014927029609680176,-0.012053191661834717,-0.018764972686767578
408.608239,0.063884437084198,0.014143168926239014,0.045343756675720215
408.708800,-0.26601076126098633,0.16089189052581787,0.04319668561220169
408.809316,-0.09680628776550293,-0.5985971093177795,-0.04712582379579544
408.909763,0.5447579026222229,-0.171464204788208,0.2691352367401123
409.010196,-0.016518771648406982,0.37210240960121155,0.29815390706062317
409.110835,-0.35895687341690063,0.16725605726242065,0.047025084495544434
409.211168,-0.13951176404953003,-0.211281418800354,-0.08478617668151855
409.311715,0.20242595672607422,-0.09541821479797363,0.074626624584198
409.412180,-0.005305171012878418,0.005760133266448975,0.06073027849197388
409.512783,-0.08755302429199219,-0.014465093612670898,-0.05469799041748047
409.613266,0.08058512210845947,0.009305238723754883,0.012739480473101139
409.713704,0.03535938262939453,0.05483663082122803,0.024197105318307877
409.814268,-0.2229623794555664,-0.1273425817489624,-0.09353506565093994
409.914810,0.16076529026031494,-0.3398357033729553,0.003845691680908203
410.015280,0.2794039249420166,0.03661829233169556,0.28718695044517517
410.115714,-0.11635607481002808,0.30952000617980957,0.1972939372062683
410.216308,-0.34301894903182983,0.0627058744430542,-0.017412416636943817
410.316811,0.05826061964035034,-0.1771005392074585,-0.10895717144012451
410.417242,0.2029082179069519,-0.028919577598571777,0.04943728446960449
410.517830,-0.00026100873947143555,0.01141810417175293,0.018206357955932617
410.618420,-0.08305728435516357,-0.019575834274291992,-0.004221200942993164
410.718847,0.058665573596954346,0.003039062023162842,0.04591327905654907
410.819336,0.025339603424072266,-0.02372533082962036,0.016945958137512207
410.919845,-0.013887226581573486,-0.02766484022140503,-0.02836000919342041
411.020247,-0.03797268867492676,0.004745006561279297,0.03889632225036621
411.120805,0.004251241683959961,-0.02147364616394043,-0.03878486156463623
411.221369,0.014577686786651611,0.03435021638870239,0.052415311336517334
411.321831,-0.013617277145385742,-0.025267958641052246,-0.011444746516644955
411.422388,0.039571404457092285,0.014802873134613037,-0.000997067429125309
411.522804,-0.030368149280548096,-0.011333048343658447,0.0444943904876709
411.623433,-0.03903228044509888,-0.050198137760162354,-0.004345894791185856
411.723881,-0.021166563034057617,0.04084545373916626,0.009149014949798584
411.824361,-0.05492210388183594,-0.23240751028060913,-0.08322476595640182
411.924838,0.32553625106811523,-0.04513019323348999,0.1131581962108612
412.025348,0.0004807710647583008,0.12787622213363647,0.22950902581214905
412.125839,-0.32650744915008545,0.09128773212432861,0.10855764150619507
412.226490,-0.2361803650856018,0.0019177794456481934,-0.072010338306427
412.326819,0.17817622423171997,-0.056634604930877686,0.009060505777597427
412.427305,0.06677532196044922,-0.07729709148406982,0.02627718076109886
412.527845,-0.05255424976348877,-0.022832632064819336,-0.008556604385375977
412.628409,0.014874637126922607,0.022664546966552734,0.048346638679504395
412.728909,-0.010922431945800781,-0.012683629989624023,1.9132159650325775e-05
412.829443,-0.004960477352142334,-0.002877950668334961,-0.010562539100646973
412.929952,-0.000565648078918457,0.030954062938690186,0.03544884920120239
413.030466,-0.02633047103881836,-0.00880277156829834,0.012644410133361816
413.130953,0.008863747119903564,0.0067816972732543945,0.01113206148147583
413.231454,0.0007894635200500488,0.004713892936706543,0.013171851634979248
413.331980,-0.006035804748535156,0.0007314085960388184,-0.0013527870178222656
413.432439,-0.13475465774536133,-0.10566014051437378,0.02130049653351307
413.532915,0.10683447122573853,0.11282992362976074,0.028306007385253906
413.633437,0.03361791372299194,0.03882336616516113,0.014925062656402588
413.733997,-0.0400579571723938,-0.05076569318771362,-0.01550912857055664
413.834603,0.006696581840515137,0.02537715435028076,0.015424905344843864
413.934982,-0.028684496879577637,-0.03723275661468506,-0.006281733512878418
414.035487,0.05206632614135742,0.04545325040817261,0.018843531608581543
414.135998,-0.026138722896575928,-0.018478035926818848,0.014932573772966862
414.236509,-0.04702943563461304,-0.04903978109359741,-0.011671186424791813
414.336832,0.07499134540557861,0.06337958574295044,0.01998835802078247
414.437444,-0.17211097478866577,-0.2073514461517334,0.0013619661331176758
414.537952,0.15859490633010864,-0.1194908618927002,0.0037575364112854004
414.638471,0.18161213397979736,0.12220710515975952,0.18477129936218262
414.739009,-0.1473938226699829,0.14657354354858398,0.14333033561706543
414.839470,-0.27190932631492615,-0.06844204664230347,-0.05797285586595535
414.940026,0.12774670124053955,-0.028286635875701904,-0.05697828531265259
415.040407,0.11884713172912598,-0.030538320541381836,0.04346584528684616
415.140963,-0.03330570459365845,-0.039207518100738525,-0.021527763456106186
415.241575,-0.0014815926551818848,0.012506842613220215,-0.001919567584991455
415.341998,0.003795027732849121,-0.0004100799560546875,0.03699183464050293
415.442541,0.01823890209197998,0.009724438190460205,-0.004565238952636719
415.543029,-0.007332861423492432,-0.003681480884552002,0.004287125542759895
415.643628,0.0032873153686523438,0.018366098403930664,-0.00020706281065940857
415.743996,0.015053749084472656,0.016506612300872803,-0.0061204442754387856
415.844605,-0.0014464855194091797,-0.05314791202545166,0.01929473876953125
415.945097,0.017558693885803223,0.03764200210571289,-0.014801978133618832
416.045627,-0.030786454677581787,-0.027131378650665283,0.011362133547663689
416.146081,0.03177165985107422,0.0417291522026062,-0.006291866302490234
416.246595,-0.0004767775535583496,-0.008744239807128906,0.015858113765716553
416.347046,0.010495305061340332,-0.008596718311309814,-0.008916914463043213
416.447603,-0.043630123138427734,-0.05648183822631836,0.03242146968841553
416.548094,-0.06333655118942261,-0.14339488744735718,0.02635616809129715
416.648592,-0.0035491585731506348,-0.07639878988265991,0.07482832670211792
416.749108,0.036020100116729736,-0.031110405921936035,0.08162274956703186
416.849630,0.04958230257034302,-0.004138469696044922,0.027155160903930664
416.950009,0.03972989320755005,-0.006483882665634155,0.01700061559677124
417.050631,0.010520517826080322,-0.01703486032783985,0.04558980464935303
417.151215,0.045941293239593506,0.0026663243770599365,0.013846337795257568
417.251617,0.030036747455596924,0.03693646192550659,-0.0011216402053833008
417.352233,0.01510399580001831,0.01363365352153778,0.007493257522583008
417.452654,-0.008276760578155518,-0.0064992159605026245,0.004827141761779785
417.553050,-0.024585723876953125,-0.005195409059524536,0.016041159629821777
417.653728,-0.008450567722320557,0.0023902803659439087,0.0038685202598571777
417.754186,-0.012706220149993896,0.0013821423053741455,0.004979252815246582
417.854675,0.0020478367805480957,0.0014087259769439697,0.0066877007484436035
417.955207,-0.012556254863739014,-0.008000046014785767,0.0021564364433288574
418.055687,0.009890437126159668,0.014861315488815308,0.0033344626426696777
418.156119,0.012129664421081543,0.052187852561473846,-0.0028524398803710938
418.256573,0.0407869815826416,0.04032447189092636,-0.007776618003845215
418.357180,0.03428208827972412,0.021363914012908936,0.009557366371154785
418.457602,0.11148130893707275,0.09736979007720947,-0.0058089494705200195
418.558147,-0.0020055770874023438,0.03752720355987549,0.018807172775268555
418.658716,-0.03078019618988037,-0.07173055410385132,0.04017837345600128
418.759164,-0.010428041219711304,-0.12377530336380005,0.03488665819168091
418.859565,-0.016928553581237793,-0.075031578540802,0.028531670570373535
418.960097,0.0022523105144500732,0.03458702564239502,0.015820562839508057
419.060836,-0.02804681658744812,0.012271702289581299,0.014748938381671906
419.161311,-0.10326355695724487,-0.061680614948272705,-0.05002700909972191
419.261819,0.11045783758163452,-0.16678345203399658,-0.03881955146789551
419.362385,0.21422266960144043,0.02500396966934204,0.19219127297401428
419.462853,-0.13127896189689636,0.10378992557525635,0.12171483039855957
419.563333,-0.34559300541877747,0.0014731884002685547,-0.004492640495300293
419.663843,0.0483282208442688,-0.07011950016021729,-0.08251672983169556
419.764281,0.16958069801330566,-0.034078359603881836,0.07377737760543823
419.864823,-0.08156245946884155,-0.05411642789840698,0.037272874265909195
419.965249,0.007019758224487305,0.029425203800201416,-0.025968849658966064
420.065721,-0.01525658369064331,-0.00979548692703247,0.008527163416147232
420.166248,-0.04771113395690918,-0.037442147731781006,0.017045680433511734
420.266799,0.024206459522247314,0.019361257553100586,0.008481979370117188
420.367285,-0.011395096778869629,0.004909396171569824,0.01756584644317627
420.467741,-0.00817185640335083,-0.007440626621246338,0.015101730823516846
420.568239,0.019068360328674316,0.018313825130462646,0.0019453149288892746
420.668790,-0.00639033317565918,0.00033783912658691406,-0.0037743430584669113
420.769345,0.0041887760162353516,0.006019473075866699,-0.006632804870605469
420.869800,-0.017794907093048096,-0.0012877583503723145,0.008751511573791504
420.970300,-0.011025309562683105,0.006261348724365234,0.005013465881347656
421.070768,-0.004605710506439209,0.0010115504264831543,-0.010962247848510742
421.171305,-0.042440593242645264,-0.02314746379852295,-0.02270793914794922
421.271775,0.033069729804992676,-0.04735654592514038,0.0030189789831638336
421.372395,0.1458570957183838,-0.024293720722198486,0.0034270882606506348
421.472927,0.07711142301559448,0.0621609091758728,0.04266810417175293
421.573285,-0.10886421799659729,-0.005003511905670166,0.057546958327293396
421.673783,-0.16451236605644226,-0.030556142330169678,0.025888390839099884
421.774405,-0.0023137927055358887,0.03130084276199341,-0.049120306968688965
421.874884,0.057979702949523926,-0.04001343250274658,0.003925438970327377
421.975365,0.012600153684616089,-0.06132817268371582,0.02981722354888916
422.075822,0.014699995517730713,0.016856074333190918,-0.021390557289123535
422.176368,-0.004488766193389893,0.01498425006866455,0.020741106942296028
422.276855,0.004429489374160767,-0.0030546188354492188,0.02031564526259899
422.377377,-0.0231093168258667,-0.024739861488342285,-0.013898972421884537
422.477852,-0.04558515548706055,-0.10674160718917847,-0.014001548290252686
422.578327,0.13230156898498535,-0.04644572734832764,0.08079487085342407
422.678855,0.15737295150756836,0.04020625352859497,0.0904148519039154
422.779404,0.058006465435028076,0.07934010028839111,0.07202498614788055
422.879848,-0.18813061714172363,-0.004131674766540527,0.06883329153060913
422.980401,-0.20991894602775574,0.024522721767425537,-0.0001096874475479126
423.080903,-0.04675865173339844,-0.026458263397216797,-0.038620129227638245
423.181347,0.09342479705810547,-0.04567229747772217,-0.028600573539733887
423.281885,0.05645763874053955,-0.03928142786026001,0.0004901885986328125
423.382392,-0.03956949710845947,-0.013888835906982422,-0.014140486717224121
423.482883,-0.02021646499633789,0.03135555982589722,-0.01121462881565094
423.583470,0.007041215896606445,0.0270538330078125,-0.003033176064491272
423.683972,-0.005986213684082031,-0.00947493314743042,-0.02297520637512207
423.784421,-0.0044942498207092285,0.0037413835525512695,-0.025936231017112732
423.884938,-0.009605824947357178,0.027570784091949463,-0.007625088095664978
423.985470,-0.04922616481781006,0.009977996349334717,-0.002101525664329529
424.086070,-0.1168624758720398,-0.12354475259780884,0.015887752175331116
424.186410,0.08966124057769775,-0.1498802900314331,-0.023035526275634766
424.286946,0.2848816514015198,-0.015410125255584717,0.09263432025909424
424.387513,0.11528617143630981,0.14685428142547607,0.09739363193511963
424.487976,-0.2096109688282013,0.05224376916885376,0.10140138864517212
424.588434,-0.20608219504356384,-0.1364240050315857,-0.006912611424922943
424.688967,0.09148746728897095,-0.009376943111419678,-0.03990936279296875
424.789449,0.08751755952835083,-0.040602922439575195,0.029485240578651428
424.890057,-0.03480648994445801,-0.05581057071685791,0.008203521370887756
424.990479,-0.018422812223434448,-0.010804831981658936,-0.002694234251976013
425.091040,0.030576884746551514,0.010773301124572754,0.008195511996746063
425.191377,-0.0052946507930755615,-0.014574766159057617,-0.0012489408254623413
425.291984,-0.00274503231048584,0.004104971885681152,-0.0024460554122924805
425.392582,-0.012518733739852905,-0.015133321285247803,0.003522038459777832
425.493070,-0.015653133392333984,0.0024966001510620117,-0.012331731617450714
425.593561,0.006560027599334717,0.02317667007446289,0.0029108524322509766
425.693993,-0.008506596088409424,-0.0018514394760131836,-0.0016868263483047485
425.794540,0.01984184980392456,0.030235230922698975,-0.006555080413818359
425.895054,0.017756938934326172,0.0012669563293457031,-0.0003210306167602539
425.995615,-0.022594749927520752,0.006757557392120361,-0.00499318540096283
426.096015,-0.3054431676864624,-0.11748164892196655,0.018730267882347107
426.196506,0.06442749500274658,-0.35057908296585083,-0.02383410930633545
426.297018,0.5535504221916199,-0.12084990739822388,0.05120354890823364
426.397686,0.12479943037033081,0.26805806159973145,0.1556156426668167
426.498125,-0.4788449704647064,-0.04301100969314575,0.12438791990280151
426.598543,-0.22031942009925842,-0.33138400316238403,-0.050147294998168945
426.699073,0.31716567277908325,0.03352022171020508,0.07496589422225952
426.799532,0.14254343509674072,-0.009310901165008545,0.030356526374816895
426.900109,-0.012899816036224365,-0.04013603925704956,-0.07524120807647705
427.000566,-0.009730398654937744,-0.017165064811706543,0.000815272331237793
427.101127,0.02551323175430298,0.006035327911376953,0.04042553901672363
427.201542,-0.02581566572189331,-0.016991853713989258,0.026361465454101562
427.302186,-0.10483771562576294,-0.10887253284454346,-0.07043981552124023
427.402664,-0.06447285413742065,-0.573951244354248,0.058955371379852295
427.503087,0.6598217487335205,-0.0656336098909378,0.30843091011047363
427.603669,0.04754483699798584,0.31179624795913696,0.23739463090896606
427.704133,-0.3796684443950653,0.13383471965789795,0.10457223653793335
427.804620,-0.23037266731262207,-0.34738463163375854,-0.08842611312866211
427.905210,0.29503679275512695,-0.00048094987869262695,0.0174405574798584
428.005639,0.04775625467300415,-0.036265671253204346,0.04203850030899048
428.106131,-0.06495988368988037,-0.0497775673866272,-0.022613175213336945
428.206644,0.033138930797576904,-0.030064284801483154,-0.04868674278259277
428.307279,0.021809875965118408,-0.012274384498596191,0.021274566650390625
428.407693,-0.03697168827056885,-0.0064389705657958984,0.01564943790435791
428.508175,-0.18908452987670898,-0.11146748065948486,-0.029350891709327698
428.608627,-0.0005654096603393555,-0.3333181142807007,-0.012475188821554184
428.709170,0.5224551558494568,0.02539980411529541,0.16630949079990387
428.809647,-0.027481675148010254,0.22776585817337036,0.22817975282669067
428.910253,-0.43843698501586914,-0.062399983406066895,0.0749739408493042
429.010714,-0.0469202995300293,-0.1275072693824768,-0.0813223123550415
429.111233,0.21893972158432007,-0.055142223834991455,0.023572558537125587
429.211742,-0.017830848693847656,-0.0725979208946228,0.03725939989089966
429.312187,-0.03967106342315674,0.02474135160446167,-0.01729917898774147
429.412624,0.011533379554748535,0.028382956981658936,-0.015423770993947983
429.513184,0.0005199313163757324,-0.028557538986206055,0.026674509048461914
429.613705,0.0011783242225646973,-0.012722909450531006,-0.005650516599416733
429.714315,0.0011157393455505371,0.017895102500915527,0.0065964460372924805
429.814655,-0.02442610263824463,-0.004958748817443848,0.029935363680124283
429.915263,0.01652204990386963,0.01635509729385376,-0.001003861427307129
430.015657,-0.018753349781036377,-0.007876753807067871,-0.0007337331771850586
430.116290,-0.16795367002487183,-0.2332521677017212,-0.01278233528137207
430.216767,0.2654573321342468,-0.13618344068527222,0.06855601072311401
430.317227,0.235279381275177,0.25869250297546387,0.1831085979938507
430.417722,-0.250004380941391,0.1426330804824829,0.18869471549987793
430.518266,-0.3644272983074188,-0.167169988155365,-0.01131594367325306
430.618795,0.12858504056930542,-0.06433480978012085,-0.06290757656097412
430.719312,0.14627712965011597,-0.036873579025268555,0.06482088565826416
430.819805,-0.06148764491081238,-0.026819229125976562,0.033637404441833496
430.920254,-0.013599425554275513,0.02453160285949707,-0.0387265682220459
431.020719,-0.027263760566711426,-0.025735318660736084,0.0656735897064209
431.121291,0.021387040615081787,0.008749246597290039,0.022294163703918457
431.221811,0.02972671389579773,0.013769745826721191,-0.02165675163269043
431.322275,-0.034253835678100586,-0.035228431224823,0.02708280086517334
431.422794,0.008241534233093262,0.021851658821105957,0.010585077106952667
431.523287,0.02912771701812744,0.0027419328689575195,0.007439605891704559
431.623823,0.011543989181518555,-0.0260009765625,0.005151867866516113
431.724408,-0.011236369609832764,0.013933360576629639,-0.001943826675415039
431.824837,0.008118510246276855,0.03828662633895874,-0.009596109390258789
431.925300,-0.0287339985370636,0.005306899547576904,-0.005840420722961426
432.025803,-0.03997299075126648,-0.006136119365692139,0.01426803320646286
432.126609,-0.11940264701843262,-0.003975868225097656,0.007580157369375229
432.226912,0.05002295970916748,-0.3211209774017334,-0.05224776268005371
432.327410,0.3733386993408203,-0.06507843732833862,0.10923983156681061
432.427874,0.09789323806762695,0.17758989334106445,0.1663544476032257
432.528278,-0.22455069422721863,0.10223430395126343,0.11572980880737305
432.628788,-0.2704866826534271,-0.13953876495361328,-0.06090438365936279
432.729329,0.08036401867866516,-0.057666659355163574,-0.017566204071044922
432.829908,0.10039740800857544,-0.03195089101791382,0.05962711200118065
432.930381,0.014809459447860718,-0.0011647343635559082,-0.0023586153984069824
433.030891,-0.015161871910095215,0.013264119625091553,-0.03361093997955322
433.131340,0.00682145357131958,0.01644718647003174,0.01780414581298828
433.231950,-0.017264246940612793,0.005832552909851074,0.01781177520751953
433.332466,0.0043676793575286865,0.0009417533874511719,-0.0032383203506469727
433.432894,0.011898159980773926,-0.010625004768371582,-0.011283517815172672
433.533327,0.023365378379821777,0.01069629192352295,0.03404247760772705
433.633870,-0.034964174032211304,-0.008445262908935547,0.036184072494506836
433.734392,-0.016682088375091553,-0.020877718925476074,0.014882443472743034
433.835041,0.02808988094329834,0.007546663284301758,0.005144121125340462
433.935418,0.010625094175338745,0.012650668621063232,0.005759119987487793
434.035922,0.006753832101821899,0.014481008052825928,0.04007828235626221
434.136415,-0.012621551752090454,-0.011548101902008057,0.011549830436706543
434.236895,-0.006109505891799927,-0.005563497543334961,-0.005948659032583237
434.337564,0.0014258027076721191,-0.0010876655578613281,0.013890031725168228
434.437949,-0.018309950828552246,-0.007372379302978516,0.013616442680358887
434.538448,0.015414148569107056,0.0059182047843933105,0.00010574236512184143
434.638952,0.0007845461368560791,-0.00939565896987915,0.010881423950195312
434.739369,-0.01838037371635437,-0.017843663692474365,0.0008655712008476257
434.839962,0.011070996522903442,0.012247085571289062,-0.00019431114196777344
434.940405,0.012234687805175781,0.01915454864501953,0.004065629094839096
435.040955,-0.011835932731628418,0.0032958388328552246,-0.0063109323382377625
435.141428,0.001324683427810669,-0.0008804798126220703,-0.008975856006145477
435.242062,-0.002416759729385376,0.013287067413330078,0.002570275217294693
435.342426,-0.013758957386016846,-7.867813110351562e-05,-0.012120358645915985
435.443070,0.008038908243179321,0.006162703037261963,-0.011851906776428223
435.543560,-0.01503443717956543,-0.004256546497344971,-0.010769490152597427
435.643947,0.002995908260345459,0.0011442899703979492,-0.011056661605834961
435.744486,0.00020322203636169434,-0.0016867518424987793,-0.005140542984008789
435.845078,-0.00946509838104248,0.011771917343139648,0.010944727808237076
435.945492,-0.005476206541061401,0.003676891326904297,0.019441843032836914
436.046007,0.018650561571121216,0.007433056831359863,0.026972290128469467
436.146522,-0.00650101900100708,-0.022814393043518066,0.03971124067902565
436.246931,0.011665403842926025,-0.006837248802185059,0.03669905662536621
436.347559,0.009102493524551392,-0.018855810165405273,0.015621904283761978
436.447982,0.00461345911026001,-0.011616349220275879,0.04668104276061058
436.548487,-0.10277807712554932,-0.007229506969451904,-0.008527405560016632
436.648986,-0.007831692695617676,-0.20613330602645874,-0.07120513916015625
436.749603,0.3777506947517395,-0.031085729598999023,0.0747106671333313
436.850082,0.06598854064941406,0.09914243221282959,0.2244710624217987
436.950559,-0.24942860007286072,0.06208467483520508,0.11841827630996704
437.051050,-0.38579776883125305,0.008811593055725098,-0.05611894279718399
437.151567,-0.04309391975402832,-0.07579559087753296,-0.08392417430877686
437.252181,0.21125906705856323,0.03602015972137451,-0.007813438773155212
437.352524,0.15854668617248535,-0.07808220386505127,-0.025482282042503357
437.453027,0.009025752544403076,-0.14392977952957153,-0.011749126017093658
437.553582,0.048683106899261475,0.04135918617248535,0.10047316551208496
437.654104,-0.032849133014678955,-0.02546107769012451,-0.02145075798034668
437.754583,0.005920767784118652,-0.02478855848312378,0.00042492104694247246
437.855127,0.018117427825927734,0.007003307342529297,-0.014665842056274414
437.955583,-0.003269195556640625,0.007772088050842285,-0.0033864974975585938
438.056079,0.022948026657104492,-0.012816250324249268,0.0053516048938035965
438.156544,-0.010279059410095215,0.0005984306335449219,-0.009680211544036865
438.257058,-0.0454556941986084,-0.0063359737396240234,-0.02197784185409546
438.357560,0.006711781024932861,0.002082347869873047,0.011610209941864014
438.458083,-0.005273699760437012,-0.014884531497955322,0.018494486808776855
438.558651,0.0046877264976501465,-0.10782825946807861,-0.018891803920269012
438.659169,0.07232165336608887,-0.011334538459777832,0.12006984651088715
438.759611,-0.1721574068069458,0.11952078342437744,0.016352668404579163
438.860208,-0.2155160903930664,-0.02042210102081299,-0.0507655143737793
438.960645,0.3667423725128174,-0.19367331266403198,0.045299232006073
439.061219,0.245944082736969,-0.01419132947921753,0.2497018575668335
439.161644,-0.23621562123298645,0.05141127109527588,0.13848567008972168
439.262178,-0.4697999656200409,-0.08586114645004272,-0.07118850946426392
439.362705,0.09794294834136963,-0.03645443916320801,-0.14116013050079346
439.463268,0.2730996012687683,-0.0926046371459961,0.06412965059280396
439.563608,-0.0017944574356079102,-0.010736346244812012,0.022217988967895508
439.664206,-0.06888353824615479,0.01186281442642212,-0.01371771190315485
439.764635,-0.0006404519081115723,4.76837158203125e-06,0.03574877977371216
439.865155,0.03723019361495972,0.01065593957901001,0.002301097847521305
439.965625,-0.006834626197814941,0.0032503604888916016,0.004826486110687256
440.066218,-0.11158376932144165,0.040261805057525635,0.038330018520355225
440.166751,-0.1477673053741455,-0.2567563056945801,-0.12651848793029785
440.267186,0.3143238425254822,-0.1844278872013092,0.06758671998977661
440.367663,0.12730872631072998,0.1318897306919098,0.18851470947265625
440.468292,-0.25739428400993347,0.15900194644927979,0.1245909035205841
440.568630,-0.25850987434387207,-0.32588422298431396,-0.13962948322296143
440.669178,0.32879751920700073,-0.05267179012298584,0.03203035891056061
440.769762,0.022003114223480225,-0.028103113174438477,0.051785603165626526
440.870260,-0.09677445888519287,-0.010930418968200684,-0.000637643039226532
440.970680,0.07852429151535034,0.02728337049484253,0.010555148124694824
441.071260,0.01898115873336792,0.03166210651397705,0.027175605297088623
441.171691,-0.06548964977264404,0.052388906478881836,0.07394462823867798
441.272255,-0.20100998878479004,-0.19582301378250122,-0.11140179634094238
441.372773,0.31977206468582153,-0.25146234035491943,0.0050840824842453
441.473267,0.22872596979141235,0.12919798493385315,0.2259196639060974
441.573802,-0.2602405250072479,0.12519705295562744,0.1416013240814209
441.674242,-0.31806713342666626,-0.21891719102859497,-0.12805700302124023
441.774865,0.23990178108215332,-0.031070232391357422,-0.012149332091212273
441.875285,0.10422182083129883,-0.018772125244140625,0.0793338343501091
441.975818,-0.07814443111419678,-0.017985999584197998,-0.0025124559178948402
442.076263,-0.026591956615447998,-0.04351323843002319,0.0048948489129543304
442.176778,0.026428520679473877,0.010064840316772461,0.045668840408325195
442.277287,-0.3532446622848511,-0.33228129148483276,-0.030529499053955078
442.377846,0.2681925296783447,-0.29839304089546204,0.06644958257675171
442.478311,0.3906779885292053,0.10630917549133301,0.24080920219421387
442.578836,-0.09836900234222412,0.40852463245391846,0.2874417304992676
442.679202,-0.47156381607055664,-0.17903000116348267,-0.06673884391784668
442.779776,0.15010803937911987,-0.2014014720916748,-0.06019258499145508
442.880313,0.2147054672241211,-0.007169842720031738,0.10077870637178421
442.980911,-0.059801340103149414,-0.054540276527404785,0.03088444471359253
443.081271,-0.05180567502975464,-0.022899329662322998,-0.010813474655151367
443.181887,-0.23152965307235718,-0.10299605131149292,-0.018487095832824707
443.282324,-0.036606431007385254,-0.6455254554748535,0.008631274104118347
443.382885,0.5853207111358643,-0.04408964514732361,0.43639883399009705
443.483395,-0.07328015565872192,0.36554303765296936,0.2794843316078186
443.583844,-0.5736767053604126,0.01356518268585205,0.04412686824798584
443.684401,0.008653640747070312,-0.33221668004989624,-0.13501191139221191
443.784879,0.23290467262268066,-0.06455814838409424,0.06267869472503662
443.885247,-0.015692412853240967,-0.06798070669174194,0.061808109283447266
443.985863,-0.05448251962661743,0.0024050474166870117,0.0130382739007473
444.086331,-0.24625539779663086,-0.15774351358413696,-0.02979588508605957
444.186854,0.11070483922958374,-0.6237209439277649,0.0129861980676651
444.287370,0.554379403591156,0.027760937809944153,0.37376856803894043
444.387904,-0.19372230768203735,0.31747967004776,0.3581341505050659
444.488399,-0.41646525263786316,-0.16061079502105713,0.015387721359729767
444.588930,0.11103463172912598,-0.2738801836967468,-0.12170316278934479
444.689403,0.24236947298049927,0.055499374866485596,0.09101176261901855
444.789936,-0.04743170738220215,-0.059624552726745605,0.0757749080657959
444.890467,-0.03560435771942139,-0.0018010139465332031,-0.026839375495910645
444.990898,-0.3453633189201355,-0.19056695699691772,0.04072976112365723
445.091456,0.1649932861328125,-0.4026918411254883,0.06850077211856842
445.191892,0.5443869233131409,0.1592482030391693,0.3300809860229492
445.292440,-0.24855834245681763,0.1992068886756897,0.22934794425964355
445.392948,-0.3901280462741852,-0.1520100235939026,-0.04879683256149292
445.493401,0.21464073657989502,-0.09187185764312744,-0.06283009052276611
445.594084,0.11559689044952393,-0.05922281742095947,0.08844548463821411
445.694449,-0.04761660099029541,0.0011806488037109375,0.04772019013762474
445.794949,0.0064969658851623535,0.013942182064056396,-0.01841401867568493
445.895454,-0.01827073097229004,0.030266225337982178,0.05484175682067871
445.995970,-0.302288293838501,-0.43582040071487427,0.08344292640686035
446.096469,0.4242634177207947,-0.160185307264328,0.11357861757278442
446.196978,0.21979409456253052,0.3114973306655884,0.22775548696517944
446.297447,-0.27363717555999756,0.15217310190200806,0.22287186980247498
446.397997,-0.18444204330444336,-0.35958331823349,-0.16857339441776276
446.498519,0.25356370210647583,-0.08565741777420044,-0.004441738128662109
446.599003,0.03316575288772583,-0.05000877380371094,0.10333383828401566
446.699491,-0.04292035102844238,0.03459113836288452,0.04117351770401001
446.799995,0.0010274052619934082,0.031792402267456055,-0.030183561146259308
446.903067,-0.34257882833480835,-0.1476007103919983,-0.032278772443532944
447.001025,0.2784092426300049,-0.35902392864227295,0.03276117146015167
447.101596,0.39843159914016724,0.19145816564559937,0.34166574478149414
447.201982,-0.289531946182251,0.14624762535095215,0.15509775280952454
447.302473,-0.23061761260032654,-0.2308117151260376,-0.08841890096664429
447.403040,0.2798393964767456,-0.09848940372467041,-0.053624965250492096
447.503528,0.05227464437484741,-0.04770064353942871,0.07229679822921753
447.604078,-0.09823000431060791,0.00713193416595459,0.06751823425292969
447.704598,0.01571071147918701,-0.03499037027359009,-0.0133589468896389
447.805151,-0.011431753635406494,-0.0013109445571899414,0.07150089740753174
447.905656,-0.25231391191482544,0.013746917247772217,-0.02632296457886696
448.006091,0.06182706356048584,-0.41122710704803467,-0.07555097341537476
448.106562,0.47886741161346436,0.13168197870254517,0.33408692479133606
448.207040,-0.23336541652679443,0.1719803810119629,0.20284289121627808
448.307654,-0.33997011184692383,-0.1764528751373291,-0.06537109613418579
448.408061,0.25635963678359985,-0.12481105327606201,-0.047699689865112305
448.508648,0.07783901691436768,-0.0008756518363952637,0.11169397830963135
448.609137,-0.09997236728668213,-0.0029515624046325684,0.03812593221664429
448.709576,-0.031736135482788086,0.04405277967453003,-0.040756821632385254
448.810096,-0.37048423290252686,-0.3231293559074402,-0.00929105281829834
448.910686,0.37340885400772095,-0.30073651671409607,0.19661247730255127
449.011129,0.3003382086753845,0.2182442545890808,0.2649441361427307
449.111598,-0.2911749482154846,0.2111772894859314,0.1892816424369812
449.212067,-0.33146902918815613,-0.3210030794143677,-0.08522342145442963
449.312645,0.23107075691223145,-0.15442878007888794,-0.03623461723327637
449.413079,0.13529783487319946,-0.10385501384735107,0.12640607357025146
449.513612,-0.031197190284729004,0.03808951377868652,0.08538782596588135
449.614192,-0.07099980115890503,0.06882679462432861,-0.03750456124544144
449.714707,-0.3411271572113037,-0.20925647020339966,-0.029661059379577637
449.815047,0.23616796731948853,-0.36255526542663574,0.07971012592315674
449.915650,0.4548397660255432,0.1602870523929596,0.3046445846557617
450.016211,-0.018707752227783203,0.3737831115722656,0.28719189763069153
450.116688,-0.5204799175262451,-0.2558908462524414,-0.05263465642929077
450.217205,0.15618252754211426,-0.31522881984710693,-0.11141347885131836
450.317644,0.250022828578949,-0.012648999691009521,0.09209758043289185
450.418263,-0.006000339984893799,-0.039974212646484375,0.0702437236905098
450.518645,-0.0016275644302368164,0.011292517185211182,-0.036270737648010254
450.619211,-0.01860630512237549,0.07423979043960571,0.0046418942511081696
450.719719,-0.29289305210113525,-0.30287981033325195,-0.04406559467315674
450.820234,0.5129114985466003,-0.2497563362121582,0.14948952198028564
450.920715,0.14785993099212646,0.21229732036590576,0.22364866733551025
451.021251,-0.39192384481430054,0.09483462572097778,0.16395342350006104
451.121707,-0.2701031267642975,-0.3046271800994873,-0.07939125597476959
451.222302,0.3112162947654724,-0.11053705215454102,0.01725054159760475
451.322741,0.08317035436630249,-0.08940637111663818,0.0874451994895935
451.423339,-0.04214435815811157,0.004499971866607666,0.0119096040725708
451.523712,-0.050828754901885986,0.050414443016052246,-0.03433370590209961
451.624221,-0.13165348768234253,-0.34841710329055786,-0.04365837574005127
451.724840,0.4299502372741699,-0.06157279014587402,0.17374753952026367
451.825164,-0.02856522798538208,0.19962197542190552,0.26860183477401733
451.925800,-0.4806198179721832,-0.027342617511749268,0.044045284390449524
452.026258,-0.0030961036682128906,-0.28660714626312256,-0.15192246437072754
452.126704,0.2801755666732788,-0.02155822515487671,0.08917564153671265
452.227401,0.015776336193084717,-0.01800239086151123,0.07536143064498901
452.327650,-0.04305410385131836,0.03553956747055054,-0.029078245162963867
452.428181,-0.10827898979187012,-0.007247626781463623,-0.0035414714366197586
452.528781,-0.06525605916976929,-0.5077401995658875,0.011439263820648193
452.629343,0.5920831561088562,0.10663056373596191,0.30163440108299255
452.729861,-0.09406024217605591,0.2614840269088745,0.28035208582878113
452.830373,-0.47894516587257385,-0.09550434350967407,0.028291940689086914
452.930898,-0.0037871599197387695,-0.23193109035491943,-0.13717520236968994
453.031392,0.28942978382110596,-0.027350425720214844,0.09010511636734009
453.131760,0.05958819389343262,0.0015860199928283691,0.0517461895942688
453.232345,-0.05213439464569092,-0.012184083461761475,-0.04075467213988304
453.332757,0.032188594341278076,0.05705374479293823,0.043440815061330795
453.433244,-0.03773832321166992,0.036743342876434326,0.029586903750896454
453.533848,-0.18621224164962769,-0.4653360843658447,-0.09563416242599487
453.634362,0.4460415840148926,-0.12111765146255493,0.2079658806324005
453.734829,0.14983117580413818,0.24915260076522827,0.24509426951408386
453.835406,-0.4384134113788605,0.08305895328521729,0.06566792726516724
453.935832,-0.11054134368896484,-0.2494204044342041,-0.1688309907913208
454.036398,0.28742295503616333,-0.02725118398666382,0.07745648175477982
454.136896,0.011848628520965576,-0.04808014631271362,0.08831709623336792
454.237343,-0.09448879957199097,-0.03374069929122925,-0.04309296980500221
454.337828,0.002842545509338379,0.07328927516937256,0.05157625675201416
454.438421,-0.2176206111907959,-0.3169595003128052,-0.03721099719405174
454.538830,0.3584204912185669,-0.2583787441253662,0.0014916211366653442
454.639324,0.19717204570770264,0.2238987684249878,0.24782228469848633
454.740004,-0.31206658482551575,0.06070148944854736,0.11426258087158203
454.840499,-0.18012124300003052,-0.14448165893554688,-0.11438322067260742
454.940845,0.25937873125076294,0.05643308162689209,0.04430437088012695
455.041431,0.02075868844985962,-0.07849949598312378,0.06093459576368332
455.141908,-0.04390445351600647,0.025634288787841797,-0.00580364465713501
455.242527,0.03446146845817566,0.06361788511276245,0.0021315813064575195
455.342949,-0.19337797164916992,-0.06328463554382324,0.0036495309323072433
455.443385,0.007697761058807373,-0.48152631521224976,-0.05519145727157593
455.544007,0.5131846070289612,-0.029314428567886353,0.20098279416561127
455.644391,-0.04792046546936035,0.325339138507843,0.2727723717689514
455.744985,-0.347619891166687,-0.168468177318573,-0.02101445198059082
455.845466,0.05002254247665405,-0.2218308448791504,-0.12297666072845459
455.945947,0.2141740918159485,-0.05377417802810669,0.06729394942522049
456.046482,0.05063021183013916,0.042835891246795654,0.042685866355895996
456.146873,-0.03692108392715454,0.052282512187957764,-0.015676140785217285
456.247464,-0.19451940059661865,0.07901608943939209,0.029439568519592285
456.347916,0.0917809009552002,-0.43013203144073486,-0.040463998913764954
456.448414,0.4653077721595764,0.023789972066879272,0.1870647817850113
456.548982,-0.2033674120903015,0.24141526222229004,0.22688287496566772
456.649406,-0.4064662456512451,-0.08225727081298828,-0.01292698085308075
456.749978,0.086006760597229,-0.17061764001846313,-0.08586061000823975
456.850493,0.2329915165901184,-0.08403730392456055,0.07622957229614258
456.950978,0.031839847564697266,-0.014032423496246338,0.04324662685394287
457.051415,-0.02471482753753662,0.003140747547149658,-0.021162696182727814
457.151987,-0.05893528461456299,0.04168045520782471,0.012014433741569519
457.252534,-0.010438382625579834,-0.31276512145996094,-0.006935536861419678
457.353038,0.4208759665489197,0.014081776142120361,0.313379168510437
457.453459,-0.05033600330352783,0.318706214427948,0.27576881647109985
457.554073,-0.32613739371299744,0.05798661708831787,0.032677650451660156
457.654471,-0.34728848934173584,-0.10311788320541382,-0.015546202659606934
457.755028,0.1604992151260376,-0.03741949796676636,0.06993043422698975
457.855551,0.13890749216079712,-0.36539775133132935,0.13228178024291992
457.956027,-0.0154494047164917,0.12986046075820923,0.01332700252532959
458.056538,-0.0465887188911438,-0.07886987924575806,-0.016445860266685486
458.157084,0.04092252254486084,0.00798654556274414,0.06794749200344086
458.257565,-0.026601552963256836,-0.0023392438888549805,0.001950383186340332
458.358001,0.01146620512008667,0.0018931031227111816,0.01012931764125824
458.458560,0.02190011739730835,0.009756863117218018,0.02346181869506836
458.559010,-0.004962563514709473,0.0027769804000854492,0.007292494177818298
458.659506,0.012092173099517822,0.00837010145187378,0.010092735290527344
458.760046,0.0022110939025878906,-0.002671182155609131,0.022664278745651245
458.860605,-0.0015631318092346191,0.0023319125175476074,0.002298593521118164
458.961054,-0.011964559555053711,0.001732945442199707,0.04005596041679382
459.061636,0.006907463073730469,0.00457000732421875,0.036707669496536255
459.162120,-0.11957508325576782,-0.10988849401473999,0.04291537404060364
459.262564,0.06327873468399048,-0.13356369733810425,0.07806587964296341
459.363019,-0.10957348346710205,-0.3099636435508728,0.1516779661178589
459.463622,-0.05662977695465088,-0.022527873516082764,0.203210711479187
459.564045,0.0961272120475769,0.17808979749679565,0.19629281759262085
459.664565,0.045189619064331055,0.26969438791275024,0.04388415813446045
459.765028,0.01212531328201294,0.1573019027709961,-0.0010665655136108398
459.865616,-0.03501623868942261,0.01684439182281494,-0.04884696006774902
459.966009,-0.057524800300598145,-0.06383830308914185,0.03420424461364746
460.066654,0.0013044476509094238,-0.0073239803314208984,0.027200639247894287
460.167152,-0.020389974117279053,0.03248286247253418,0.03424501419067383
460.267644,-0.06166595220565796,0.03151041269302368,0.029804229736328125
460.368219,0.016728997230529785,0.07101774215698242,0.021502912044525146
460.468639,0.01819118857383728,0.16529059410095215,0.03250420093536377
460.569113,-0.04207789897918701,-0.1314220428466797,-0.028621718287467957
460.669702,-0.002672731876373291,-0.16778355836868286,0.03561563789844513
460.770291,0.054523348808288574,0.03146463632583618,0.06502208113670349
460.870658,-0.08008113503456116,-0.010496020317077637,0.005690544843673706
460.971161,-0.014667034149169922,0.0013744235038757324,0.00899505615234375
461.071742,-0.06821459531784058,-0.01395803689956665,0.08104667067527771
461.172156,-0.01847672462463379,-0.04469376802444458,-0.0009312331676483154
461.272733,0.03951388597488403,0.03610116243362427,-0.0022064149379730225
461.373172,0.021358251571655273,0.08243399858474731,0.004766970872879028
461.473690,-0.04197734594345093,-0.014677166938781738,-0.014484941959381104
461.574198,-0.014938145875930786,-0.0246889591217041,0.03774753212928772
461.674734,0.01357010006904602,0.010497689247131348,-0.00559958815574646
461.775198,-0.02010396122932434,0.015457630157470703,0.009839415550231934
461.875734,-0.0034482181072235107,0.010978341102600098,-0.016488119959831238
461.976107,-0.029988229274749756,-0.015006303787231445,-0.014129504561424255
462.076690,-0.0010251402854919434,-0.019024550914764404,0.013521462678909302
462.177185,0.013757884502410889,0.009346842765808105,0.017587974667549133
462.277776,0.005636245012283325,0.03168147802352905,-0.001598939299583435
462.378329,-0.0006895065307617188,-6.300210952758789e-05,0.0070235878229141235
462.478710,0.013812273740768433,-0.0077536702156066895,-0.014098629355430603
462.579259,-0.016766130924224854,-0.012510538101196289,-0.0010955780744552612
462.679653,0.016595900058746338,0.03006070852279663,-0.013474524021148682
462.780233,-0.010099232196807861,0.00367659330368042,-0.01775352656841278
462.880708,-0.06779718399047852,-0.20824962854385376,-0.04078489542007446
462.981341,0.1493309736251831,-0.18989115953445435,0.09161528944969177
463.081781,0.2609681487083435,0.1115717887878418,0.1560257077217102
463.182302,-0.19093647599220276,0.16225147247314453,0.19250702857971191
463.282806,-0.4059617221355438,-0.04680758714675903,0.0764029324054718
463.383333,-0.00040143728256225586,-0.012410163879394531,-0.0413585864007473
463.483797,0.18905168771743774,0.0016570687294006348,0.05961805209517479
463.584293,0.003459364175796509,-0.15020060539245605,0.04177623987197876
463.684767,-0.0013372302055358887,-0.024145066738128662,-0.00023114681243896484
463.785281,0.034645259380340576,0.09147542715072632,0.011198937892913818
463.885833,-0.005268752574920654,-0.010892271995544434,-0.014112947508692741
463.986236,0.011186063289642334,-0.02887427806854248,-0.02906733751296997
464.086802,-0.030608952045440674,-0.030950963497161865,0.030001580715179443
464.187341,-0.02740311622619629,-0.023196935653686523,0.027835071086883545
464.287756,-0.04210871458053589,-0.0026110410690307617,0.006980776786804199
464.388362,0.014747321605682373,0.01689469814300537,-0.011674642562866211
464.488702,0.019934356212615967,0.035199642181396484,-0.00962209701538086
464.589306,-0.017123758792877197,-0.0065956711769104,-0.011595247313380241
464.689839,-0.038262128829956055,-0.04082667827606201,0.006905077025294304
464.790395,-0.02595621347427368,0.014077603816986084,0.03048538975417614
464.890839,-0.1633778214454651,-0.14806032180786133,0.004725806415081024
464.991329,0.1492311954498291,-0.36996710300445557,0.029893942177295685
465.091812,0.29671090841293335,-0.02072840929031372,0.20322856307029724
465.192353,-0.07314163446426392,0.452434241771698,0.23328375816345215
465.292941,-0.33369073271751404,0.03662818670272827,0.10987308621406555
465.393375,-0.013987123966217041,-0.2863193154335022,-0.1329001784324646
465.493797,0.27661842107772827,-0.07840889692306519,-0.0029715299606323242
465.594383,-0.04832816123962402,-0.06187474727630615,0.0786508321762085
465.694875,-0.12008559703826904,-0.02166748046875,0.017847895622253418
465.795461,0.0410577654838562,0.04756498336791992,0.025509469211101532
465.895884,0.04513627290725708,-0.021852493286132812,0.0047158002853393555
465.996343,-0.11189436912536621,0.0847812294960022,-0.025093793869018555
466.096891,-0.1264607310295105,-0.33594053983688354,0.01895296201109886
466.197330,0.3484269380569458,-0.21279770135879517,0.18066516518592834
466.297862,0.04398524761199951,0.2592358887195587,0.143140971660614
466.398340,-0.21876004338264465,0.13300400972366333,0.12202835083007812
466.498946,-0.11237245798110962,-0.20915675163269043,-0.09770619869232178
466.599421,0.26225054264068604,-0.05185902118682861,0.01212596520781517
466.699922,-0.03838205337524414,-0.01706564426422119,0.08933603763580322
466.800426,-0.06488782167434692,0.007166802883148193,-0.0017352104187011719
466.900941,0.013059020042419434,-0.03987354040145874,0.036027319729328156
467.001429,0.02928793430328369,-0.01746344566345215,0.009938359260559082
467.101905,-0.07367074489593506,0.0801892876625061,-0.1356872320175171
467.202476,0.023638546466827393,-0.4295131266117096,0.055760204792022705
467.302934,0.2921491265296936,-0.025949835777282715,0.19708657264709473
467.403518,-0.07433140277862549,0.4727436304092407,0.16203391551971436
467.504110,-0.3064116835594177,-0.22976237535476685,-0.06328344345092773
467.604435,0.22578656673431396,-0.17536550760269165,-0.057202573865652084
467.704930,0.08882391452789307,0.03252488374710083,0.06878930330276489
467.805525,-0.057109534740448,0.05396050214767456,0.005548537243157625
467.905996,-0.017136037349700928,-0.04199826717376709,-0.010882135480642319
468.006482,0.02267545461654663,-0.056601107120513916,0.035917285829782486
468.107039,0.03827321529388428,0.002606034278869629,-0.04698193818330765
468.207479,-0.04669189453125,0.0013266801834106445,0.002611503005027771
468.308042,0.0070326924324035645,0.02505016326904297,0.0010714530944824219
468.408503,0.08174437284469604,0.003914535045623779,-0.03245210647583008
468.509020,-0.0065163373947143555,-0.017318129539489746,0.005563616752624512
468.609560,-0.05093902349472046,0.012336432933807373,0.03420746326446533
468.710018,0.016685843467712402,0.017810583114624023,-0.01837872713804245
468.810539,0.026086151599884033,-0.041677117347717285,-0.01070750504732132
468.911035,-0.0746346116065979,-0.04379379749298096,0.062151677906513214
469.011571,-0.03385329246520996,0.05212998390197754,0.020122282207012177
469.111913,0.05223041772842407,0.04070776700973511,-0.03456830233335495
469.212524,0.016190826892852783,-0.06641316413879395,-0.0031169652938842773
469.313008,-0.021009445190429688,-0.022648990154266357,0.04073190689086914
469.413607,-0.035059213638305664,0.04776620864868164,0.012322433292865753
469.514030,0.03303951025009155,0.029706597328186035,-0.02952444553375244
469.614483,0.00621718168258667,-0.06010323762893677,0.03043603152036667
469.715112,-0.04281061887741089,-0.0069609880447387695,0.03157257288694382
469.815592,-0.21683895587921143,-0.2256365418434143,0.03585612773895264
469.916142,0.25422489643096924,-0.1808909773826599,0.08295810222625732
470.016588,0.20187324285507202,0.11383074522018433,0.13739502429962158
470.117043,-0.12909483909606934,0.277920126914978,0.16479909420013428
470.217607,-0.2503359317779541,-0.0879831314086914,-0.01656945049762726
470.318054,0.1480887532234192,-0.1633521318435669,-0.08813554048538208
470.418580,0.13029110431671143,0.0026792287826538086,-0.01893150433897972
470.519191,-0.09414827823638916,0.019532442092895508,0.016200365498661995
470.619566,-0.008158326148986816,-0.012607216835021973,-0.014494657516479492
470.720093,0.009083449840545654,-0.047857582569122314,0.04077601432800293
470.820620,-0.01353597640991211,-0.012197494506835938,0.03286677598953247
470.921169,0.06670534610748291,0.05751544237136841,-0.018407821655273438
471.021609,-0.025757431983947754,-0.010833203792572021,0.0028947554528713226
471.122152,-0.03695327043533325,-0.04290837049484253,0.04191768169403076
471.222686,0.02127593755722046,0.016197025775909424,0.017873767763376236
471.323048,-0.03111213445663452,-0.013845980167388916,0.01739180088043213
471.423573,-0.07776397466659546,-0.20041269063949585,-0.0152512788772583
471.524104,0.21217989921569824,-0.11978399753570557,0.011123239994049072
471.624682,0.08513015508651733,0.2123824656009674,0.0979231595993042
471.725169,-0.18513262271881104,0.0415494441986084,0.17081615328788757
471.825716,-0.19402796030044556,-0.19097059965133667,-0.09027040749788284
471.926221,0.24483329057693481,-0.033086538314819336,-0.00380861759185791
472.026685,-0.030793488025665283,-0.021104395389556885,0.04165326803922653
472.127153,-0.0524144172668457,0.021574199199676514,-0.017536647617816925
472.227748,0.029930531978607178,0.031241893768310547,0.013278484344482422
472.328232,0.020538270473480225,-0.0007764697074890137,-0.022306926548480988
472.428660,-0.007472515106201172,-0.015685856342315674,-0.012537121772766113
472.529313,-0.005226850509643555,-0.007891952991485596,0.004886135458946228
472.629721,-0.02851414680480957,0.026063144207000732,0.03509022295475006
472.730222,-0.1621139645576477,-0.18500816822052002,-0.009097114205360413
472.830674,0.10863393545150757,-0.24294695258140564,0.009885428473353386
472.931193,0.2329024076461792,0.10465347766876221,0.06026642024517059
473.031757,-0.1106874942779541,0.2784951329231262,0.17199870944023132
473.132317,-0.2151840329170227,-0.029536724090576172,-0.018960177898406982
473.232842,0.1368328332901001,-0.12531661987304688,-0.02669859118759632
473.333242,0.022839784622192383,-0.12287259101867676,0.1013878583908081
473.433752,-0.05533963441848755,0.0047397613525390625,0.041525837033987045
473.534252,0.04762798547744751,0.03025573492050171,0.01812756061553955
473.634740,0.010566949844360352,0.0018262267112731934,0.05192100629210472
473.735336,0.0059697628021240234,0.002818584442138672,-0.008471846580505371
473.835855,0.05264556407928467,0.01717299222946167,0.006273262202739716
473.936279,-0.017438888549804688,-0.0012895464897155762,0.002768397331237793
474.036832,-0.008788764476776123,-0.0020769834518432617,0.007262825965881348
474.137273,-0.07338577508926392,-0.07425326108932495,0.03416275605559349
474.237903,0.020083367824554443,-0.18938469886779785,-0.014872312545776367
474.338296,0.20462393760681152,-0.028716742992401123,0.038668930530548096
474.438818,0.005936622619628906,0.15913090109825134,0.16687220335006714
474.539288,-0.09413939714431763,0.16792315244674683,0.05709952116012573
474.639783,-0.20213449001312256,-0.1966494917869568,-0.061263203620910645
474.740322,0.1410500407218933,-0.044577062129974365,-0.0013461112976074219
474.840809,0.04000204801559448,-0.012011945247650146,0.019896745681762695
474.941392,-0.06880378723144531,-0.006166040897369385,-0.01883053407073021
475.041889,-0.017960667610168457,0.018353521823883057,0.023448584601283073
475.142406,0.0005303621292114258,0.009157299995422363,0.0290907584130764
475.242816,-0.012866079807281494,-0.015759289264678955,0.00702822208404541
475.343269,0.03347170352935791,-0.01100248098373413,-0.010051965713500977
475.443732,-0.003869295120239258,-0.03990447521209717,0.006520390510559082
475.544285,-0.013636231422424316,-0.037148356437683105,0.017301566898822784
475.644792,0.013098359107971191,0.024828314781188965,-0.007570739835500717
475.745323,-0.06947112083435059,-0.017846286296844482,0.06468534469604492
475.845931,-0.1531391143798828,0.0756840705871582,0.04580026865005493
475.946347,-0.16926419734954834,0.01758551597595215,-0.03915393352508545
476.046916,-0.15438693761825562,-0.193126380443573,-0.05210709944367409
476.147332,0.20046722888946533,-0.2572094798088074,0.038545019924640656
476.247881,0.24934059381484985,-0.007629692554473877,0.18928706645965576
476.348365,0.09369981288909912,0.19840437173843384,0.2424766719341278
476.448863,0.02443690598011017,0.20834726095199585,0.20725303888320923
476.549351,-0.2904411852359772,-0.10498666763305664,0.07105142623186111
476.649818,-0.1948222815990448,-0.15431231260299683,-0.012403018772602081
476.750415,0.07009220123291016,-0.1397789716720581,0.006381809711456299
476.850910,0.13500624895095825,0.05558919906616211,0.023550212383270264
476.951505,0.19596707820892334,0.1218864917755127,-0.01391613483428955
477.051850,0.19341468811035156,0.07394343614578247,-0.01328747346997261
477.152403,0.010324954986572266,0.06938886642456055,-0.08218705654144287
477.252885,-0.2644622325897217,-0.05903458595275879,-0.10617291182279587
477.353402,0.19492292404174805,-0.4780200719833374,0.09069681912660599
477.453876,0.2282206416130066,0.04103553295135498,0.09960034489631653
477.554411,0.1520426869392395,0.3092547655105591,0.19426125288009644
477.654867,-0.1594877690076828,-0.035450100898742676,0.003006279468536377
477.755377,-0.3141924738883972,-0.35732555389404297,-0.0049582719802856445
477.855895,-0.14775729179382324,-0.26016318798065186,0.06562834978103638
477.956364,0.06734609603881836,-0.030428290367126465,0.017138242721557617
478.056944,0.2282084822654724,-0.0067291259765625,0.022813528776168823
478.157458,0.2343987226486206,0.07114952802658081,0.09846736490726471
478.257899,0.022056102752685547,0.14210689067840576,0.11044812202453613
478.358462,-0.34639889001846313,-0.08539009094238281,0.09995318949222565
478.458989,-0.38333916664123535,-0.1714457869529724,0.013976216316223145
478.559471,-0.029724866151809692,-0.14024990797042847,-0.03267323970794678
478.659937,0.22134238481521606,-0.21774429082870483,0.01640450954437256
478.760428,0.16861850023269653,0.05431622266769409,0.04028181731700897
478.860988,0.006764471530914307,0.10048919916152954,-0.009677901864051819
478.961508,-0.022106289863586426,0.0602492094039917,0.07006978243589401
479.062035,-0.10796070098876953,-0.009002149105072021,-0.0036853570491075516
479.162584,-0.030219078063964844,-0.28127729892730713,-0.010785818099975586
479.262994,0.1655520796775818,-0.21394139528274536,0.057713329792022705
479.363496,0.18707185983657837,0.1329057216644287,0.05297213792800903
479.464062,-0.00957760214805603,0.11091971397399902,0.07183381915092468
479.564524,-0.336256206035614,-0.0884408950805664,0.053350165486335754
479.665029,-0.18860957026481628,-0.16172951459884644,-0.04369271546602249
479.765511,0.05868619680404663,-0.12658679485321045,-0.014325261116027832
479.866023,0.10106778144836426,-0.008901655673980713,0.0018235370516777039
479.966564,0.03801620006561279,0.02775394916534424,0.024923674762248993
480.067013,-0.024220257997512817,0.0025528669357299805,0.03608857840299606
480.167559,0.019413679838180542,-0.00966864824295044,6.759166717529297e-05
480.268136,-0.004215329885482788,0.00145643949508667,0.026615619659423828
480.368515,-0.21092337369918823,0.02888697385787964,0.02604520320892334
480.469087,0.06048297882080078,-0.2758060097694397,-0.02726912871003151
480.569538,0.31357038021087646,0.025293052196502686,0.08338369429111481
480.670077,0.04163330793380737,0.15295559167861938,0.09020596742630005
480.770595,-0.31274694204330444,-0.015881121158599854,0.10948482155799866
480.871071,-0.09399455785751343,-0.09544587135314941,-0.044810950756073
480.971575,0.1667463779449463,-0.04089099168777466,-0.010680080391466618
481.072105,0.053244709968566895,-0.01199805736541748,0.005465149879455566
481.172589,-0.04764959216117859,-0.018534183502197266,-0.012086272239685059
481.273049,-0.02989751100540161,-0.008593261241912842,-0.01624751277267933
481.373604,-0.0065972208976745605,-0.004686295986175537,0.02367686852812767
481.474081,0.021965324878692627,0.03666973114013672,0.006050586700439453
481.574552,-0.01612284779548645,0.026757657527923584,0.01461803913116455
481.675095,0.046178579330444336,-0.0002472400665283203,-0.020088545978069305
481.775601,0.03435385227203369,-0.002869904041290283,0.01925564557313919
481.876095,-0.039832472801208496,0.03427475690841675,0.02165079116821289
481.976606,-0.17804336547851562,-0.07208836078643799,0.0067598819732666016
482.077143,0.08906412124633789,-0.21928459405899048,0.00019222497940063477
482.177690,0.21514517068862915,-0.10088467597961426,0.05901747941970825
482.278085,0.048207104206085205,0.14098674058914185,0.11383777856826782
482.378645,-0.2716085910797119,0.032984256744384766,0.10841712355613708
482.479218,-0.19682487845420837,-0.043783485889434814,-0.026166435331106186
482.579665,0.12022489309310913,-0.03538930416107178,-0.013608992099761963
482.680172,0.09818828105926514,-0.0339055061340332,0.02515733242034912
482.780722,-0.028072893619537354,0.02075636386871338,0.021722257137298584
482.881138,-0.03930637240409851,-0.020871102809906006,0.009280741214752197
482.981649,0.03130325675010681,0.01896446943283081,0.007361352443695068
483.082176,0.00013270974159240723,-0.005750596523284912,0.026959655806422234
483.182626,-0.273731529712677,-0.09013837575912476,0.01786840707063675
483.283175,0.10509663820266724,-0.36719411611557007,0.008334636688232422
483.383671,0.34997862577438354,0.009533524513244629,0.10598200559616089
483.484175,0.06225156784057617,0.2755638360977173,0.08426809310913086
483.584670,-0.3006453514099121,-0.04829144477844238,0.07250547409057617
483.685114,-0.19045022130012512,-0.21352767944335938,0.013874717056751251
483.785717,0.14183419942855835,-0.032563984394073486,0.023620493710041046
483.886171,0.07407671213150024,0.035324811935424805,-0.017798297107219696
483.986664,0.00557062029838562,0.010569334030151367,-0.014118969440460205
484.087207,-0.018822520971298218,-0.012528717517852783,-0.0013165920972824097
484.187672,-0.010589301586151123,-0.01320868730545044,0.0054801106452941895
484.288217,0.06295883655548096,0.028244435787200928,-0.004408895969390869
484.388731,-0.007076174020767212,-0.019611835479736328,-0.007826749235391617
484.489263,-0.020893901586532593,0.013464748859405518,0.009467300027608871
484.589709,-0.006240427494049072,-0.025194764137268066,0.01538890227675438
484.690158,0.004709810018539429,-0.0062909722328186035,-0.0006277523934841156
484.790749,-0.012025892734527588,-0.01606804132461548,0.004586454480886459
484.891266,-0.0014932751655578613,-0.0008293390274047852,0.00828087329864502
484.991760,0.0071138739585876465,-0.008423149585723877,0.0016284547746181488
485.092247,-0.017618656158447266,-0.014668941497802734,-0.007881343364715576
485.192753,0.010778307914733887,0.009522557258605957,0.004900634288787842
485.293321,-0.014938056468963623,-0.020763933658599854,0.005245087668299675
485.393687,0.027507901191711426,0.04676181077957153,0.013452347368001938
485.494252,-0.0014380812644958496,0.007460594177246094,-0.005138158332556486
485.594835,-0.006111204624176025,0.04403495788574219,0.010444402694702148
485.695293,-0.14658665657043457,-0.14294421672821045,0.019311130046844482
485.795917,0.16447681188583374,-0.14205431938171387,0.058041587471961975
485.896288,0.1882266402244568,0.04953497648239136,0.07505741715431213
485.996683,-0.0365254282951355,0.14025908708572388,0.13711130619049072
486.097370,-0.28476405143737793,-0.0771135687828064,0.01678784191608429
486.197829,-0.022372782230377197,-0.02078801393508911,-0.017757117748260498
486.298319,0.1522778868675232,-0.04082643985748291,-0.009182274341583252
486.398814,0.042450547218322754,0.0024163126945495605,-0.0082937553524971
486.499341,-0.04533347487449646,-0.003843963146209717,0.011130809783935547
486.599815,-0.01844063401222229,0.00941014289855957,0.014015905559062958
486.700285,0.01932564377784729,0.01153343915939331,0.008775956928730011
486.800871,-0.0016593635082244873,-0.014263927936553955,-0.00655895471572876
486.901403,0.022198468446731567,0.02144479751586914,0.008763555437326431
487.001843,-0.034156203269958496,-0.02402520179748535,0.016787104308605194
487.102368,0.012924253940582275,0.040429770946502686,0.014052808284759521
487.202798,-0.028062552213668823,-0.00014191865921020508,0.018901348114013672
487.303430,-0.09712976217269897,-0.21070361137390137,-0.016947031021118164
487.403891,0.17606759071350098,-0.16810858249664307,0.052711427211761475
487.504316,0.23613405227661133,0.1784800887107849,0.11491003632545471
487.604908,-0.04052814841270447,0.1395168900489807,0.13524898886680603
487.705310,-0.3390260338783264,-0.11852586269378662,0.027015581727027893
487.805907,-0.06585937738418579,-0.13699787855148315,-0.03166872262954712
487.906403,0.1920749545097351,-0.0016835927963256836,0.0370141938328743
488.006883,0.08501189947128296,-0.003251016139984131,-0.013119049370288849
488.107399,-0.04152202606201172,-0.01470649242401123,-0.0063369907438755035
488.207834,-0.029341936111450195,0.012161970138549805,0.06364084035158157
488.308420,-0.0247766375541687,0.030775785446166992,0.021532118320465088
488.408830,-0.010395944118499756,0.005716919898986816,-0.038462743163108826
488.509419,0.010836899280548096,-0.05181324481964111,-0.0058473944664001465
488.609911,-0.023779749870300293,-0.010953128337860107,0.009243279695510864
488.710371,-0.011876285076141357,-0.04207497835159302,0.016288340091705322
488.810903,0.01757502555847168,0.03691321611404419,-0.06075581908226013
488.911536,-0.00029164552688598633,0.10252690315246582,0.05855673551559448
489.012014,-0.2239345908164978,-0.1338413953781128,0.12653660774230957
489.112542,0.04212018847465515,0.0730588436126709,0.03770989179611206
489.212875,0.13487696647644043,-0.13790494203567505,0.07819497585296631
489.313442,-0.12782248854637146,-0.11504042148590088,0.10370302200317383
489.413926,-0.018105685710906982,0.12689849734306335,0.002044856548309326
489.514506,0.061396390199661255,0.015868544578552246,-0.2038804292678833
489.615019,-0.26886773109436035,0.3105841875076294,-0.02775663137435913
489.715513,0.10693274438381195,0.08432888984680176,0.0733957290649414
489.815969,0.007318243384361267,-0.27155202627182007,0.5727269649505615
489.916469,0.35938000679016113,-0.2591925263404846,0.31823399662971497
490.016901,0.11044073104858398,0.23604893684387207,0.2680513858795166
490.117500,0.2304028421640396,0.4157683849334717,0.07889606058597565
490.217993,0.443533718585968,-0.2547621726989746,0.017806723713874817
490.318440,0.09527081251144409,-0.18600642681121826,-0.42695939540863037
490.419009,-0.019472837448120117,0.02142941951751709,0.19464172422885895
490.519450,-0.18684858083724976,0.08499652147293091,0.17423027753829956
490.620076,0.0028424859046936035,-0.15272974967956543,0.10680221021175385
490.720573,-0.15876424312591553,0.05836224555969238,0.09349629282951355
490.821033,-0.05886280536651611,-0.004332363605499268,-0.15836723148822784
490.921518,0.06811243295669556,0.011728048324584961,0.05707646161317825
491.021999,-0.08393412828445435,-0.0348125696182251,-0.023750245571136475
491.122555,0.010230660438537598,0.047526419162750244,-0.0036935359239578247
491.223060,-0.02687251567840576,0.004899382591247559,-0.0029548928141593933
491.323499,0.10451459884643555,0.05663108825683594,-0.12906068563461304
491.424051,0.5545676946640015,-0.2709200978279114,0.02332579344511032
491.524521,-0.3570389151573181,-0.14029383659362793,0.39467453956604004
491.625031,-0.18785278499126434,0.43883687257766724,0.18675708770751953
491.725543,0.12196013331413269,0.3491528630256653,0.07728423178195953
491.826109,0.08480975031852722,-0.7103323936462402,0.20226752758026123
491.926539,0.053747713565826416,0.21494430303573608,-0.14410412311553955
492.027130,-0.16164961457252502,0.051757991313934326,0.08136200904846191
492.127632,-0.060589492321014404,0.0662546157836914,-0.029794804751873016
492.228152,0.19679909944534302,-0.1256030797958374,-0.07312357425689697
492.328538,-0.0701335072517395,0.03350776433944702,0.04745176434516907
492.429083,0.08891737461090088,-0.02024054527282715,-0.09315422177314758
492.529523,0.4013989269733429,-0.15519970655441284,-0.04089120030403137
492.630134,-0.29520848393440247,-0.24037903547286987,0.46107274293899536
492.730598,-0.1721552312374115,0.22689306735992432,0.4446806311607361
492.831117,-0.05626769736409187,0.40266740322113037,0.19296017289161682
492.931633,0.22106389701366425,-0.5430794954299927,-0.2823346257209778
493.032322,0.19067133963108063,-0.40370190143585205,0.17248907685279846
493.132637,-0.21613937616348267,0.2722932696342468,0.09565317630767822
493.233203,-0.07862421870231628,0.06600606441497803,-0.06436896324157715
493.333599,0.053799957036972046,-0.16223406791687012,0.08822597563266754
493.434086,-0.023462578654289246,0.10610193014144897,-0.04228794574737549
493.534650,0.04332472383975983,0.024749696254730225,-0.13014556467533112
493.635146,0.07880792021751404,0.013983368873596191,0.004016980528831482
493.735665,0.08070072531700134,-0.1939847469329834,-0.07943329215049744
493.836163,0.03231292963027954,-0.271415650844574,0.24408282339572906
493.936668,-0.20441731810569763,-0.002909839153289795,0.4242269694805145
494.037188,-0.016395781189203262,0.3623653054237366,0.11964350938796997
494.137544,0.2028251588344574,0.022341012954711914,-0.11612319946289062
494.238111,0.05975125730037689,-0.5244633555412292,0.1726614534854889
494.338646,-0.053278885781764984,0.2560635209083557,-0.05493628978729248
494.439272,-0.02567225694656372,0.07123851776123047,-0.037524349987506866
494.539650,-0.08061772584915161,-0.041186392307281494,0.06772550940513611
494.640124,0.026728108525276184,-0.011221349239349365,-0.061125293374061584
494.740676,-0.014470808207988739,-0.011718809604644775,0.016018405556678772
494.841210,-0.0005469471216201782,0.060292720794677734,-0.03614318370819092
494.941638,0.026077404618263245,-0.03582429885864258,-0.005611062049865723
495.042179,-0.010844513773918152,-0.0031156539916992188,-0.01160287857055664
495.142765,0.003832191228866577,-0.027655184268951416,-0.013902053236961365
495.243203,-0.015142858028411865,0.0236014723777771,-0.013586625456809998
495.343745,0.0007857233285903931,0.020981967449188232,-0.03585268557071686
495.444261,-0.0026648640632629395,-0.05051165819168091,0.004591688513755798
495.544800,-0.053513556718826294,0.013621747493743896,0.0031007379293441772
495.645184,-0.01135706901550293,-0.012299120426177979,-0.018261075019836426
495.745726,-0.015059240162372589,0.0487591028213501,-0.0034095123410224915
495.846215,-0.04586173593997955,0.04263252019882202,-0.018871888518333435
495.946690,0.039530202746391296,-0.02052128314971924,-0.04329802095890045
496.047266,0.009066380560398102,-0.01944822072982788,0.007169485092163086
496.147750,-0.0276193767786026,0.04918348789215088,-0.017259739339351654
496.248220,0.06708742678165436,0.03488123416900635,-0.07064487040042877
496.348814,0.3135061264038086,-0.21358507871627808,-0.03679277002811432
496.449187,-0.41098344326019287,-0.13885396718978882,0.5142911076545715
496.549758,-0.1749250888824463,0.028506100177764893,0.3535733222961426
496.650232,0.03459777683019638,0.4057207703590393,0.09008291363716125
496.750784,0.13091742992401123,-0.4936041235923767,-0.049059778451919556
496.851263,0.06990881264209747,-0.10609257221221924,0.0007070302963256836
496.951840,-0.07379597425460815,0.11074626445770264,-0.022995710372924805
497.052355,-0.10593318939208984,0.0033990144729614258,0.10702227801084518
497.152782,0.01854419708251953,0.011138856410980225,-0.03656996041536331
497.253323,0.028317540884017944,-0.03163331747055054,-0.05479171872138977
497.353761,-0.03441755473613739,0.06980234384536743,0.01489342749118805
497.454259,0.01351417601108551,-0.05060380697250366,-0.0006316006183624268
497.554782,0.01477794349193573,-0.009082615375518799,-0.02384437620639801
497.655328,-0.03296728432178497,0.042574286460876465,0.011702656745910645
497.755806,-0.005558907985687256,0.010472774505615234,-0.027731522917747498
497.856293,0.019053027033805847,-0.04152148962020874,-0.0059883445501327515
497.956841,-0.024816274642944336,0.02896946668624878,0.02825702726840973
498.057376,-0.013296306133270264,0.04003947973251343,-0.04103195667266846
498.157796,0.048679083585739136,-0.03958803415298462,-0.02379848062992096
498.258357,-0.01713503897190094,0.010829448699951172,0.04599811136722565
498.358897,-0.0379982590675354,0.052002012729644775,-0.04475760459899902
498.459434,0.05009740591049194,-0.07118457555770874,-0.01329849660396576
498.559849,-0.008202657103538513,-0.017577528953552246,0.011873498558998108
498.660404,-0.05144837498664856,0.07661926746368408,-0.042301908135414124
498.760827,0.009117767214775085,0.0666150450706482,-0.026016145944595337
498.861383,0.11431148648262024,-0.03570151329040527,-0.09715300798416138
498.961863,0.2120281457901001,-0.29524338245391846,0.049350082874298096
499.062367,-0.330636590719223,-0.09118151664733887,0.38459277153015137
499.162911,-0.11833328008651733,0.18104279041290283,0.3391183018684387
499.263435,0.16202105581760406,0.12840086221694946,0.02571398764848709
499.363874,0.1961001455783844,-0.44007688760757446,-0.13093003630638123
499.464402,0.11645443737506866,-0.0637633204460144,-0.03341743350028992
499.564909,-0.14015112817287445,0.07664573192596436,0.03116082400083542
499.665382,-0.0857972800731659,0.0007388591766357422,0.0687713623046875
499.765886,0.03800700604915619,-0.056878507137298584,0.003821626305580139
499.866439,0.014679357409477234,0.0447574257850647,-0.0712958574295044
499.966875,-0.016207441687583923,-0.0228998064994812,-0.018399611115455627
500.067401,-0.05726177990436554,0.03978246450424194,0.030791282653808594
500.167960,0.03354698419570923,-0.010858654975891113,-0.04836679995059967
500.268420,-0.01910342276096344,-0.019404351711273193,-0.005314961075782776
500.368985,-0.049250468611717224,0.023044824600219727,0.027651898562908173
500.469428,0.05088505148887634,-0.08816403150558472,0.054481737315654755
500.570044,-0.01598075032234192,-0.061181724071502686,0.036033570766448975
500.670405,-0.026088625192642212,0.07414042949676514,0.04485166072845459
500.770996,-0.06342852115631104,0.03687441349029541,-0.0027709007263183594
500.871446,-0.042644381523132324,0.024170994758605957,-0.0263482928276062
500.971964,-0.017641425132751465,0.01773923635482788,-0.00933074951171875
501.072404,-0.014622032642364502,0.00962454080581665,-0.007437646389007568
501.172922,-0.007779896259307861,0.024311721324920654,-0.016474246978759766
501.273432,0.06463074684143066,0.1311057209968567,-0.2634217441082001
501.374011,-0.13236981630325317,-0.21218425035476685,0.2819950580596924
501.474463,-0.052278999239206314,0.07098895311355591,0.3205266296863556
501.574987,0.20723091065883636,0.12277388572692871,-0.14972907304763794
501.675491,0.07784664630889893,-0.16394060850143433,-0.15793204307556152
501.776013,-0.07406628131866455,0.13645946979522705,0.09910127520561218
501.876635,-0.04893222451210022,-0.04756474494934082,0.05325070023536682
501.977026,0.036088645458221436,0.0011696815490722656,-0.06099212169647217
502.077824,-0.006366133689880371,0.03519326448440552,-0.010321944952011108
502.177984,0.00019213557243347168,-0.027997136116027832,0.016524702310562134
502.278509,-0.01808062195777893,0.00970536470413208,-0.0021150708198547363
502.379033,-0.014852166175842285,0.016462624073028564,-0.005497157573699951
502.479511,-0.014846384525299072,-0.013860106468200684,-0.019735366106033325
502.580062,-0.009681522846221924,0.01791173219680786,-0.006548553705215454
502.680523,-0.024067610502243042,0.016702592372894287,-0.03727823495864868
502.780985,-0.012911379337310791,0.0600849986076355,-0.0663825124502182
502.881641,0.14093968272209167,0.009717702865600586,-0.20419877767562866
502.982032,-0.11190289258956909,-0.11855965852737427,0.2831689715385437
503.082679,-0.10054726153612137,-0.037625789642333984,0.22197875380516052
503.183093,0.14654235541820526,0.10359823703765869,-0.005275055766105652
503.283583,0.17390009760856628,-0.22441691160202026,-0.16509580612182617
503.384054,0.07004228234291077,-0.03793299198150635,-0.04616865515708923
503.484483,-0.1430385708808899,0.039271533489227295,0.07525098323822021
503.585132,-0.03226226568222046,0.01401364803314209,0.07182735204696655
503.685575,0.008524775505065918,-0.0415988564491272,-0.04491090774536133
503.786103,-0.0008480548858642578,0.009135186672210693,-0.03862643614411354
503.886637,-0.03979980945587158,-0.00376129150390625,0.025488613173365593
503.987066,0.007928341627120972,-0.009720206260681152,-0.0058462657034397125
504.087610,-0.008046865463256836,-0.003203749656677246,0.008516427129507065
504.188085,-0.016777127981185913,0.010592639446258545,-0.024929527193307877
504.288553,0.000682830810546875,0.03656560182571411,-0.010003462433815002
504.389145,0.0035092532634735107,0.011218130588531494,-0.07628333568572998
504.489644,0.1111292839050293,0.05077230930328369,-0.09651267528533936
504.590069,0.05658996105194092,-0.11634629964828491,-0.01701408624649048
504.690592,-0.18800202012062073,0.02632749080657959,0.34050989151000977
504.791090,-0.05057678744196892,-0.05198848247528076,0.16388481855392456
504.891454,0.23552647233009338,-0.03263199329376221,-0.052950263023376465
504.992150,0.10592538118362427,-0.29684901237487793,-0.12214836478233337
505.092678,-0.056894004344940186,0.1314258575439453,-0.06973470002412796
505.193195,-0.09678786993026733,0.034131765365600586,0.06266152858734131
505.293644,-0.04166334867477417,-0.005641758441925049,0.032051876187324524
505.394183,0.02654629945755005,0.0067636966705322266,-0.013811767101287842
505.494625,-0.0309908390045166,0.023997128009796143,-0.06368857622146606
505.595150,0.005781888961791992,0.003421604633331299,0.03354649990797043
505.695708,-0.016094595193862915,0.007657527923583984,-0.023076772689819336
505.796119,0.022136181592941284,-0.011808514595031738,0.003479890525341034
505.896672,-0.04754588007926941,0.013453185558319092,-0.005775630474090576
505.997193,-0.0048729777336120605,0.07336670160293579,-0.0806572437286377
506.097722,0.12720105051994324,0.07081854343414307,-0.16276001930236816
506.198235,0.07105851173400879,-0.24849408864974976,0.15509139001369476
506.298698,-0.1325506567955017,0.09838801622390747,0.29842954874038696
506.399180,-0.06930024921894073,0.053302109241485596,0.13033922016620636
506.499667,0.16334843635559082,0.025146842002868652,0.05455434322357178
506.600214,0.2229219377040863,-0.39200663566589355,-0.14991044998168945
506.700785,-0.008243441581726074,0.10721898078918457,-0.06664547324180603
506.801200,-0.16734009981155396,0.014618635177612305,0.07829809188842773
506.901739,-0.07278034090995789,0.02504146099090576,0.0984189510345459
507.002210,0.06815308332443237,-0.04804813861846924,-0.056734561920166016
507.102728,0.039565473794937134,-0.001705944538116455,-0.025166258215904236
507.203270,-0.04546651244163513,0.0034828782081604004,0.0003203153610229492
507.303744,0.011072039604187012,0.02462160587310791,-0.0028438717126846313
507.404185,0.05810925364494324,0.013872087001800537,-0.06686662137508392
507.504738,0.11992707848548889,-0.0616113543510437,-0.10166871547698975
507.605241,-0.1720816195011139,-0.04913526773452759,0.18594962358474731
507.705755,-0.1563389003276825,-0.06752914190292358,0.30455684661865234
507.806309,0.1021839827299118,-0.03203606605529785,0.1776832491159439
507.906865,0.31521421670913696,0.03159606456756592,-0.06334316730499268
508.007209,0.2445405125617981,-0.39343249797821045,-0.20774030685424805
508.107856,-0.10205870866775513,0.03309893608093262,-0.020861998200416565
508.208388,-0.08302158117294312,0.005428016185760498,0.23830854892730713
508.308822,-0.09955117106437683,-0.06142491102218628,0.11223387718200684
508.409287,0.048557937145233154,0.03974431753158569,-0.07232046127319336
508.509775,0.019380778074264526,-0.04882532358169556,-0.06187833100557327
508.610254,0.029600918292999268,0.009493649005889893,0.017202019691467285
508.710784,-0.03537410497665405,-0.045576393604278564,0.0333217978477478
508.811288,-0.002568155527114868,0.04729306697845459,-0.024338364601135254
508.911849,-0.006289422512054443,-0.04307740926742554,0.02213841676712036
509.012313,-0.05014216899871826,0.05021810531616211,-0.007907270453870296
509.112793,-0.0024354755878448486,-0.008601725101470947,-0.022144198417663574
509.213229,0.0017447173595428467,-0.006622612476348877,0.001667380565777421
509.313878,-0.010550528764724731,-0.0010586977005004883,0.003986060153692961
509.414375,-0.011743605136871338,-0.0034254789352416992,-0.026514172554016113
509.514635,0.0022113025188446045,0.029646873474121094,0.0465126633644104
509.615251,-0.06698578596115112,0.05806511640548706,-0.04566377401351929
509.715768,0.04432588815689087,-0.028714418411254883,0.007734179496765137
509.816346,0.004522949457168579,-0.017261505126953125,0.010830998420715332
509.916919,0.013288289308547974,0.007267653942108154,-0.01839768886566162
510.017339,-0.010549157857894897,-0.005771815776824951,-0.013471484184265137
510.117889,-0.05213162302970886,0.03596717119216919,0.024602055549621582
510.218427,-0.07632312178611755,0.026739120483398438,0.010442137718200684
510.318887,0.12679129838943481,0.05758601427078247,-0.1180269718170166
510.419354,0.21693086624145508,-0.23821765184402466,-0.008667230606079102
510.519894,-0.1478029191493988,-0.05172210931777954,0.25463277101516724
510.620443,-0.21969684958457947,0.051754653453826904,0.2807304263114929
510.720887,-0.07170891761779785,0.21557146310806274,0.14083290100097656
510.821428,0.42408061027526855,-0.15818184614181519,0.021059870719909668
510.921933,0.21669547259807587,-0.48908478021621704,-0.09023720026016235
511.022474,-0.13220810890197754,0.09940779209136963,0.13814860582351685
511.122858,-0.19932764768600464,-0.06965750455856323,0.26888328790664673
511.223552,-0.007518738508224487,0.010595858097076416,-0.031239567324519157
511.323908,0.10087084770202637,-0.07158070802688599,-0.08882582187652588
511.424320,-0.009740889072418213,0.0331263542175293,-0.02325129508972168
511.524939,-0.05480232834815979,-0.005305230617523193,0.05662256479263306
511.625435,0.07741725444793701,-0.014384329319000244,-0.047993775457143784
511.725883,0.16507527232170105,-0.05760467052459717,-0.09596669673919678
511.826438,-0.179531991481781,-0.05710339546203613,0.21782918274402618
511.927024,-0.15199768543243408,0.02389538288116455,0.21960505843162537
512.027461,0.15953749418258667,0.11276859045028687,0.12059837579727173
512.127951,0.329835444688797,-0.36928051710128784,-0.014349013566970825
512.228552,-0.04569628834724426,-0.28756964206695557,-0.05322694778442383
512.328936,-0.10393863916397095,0.1297551393508911,0.21652960777282715
512.429487,-0.12496346235275269,-0.08438140153884888,0.1286461055278778
512.529967,0.00778573751449585,0.0448603630065918,-0.06416809558868408
512.630484,0.020906895399093628,-0.030268609523773193,-0.058675289154052734
512.731038,-0.04418709874153137,0.030992209911346436,0.02510266751050949
512.831492,-0.010462731122970581,-0.017366409301757812,0.028343264013528824
512.931944,0.009676098823547363,0.05563509464263916,-0.11922800540924072
513.032535,0.0493466854095459,0.05428636074066162,-0.13291311264038086
513.133047,-0.07362380623817444,0.014632463455200195,0.05769776552915573
513.233504,-0.181578129529953,-0.18595021963119507,0.357425332069397
513.333955,0.06758216768503189,0.04658156633377075,0.25251296162605286
513.434552,0.4221765995025635,0.0919266939163208,-0.07969003915786743
513.534903,0.1706150323152542,-0.3909091353416443,-0.21636039018630981
513.635480,-0.0762137770652771,0.14456713199615479,-0.0387628972530365
513.736024,-0.032126158475875854,-0.11903518438339233,0.13391119241714478
513.836573,-0.055758148431777954,0.007941365242004395,0.10008746385574341
513.936868,-0.04123377799987793,-0.03295111656188965,-0.03238702192902565
514.037589,0.024865955114364624,0.053931593894958496,-0.0979301854968071
514.138028,0.004013568162918091,0.1018938422203064,-0.07276928424835205
514.238599,-0.039884746074676514,0.03139054775238037,0.00820159912109375
514.339037,-0.00041496753692626953,0.13167715072631836,0.0179368257522583
514.439586,0.12650340795516968,-0.1931566596031189,0.11813843250274658
514.540039,0.003850877285003662,0.05820697546005249,0.029070379212498665
514.640553,-0.041786909103393555,-0.038327932357788086,0.020693421363830566
514.741076,0.029828965663909912,-0.014754712581634521,0.02591758966445923
514.841573,-0.1008685827255249,-0.012156069278717041,-0.014310475438833237
514.942101,0.10944253206253052,-0.06409156322479248,-0.06508588790893555
515.042617,-0.0011996030807495117,-0.022098779678344727,-0.036483585834503174
515.143031,-0.07922095060348511,-0.05672210454940796,0.12321251630783081
515.243650,-0.14943069219589233,-0.09494274854660034,0.16815084218978882
515.344110,0.11047293245792389,0.13614153861999512,0.23070675134658813
515.444581,0.36832624673843384,0.06080138683319092,-0.09772157669067383
515.545085,0.287550687789917,-0.3891669511795044,-0.14143279194831848
515.645633,-0.16322237253189087,-0.0030260682106018066,0.0050706565380096436
515.746149,-0.1358010172843933,0.04813861846923828,0.19163884222507477
515.846571,-0.05966022610664368,-0.021187961101531982,0.06502455472946167
515.947273,0.044389933347702026,-0.005863070487976074,-0.0524778887629509
516.047579,0.015911966562271118,0.03339117765426636,-0.01048743724822998
516.148093,-0.010742664337158203,0.0017986893653869629,-0.005053393542766571
516.248676,0.0730416476726532,-0.0057585835456848145,-0.004900455474853516
516.349133,0.045468658208847046,-0.0881773829460144,-0.05119870603084564
516.449578,-0.20051607489585876,0.004792332649230957,0.15710777044296265
516.550198,-0.23854604363441467,0.07880306243896484,0.20130333304405212
516.650745,0.19566963613033295,-0.06602168083190918,0.17938564717769623
516.751146,0.2404221147298813,-0.4648364782333374,-0.09498974680900574
516.851670,0.016877830028533936,-0.006544649600982666,-0.05064082145690918
516.952129,-0.22242963314056396,0.1052008867263794,0.17416906356811523
517.052680,-0.15604537725448608,-0.04929065704345703,0.07596446573734283
517.153202,0.10390427708625793,-0.07782542705535889,-0.03316771239042282
517.253698,-0.017094731330871582,0.032507121562957764,-0.03714430332183838
517.354214,-0.01877063512802124,0.006404399871826172,0.0174558162689209
517.454624,-0.006338894367218018,-0.007308661937713623,-0.004946283996105194
517.555212,0.01597064733505249,0.0023638010025024414,-0.0023329928517341614
517.655676,-0.023688077926635742,-0.005481362342834473,-0.008403293788433075
517.756225,-0.0066512227058410645,0.00804758071899414,0.024017930030822754
517.856710,0.06952857971191406,0.04956263303756714,-0.06533098220825195
517.957214,0.1016419529914856,-0.043052494525909424,-0.06474590301513672
518.057712,-0.2194320261478424,-0.04527390003204346,0.18823394179344177
518.158184,-0.16047891974449158,0.11068403720855713,0.16388869285583496
518.258788,0.18638154864311218,-0.0001786947250366211,0.09997522830963135
518.359202,0.19332805275917053,-0.4374626874923706,-0.0116061270236969
518.459746,-0.0914357602596283,0.056224286556243896,-0.04550841450691223
518.560330,-0.09767493605613708,0.06335067749023438,0.1278800368309021
518.660810,-0.051966190338134766,-0.04336470365524292,-0.001333475112915039
518.761263,0.0681963562965393,-0.01603078842163086,-0.03728759288787842
518.861755,-0.030654162168502808,-0.00303041934967041,0.01107441633939743
518.962182,-0.02386927604675293,0.016788363456726074,0.012704737484455109
519.062860,-0.01575377583503723,0.005580484867095947,-0.009593255817890167
519.163271,0.014485210180282593,0.013226628303527832,-0.03728461265563965
519.263866,0.007384300231933594,-0.010054588317871094,0.014243006706237793
519.364241,0.020527273416519165,-0.025564610958099365,-0.010526902973651886
519.464808,-0.061768561601638794,-0.023856937885284424,0.035424232482910156
519.565260,-0.15440812706947327,-0.009931325912475586,0.06080574542284012
519.665683,0.04278392344713211,0.0983169674873352,0.16989082098007202
519.766347,0.19211772084236145,-0.0904320478439331,-0.022278904914855957
519.866533,0.12475060671567917,-0.2554101347923279,-0.11772942543029785
519.967274,-0.062422752380371094,0.11645770072937012,-0.06370864808559418
520.067721,-0.12628281116485596,-0.0036304593086242676,0.1526901125907898
520.168263,-0.08138373494148254,-0.05055886507034302,0.036834716796875
520.268841,0.06756371259689331,0.03348350524902344,-0.03807246685028076
520.369359,-0.011778980493545532,-0.034815073013305664,-0.03163839131593704
520.469861,0.02785763144493103,0.022807061672210693,0.008069880306720734
520.570308,0.05736494064331055,-0.04811728000640869,-0.02708601951599121
520.670747,-0.016014069318771362,-0.004402518272399902,-0.01064532995223999
520.771393,-0.15318721532821655,-0.07550042867660522,0.14692413806915283
520.871847,-0.12866821885108948,0.024820387363433838,0.14912205934524536
520.972464,0.13693654537200928,0.05622822046279907,0.10416050255298615
521.072913,0.24735113978385925,-0.11712032556533813,-0.08295246958732605
521.173415,0.15901297330856323,-0.308676540851593,-0.10478776693344116
521.273902,-0.0014527440071105957,0.07956153154373169,0.11209255456924438
521.374373,-0.1429944634437561,-0.06062811613082886,0.2072703242301941
521.474860,-0.14133328199386597,0.02414482831954956,0.052166908979415894
521.575344,0.05192086100578308,0.04703390598297119,-0.04777944087982178
521.675873,0.029285788536071777,-0.05747175216674805,-0.0332568921148777
521.776373,0.02042272686958313,-0.004236280918121338,0.0440182127058506
521.876904,-0.035400837659835815,-0.01455843448638916,-0.01329553872346878
521.977413,-0.006038308143615723,0.036555469036102295,-0.006087668240070343
522.077875,-0.014225423336029053,0.013159692287445068,-0.02224189043045044
522.178384,0.07111191749572754,-0.03259837627410889,-0.02255195379257202
522.278935,-0.10438409447669983,-0.05352908372879028,0.05908209830522537
522.379434,-0.28495487570762634,-0.21432626247406006,0.2575837969779968
522.479911,0.24622881412506104,0.15921294689178467,0.17722159624099731
522.580381,0.20993578433990479,-0.12229913473129272,-0.07502639293670654
522.680901,0.09430494904518127,-0.3908888101577759,-0.14645609259605408
522.781449,-0.040852248668670654,0.1479322910308838,0.06479305028915405
522.881968,-0.11259394884109497,-0.1145932674407959,0.18459440767765045
522.982415,-0.04762011766433716,0.011296689510345459,-0.018884964287281036
523.082932,0.064738929271698,0.00634765625,-0.04924720525741577
523.183412,-0.019186168909072876,0.008134961128234863,0.0003457106649875641
523.283996,-0.004475414752960205,-0.020386874675750732,0.06611037254333496
523.384411,-0.031096935272216797,-0.01443171501159668,-0.021649181842803955
523.484882,0.01874503493309021,0.00911182165145874,0.0003618597984313965
523.585475,-0.0020956099033355713,0.0011278390884399414,0.0171054620295763
523.686004,0.011601567268371582,-0.026981711387634277,-0.016681909561157227
523.786334,-0.032990455627441406,0.008670985698699951,0.006092369556427002
523.886977,-0.01544150710105896,0.0018268227577209473,0.03682506084442139
523.987435,-0.03257003426551819,0.00742107629776001,-0.025026977062225342
524.087991,0.025794655084609985,0.014504969120025635,-0.008747700601816177
524.188485,-0.01070740818977356,-0.016351759433746338,0.01921713352203369
524.289073,-0.03304171562194824,0.15735316276550293,-0.012875206768512726
524.389516,0.476542592048645,-0.6079216003417969,-0.1747579574584961
524.489972,-0.254009485244751,-0.11464709043502808,0.34677404165267944
524.590513,0.056380219757556915,0.43155425786972046,0.2597894072532654
524.690938,0.01414412260055542,0.40562206506729126,0.1345449686050415
524.791482,-0.11300240457057953,0.02491283416748047,0.09232151508331299
524.892034,0.030791014432907104,-0.11851304769515991,0.03163551911711693
524.992459,0.06478947401046753,0.006820023059844971,0.023739218711853027
525.092995,-0.025404691696166992,-0.003077566623687744,-0.04296028986573219
525.193572,0.2876860499382019,-0.07088100910186768,-0.01441812515258789
525.293997,-0.005932718515396118,-0.02175968885421753,-0.03777647763490677
525.394556,-0.03913375735282898,0.021676719188690186,-0.023948922753334045
525.495113,0.038137972354888916,-0.08837395906448364,-0.01053011417388916
525.595611,0.023038357496261597,0.08475899696350098,0.01944148540496826
525.696056,0.03625383973121643,0.02667611837387085,0.040984392166137695
525.796543,0.031252264976501465,-0.07715898752212524,-0.01579809933900833
525.897085,0.068754643201828,0.010756969451904297,0.02145540714263916
525.997622,0.07275855541229248,-0.14149624109268188,-0.10689055919647217
526.098111,-0.033840835094451904,0.09925568103790283,-0.05000597983598709
526.198584,-0.10993725061416626,0.005942404270172119,-0.041323840618133545
526.299103,-0.0006380677223205566,0.015384316444396973,0.04056096076965332
526.399589,-0.016333788633346558,-0.010851144790649414,0.00791759043931961
526.500109,-0.06128987669944763,-0.005320310592651367,0.018691115081310272
526.600563,0.08383399248123169,0.015795648097991943,0.02268964797258377
526.701124,-0.06995663046836853,-0.00944983959197998,-0.05929368734359741
526.801648,-0.04981347918510437,-0.0011271238327026367,0.04707605391740799
526.902140,0.04020196199417114,-0.04931151866912842,0.07993853092193604
527.002614,-0.04955822229385376,0.016434192657470703,0.017018921673297882
527.103151,-0.011942923069000244,0.09625303745269775,-0.019066505134105682
527.203577,0.1003614068031311,0.20301741361618042,-0.1184307336807251
527.304171,0.19394272565841675,-0.3054981231689453,0.015507742762565613
527.404617,0.0808902382850647,-0.16770434379577637,0.17974889278411865
527.505088,-0.2026084065437317,-0.07345640659332275,0.3152778148651123
527.605589,-0.2713714838027954,0.3085296154022217,0.13651084899902344
527.706127,0.23074164986610413,-0.06589221954345703,-0.04812979698181152
527.806641,0.09137772023677826,-0.3893483877182007,-0.06073543429374695
527.907175,0.07678574323654175,0.015382945537567139,-0.028727054595947266
528.007634,-0.16578960418701172,0.11118084192276001,0.13587337732315063
528.108205,-0.019456088542938232,-0.061361610889434814,0.02313905954360962
528.208602,0.02401849627494812,-0.055140554904937744,0.010960474610328674
528.309229,-0.06627851724624634,0.04967981576919556,-0.004470765590667725
528.409625,0.03127393126487732,-0.02425694465637207,0.00482824444770813
528.510143,0.009168952703475952,0.014999449253082275,-0.00132828950881958
528.610664,-0.014175236225128174,0.01627272367477417,0.009387671947479248
528.711128,0.004488170146942139,0.009662151336669922,0.020679235458374023
528.811718,-0.01091533899307251,0.003991842269897461,0.00903862714767456
528.912229,0.007225751876831055,-0.005942046642303467,0.0013346672058105469
529.012713,0.05562633275985718,-0.015546202659606934,0.019056156277656555
529.113198,-0.0352289080619812,0.03252220153808594,-0.022825077176094055
529.213762,0.0001302957534790039,0.00020360946655273438,-0.003978729248046875
529.314184,0.021009385585784912,0.002224564552307129,-0.013984143733978271
529.414696,-0.06286025047302246,0.07036489248275757,-0.015323683619499207
529.515267,0.10345631837844849,0.026461541652679443,-0.059633612632751465
529.615616,0.1758960485458374,-0.2703514099121094,0.025394197553396225
529.716264,-0.1601913571357727,-0.05951237678527832,0.2667222023010254
529.816746,-0.13107174634933472,0.2067522406578064,0.17498734593391418
529.917259,0.1883309781551361,0.17217427492141724,0.12842434644699097
530.017742,0.06191161274909973,-0.18908369541168213,-0.012811392545700073
530.118269,0.14848899841308594,-0.27460581064224243,-0.13758587837219238
530.218785,-0.1535685658454895,0.17966347932815552,0.22690165042877197
530.319239,-0.0760030746459961,-0.018162965774536133,-0.008927851915359497
530.419831,0.07253676652908325,-0.055865347385406494,0.013632521033287048
530.520258,-0.049022018909454346,0.02676701545715332,-0.0051294416189193726
530.620781,-0.004458069801330566,-0.002842724323272705,0.01915031671524048
530.721360,-0.005336165428161621,-0.009304702281951904,-0.009331971406936646
530.821818,-0.015338003635406494,0.005552113056182861,0.0071655213832855225
530.922220,0.0046926140785217285,-0.008892834186553955,-0.0030304640531539917
531.022817,-0.004305899143218994,0.014664649963378906,-0.0028989315032958984
531.123247,-0.005344212055206299,-0.0049866437911987305,0.004767373204231262
531.226544,-0.00044858455657958984,-0.010780632495880127,0.014756262302398682
531.324233,-0.004986822605133057,0.015666961669921875,-0.006917446851730347
531.424930,-0.009293079376220703,0.0027814507484436035,-0.0016441941261291504
531.525199,-0.008199334144592285,0.01710045337677002,-0.010542511940002441
531.625764,0.011692523956298828,0.002277076244354248,-0.019809424877166748
531.726324,-0.002637505531311035,-0.00022774934768676758,0.013218343257904053
531.826782,0.05984610319137573,-0.039245545864105225,0.030566692352294922
531.927360,-0.0037073493003845215,-0.050147294998168945,0.05401325225830078
532.027858,-0.11328455805778503,-0.013495981693267822,0.03905898332595825
532.128329,-0.014159316197037697,0.34444618225097656,0.1383589655160904
532.228811,0.15392614901065826,-0.467954158782959,0.15579436719417572
532.329321,0.0033122003078460693,-0.19811832904815674,-0.09373534470796585
532.429896,-0.04587697982788086,0.14452528953552246,0.1330311894416809
532.530286,-0.034578561782836914,-0.01365959644317627,0.012975931167602539
532.630823,-0.006406247615814209,-0.016054511070251465,0.012758642435073853
532.731280,-0.00391918420791626,0.033294737339019775,-0.0277663916349411
532.831941,0.0009642839431762695,-0.011406779289245605,0.01059696078300476
532.932351,-0.008267104625701904,0.008622884750366211,0.020524293184280396
533.032877,-0.001190781593322754,-0.008151769638061523,-0.004422247409820557
533.133374,-0.0008732080459594727,-0.002312600612640381,0.011293083429336548
533.233935,-0.0040901899337768555,0.01309579610824585,0.0053904056549072266
533.334419,-0.0015540719032287598,-0.005509674549102783,-0.003499746322631836
533.434923,-0.004103362560272217,-0.00480884313583374,0.0008881688117980957
533.535429,0.007269382476806641,-0.016051888465881348,-0.010449409484863281
533.635904,0.001690506935119629,0.03522616624832153,0.007754221558570862
533.736402,-0.013384521007537842,0.01414501667022705,0.01506449282169342
533.836926,0.0020520687103271484,-0.018748760223388672,-0.007251530885696411
533.937376,0.004811286926269531,-0.0014967918395996094,-0.013291388750076294
534.038052,-0.011131584644317627,0.01925063133239746,0.013154983520507812
534.138387,-0.003502964973449707,-0.002716958522796631,0.005431234836578369
534.239041,0.0006147027015686035,0.005789220333099365,-0.009052455425262451
534.339381,-0.020647704601287842,0.1157684326171875,-0.07358752191066742
534.439987,0.11602401733398438,-0.1198880672454834,-0.07052195072174072
534.540405,0.15829616785049438,-0.1367895007133484,0.07394307851791382
534.640869,-0.1987561285495758,-0.06178921461105347,0.31534481048583984
534.741450,0.03865222632884979,0.15568578243255615,0.2005259096622467
534.842522,0.23239417374134064,0.05646836757659912,-0.034219205379486084
534.942444,-0.001263454556465149,-0.19187891483306885,-0.10975515842437744
535.042935,0.27860236167907715,-0.22541993856430054,-0.07470834255218506
535.143444,-0.13314050436019897,0.02450728416442871,0.2447451949119568
535.244005,-0.08155262470245361,-0.07056975364685059,0.06611001491546631
535.344500,0.05244356393814087,0.01009136438369751,-0.039346516132354736
535.444938,-0.03797799348831177,0.01684892177581787,-0.002124965190887451
535.545480,0.007134437561035156,-0.008518517017364502,0.00831526517868042
535.645940,-0.0004242062568664551,-0.00817108154296875,0.0037881135940551758
535.746397,-0.0007413029670715332,0.012507379055023193,-0.01528400182723999
535.846995,-0.01429671049118042,0.08683395385742188,-0.07253056764602661
535.947457,-0.001024782657623291,0.3209601044654846,-0.17565509676933289
536.048020,0.02683568000793457,-0.29687124490737915,0.2061028778553009
536.148508,0.20031887292861938,-0.370752215385437,0.3918613791465759
536.248997,0.18660369515419006,0.11136734485626221,0.3603862226009369
536.349502,0.13529184460639954,0.5413506627082825,0.0019078552722930908
536.449951,0.4285193681716919,-0.21437174081802368,-0.2694247364997864
536.550510,0.19416818022727966,-0.1711808443069458,-0.1717708706855774
536.651032,0.07048183679580688,0.11156600713729858,0.11096198111772537
536.751547,-0.07157814502716064,-0.09404957294464111,0.2502392530441284
536.852083,-0.0034933090209960938,-0.1130487322807312,0.17092305421829224
536.952556,-0.0327892005443573,0.0058501362800598145,0.011797383427619934
537.053028,-0.005643010139465332,0.025340259075164795,-0.038533300161361694
537.153560,-0.009478509426116943,0.10056424140930176,-0.06992009282112122
537.254091,-0.011429429054260254,-0.03666377067565918,0.002132505178451538
537.354511,0.026965200901031494,-0.08736485242843628,0.1388305425643921
537.455037,-0.05478692054748535,-0.22922319173812866,0.3014056086540222
537.555521,0.08859516680240631,0.3098793625831604,0.08164435625076294
537.656081,0.1760222464799881,-0.01985025405883789,-0.10921046137809753
537.756575,0.147424578666687,-0.12922918796539307,-0.2845926284790039
537.857068,-0.011075019836425781,0.10492891073226929,0.09851086139678955
537.957579,-0.08602553606033325,-0.16536545753479004,0.1765318512916565
538.058097,0.09406411647796631,-0.10405224561691284,0.11715203523635864
538.158533,-0.030738413333892822,-0.028916120529174805,0.10431984066963196
538.259065,0.03798699378967285,0.02506697177886963,0.018757164478302002
538.359540,-0.031942933797836304,0.04581195116043091,0.014375746250152588
538.460063,-0.0036797523498535156,0.014409780502319336,0.01607978343963623
538.560676,0.005378514528274536,0.014125436544418335,-0.0020362138748168945
538.661115,0.014155358076095581,0.011069923639297485,0.00939786434173584
538.761580,0.012274175882339478,0.013741910457611084,-0.004901230335235596
538.862134,0.010415732860565186,-0.005857259035110474,0.012024760246276855
538.962551,0.0029591023921966553,0.005211204290390015,0.0030570626258850098
539.063160,-0.024622797966003418,0.020771890878677368,0.005634427070617676
539.163716,0.003970205783843994,0.00034549832344055176,0.028292596340179443
539.264178,0.04628521203994751,-0.0233001708984375,-0.012705683708190918
539.364610,0.007943391799926758,0.01116037368774414,-0.0025497078895568848
539.465159,-0.03484845161437988,0.0831264853477478,-0.05083620548248291
539.565728,-0.03281140327453613,0.12872624397277832,-0.10707658529281616
539.666130,0.13670432567596436,-0.06565248966217041,-0.02200758457183838
539.766672,0.03845265507698059,-0.2207149863243103,0.24070805311203003
539.867161,-0.09294655919075012,-0.08255445957183838,0.31928592920303345
539.967643,0.03211592137813568,0.2887345552444458,-0.026919960975646973
540.068065,0.15787310898303986,0.1314176321029663,-0.1728515625
540.168670,0.12563800811767578,-0.08243680000305176,-0.268618106842041
540.269253,0.07126820087432861,0.021211564540863037,0.07712008059024811
540.369658,-0.1370646357536316,-0.04141128063201904,0.1368459165096283
540.470165,0.044071733951568604,-0.07251632213592529,0.06904609501361847
540.570684,-0.038652241230010986,0.03565186262130737,-0.058264076709747314
540.671198,-0.012473225593566895,0.00998377799987793,-0.016225025057792664
540.771924,-0.016446948051452637,-0.019064486026763916,0.01553654670715332
540.872222,-0.02791619300842285,0.007890403270721436,-0.003960072994232178
540.972674,0.014517486095428467,-0.001989901065826416,-0.03823596239089966
541.073246,0.005723416805267334,-0.000760495662689209,-0.02581501007080078
541.173675,0.023848801851272583,0.004886209964752197,-0.03631311655044556
541.274179,-0.009692907333374023,0.016114115715026855,-0.02781498432159424
541.374739,-0.04182681441307068,0.02853935956954956,-0.012404978275299072
541.475158,0.007873505353927612,0.014113187789916992,0.01505065057426691
541.575704,-0.0007128715515136719,0.014173269271850586,0.04329174757003784
541.676319,0.01824977993965149,-0.01772773265838623,-0.017787814140319824
541.776977,-0.01430455595254898,0.007979989051818848,-0.013011697679758072
541.877289,-0.021574683487415314,-0.015710294246673584,0.0044147297739982605
541.977703,-0.006204526871442795,0.013577401638031006,0.013929665088653564
542.078256,-0.009436212480068207,0.050459861755371094,-0.0073395222425460815
542.178710,0.0030483752489089966,-0.04062587022781372,-0.003508046269416809
542.279294,-0.12346015870571136,-0.10541164875030518,0.07177942991256714
542.379785,0.03814980387687683,0.010570108890533447,0.01004774123430252
542.480297,0.05245882272720337,0.0431288480758667,0.042840227484703064
542.580847,0.20643076300621033,-0.08579611778259277,0.0714140236377716
542.681291,-0.23962342739105225,-0.16803455352783203,-0.18470025062561035
542.781838,-0.28835079073905945,0.01648116111755371,-0.22470496594905853
542.882341,0.1836402863264084,0.2037029266357422,0.004359021782875061
542.982741,0.19148653745651245,-0.25575095415115356,0.04185962677001953
543.083317,-0.02359384298324585,-0.14067989587783813,0.00977998971939087
543.183810,-0.2759906053543091,0.09578001499176025,-0.05788689851760864
543.284351,0.05173662304878235,-0.06426626443862915,-0.0037531107664108276
543.384940,-0.010121047496795654,0.009490787982940674,0.004804626107215881
543.485309,-0.003351569175720215,0.09951883554458618,0.04269033670425415
543.585809,0.09994938969612122,-0.0611872673034668,0.04614740610122681
543.686317,-0.06018942594528198,-0.25194454193115234,-0.11038325726985931
543.786840,-0.411623477935791,0.12608551979064941,-0.19199097156524658
543.887349,0.21635539829730988,0.17570239305496216,0.011334061622619629
543.987798,0.11089707165956497,-0.46340012550354004,-0.07622817158699036
544.088314,-0.004407644271850586,0.0243222713470459,0.07066543400287628
544.188871,-0.2457268238067627,0.047798871994018555,-0.07309107482433319
544.289419,0.09010034799575806,-0.08896929025650024,-0.001851499080657959
544.389891,-0.0367160439491272,0.057494163513183594,0.027664124965667725
544.490349,-0.012817859649658203,0.009826898574829102,0.004588603973388672
544.590887,0.013716459274291992,0.006272017955780029,0.005835667252540588
544.691417,0.07180359959602356,-0.04755955934524536,0.009662628173828125
544.791868,0.02605515718460083,-0.23181021213531494,-0.07964711636304855
544.892332,-0.4328659772872925,0.2994629740715027,-0.1361013650894165
544.992939,0.10798075795173645,0.21297705173492432,-0.008489780128002167
545.093462,0.02232113853096962,-0.6468692421913147,-0.21150368452072144
545.193866,-0.12735480070114136,0.08703857660293579,0.016850024461746216
545.294375,-0.15683192014694214,0.04980123043060303,-0.042563050985336304
545.394936,0.07299935817718506,-0.061418771743774414,-0.007745489478111267
545.495402,-0.03567284345626831,0.0727110505104065,0.029283851385116577
545.595848,-0.02674955129623413,-0.002808988094329834,-0.0014920234680175781
545.696439,-0.02554422616958618,0.016523122787475586,-0.020956873893737793
545.796935,0.0761040449142456,0.034500718116760254,0.07565966248512268
545.897463,0.16367489099502563,-0.3005746603012085,-0.05712464451789856
545.997971,-0.5050806999206543,0.13580965995788574,-0.192341148853302
546.098431,0.09204697608947754,0.3598112463951111,0.008297145366668701
546.198888,0.19088509678840637,-0.698263943195343,-0.18132328987121582
546.299448,-0.048376619815826416,0.02181875705718994,0.047907114028930664
546.399876,-0.3739820122718811,0.05415993928909302,-0.04986731708049774
546.500444,0.11806046962738037,-0.11055862903594971,-0.012999236583709717
546.600937,-0.0181502103805542,0.05800849199295044,0.024564772844314575
546.701488,-0.03162878751754761,0.021022379398345947,0.0028328299522399902
546.802078,0.019037187099456787,-0.05677694082260132,-0.024203717708587646
546.902590,-0.032156169414520264,0.021686851978302002,0.0036159753799438477
547.002953,0.012335479259490967,-0.02177870273590088,0.0018538236618041992
547.103527,-0.004984080791473389,-0.0024001002311706543,-0.007016777992248535
547.203997,0.03771805763244629,0.0021467208862304688,0.004951894283294678
547.304557,0.07997405529022217,-0.13260847330093384,-0.03337453305721283
547.405003,-0.2813592553138733,0.06587862968444824,-0.07893240451812744
547.505550,-0.08519920706748962,0.3172011971473694,-0.030310988426208496
547.606010,0.24018841981887817,-0.43317192792892456,-0.07386395335197449
547.706527,0.020690172910690308,-0.09842097759246826,0.013686895370483398
547.806998,-0.27690666913986206,0.09271872043609619,-0.01061636209487915
547.907562,0.06678146123886108,-0.11807823181152344,-0.06251338124275208
548.007971,-0.023639798164367676,0.018579840660095215,-0.004899442195892334
548.108534,-0.02256697416305542,0.04067659378051758,0.03220707178115845
548.209016,0.0052610039710998535,-0.008639693260192871,0.0027735233306884766
548.309603,-0.032373249530792236,0.005432426929473877,0.0012543201446533203
548.410030,0.0077811479568481445,0.03418898582458496,0.006798446178436279
548.510524,0.0464322566986084,0.02608543634414673,0.059750109910964966
548.611040,0.15084165334701538,-0.14666897058486938,-0.03475898504257202
548.711632,-0.4168686270713806,0.05386298894882202,-0.10069524496793747
548.812096,-0.018282294273376465,0.23362481594085693,-0.010220944881439209
548.912567,0.19007191061973572,-0.5153121948242188,-0.18967300653457642
549.013095,-0.03787261247634888,-0.03514242172241211,0.04577314853668213
549.113571,-0.3068085312843323,0.09777867794036865,0.011693477630615234
549.214118,0.13642001152038574,-0.08974409103393555,-0.03051552176475525
549.314592,-0.04869067668914795,0.02037912607192993,0.008772671222686768
549.415096,0.003896653652191162,-0.023899495601654053,-0.004589080810546875
549.515564,-0.009299635887145996,0.009540796279907227,-0.009025156497955322
549.616128,-0.03460937738418579,0.046532630920410156,0.0238187313079834
549.716728,0.12047344446182251,0.005479216575622559,0.05384284257888794
549.817092,0.0459972620010376,-0.16629910469055176,-0.05639529228210449
549.917587,-0.415025532245636,0.17396795749664307,-0.06622087955474854
550.018149,0.07576757669448853,0.09695953130722046,-0.0440373420715332
550.118569,0.1408785879611969,-0.4708108901977539,-0.15423983335494995
550.219203,-0.167894184589386,0.07626038789749146,0.052847981452941895
550.319629,-0.21997159719467163,0.02056443691253662,-0.026835262775421143
550.420136,0.16284364461898804,-0.08098942041397095,-0.03102397918701172
550.520578,-0.08037465810775757,0.07325071096420288,0.046113669872283936
550.621136,-0.012838244438171387,-0.013293981552124023,0.00013533234596252441
550.721685,0.02797389030456543,-0.02359187602996826,-0.00995856523513794
550.822167,-0.040562570095062256,0.005855977535247803,0.0028929710388183594
550.922664,-0.023708343505859375,0.04867208003997803,0.008755743503570557
551.023129,0.18870729207992554,-0.14503055810928345,-0.014559924602508545
551.123671,-0.07514756917953491,-0.07276555895805359,-0.08115440607070923
551.224157,-0.29830682277679443,0.2570645809173584,-0.05289577692747116
551.324615,0.14135245978832245,0.005457937717437744,-0.09858834743499756
551.425195,0.1685689389705658,-0.3858978748321533,-0.08819067478179932
551.525720,-0.20632672309875488,0.07297217845916748,0.04281491041183472
551.626176,-0.11914944648742676,0.017703771591186523,-0.023411303758621216
551.726687,0.09207969903945923,-0.03605073690414429,-0.021159857511520386
551.827211,-0.06093907356262207,0.037950217723846436,0.03328898549079895
551.927644,-0.02500063180923462,-0.007862508296966553,-0.0028620362281799316
552.028130,0.03648495674133301,-0.0390511155128479,-0.017066240310668945
552.128712,-0.04084658622741699,0.007767617702484131,0.00873708724975586
552.229103,0.00400698184967041,-0.004568696022033691,-0.0048010945320129395
552.329701,0.006725132465362549,-0.005118906497955322,-0.00806272029876709
552.430186,-0.01801067590713501,0.014261484146118164,-0.00020492076873779297
552.530776,0.013111114501953125,-0.021127283573150635,-0.009211957454681396
552.631178,-0.005822360515594482,-0.0005761384963989258,0.0017284154891967773
552.731769,-0.005227625370025635,0.005933940410614014,0.0024026036262512207
552.832317,-0.0236089825630188,0.00641709566116333,-0.0004347562789916992
552.932724,7.557868957519531e-05,0.014290869235992432,0.012018710374832153
553.033256,0.0039001107215881348,-0.01386040449142456,-0.008661150932312012
553.133756,-0.0255315899848938,0.016791701316833496,0.003995180130004883
553.234316,-0.004246532917022705,0.0034600496292114258,-0.0002213120460510254
553.334725,-0.008255064487457275,-0.003052234649658203,-0.0035927891731262207
553.435332,-0.0026761293411254883,-0.0020404458045959473,-0.004701077938079834
553.535679,-0.0026727914810180664,0.0005625486373901367,0.0031728744506835938
553.636234,-0.01028221845626831,-0.0022600889205932617,3.9190053939819336e-05
553.736773,0.019733667373657227,0.05257141590118408,0.017996788024902344
553.837274,0.12268471717834473,-0.07422924041748047,-0.023850589990615845
553.937786,-0.030808210372924805,-0.05064874887466431,-0.06727039813995361
554.038389,-0.23181837797164917,0.056353867053985596,-0.08746755123138428
554.138770,0.007575958967208862,0.1812538504600525,-0.0017177537083625793
554.239316,0.2237793356180191,-0.2395392656326294,-0.0385422557592392
554.340066,0.051707059144973755,-0.06630831956863403,0.052853554487228394
554.440358,-0.2122328281402588,0.08467036485671997,0.01077193021774292
554.540795,0.028793394565582275,-0.069180428981781,-0.048984259366989136
554.641324,-0.007012426853179932,0.018575668334960938,0.0047265589237213135
554.741853,-0.024766206741333008,-0.0007493495941162109,0.0003972649574279785
554.842307,0.001241445541381836,-0.014386951923370361,-0.015945017337799072
554.942798,-0.007916629314422607,0.020490646362304688,0.007386267185211182
555.043324,0.00602036714553833,-0.01873725652694702,-0.01179167628288269
555.143768,-0.022230803966522217,0.019637227058410645,0.01168757677078247
555.244320,0.006666123867034912,-0.008054137229919434,-0.008261919021606445
555.344806,-0.020609617233276367,-0.0008308291435241699,-0.005111247301101685
555.445261,0.002987205982208252,-0.005045950412750244,-0.009794920682907104
555.545895,-0.023914456367492676,0.022151052951812744,0.0029450654983520508
555.646384,0.0020340681076049805,0.004255831241607666,0.005852729082107544
555.746781,-0.012981235980987549,0.0034952163696289062,-0.001604318618774414
555.847389,0.00827324390411377,-0.0023036599159240723,0.0049898624420166016
555.947898,-0.007076263427734375,0.012600719928741455,0.005584537982940674
556.048365,0.0068166255950927734,-0.014088749885559082,-2.7835369110107422e-05
556.148842,-0.01655501127243042,-0.002326667308807373,0.000840991735458374
556.249364,0.007592916488647461,0.028235673904418945,0.01311105489730835
556.349854,0.001612842082977295,-0.012352168560028076,-0.002998054027557373
556.450337,-0.02599567174911499,0.007320523262023926,-0.0010235309600830078
556.550890,-0.01650315523147583,0.011157453060150146,0.0055404603481292725
556.651364,0.02013099193572998,-0.01206517219543457,0.005256712436676025
556.751793,-0.022960007190704346,0.02270442247390747,0.006608068943023682
556.852429,0.004537642002105713,-0.023680508136749268,-0.006792575120925903
556.953006,-0.018456995487213135,0.020706236362457275,0.009465843439102173
557.053386,0.011759579181671143,-0.008660197257995605,-0.002823054790496826
557.153920,-0.010880529880523682,0.009192228317260742,0.0038729310035705566
557.254337,0.003473341464996338,-0.006984829902648926,0.0011525452136993408
557.354927,0.0030692219734191895,0.0074179768562316895,0.0004240870475769043
557.455337,-0.0030378103256225586,0.00028771162033081055,0.0009732842445373535
557.555919,-0.0019378662109375,0.0021137595176696777,0.004965364933013916
557.656484,-0.005772829055786133,0.0016255974769592285,-0.0001901090145111084
557.756902,0.002338886260986328,-0.0008640289306640625,0.0018197298049926758
557.857529,-0.01066356897354126,0.0053198933601379395,-0.0028095543384552
557.957942,-0.004088342189788818,0.007920920848846436,-0.0016678273677825928
558.058440,0.003829061985015869,0.002819955348968506,-0.0018159151077270508
558.158926,0.004546046257019043,-0.0007300376892089844,0.003342151641845703
558.259418,-0.004748404026031494,0.0017523765563964844,0.011151611804962158
558.359973,0.0049746036529541016,0.04785919189453125,0.015869349241256714
558.460496,0.12599098682403564,0.033135056495666504,0.010832250118255615
558.560918,0.07040560245513916,-0.08345478773117065,-0.053065478801727295
558.661445,-0.11697936058044434,-0.07787966728210449,-0.09137094765901566
558.761979,-0.15411514043807983,0.04282498359680176,-0.03477621078491211
558.862441,0.007418274879455566,0.11613976955413818,-0.012739956378936768
558.963038,0.14446356892585754,-0.019334077835083008,0.018139004707336426
559.063558,0.018317580223083496,-0.0932546854019165,-0.021753579378128052
559.163985,-0.09790730476379395,-0.0006489157676696777,-0.050690025091171265
559.264473,-0.0026813745498657227,0.003364741802215576,-0.014902502298355103
559.365006,0.005868077278137207,-0.010446012020111084,0.008555233478546143
559.465561,-0.008876323699951172,-0.0007718205451965332,-0.003911465406417847
559.566019,-0.011834502220153809,0.011807918548583984,-0.007246851921081543
559.666508,-0.01930338144302368,0.0025361180305480957,0.00016173720359802246
559.766986,-0.006954848766326904,-0.007254481315612793,0.0055487751960754395
559.867555,-0.01026242971420288,0.010537564754486084,-0.009050875902175903
559.967986,0.0017455220222473145,-0.006969809532165527,-0.013424694538116455
560.068524,-0.0016640424728393555,0.0004521012306213379,-0.01350700855255127
560.169023,-0.013458251953125,0.016324877738952637,-0.0018086135387420654
560.269548,-0.0033342838287353516,-0.0009670257568359375,0.0008557438850402832
560.370063,-0.00670170783996582,0.00836801528930664,0.0059468746185302734
560.470562,0.010134279727935791,-0.018612802028656006,-0.010907471179962158
560.571001,-0.0056095123291015625,0.02146679162979126,0.004550904035568237
560.671562,0.02007901668548584,-0.005987584590911865,0.010725855827331543
560.772071,0.028162717819213867,-0.05372035503387451,-0.0006261914968490601
560.872461,-0.13984566926956177,-0.05813193321228027,-0.046947114169597626
560.973155,-0.09614372253417969,0.11333972215652466,-0.07530444860458374
561.073616,0.18319550156593323,0.1239122748374939,0.023972705006599426
561.174084,0.1351241171360016,-0.1905360221862793,-0.002885967493057251
561.274469,-0.09215527772903442,-0.013454079627990723,0.01026049256324768
561.375051,-0.1211014986038208,0.014194250106811523,-0.03678375482559204
561.475613,0.04689919948577881,0.005895376205444336,0.024578958749771118
561.576028,-0.02427583932876587,-0.00017493963241577148,0.003247857093811035
561.676724,0.018040180206298828,-0.053621888160705566,-0.01735401153564453
561.777140,0.00572967529296875,0.010664045810699463,0.003755807876586914
561.877675,-0.01667344570159912,0.0016481876373291016,0.0021567940711975098
561.978110,0.003519773483276367,0.01466447114944458,0.005214005708694458
562.078663,-0.0008085966110229492,-0.014049947261810303,-0.006106078624725342
562.179069,0.018048465251922607,-0.02771139144897461,-0.004638016223907471
562.279628,-0.01946038007736206,0.027800261974334717,0.004629462957382202
562.380201,0.011512041091918945,-0.01799178123474121,-0.01106753945350647
562.480636,-0.005236208438873291,0.021387219429016113,0.004584223031997681
562.581232,-0.010164499282836914,0.0024788975715637207,-0.00015968084335327148
562.681617,0.01532667875289917,-0.009013831615447998,-0.0026249289512634277
562.782094,0.13447952270507812,-0.02032989263534546,-0.0001426786184310913
562.882671,-0.09179031848907471,-0.0682985782623291,-0.025579623878002167
562.983237,-0.2309533953666687,0.034602224826812744,-0.06641948968172073
563.083699,0.060681939125061035,0.14222568273544312,0.004591047763824463
563.184187,0.21441128849983215,-0.1726062297821045,-0.03366786241531372
563.284859,-0.03587496280670166,-0.10269320011138916,-0.008438825607299805
563.385258,-0.1776425838470459,0.0632544755935669,-0.04778313636779785
563.485660,0.02919614315032959,-0.008261620998382568,-0.0039511919021606445
563.586169,0.017398357391357422,0.007658421993255615,0.0023626089096069336
563.686701,-0.011698901653289795,-0.005602002143859863,-0.025692790746688843
563.787135,-0.0025200843811035156,0.006637096405029297,0.006603419780731201
563.887706,-0.00513535737991333,0.019235193729400635,-0.00033485889434814453
563.988210,-0.008075594902038574,-0.010016977787017822,-0.015937119722366333
564.088708,-0.009561717510223389,0.009258270263671875,-0.013564497232437134
564.189263,-0.014908850193023682,-3.743171691894531e-05,-0.029817193746566772
564.289715,-0.003561854362487793,0.005192756652832031,0.02906566858291626
564.390282,0.0006137490272521973,0.008304715156555176,0.008412092924118042
564.490682,-0.021418213844299316,-0.006164908409118652,-0.01752263307571411
564.591225,-0.018026232719421387,0.01651066541671753,-0.02434709668159485
564.691903,0.0035753250122070312,0.010272800922393799,0.005905896425247192
564.792262,0.007541477680206299,-0.009170114994049072,0.00894230604171753
564.892831,0.008753657341003418,-0.0029798150062561035,0.0027746856212615967
564.993314,-0.003428041934967041,0.005994200706481934,0.0013617277145385742
565.093782,-0.017590045928955078,0.0010256767272949219,-0.003084242343902588
565.194270,0.038070738315582275,0.022232890129089355,0.01208508014678955
565.294797,0.10720759630203247,-0.11789226531982422,0.018220096826553345
565.395342,-0.18434017896652222,-0.038023293018341064,-0.047236859798431396
565.495786,-0.12964016199111938,0.13817167282104492,-0.1009836196899414
565.596238,0.24468994140625,0.04686778783798218,0.004748135805130005
565.696824,0.179631769657135,-0.25167930126190186,-0.006595492362976074
565.797279,-0.17737549543380737,0.01186370849609375,-0.02245938777923584
565.897820,-0.13334041833877563,0.02223271131515503,-0.052013084292411804
565.998259,0.08193337917327881,0.005026280879974365,0.036546170711517334
566.098811,-0.012125968933105469,0.018001198768615723,0.004637777805328369
566.199315,-0.014855623245239258,-0.0213930606842041,-0.015073388814926147
566.299879,0.001964271068572998,0.013793885707855225,0.010758891701698303
566.400343,-0.009655773639678955,-0.0013007521629333496,0.0001844167709350586
566.500798,0.005674421787261963,-0.0030316710472106934,-0.0007383227348327637
566.601292,0.005116403102874756,0.0007570385932922363,0.002309262752532959
566.701800,-0.015446662902832031,0.004906296730041504,0.0007307231426239014
566.802315,-0.0015811920166015625,-0.00025069713592529297,0.00048598647117614746
566.902884,-0.0012385249137878418,0.010315895080566406,-0.0014775991439819336
567.003407,0.1364094614982605,0.04328805208206177,0.016441166400909424
567.103906,0.16820544004440308,-0.12587815523147583,-0.020679771900177002
567.204371,-0.26015836000442505,-0.011156797409057617,-0.06752187013626099
567.304801,-0.2167873978614807,0.03418564796447754,-0.16674679517745972
567.405397,0.17429271340370178,0.13234704732894897,0.04856187105178833
567.505846,0.22777217626571655,-0.2194596529006958,-0.013698607683181763
567.606393,-0.11284369230270386,-0.020749390125274658,-0.05145895481109619
567.706838,-0.18024975061416626,0.028400540351867676,-0.07918098568916321
567.807360,0.05339854955673218,-0.030234932899475098,0.023158282041549683
567.907887,0.03129309415817261,0.006982684135437012,0.015533030033111572
568.008407,-0.014235436916351318,-0.016243338584899902,-0.02615821361541748
568.108902,-0.019790291786193848,0.020806968212127686,-0.01716691255569458
568.209359,0.0037557482719421387,-0.02324211597442627,-0.006783992052078247
568.309853,-0.0030551552772521973,0.0013785362243652344,-0.015123546123504639
568.410423,0.006550312042236328,0.020755290985107422,-0.00014728307723999023
568.510867,0.23121404647827148,-0.013652145862579346,0.0391077995300293
568.611427,-0.17368829250335693,-0.03575444221496582,-0.06007951498031616
568.711865,-0.15248560905456543,0.0057885050773620605,-0.1781381368637085
568.812344,0.07119670510292053,0.18917006254196167,-0.030020831152796745
568.912948,0.3556019365787506,-0.1246601939201355,0.037631720304489136
569.013462,0.10585248470306396,-0.24538612365722656,0.0010997653007507324
569.113940,-0.27792835235595703,0.04565465450286865,-0.1180836483836174
569.214550,-0.10180729627609253,-0.0032666921615600586,-0.07361817359924316
569.315080,0.08879274129867554,0.026542723178863525,0.03641218692064285
569.415397,0.03023320436477661,0.004735410213470459,0.015937939286231995
569.515932,-0.04184526205062866,-0.006323277950286865,-0.014191389083862305
569.616524,0.001723647117614746,0.015886127948760986,-0.0029521435499191284
569.716993,0.012226641178131104,0.0069558024406433105,0.0029494166374206543
569.817499,0.029093623161315918,0.020392656326293945,0.022068709135055542
569.917948,0.07433444261550903,-0.08559340238571167,0.04071421921253204
570.018415,-0.1824679970741272,-0.06606107950210571,-0.09623754024505615
570.118933,-0.19986888766288757,0.10221028327941895,-0.13383913040161133
570.219487,0.23169097304344177,0.19652438163757324,-0.005272261798381805
570.320004,0.2669019103050232,-0.3449852466583252,-0.03769221901893616
570.420447,0.0040718913078308105,-0.12152105569839478,0.005637109279632568
570.520944,-0.2400035858154297,0.020678222179412842,-0.08558028191328049
570.621481,-0.03532439470291138,-0.017495453357696533,-0.011121273040771484
570.722025,0.038424670696258545,0.040891051292419434,0.025988653302192688
570.822394,-0.033125877380371094,-0.01886826753616333,-0.012475624680519104
570.922978,-0.02624344825744629,-0.0009551644325256348,-0.008787810802459717
571.023564,0.024680614471435547,0.0261496901512146,0.013309106230735779
571.124177,-0.016183912754058838,-0.014084815979003906,0.0024871230125427246
571.224543,-0.013300895690917969,0.012750625610351562,-0.0012627840042114258
571.325024,-0.01104271411895752,-0.0011662840843200684,-0.0010292381048202515
571.425558,-0.01487034559249878,0.01716434955596924,0.0036512017250061035
571.525996,0.08072108030319214,0.10258227586746216,0.01927734911441803
571.626559,0.192366361618042,-0.09842836856842041,0.07134801149368286
571.727110,-0.2255372405052185,-0.11888331174850464,-0.1488790512084961
571.827528,-0.18577849864959717,-0.05166977643966675,-0.17570795118808746
571.928069,0.017271220684051514,0.20215344429016113,-0.03593612089753151
572.028535,0.34343844652175903,-0.014873504638671875,0.0626494437456131
572.129093,0.13254648447036743,-0.17419028282165527,0.01192241907119751
572.229619,-0.15358096361160278,-0.024199247360229492,-0.07059603929519653
572.330219,-0.1588209867477417,0.025354862213134766,-0.0674288272857666
572.430575,0.05212002992630005,-0.012215673923492432,0.015163719654083252
572.531053,-0.006339907646179199,0.02696889638900757,0.0032600313425064087
572.631628,-0.0008020401000976562,-0.0275651216506958,-0.009227216243743896
572.732064,-0.005242109298706055,0.0006531476974487305,0.0018872469663619995
572.832675,-0.0037119388580322266,-0.007126271724700928,-0.00444483757019043
572.933121,0.0033472776412963867,0.013506710529327393,-0.002443850040435791
573.033652,-0.0007521510124206543,0.03794974088668823,0.009091854095458984
573.134156,0.0667426586151123,0.054826974868774414,0.036108702421188354
573.234640,0.08597230911254883,-0.16612738370895386,-0.000505402684211731
573.335077,-0.20881539583206177,-0.08859390020370483,-0.12059735506772995
573.435673,-0.1945074498653412,0.10627156496047974,-0.16614069044589996
573.536105,0.14178258180618286,0.325322687625885,0.003149149939417839
573.636579,0.37549617886543274,-0.38121992349624634,-0.04941058158874512
573.737103,0.02552926540374756,-0.11199748516082764,0.00821012258529663
573.837676,-0.27954745292663574,-0.006696820259094238,-0.1057257205247879
573.938157,-0.03653651475906372,-0.08006477355957031,-0.049723803997039795
574.038638,0.029566407203674316,0.032787322998046875,0.022484660148620605
574.139162,0.010799765586853027,-0.013826549053192139,-0.015889525413513184
574.239666,-0.027564167976379395,0.01702362298965454,-0.01750314235687256
574.340119,0.011579513549804688,0.0068451762199401855,0.005514040589332581
574.440716,0.0814584493637085,0.07241863012313843,0.02834296226501465
574.541110,0.06044548749923706,-0.11440020799636841,0.01102195680141449
574.641776,-0.1811491847038269,-0.11492377519607544,-0.09648609161376953
574.742166,-0.17998790740966797,0.03294169902801514,-0.18333588540554047
574.842706,0.14789164066314697,0.3498228192329407,-0.0306246280670166
574.943168,0.44646573066711426,-0.28378212451934814,0.010871678590774536
575.043693,0.12052053213119507,-0.2063370943069458,-0.04116693139076233
575.144204,-0.3222699761390686,0.0023793578147888184,-0.14899533987045288
575.244721,-0.07765978574752808,0.01181173324584961,-0.07225507497787476
575.345115,0.10407555103302002,-0.0004399418830871582,0.036393165588378906
575.445610,-0.020067989826202393,0.03492969274520874,-0.0029461905360221863
575.546153,-0.03582429885864258,-0.004047513008117676,-0.018701866269111633
575.646769,-0.014116466045379639,0.03803783655166626,0.0028871893882751465
575.747294,0.2371147871017456,-0.028413355350494385,0.0737508237361908
575.847704,-0.09281176328659058,-0.1986534595489502,-0.06370508670806885
575.948175,-0.3556032180786133,0.037341296672821045,-0.22119677066802979
576.048746,0.034399986267089844,0.3185043931007385,-0.12657082080841064
576.149213,0.44146519899368286,-0.30976563692092896,0.03999608755111694
576.249814,0.05259108543395996,-0.19445347785949707,0.02810370922088623
576.350250,-0.17458081245422363,-0.016090095043182373,-0.09803783893585205
576.450665,-0.08590340614318848,-0.009419500827789307,-0.056189000606536865
576.551241,0.013004601001739502,0.028513967990875244,0.027362123131752014
576.651754,0.013159990310668945,0.004715621471405029,-0.010833799839019775
576.752262,-0.05048030614852905,-0.03159612417221069,-0.022548675537109375
576.852783,-0.0017777085304260254,0.002765059471130371,-0.02301013469696045
576.953275,0.020062804222106934,-0.015164434909820557,0.017244398593902588
577.053732,-0.005277454853057861,0.0012205839157104492,-0.006206735968589783
577.154220,-0.017669856548309326,0.017082393169403076,-0.020911037921905518
577.254743,-0.022182047367095947,0.03367280960083008,-0.01756870746612549
577.355399,0.11431652307510376,0.05323737859725952,0.1256774663925171
577.455759,0.09750348329544067,-0.2533454895019531,-0.0515826940536499
577.556244,-0.36847883462905884,0.06833982467651367,-0.26046621799468994
577.656825,-0.015647441148757935,0.2855851650238037,-0.049662113189697266
577.757223,0.3286181688308716,-0.16485357284545898,0.09188307821750641
577.857819,0.2119297981262207,-0.14741289615631104,0.03688925504684448
577.958326,-0.21526896953582764,0.018219292163848877,-0.06446897238492966
578.058755,-0.10955405235290527,-0.060633063316345215,-0.04924970865249634
578.159266,0.0598335862159729,-0.019579172134399414,-0.015311002731323242
578.259833,-0.013906598091125488,0.018644630908966064,0.007544592022895813
578.360272,-0.015684306621551514,0.007526695728302002,-0.0033366233110427856
578.460775,0.03666883707046509,-0.026089131832122803,-0.0156744122505188
578.561313,-0.03334540128707886,-0.01688528060913086,-0.016169428825378418
578.661782,-0.03713583946228027,0.0226212739944458,-0.013955116271972656
578.762341,0.10441261529922485,0.0721127986907959,0.1190267950296402
578.862904,0.2217165231704712,-0.23333799839019775,-0.061038434505462646
578.963328,-0.4467301368713379,-0.02187037467956543,-0.16261804103851318
579.063813,-0.04596298933029175,0.3265700936317444,-0.012531526386737823
579.164398,0.3302389979362488,-0.3067554235458374,-0.036143407225608826
579.264915,0.03828996419906616,-0.07865828275680542,0.03858652710914612
579.365414,-0.2244868278503418,0.07131606340408325,0.00024205446243286133
579.465895,0.031060636043548584,-0.08088517189025879,-0.03220963478088379
579.566326,0.03788137435913086,-0.011238515377044678,-0.005372166633605957
579.666860,-0.036526262760162354,0.038262784481048584,0.019060641527175903
579.767368,-0.007706999778747559,0.006201744079589844,-0.005539417266845703
579.867863,0.007335960865020752,-0.021380066871643066,0.001900702714920044
579.968413,-0.017069637775421143,0.01210641860961914,0.008991479873657227
580.068989,0.0021148324012756348,-0.027043163776397705,-0.004687637090682983
580.169384,-0.02124464511871338,0.005999445915222168,-0.01066058874130249
580.269880,-0.016094624996185303,0.018576443195343018,0.0030324161052703857
580.370408,0.00745391845703125,0.003237128257751465,0.0008941292762756348
580.470898,-0.014400184154510498,-0.005605220794677734,-0.00707593560218811
580.571371,-0.018432319164276123,0.005521118640899658,0.0019634515047073364
580.671943,0.010690569877624512,-0.005439460277557373,-0.00032323598861694336
580.772537,-0.00283205509185791,-0.006439208984375,-0.004498869180679321
580.872931,-0.004917442798614502,0.015246808528900146,-0.0034236907958984375
580.973432,-0.0011128783226013184,-0.0013072490692138672,-0.008580058813095093
581.073922,0.00038892030715942383,0.005783677101135254,-0.007551908493041992
581.174504,-0.012078285217285156,-0.009408414363861084,-0.004451870918273926
581.274975,0.00663304328918457,0.004455506801605225,0.00838366150856018
581.375441,-0.010335564613342285,0.0034818053245544434,-0.004512131214141846
581.475939,-0.016185402870178223,0.017315149307250977,-0.007348418235778809
581.576429,-0.005440413951873779,-0.018176674842834473,-0.007811367511749268
581.676957,0.09831738471984863,0.031661152839660645,0.004983752965927124
581.777437,0.12064105272293091,-0.2968880534172058,-0.03382599353790283
581.877965,-0.3875519633293152,0.004281520843505859,-0.14724266529083252
581.978478,-0.07287919521331787,0.3620154857635498,-0.07671927660703659
582.078938,0.26399216055870056,-0.24765831232070923,-0.00864708423614502
582.179444,0.17241299152374268,-0.20476824045181274,-0.0192987322807312
582.279868,-0.2465304136276245,-0.15467745065689087,-0.07571029663085938
582.380491,-0.23221546411514282,0.07899230718612671,-0.015585489571094513
582.480959,0.1872626543045044,-0.008144259452819824,0.02225571870803833
582.581595,-0.03411412239074707,0.04913890361785889,0.0156557559967041
582.681994,-0.05646783113479614,0.003044724464416504,-0.005828797817230225
582.782485,0.0340922474861145,-0.057507216930389404,-0.007553473114967346
582.883118,-0.03718501329421997,0.03054487705230713,-0.005474209785461426
582.983578,-0.010134220123291016,-0.0036547183990478516,0.004225477576255798
583.084052,0.01955968141555786,-0.017414569854736328,-0.0009188205003738403
583.184533,-0.014304161071777344,0.0007219314575195312,-0.004686594009399414
583.285003,0.009990572929382324,0.0006902217864990234,-0.002254292368888855
583.385548,-0.01915156841278076,0.011286258697509766,0.004766523838043213
583.486040,-0.01419532299041748,0.05514383316040039,0.011591985821723938
583.586533,0.04517465829849243,-0.012856900691986084,-0.0062933266162872314
583.687082,0.006728112697601318,-0.029092013835906982,-0.01364511251449585
583.787584,-0.04404938220977783,-0.007857203483581543,-0.008659720420837402
583.888052,-0.001041412353515625,-0.02921295166015625,-0.011590033769607544
583.988608,-0.012323081493377686,0.038071274757385254,0.0019689202308654785
584.089111,0.015223860740661621,0.00259244441986084,0.005165666341781616
584.189501,-0.018529653549194336,-0.00021880865097045898,-0.004607364535331726
584.290071,-0.0032675862312316895,0.006417751312255859,0.0001614987850189209
584.390621,-0.004136979579925537,0.006230950355529785,-0.005692288279533386
584.491082,-0.008098721504211426,-0.010977745056152344,-0.0029345154762268066
584.591583,-0.002488076686859131,0.021149396896362305,-0.0027826130390167236
584.692053,-0.009157836437225342,-0.008825123310089111,-0.0098065584897995
584.792604,-0.019553184509277344,-0.015501916408538818,-0.0036478638648986816
584.893128,0.006736457347869873,-0.003905773162841797,-0.004980027675628662
584.993539,-0.01697695255279541,0.010538339614868164,-0.001174837350845337
585.094084,-0.005517780780792236,-0.00015717744827270508,-0.0041615962982177734
585.194732,-0.00633549690246582,0.008884012699127197,-0.003519773483276367
585.295076,-0.010125160217285156,0.007583916187286377,-0.0036863088607788086
585.395695,-0.0016949772834777832,-0.0026311874389648438,8.592009544372559e-05
585.496089,-0.009113729000091553,0.0068326592445373535,0.0033774077892303467
585.596657,0.0008543133735656738,-0.0019515752792358398,-0.005510479211807251
585.697119,-0.0009211301803588867,0.01118546724319458,-0.0036932528018951416
585.797600,-8.624792098999023e-05,-0.0013661384582519531,0.004506349563598633
585.898179,-0.024136245250701904,-0.00023162364959716797,-0.004651486873626709
585.998599,-0.0044116973876953125,-0.008190155029296875,-0.0036011338233947754
586.099193,0.0133056640625,0.013060808181762695,0.003914356231689453
586.199730,-0.011647820472717285,0.004022359848022461,0.004200488328933716
586.300219,0.006174564361572266,0.0031657814979553223,-0.01762932538986206
586.400690,-0.0009002089500427246,-0.031594157218933105,-0.019086897373199463
586.501374,-0.028484106063842773,0.02019280195236206,-0.024763166904449463
586.601779,-0.009670138359069824,0.03401428461074829,-0.004776284098625183
586.702148,0.16552257537841797,-0.006380558013916016,0.07239454984664917
586.802725,0.04989689588546753,-0.28489118814468384,-0.1161535307765007
586.903290,-0.441783607006073,0.07438242435455322,-0.1757962703704834
587.003677,-0.12306731939315796,0.4385831952095032,-0.07537627220153809
587.104225,0.29833459854125977,-0.18642812967300415,-0.06893526017665863
587.204709,0.1852121353149414,-0.30606669187545776,-0.00868600606918335
587.305242,-0.283008337020874,0.03236442804336548,0.0557253360748291
587.405716,-0.06890547275543213,0.06125277280807495,-0.03280550241470337
587.506259,0.07731789350509644,-0.055496931076049805,0.0021091103553771973
587.606721,0.0031794309616088867,0.051277101039886475,-0.009861022233963013
587.707334,-0.007631659507751465,0.01248025894165039,0.021668165922164917
587.807743,0.013894736766815186,0.0010728240013122559,-0.03859049081802368
587.908259,-0.002637892961502075,-0.016132891178131104,0.012815415859222412
588.008751,-0.00011995434761047363,0.014411211013793945,0.018402695655822754
588.109343,0.07087796926498413,0.002466440200805664,-0.010601311922073364
588.209780,0.0533294677734375,-0.20816570520401,-0.0188789963722229
588.310241,-0.31754541397094727,-0.025502681732177734,-0.06159590929746628
588.410730,-0.05625027418136597,0.18201905488967896,-0.10622793436050415
588.511216,0.10067880153656006,-0.013709008693695068,-0.00780583918094635
588.611811,0.03428524732589722,-0.03470027446746826,0.032650768756866455
588.712308,-0.06340616941452026,0.09242552518844604,-0.007487744092941284
588.812751,0.15618133544921875,-0.014715760946273804,-0.1448357105255127
588.913346,-0.07434183359146118,-0.21199211478233337,-0.15853804349899292
589.013780,0.10048490762710571,-0.11454001069068909,0.062298715114593506
589.114260,0.023709803819656372,0.04713451862335205,-0.07641416788101196
589.214838,0.022290706634521484,0.08647789061069489,0.04020547866821289
589.315312,-0.001110181212425232,-0.009355723857879639,-0.24972915649414062
589.415794,-0.005326762795448303,0.1008118987083435,0.13228660821914673
589.516340,-0.01620456576347351,0.023178130388259888,0.0339924693107605
589.616821,-0.029921967536211014,0.020611584186553955,-0.032318830490112305
589.717406,-0.023676607757806778,0.004559606313705444,0.04183119535446167
589.817778,-0.013434669002890587,-0.0036421120166778564,0.027650892734527588
589.918328,0.023770896717905998,0.0201435387134552,-0.029509007930755615
590.018863,-0.015361804515123367,-0.005346447229385376,-0.013792335987091064
590.119257,0.020468924194574356,0.005803197622299194,0.05223637819290161
590.219976,-0.0061402712017297745,-0.0014447271823883057,-0.04577314853668213
590.320314,-0.028775691986083984,0.01723197102546692,-0.03578674793243408
590.420807,-0.045952022075653076,0.035714805126190186,-0.007034361362457275
590.521330,-0.04925236105918884,0.0321354866027832,-0.039551615715026855
590.621938,-0.0624464750289917,0.08846825361251831,-0.0873103141784668
590.722537,-0.018141567707061768,0.00137406587600708,-0.057559311389923096
590.822867,0.014931082725524902,0.09544193744659424,0.022397221997380257
590.923400,-0.09625393152236938,0.008741438388824463,0.07614122331142426
591.023851,0.060430049896240234,0.010709166526794434,0.10165032744407654
591.124359,-0.007599174976348877,-0.027800559997558594,0.0754631757736206
591.224853,0.06564253568649292,-0.20422446727752686,0.007751435041427612
591.325369,-0.028830498456954956,0.07405954599380493,0.12100483477115631
591.425842,-0.08848599344491959,0.19884508848190308,0.005904974415898323
591.526378,0.07338553667068481,0.1775227189064026,-0.04540146887302399
591.626854,0.1319420039653778,-0.3534417748451233,0.0641694962978363
591.727371,0.17530930042266846,-0.37549060583114624,-0.019373983144760132
591.827950,-0.3143150806427002,0.11458319425582886,0.2103945016860962
591.928435,-0.040080904960632324,0.04028993844985962,-0.04601556062698364
592.028913,0.07782590389251709,-0.019529104232788086,0.01190793514251709
592.129407,-0.027032196521759033,0.05393606424331665,-0.02430325746536255
592.229876,0.19373005628585815,-0.0681256651878357,-0.008986227214336395
592.330375,-0.09333449602127075,-0.08175408840179443,0.1774297058582306
592.431012,-0.2628955841064453,0.3756987452507019,0.022792696952819824
592.531418,0.037857770919799805,0.05465942621231079,0.13426071405410767
592.631884,0.036494314670562744,-0.486272394657135,0.18015751242637634
592.732489,0.07750821113586426,-0.027788281440734863,-0.10692273825407028
592.833072,-0.3209649324417114,0.026220619678497314,0.10245818644762039
592.933499,0.12131160497665405,-0.04585397243499756,-0.02082502841949463
593.034039,0.019405663013458252,0.049488067626953125,-0.007964611053466797
593.134430,-0.05499613285064697,0.02337479591369629,-0.02299165353178978
593.234924,0.008514463901519775,-0.0028318166732788086,0.010601166635751724
593.335520,-0.027073264122009277,0.029936552047729492,-0.022636353969573975
593.435907,0.08383971452713013,0.1903477907180786,-0.19141697883605957
593.536459,0.18683898448944092,-0.2635433077812195,0.1691664457321167
593.637029,-0.23217976093292236,-0.004963099956512451,0.20688694715499878
593.737475,-0.13132375478744507,0.2965506315231323,-0.09284883737564087
593.838057,0.15579882264137268,-0.11188697814941406,-0.030970212072134018
593.938531,0.11713369190692902,-0.2913901209831238,0.0484095960855484
594.039019,-0.11854386329650879,0.07126754522323608,-0.006964921951293945
594.139423,-0.11052614450454712,0.03049081563949585,0.030242860317230225
594.240098,0.045623958110809326,-0.07769417762756348,0.06750023365020752
594.340554,0.0027005672454833984,0.04311037063598633,-0.04328322783112526
594.441064,0.006522417068481445,0.0188978910446167,-0.03899991512298584
594.541605,-0.0250546932220459,-0.014995992183685303,0.014077309519052505
594.642031,0.001032114028930664,-0.00865393877029419,-0.010316848754882812
594.742506,0.01218348741531372,0.01582270860671997,-0.007392764091491699
594.843061,-0.03442823886871338,-0.010226547718048096,-0.012538909912109375
594.943590,-0.01863795518875122,0.01627892255783081,0.01414358988404274
595.044025,0.0003693103790283203,-0.003300905227661133,0.007033828645944595
595.144535,-0.004599452018737793,0.0022758841514587402,-0.0010991096496582031
595.245059,-0.011797189712524414,-0.00878596305847168,-0.006501916795969009
595.345660,0.12943130731582642,-0.01325303316116333,-0.020664576441049576
595.446002,-0.08164644241333008,-0.06664854288101196,0.0645214393734932
595.546596,-0.29353559017181396,0.23916953802108765,-0.017821475863456726
595.647004,0.3069245517253876,0.09148412942886353,-0.06779301166534424
595.747607,-0.0005824267864227295,-0.4449337124824524,0.259473979473114
595.848075,-0.08026570081710815,0.02549213171005249,-0.06960545480251312
595.948576,-0.2971079349517822,0.03580862283706665,0.08444368839263916
596.049088,0.11425012350082397,-0.07719177007675171,0.006278865039348602
596.149615,0.01374971866607666,0.034185051918029785,-0.02694154530763626
596.250178,-0.06147897243499756,0.029008328914642334,-0.009809732437133789
596.350599,0.07183682918548584,-0.04906660318374634,0.013824351131916046
596.451097,-0.011810362339019775,0.02308589220046997,-0.01584707945585251
596.551574,-0.04046577215194702,-0.0010815262794494629,0.004577048122882843
596.652032,-0.00031954050064086914,0.004921853542327881,0.0005362033843994141
596.752598,-7.164478302001953e-05,-0.002490520477294922,0.0073201656341552734
596.853215,-0.005150794982910156,0.0036894679069519043,-0.0011311769485473633
596.953606,-0.02803778648376465,0.0031588077545166016,0.015101425349712372
597.054022,0.00019377470016479492,-0.00896984338760376,0.008520834147930145
597.154680,-0.012216389179229736,0.05660921335220337,-0.04905223846435547
597.255101,0.029193878173828125,0.1585601568222046,-0.01017499715089798
597.355695,0.08086524158716202,-0.15593969821929932,0.02225816249847412
597.456169,-0.08754780888557434,-0.2011670470237732,0.12280809879302979
597.556608,-0.10072159767150879,-0.00047850608825683594,0.0019974857568740845
597.657149,-0.23857152462005615,0.04843151569366455,0.014585144817829132
597.757664,0.10056537389755249,-0.04910355806350708,0.030765056610107422
597.858253,-0.020092248916625977,0.054884374141693115,-0.033149246126413345
597.958719,-0.03855949640274048,0.024085283279418945,-0.01010012999176979
598.059193,0.030829191207885742,0.0052915215492248535,0.006742831319570541
598.159623,-0.03014320135116577,0.018848776817321777,-0.018600942566990852
598.260221,-0.027774155139923096,0.00922936201095581,0.011702176183462143
598.360637,0.010445237159729004,-0.004864513874053955,0.012976646423339844
598.461357,0.001916348934173584,0.013696372509002686,-0.021622302010655403
598.561701,-0.016937673091888428,-0.003026723861694336,0.004055265337228775
598.662173,0.013746380805969238,0.008973836898803711,-0.014622926712036133
598.762566,-0.1065824031829834,0.10082083940505981,-0.048006780445575714
598.863226,0.03654801845550537,0.14045369625091553,-0.10759654641151428
598.963726,0.034585557878017426,-0.2381669282913208,0.12986338138580322
599.064778,0.006263166666030884,-0.12961924076080322,0.07654649019241333
599.164733,-0.13151556253433228,0.025316298007965088,0.04853120446205139
599.265256,-0.08634674549102783,0.05509859323501587,0.021288856863975525
599.365734,-0.044564902782440186,0.10554742813110352,0.0002599935978651047
599.466187,0.034899935126304626,0.050059735774993896,-0.054358482360839844
599.566748,0.09245318919420242,-0.01763838529586792,-0.023194074630737305
599.667249,0.011616542935371399,-0.18382900953292847,0.024383544921875
599.767801,-0.0373532772064209,-0.008835136890411377,0.027723878622055054
599.868193,-0.06699836254119873,0.056285858154296875,-0.02763107419013977
599.968726,-0.03154841810464859,0.025704801082611084,-0.006537199020385742
600.069299,0.018164178356528282,-0.008213281631469727,0.011452525854110718
600.169596,0.004350187256932259,0.008976876735687256,-0.025237053632736206
600.270258,0.0022243373095989227,-0.08874720335006714,0.06677892804145813
600.370760,-0.015657097101211548,-0.19441598653793335,0.0872795432806015
600.471491,-0.18188777565956116,0.08734375238418579,0.10498173534870148
600.571766,-0.11550301313400269,0.2685713768005371,0.012984827160835266
600.672303,0.12902086973190308,0.13530844449996948,-0.006217598915100098
600.772821,0.019875645637512207,-0.4763849973678589,0.09903693199157715
600.873317,-0.15787747502326965,0.025197863578796387,0.08969181776046753
600.973782,-0.08746236562728882,7.56382942199707e-05,-0.007266506552696228
601.074341,-0.23012667894363403,0.05213838815689087,0.049348488450050354
601.174802,0.0560569167137146,-0.05765324831008911,-0.01508745551109314
601.275355,-0.0009318292140960693,0.02915138006210327,-0.01352691650390625
601.375827,-0.01790475845336914,0.008858263492584229,-0.0002231597900390625
601.476371,0.027514338493347168,-0.02645421028137207,-0.0005048662424087524
601.576791,-0.03219360113143921,-0.002538144588470459,0.0017474740743637085
601.677359,0.07555782794952393,-0.12148261070251465,0.020846005529165268
601.777819,-0.12347412109375,0.08449411392211914,0.0811385065317154
601.878329,-0.09675624966621399,0.2148163914680481,-0.006785094738006592
601.978884,0.12526658177375793,0.0012262463569641113,0.013171076774597168
602.079351,-0.03175517916679382,-0.406355082988739,0.11394882202148438
602.179781,-0.10489195585250854,-0.02812415361404419,0.09986352920532227
602.280362,-0.10806131362915039,-0.04265725612640381,0.012979507446289062
602.380882,-0.24089574813842773,0.02168440818786621,0.037451863288879395
602.481354,0.02194344997406006,-0.0495835542678833,0.025619633495807648
602.581831,0.010478615760803223,0.0365026593208313,-0.02702939882874489
602.682302,-0.04554939270019531,0.018584609031677246,-0.0111236572265625
602.782919,0.013880312442779541,-0.003183722496032715,0.007943511009216309
602.883352,-0.0029944777488708496,-0.003719925880432129,-0.0033485908061265945
602.984005,-0.01497805118560791,-0.007218718528747559,0.02550727128982544
603.084459,0.012991666793823242,-0.004386186599731445,-0.005007501691579819
603.184881,0.040638267993927,0.04195338487625122,-0.059255003929138184
603.285413,-0.13852521777153015,0.09548240900039673,-0.00757521390914917
603.385897,-0.06548486649990082,0.1469646692276001,0.049202367663383484
603.486405,0.1428852081298828,-0.24348217248916626,0.02289557456970215
603.586914,-0.003239952027797699,-0.15142786502838135,0.09055894613265991
603.687410,-0.01573842763900757,0.04045039415359497,-0.07072222232818604
603.787885,-0.18806439638137817,0.07371777296066284,0.018584415316581726
603.888464,-0.011001348495483398,-0.06414544582366943,0.029679879546165466
603.988933,-0.018416285514831543,-0.008656740188598633,0.03219568729400635
604.089402,0.009055554866790771,0.002270042896270752,-0.018642187118530273
604.189952,0.010118067264556885,0.012764811515808105,0.0028580427169799805
604.290453,-0.014987409114837646,-0.003557562828063965,-0.0030094459652900696
604.390958,-0.004249632358551025,0.017479002475738525,-0.0038950443267822266
604.491471,-0.0343899130821228,-0.0682266354560852,0.027617037296295166
604.591917,-0.16843169927597046,0.03599739074707031,0.0796806663274765
604.692438,-0.008030310273170471,0.2512110471725464,0.08145076036453247
604.792972,0.14557906985282898,-0.417283296585083,0.006622806191444397
604.893509,-0.10445656627416611,-0.04748588800430298,0.12107342481613159
604.993962,0.15890932083129883,-0.06624847650527954,-0.028314612805843353
605.094461,-0.29140931367874146,0.07383489608764648,0.08576631546020508
605.194948,0.02615410089492798,-0.0848468542098999,0.044086091220378876
605.295474,0.03392672538757324,-0.0009481310844421387,0.008464332669973373
605.395961,-0.0413203239440918,0.002713441848754883,0.01049882173538208
605.496610,0.005684912204742432,0.04440271854400635,-0.023819565773010254
605.596974,0.04901796579360962,-0.055027902126312256,-0.033726394176483154
605.697587,-0.1863170862197876,0.012570977210998535,0.13621914386749268
605.798010,-0.062497884035110474,0.24756544828414917,0.04526722431182861
605.898588,0.23480847477912903,-0.1357547640800476,0.029061436653137207
605.999126,-0.18707579374313354,-0.4595429301261902,0.14972993731498718
606.099556,-0.03345903754234314,-0.09392291307449341,-0.11394312977790833
606.199979,-0.24938249588012695,0.08995217084884644,0.1408347487449646
606.300520,-0.03381532430648804,-0.03690910339355469,0.0028781890869140625
606.400999,-0.008771061897277832,-0.016357064247131348,-0.0011046528816223145
606.501785,0.002542257308959961,0.011471271514892578,0.0029112696647644043
606.602105,-0.016700387001037598,-0.013530433177947998,0.0020767003297805786
606.702549,-0.032013654708862305,-0.00044983625411987305,0.0024604052305221558
606.803173,-0.028472900390625,0.010687768459320068,-0.03811633586883545
606.903657,-0.05830800533294678,-0.032019197940826416,0.013425767421722412
607.004080,-0.08511757850646973,0.22500544786453247,0.020525112748146057
607.104588,0.1429092288017273,0.002283155918121338,-0.025329217314720154
607.205045,-0.11130303144454956,-0.3700050711631775,0.1831446886062622
607.305554,-0.08312729001045227,-0.0581318736076355,-0.09166663885116577
607.406082,-0.31799906492233276,0.1431046724319458,0.03959941864013672
607.506542,0.04098862409591675,-0.09797817468643188,0.061947330832481384
607.607099,0.007999002933502197,0.046210527420043945,-0.03912043571472168
607.707518,-0.03282272815704346,0.051133573055267334,-0.02986418455839157
607.808053,0.019261419773101807,-0.0065972208976745605,-0.014569751918315887
607.908680,0.013381898403167725,-0.003910362720489502,0.0018823295831680298
608.009172,-0.05158710479736328,0.00044655799865722656,0.0101851224899292
608.109598,0.005832314491271973,-0.0025194883346557617,-0.005163177847862244
608.210141,0.019934773445129395,0.007320106029510498,-0.0028537511825561523
608.310669,-0.0342940092086792,-0.008382141590118408,0.004275575280189514
608.411168,-0.024476289749145508,-0.005937814712524414,0.019548535346984863
608.511686,0.022631168365478516,-5.316734313964844e-05,-0.0057822465896606445
608.612116,-0.004440188407897949,0.013548851013183594,-0.02223873883485794
608.712687,-0.04094409942626953,-0.01188880205154419,0.01931595802307129
608.813138,0.03246426582336426,0.007731914520263672,-0.03084910660982132
608.913721,0.06277310848236084,-0.004952490329742432,-0.017695076763629913
609.014133,-0.09934461116790771,0.029453039169311523,0.041539423167705536
609.114636,-0.10716348886489868,0.050409913063049316,0.1182931661605835
609.215220,0.12350784987211227,0.04039794206619263,-0.048983097076416016
609.315608,0.07413866370916367,-0.2417948842048645,0.018697589635849
609.416211,-0.11969548463821411,-0.005721569061279297,-0.00494733452796936
609.516657,-0.12432926893234253,0.0397372841835022,0.06300318241119385
609.617142,-0.007392168045043945,-0.017765820026397705,0.02590131014585495
609.717738,-0.022580087184906006,-0.0034180879592895508,0.009432673454284668
609.818203,0.023000717163085938,0.010425329208374023,-0.009413599967956543
609.918646,0.0354960560798645,0.003272831439971924,-0.0122222900390625
610.019229,-0.029226839542388916,-0.038491666316986084,-0.03970801830291748
610.119700,-0.08747357130050659,0.022207975387573242,-0.017844796180725098
610.220224,-0.12943828105926514,0.0031120777130126953,0.04780375957489014
610.320670,-0.03276192396879196,0.14652717113494873,0.08956993371248245
610.421160,0.12022513151168823,-0.12413996458053589,0.052682727575302124
610.521673,0.03643236309289932,-0.21894794702529907,0.024435877799987793
610.622345,0.16109120845794678,-0.15826416015625,0.045216381549835205
610.722791,-0.2477562427520752,0.10646408796310425,0.11297692358493805
610.823277,-0.006902813911437988,-0.0316585898399353,0.020787104964256287
610.923719,0.006889462471008301,-0.01295161247253418,0.01920129358768463
611.024252,0.0038010478019714355,0.006264448165893555,-0.012180790305137634
611.124727,-0.0023037195205688477,0.0015341639518737793,-0.021065592765808105
611.225272,-0.044510066509246826,0.01605910062789917,0.046198662370443344
611.325759,-0.18980538845062256,0.17172247171401978,0.05944162607192993
611.426207,0.24413089454174042,0.04135090112686157,-0.04793095588684082
611.526769,0.025355888530611992,-0.3689139485359192,0.18230599164962769
611.627311,-0.0733022689819336,0.1293623447418213,-0.12461179494857788
611.727877,-0.12547200918197632,0.04246324300765991,-0.004911839962005615
611.828288,0.04980438947677612,-0.11384135484695435,0.08145439624786377
611.928784,-0.01728236675262451,0.03281569480895996,-0.018078744411468506
612.029335,-0.03423473238945007,0.012183725833892822,-0.01276126503944397
612.129777,0.038955122232437134,-0.0012532472610473633,-0.007542014122009277
612.230378,0.011550605297088623,0.049431800842285156,-0.08703029155731201
612.330801,0.0460551381111145,-0.09645676612854004,-0.013435423374176025
612.431273,-0.1229751706123352,-0.10546529293060303,0.16087666153907776
612.531848,-0.15117625892162323,0.06374132633209229,0.1539260298013687
612.632348,0.059101320803165436,0.004724681377410889,0.11244627833366394
612.732761,0.16379153728485107,-0.12484598159790039,-0.020848482847213745
612.833386,0.06817299127578735,-0.024473369121551514,-0.07281199097633362
612.933893,-0.08707243204116821,0.0749361515045166,-0.018196478486061096
613.034375,-0.08944427967071533,-0.024620652198791504,0.038854002952575684
613.134891,-0.025656402111053467,-0.011651396751403809,0.0036362409591674805
613.235291,0.026830971240997314,0.0016745328903198242,0.0021543502807617188
613.335804,-0.018981873989105225,0.005139052867889404,-0.0032421350479125977
613.436450,-0.01549839973449707,-0.006353259086608887,0.007449626922607422
613.536890,0.020742475986480713,0.042379915714263916,-0.03498757630586624
613.637292,-0.004970729351043701,0.04298275709152222,-0.06640613824129105
613.737884,-0.048939049243927,-0.10544532537460327,0.07682777941226959
613.838444,-0.14589974284172058,0.15616822242736816,0.08674370497465134
613.938830,0.10296648740768433,-0.03078359365463257,0.02438555657863617
614.039417,0.03469080850481987,-0.03923004865646362,-0.03773960471153259
614.139843,0.04239755868911743,-0.032015204429626465,-0.10365632176399231
614.240449,-0.11704689264297485,0.0936887264251709,-0.022787466645240784
614.340912,0.037050724029541016,0.008831501007080078,-0.010405197739601135
614.441412,-0.013299107551574707,-0.015669524669647217,0.023780718445777893
614.541896,-0.021283864974975586,0.025623798370361328,0.003018483519554138
614.642361,0.0020104646682739258,-0.021793365478515625,-0.0035823583602905273
614.742941,0.0008604526519775391,-0.009493350982666016,-0.008730515837669373
614.843396,-0.0015291571617126465,-0.015482425689697266,0.011512026190757751
614.943874,-0.09729218482971191,-0.011139214038848877,0.052876248955726624
615.044356,-0.046911656856536865,0.12836021184921265,0.11766361445188522
615.144958,0.08295488357543945,-0.002949059009552002,-0.07230690121650696
615.245405,0.12552528083324432,-0.1995038390159607,-0.010000407695770264
615.345913,-0.08465519547462463,0.013840973377227783,-0.005889713764190674
615.446362,-0.15216445922851562,0.0796053409576416,0.03892957419157028
615.546883,-0.00904807448387146,-0.0016420483589172363,0.02317368984222412
615.647442,0.051996827125549316,-0.038480520248413086,0.013925537467002869
615.748044,0.004199117422103882,0.02960580587387085,-0.02442372590303421
615.848398,0.0035943984985351562,0.007893085479736328,-0.0029184669256210327
615.948885,-0.018814563751220703,0.005200088024139404,-0.0052073076367378235
616.049513,-0.07941865921020508,0.03913164138793945,0.013434529304504395
616.149947,-0.14795055985450745,0.1812158226966858,0.10276138782501221
616.250531,0.11464749276638031,-0.19206225872039795,0.04063701629638672
616.351016,-0.005009383894503117,-0.10549032688140869,0.039189666509628296
616.451405,0.07374674081802368,-0.1288231611251831,-0.04778382182121277
616.551988,-0.2884538769721985,0.13393175601959229,0.06731759756803513
616.652528,0.025925159454345703,-0.043476104736328125,-0.0010067224502563477
616.753046,0.040360450744628906,-0.03460860252380371,0.02094447612762451
616.853531,0.0018334388732910156,0.01962941884994507,-0.019973278045654297
616.954348,0.0012924671173095703,0.01369023323059082,0.005961291491985321
617.054487,0.05356627702713013,-0.0069806575775146484,-0.019730452448129654
617.155009,-0.0973745584487915,0.021128833293914795,-0.002762436866760254
617.255527,-0.19129163026809692,0.10752999782562256,0.04839897155761719
617.355984,0.1310034692287445,0.08038532733917236,0.10300671309232712
617.456453,0.11925116181373596,-0.17020583152770996,-0.029234111309051514
617.557006,0.00873267650604248,-0.22531968355178833,0.02475506067276001
617.657520,-0.11992287635803223,0.011142373085021973,0.00839182734489441
617.758119,-0.12166881561279297,0.017146825790405273,0.02531147003173828
617.858602,0.04154646396636963,-0.07362759113311768,0.023682445287704468
617.959065,-0.03216207027435303,0.033378660678863525,-0.0054624974727630615
618.059499,-0.0012436509132385254,0.01860862970352173,-0.004267334938049316
618.160070,-0.003172457218170166,-0.011527717113494873,-0.0072002112865448
618.260556,-0.03545492887496948,0.014546871185302734,0.009644836187362671
618.361073,0.019160568714141846,0.002797365188598633,-0.03229376673698425
618.461563,0.07374733686447144,0.0071495771408081055,-0.04024386405944824
618.562046,-0.03339129686355591,-0.08647167682647705,0.07174542546272278
618.662584,-0.16547134518623352,0.045141637325286865,0.1444869041442871
618.763099,0.0659511387348175,0.2578531503677368,0.03322005271911621
618.863613,0.1539166122674942,-0.265661358833313,-0.0029702484607696533
618.964062,0.09262187778949738,-0.08011305332183838,-0.024364948272705078
619.064572,-0.06725996732711792,0.045881807804107666,-0.006262093782424927
619.165170,-0.19137167930603027,0.025272369384765625,0.037171632051467896
619.265675,0.011149942874908447,-0.039234459400177,0.016317099332809448
619.366150,0.024113357067108154,-0.0036196112632751465,0.0028341710567474365
619.466578,-0.028014421463012695,0.015118122100830078,-0.01440054178237915
619.567063,-0.02564060688018799,-0.010450124740600586,0.023252874612808228
619.667632,0.021860599517822266,-0.004287600517272949,-8.162856101989746e-05
619.768007,0.021606862545013428,0.045298993587493896,-0.04712879657745361
619.868602,0.10771805047988892,-0.050347983837127686,-0.027773946523666382
619.969163,-0.057469308376312256,-0.047958433628082275,0.03359207510948181
620.069671,-0.2817838191986084,0.20155060291290283,0.16657805442810059
620.170241,0.05159779638051987,0.1562727689743042,0.03792952001094818
620.270628,0.1519259214401245,-0.21535110473632812,-0.019895613193511963
620.371234,0.18113943934440613,-0.21768206357955933,0.007098644971847534
620.471622,-0.13385862112045288,0.05085200071334839,0.0558258593082428
620.572152,-0.1063086986541748,-0.005817592144012451,0.037265315651893616
620.672671,0.029625296592712402,-0.03871864080429077,0.011196702718734741
620.773218,0.011098802089691162,0.03846520185470581,-0.02621471881866455
620.873700,-0.021511554718017578,3.6776065826416016e-05,0.00342772901058197
620.974172,0.00587993860244751,-0.012092530727386475,0.0031514018774032593
621.074687,-0.011770784854888916,0.009102344512939453,-0.0020948797464370728
621.175201,-0.04698580503463745,-0.015367448329925537,0.009191155433654785
621.275728,0.0007466673851013184,0.01080477237701416,-0.0045176297426223755
621.376046,0.04155021905899048,0.008239805698394775,-0.0074388980865478516
621.476711,-0.009985029697418213,-0.013653874397277832,-0.007380738854408264
621.577186,-0.06188780069351196,-0.0054024457931518555,0.027015097439289093
621.677672,-0.07352232933044434,-0.09462916851043701,0.04427598789334297
621.778241,-0.08524948358535767,0.23654383420944214,0.06985460966825485
621.878697,0.09955602884292603,0.03144174814224243,0.021855205297470093
621.979174,0.10809041559696198,-0.3737022280693054,0.06427013874053955
622.079813,-0.023566901683807373,-0.06361246109008789,0.05708950757980347
622.180220,-0.22431546449661255,0.09495300054550171,0.056804150342941284
622.280792,-0.007183849811553955,-0.0749552845954895,0.014636874198913574
622.381287,-0.014396369457244873,0.03094184398651123,0.004116863012313843
622.481896,-0.006118297576904297,0.017244279384613037,-0.02507595717906952
622.582317,-0.00881052017211914,-0.004478335380554199,0.013934582471847534
622.682804,0.01757347583770752,-0.014606237411499023,0.003746330738067627
622.783338,0.0012682676315307617,0.013798117637634277,-0.005355328321456909
622.883786,-0.05311983823776245,0.0001392364501953125,-0.004445821046829224
622.984219,0.013234615325927734,0.022514045238494873,-0.00487479567527771
623.084786,0.126004159450531,-0.05967855453491211,-0.0026414692401885986
623.185255,-0.12547367811203003,-0.19848448038101196,0.06735382974147797
623.285793,-0.23004865646362305,0.17544394731521606,0.11791259795427322
623.386343,0.10024137794971466,0.31777632236480713,0.07653236389160156
623.486779,0.17103861272335052,-0.4554571509361267,0.09292632341384888
623.587239,0.10877567529678345,-0.26487576961517334,-0.0025233030319213867
623.687773,-0.2618796229362488,0.11612391471862793,0.10842740535736084
623.788349,-0.07954615354537964,-0.016790270805358887,0.05162155628204346
623.888719,0.05315542221069336,-0.05489581823348999,-0.011568903923034668
623.989343,-0.002560257911682129,0.03782188892364502,-0.0019641071557998657
624.089850,-0.02733635902404785,0.010215401649475098,0.010557889938354492
624.190386,0.020381927490234375,-0.017299652099609375,-0.015147432684898376
624.290843,-0.04620790481567383,0.006352245807647705,0.012361541390419006
624.391400,-0.0027907490730285645,-0.01262664794921875,-0.005380257964134216
624.491965,0.022114574909210205,0.027163207530975342,-0.004597075283527374
624.592315,-0.00966423749923706,-0.003487706184387207,-0.011905074119567871
624.692868,-0.04036855697631836,-0.00867992639541626,0.021637186408042908
624.793322,0.006861388683319092,-0.016151368618011475,0.0055936723947525024
624.893892,0.004787325859069824,0.02542942762374878,-0.022271379828453064
624.994455,0.022110700607299805,0.053060173988342285,-0.013940468430519104
625.094918,0.039951443672180176,-0.13966619968414307,-0.012180805206298828
625.195389,-0.15703058242797852,-0.12970781326293945,0.0631633922457695
625.295914,-0.1372828185558319,0.23311513662338257,0.21353137493133545
625.396413,0.13486021757125854,-0.0034235715866088867,-0.023527562618255615
625.496825,0.17150644958019257,-0.41814476251602173,0.05187332630157471
625.597413,0.052745521068573,-0.1369401216506958,0.07854345440864563
625.697965,-0.3765965700149536,0.07678425312042236,0.10016773641109467
625.798397,0.014749586582183838,-0.06089305877685547,0.0001538991928100586
625.898812,0.09883421659469604,-0.02042001485824585,-0.001148134469985962
625.999465,-0.07234138250350952,0.0495988130569458,-0.021514788269996643
626.099868,-0.04785609245300293,-0.007914304733276367,0.019614800810813904
626.200525,0.02767699956893921,-0.020131468772888184,0.012995243072509766
626.300892,-0.0047664642333984375,0.01677316427230835,-0.01763331890106201
626.401368,-0.0486299991607666,-0.017948687076568604,0.011930108070373535
626.502018,0.01670539379119873,0.00937497615814209,4.361569881439209e-05
626.602487,0.022105932235717773,0.013183951377868652,-0.010122433304786682
626.702920,-0.006932079792022705,-0.042457640171051025,-0.005525216460227966
626.803453,0.04200708866119385,-0.08911103010177612,0.003947034478187561
626.904007,-0.14642751216888428,-0.015671253204345703,0.07175076007843018
627.004458,0.027606666088104248,0.2973594069480896,0.08194351941347122
627.104925,0.12418685853481293,-0.16234642267227173,0.021581530570983887
627.205492,0.04175165295600891,-0.3551126718521118,0.07821005582809448
627.306041,-0.10442757606506348,-0.06851375102996826,0.08007422089576721
627.406362,-0.26973438262939453,0.09698927402496338,0.05680452287197113
627.506998,0.017522871494293213,-0.055743396282196045,0.01747193932533264
627.607406,0.04278874397277832,-0.0051149725914001465,-0.03310069441795349
627.707951,-0.033180415630340576,0.023267805576324463,0.001645207405090332
627.808519,-0.011345088481903076,-0.019294917583465576,0.024676114320755005
627.909010,0.007871091365814209,0.015143811702728271,0.0010371208190917969
628.009501,0.07648086547851562,-0.12737983465194702,0.03004966676235199
628.110001,-0.09295278787612915,-0.06585335731506348,0.03216910362243652
628.210573,-0.08843505382537842,0.19258487224578857,0.049468278884887695
628.311015,0.20061010122299194,0.10953831672668457,0.026155367493629456
628.411463,0.11595918983221054,-0.14156991243362427,0.0023073554039001465
628.512037,0.061788350343704224,-0.20497792959213257,-0.014672577381134033
628.612569,-0.2473168969154358,0.07609826326370239,0.04326599836349487
628.713058,-0.06663256883621216,-0.008113503456115723,0.031284451484680176
628.813587,0.11371791362762451,-0.053041934967041016,0.008790373802185059
628.914035,-0.01005774736404419,0.027657389640808105,-0.03395417332649231
629.014594,-0.05306804180145264,0.012502133846282959,0.004845261573791504
629.115088,0.00011754035949707031,-0.03163689374923706,0.028851091861724854
629.215521,-0.01943296194076538,0.017324328422546387,-0.013444095849990845
629.316056,-0.017338812351226807,0.01810663938522339,0.009327083826065063
629.416599,0.046832382678985596,-0.014274358749389648,-0.009928971529006958
629.517117,0.0038002729415893555,0.004990577697753906,-0.004808336496353149
629.617589,-0.07527691125869751,0.02795344591140747,-0.013291478157043457
629.718184,-0.022395610809326172,0.05927616357803345,-0.030662059783935547
629.818546,0.13473516702651978,-0.25693315267562866,-0.01099616289138794
629.919061,-0.1285279095172882,-0.20863449573516846,0.18470463156700134
630.019593,-0.0817365050315857,0.3374755382537842,0.11317801475524902
630.120068,0.08950634300708771,0.19322043657302856,-0.08017131686210632
630.220659,0.22537654638290405,-0.3425576686859131,0.05808985233306885
630.321141,-0.02795994281768799,-0.05112946033477783,0.002126544713973999
630.421605,-0.3764570355415344,0.10967320203781128,0.07109163701534271
630.522139,0.008646547794342041,-0.07226717472076416,0.04479287564754486
630.622664,0.10522818565368652,-0.016475796699523926,-0.020897865295410156
630.723245,-0.012644052505493164,0.030664563179016113,-0.02358531951904297
630.823696,-0.015495359897613525,-0.0014538764953613281,0.0036481916904449463
630.924190,0.03783845901489258,0.00297468900680542,0.005643963813781738
631.024687,0.01930457353591919,0.10278820991516113,0.03002074360847473
631.125197,-0.23980200290679932,-0.09579402208328247,0.02103900909423828
631.225710,0.010743796825408936,-0.15236163139343262,-0.017581969499588013
631.326192,0.2410605549812317,-0.2550705075263977,0.10368123650550842
631.426664,0.020054727792739868,0.0696001648902893,0.06776060163974762
631.527122,-0.12863600254058838,0.10869711637496948,0.010306600481271744
631.627649,-0.07389175891876221,0.04823416471481323,0.0009002685546875
631.728134,0.045029014348983765,-0.030342459678649902,-0.010097607970237732
631.828739,0.06072351336479187,-0.025069713592529297,-0.025049805641174316
631.929128,0.003362596035003662,0.004412055015563965,0.028946787118911743
632.029724,-0.006104767322540283,-0.026398837566375732,0.010277271270751953
632.130148,-0.04960861802101135,-0.03924483060836792,0.010571122169494629
632.230731,0.017270684242248535,0.006471395492553711,0.024202581495046616
632.331234,0.018224090337753296,0.04621756076812744,0.00952595379203558
632.431694,0.004669621586799622,-0.019245445728302002,-0.026420295238494873
632.532209,-0.11808930337429047,0.012449026107788086,0.061032362282276154
632.632716,0.06000952422618866,0.2327767014503479,0.05054295063018799
632.733239,0.049259305000305176,-0.030383288860321045,-0.04039222002029419
632.833825,-0.06098640710115433,-0.07453370094299316,0.036900464445352554
632.934177,0.018987268209457397,0.013890981674194336,-0.004508256912231445
633.034730,-0.16262437403202057,0.15867549180984497,0.0032832585275173187
633.135227,0.18192657828330994,0.025941014289855957,0.08807069063186646
633.235830,0.04803657531738281,-0.017210662364959717,0.09544423222541809
633.336252,-0.11278131604194641,-0.1531345248222351,-0.17284464836120605
633.436796,-0.21725012362003326,0.04130697250366211,-0.24298933148384094
633.537269,0.10079601407051086,0.1454874873161316,-0.015320777893066406
633.637760,0.12958021461963654,-0.018670320510864258,0.08971814811229706
633.738379,0.0833447277545929,-0.24151533842086792,-0.023458421230316162
633.838762,-0.08294206857681274,0.06386458873748779,-0.019814670085906982
633.939205,-0.1058366596698761,0.03007727861404419,-0.03709721565246582
634.039828,-0.0053879618644714355,-0.05811220407485962,-0.04028052091598511
634.140321,-0.008471429347991943,-0.011760175228118896,0.011373847723007202
634.240840,0.01022958755493164,-0.008875131607055664,-0.021871238946914673
634.341312,-0.01849299669265747,0.011262297630310059,-0.004431009292602539
634.441687,-0.016388773918151855,-0.02208632230758667,0.006339624524116516
634.542286,0.01957477629184723,0.03476172685623169,-0.020558059215545654
634.642824,0.0009730309247970581,-0.0003293752670288086,0.02022625505924225
634.743305,0.04978720843791962,0.025077462196350098,0.028193414211273193
634.843824,-0.053885579109191895,-0.10639506578445435,-0.02724185585975647
634.944302,-0.06875529885292053,0.01587092876434326,-0.06689894199371338
635.044847,-0.09064176678657532,0.1923978328704834,-0.08893967419862747
635.145393,0.014307305216789246,-0.0879220962524414,0.02880680561065674
635.245872,0.11311794817447662,-0.16972094774246216,0.014160245656967163
635.346379,-0.007698416709899902,0.031221449375152588,0.030055135488510132
635.446681,-0.1064859926700592,0.0633736252784729,-0.005268260836601257
635.547298,-0.027289092540740967,-0.08844155073165894,-0.036559075117111206
635.647641,0.04828673601150513,0.029897689819335938,0.036505669355392456
635.748368,-0.016611546277999878,0.01889890432357788,-0.017508268356323242
635.848932,-0.05392542481422424,-0.04497992992401123,-0.007776498794555664
635.949381,0.07084077596664429,0.039031982421875,0.0027677565813064575
636.049903,0.039987534284591675,-0.08846741914749146,0.01654459536075592
636.150441,-0.08419656753540039,0.03661179542541504,-0.020463697612285614
636.250996,-0.10910646617412567,0.11999684572219849,-0.050221025943756104
636.351444,0.08898665755987167,-0.09327536821365356,0.022868454456329346
636.451674,0.054628483951091766,-0.07252204418182373,0.006766170263290405
636.552360,-0.08912509679794312,0.029457271099090576,0.011462286114692688
636.652897,-0.06622694432735443,0.01174086332321167,-0.04660335183143616
636.753416,0.05033749341964722,-0.07236415147781372,0.010273873805999756
636.853954,-0.014920517802238464,0.06803780794143677,0.02171434462070465
636.954394,-0.042516887187957764,-0.020435035228729248,-0.024803727865219116
637.054736,0.037422388792037964,0.01014554500579834,0.010785236954689026
637.155260,-0.005351603031158447,0.02711254358291626,-0.009829223155975342
637.255678,-0.033943504095077515,-0.03390544652938843,0.0075262486934661865
637.356224,0.017650187015533447,0.04455113410949707,-0.0038075894117355347
637.456953,0.043906211853027344,-0.1319149136543274,0.029997587203979492
637.557434,-0.1157749593257904,0.010839402675628662,-0.09142012149095535
637.657939,-0.12138119339942932,0.1661357283592224,-0.05994725227355957
637.758479,0.12210537493228912,-0.10649985074996948,-0.002674102783203125
637.858983,0.09119388461112976,-0.1782575249671936,0.02863752841949463
637.959433,-0.09951600432395935,0.11736315488815308,0.04461956024169922
638.059939,-0.14331161975860596,-0.025202691555023193,-0.06689801812171936
638.160474,0.041178345680236816,-0.061363399028778076,-0.003334134817123413
638.260959,-0.011517912149429321,0.08655732870101929,0.007132112979888916
638.361501,-0.010377049446105957,-0.019137024879455566,-0.0009696483612060547
638.462003,0.03769513964653015,-0.03853803873062134,0.01695653796195984
638.562508,-0.06164485216140747,-0.08413368463516235,-0.005650937557220459
638.663021,-0.1500341296195984,0.07774180173873901,-0.10929512977600098
638.763549,0.05295412242412567,0.11313652992248535,-0.0011758208274841309
638.863963,0.15513063967227936,-0.16209787130355835,0.01363024115562439
638.964481,0.01340562105178833,0.01749897003173828,0.05091091990470886
639.064986,-0.12100231647491455,0.04728984832763672,-0.02078363299369812
639.165496,-0.053924500942230225,-0.06524461507797241,-0.04082278907299042
639.266046,0.039305537939071655,0.02648603916168213,0.03627082705497742
639.366574,-0.02317783236503601,0.041015625,-0.0035580992698669434
639.467058,-0.03484201431274414,-0.03724724054336548,-0.014148935675621033
639.567569,0.04549950361251831,0.020721793174743652,-0.028873980045318604
639.668120,0.07110998034477234,-0.06105363368988037,0.05162709951400757
639.768558,-0.06521037220954895,-0.06089901924133301,-0.028930410742759705
639.869058,-0.1566859483718872,0.07441514730453491,-0.09980225563049316
639.969571,0.0777740553021431,0.14063787460327148,-0.019831780344247818
640.070066,0.15473929047584534,-0.15800011157989502,0.051127731800079346
640.170556,0.010787993669509888,-0.051695406436920166,0.06098669767379761
640.271046,-0.09804493188858032,0.07293540239334106,-0.03427934646606445
640.371561,-0.028362661600112915,-0.07990264892578125,-0.0015577077865600586
640.472077,0.004389643669128418,0.01624518632888794,-0.0013406872749328613
640.572541,-0.030319243669509888,0.016737759113311768,-0.0011761188507080078
640.673064,0.03245893120765686,-0.020094871520996094,-0.0025395750999450684
640.773617,-0.005192548036575317,0.017759859561920166,-0.0021999329328536987
640.874112,-0.01949980854988098,-0.017224609851837158,-0.009123533964157104
640.974572,0.02184969186782837,0.0037317872047424316,0.018619626760482788
641.075053,0.07427024841308594,-0.09873849153518677,0.048896968364715576
641.175558,-0.1279231607913971,0.02330005168914795,-0.07266199588775635
641.276129,-0.13513752818107605,0.1328604817390442,-0.06499588489532471
641.376662,0.1342453956604004,-0.024140536785125732,-0.0022376254200935364
641.476980,0.11207076162099838,-0.13124632835388184,0.054824262857437134
641.577613,0.03391489386558533,-0.029887378215789795,0.046274006366729736
641.678184,-0.1366765797138214,0.011678218841552734,-0.04206973314285278
641.778666,0.013123244047164917,-0.06327033042907715,-0.013922810554504395
641.879119,0.0247117280960083,0.024604320526123047,-0.0033705532550811768
641.979710,-0.026654154062271118,-0.005182147026062012,0.012896299362182617
642.080152,-0.005198359489440918,-0.009609460830688477,-0.02560180425643921
642.180759,0.014927417039871216,-0.00044095516204833984,0.02035650610923767
642.281188,-0.008032947778701782,0.0360909104347229,0.014237940311431885
642.381666,0.004176080226898193,-0.09266018867492676,-0.01736322045326233
642.482206,-0.006121933460235596,-0.017320752143859863,-0.004512116312980652
642.582630,-0.13491559028625488,0.1537432074546814,-0.07486170530319214
642.683163,-0.008063305169343948,0.036540091037750244,0.0016427040100097656
642.783748,0.1381538212299347,-0.21925723552703857,0.006095170974731445
642.884205,0.03472566604614258,0.015981316566467285,0.06627967953681946
642.984728,-0.13796284794807434,0.08287149667739868,-0.022389322519302368
643.085191,-0.055566489696502686,-0.10864001512527466,-0.049385398626327515
643.185709,0.037482380867004395,0.04425013065338135,0.0014823675155639648
643.286168,0.015146851539611816,0.011543452739715576,0.011964946985244751
643.386748,-0.04691368341445923,-0.03265416622161865,0.0023080110549926758
643.487201,-0.0039886534214019775,0.0022194385528564453,-0.01708361506462097
643.587658,0.029494047164916992,-0.001545727252960205,0.028263628482818604
643.688194,-0.01770678162574768,0.03017359972000122,-0.011836796998977661
643.788701,0.005159229040145874,-0.021113872528076172,-0.0035912692546844482
643.889212,0.1340295374393463,-0.06567734479904175,0.02352958917617798
643.989797,-0.11705130338668823,0.01662278175354004,-0.07715678960084915
644.090205,-0.15821249783039093,0.1241912841796875,-0.08679866790771484
644.190706,0.08184320479631424,-0.048740506172180176,0.011706478893756866
644.291277,0.16237744688987732,-0.17051833868026733,0.07793554663658142
644.391788,-0.0690251886844635,0.09160035848617554,0.022037625312805176
644.492208,-0.1665528118610382,-0.004974484443664551,-0.04542402923107147
644.592704,0.0382935106754303,-0.06924980878829956,-0.03218483924865723
644.693293,0.024542570114135742,0.03422790765762329,0.024958133697509766
644.793738,-0.02527076005935669,-0.016288399696350098,0.00873573124408722
644.894274,-0.024613112211227417,-0.012823104858398438,-0.025587618350982666
644.994824,0.02202180027961731,0.013290166854858398,0.03016763925552368
645.095313,0.0475442111492157,0.030556857585906982,-0.01590341329574585
645.195769,-0.009332776069641113,-0.13613510131835938,0.01023322343826294
645.296321,-0.10042920708656311,0.04322761297225952,-0.06713777780532837
645.396801,-0.04718378186225891,0.14818954467773438,-0.059440016746520996
645.497328,0.08957423269748688,-0.028834819793701172,0.0365307480096817
645.597881,0.05345886945724487,-0.16572999954223633,0.00889161229133606
645.698278,-0.01898515224456787,0.033644914627075195,0.04112255573272705
645.798870,-0.07178494334220886,0.060026705265045166,-0.014823436737060547
645.899385,-0.025719523429870605,-0.09106612205505371,-0.01866772770881653
645.999796,0.02171263098716736,0.047426581382751465,-0.0004904568195343018
646.100360,0.03202676773071289,-0.0011282563209533691,0.0022071897983551025
646.200852,-0.03417116403579712,-0.006869614124298096,0.004163920879364014
646.301302,-0.012440085411071777,0.006531655788421631,-0.011438697576522827
646.401932,0.08001333475112915,-0.014590919017791748,0.04352128505706787
646.502409,0.03893482685089111,-0.030629992485046387,-0.007185637950897217
646.602832,-0.1566852629184723,0.03866070508956909,-0.07165127992630005
646.703374,-0.0114966481924057,0.13476794958114624,-0.06984007358551025
646.803863,0.15094900131225586,-0.1731184720993042,0.018234193325042725
646.904405,0.054949089884757996,-0.08778631687164307,0.060825467109680176
647.004882,-0.10255679488182068,0.05736899375915527,0.002603679895401001
647.105390,-0.06925603747367859,0.03607523441314697,-0.00939178466796875
647.205885,0.04701590538024902,-0.04095125198364258,-0.015426978468894958
647.306411,-0.03313061594963074,0.01785719394683838,0.016402363777160645
647.406897,0.022036075592041016,0.003755927085876465,-0.018837392330169678
647.507332,0.01587599515914917,-0.00027751922607421875,0.0028123855590820312
647.607860,0.04299899935722351,-0.01988542079925537,0.0374678373336792
647.708419,-0.004261910915374756,-0.09097409248352051,0.01213081181049347
647.808836,-0.1710289716720581,0.10059547424316406,-0.06201493367552757
647.909507,0.031283050775527954,0.1905553936958313,-0.03492099046707153
648.009973,0.0949181392788887,-0.2713091969490051,0.013220265507698059
648.110451,0.0729275494813919,-0.0851140022277832,0.0075338780879974365
648.210976,-0.12348672747612,0.1142924427986145,-0.007364749908447266
648.311437,-0.06646692752838135,-0.022420048713684082,-0.011938676238059998
648.411994,0.021742910146713257,-0.0397721529006958,-0.009618863463401794
648.512365,0.030757009983062744,0.05188411474227905,0.03602895140647888
648.612972,-0.013871550559997559,0.01269066333770752,-0.02260369062423706
648.713515,-0.05566999316215515,-0.04899275302886963,-0.007470548152923584
648.814007,0.02452567219734192,0.02225625514984131,-0.015901654958724976
648.914561,0.015696018934249878,0.0212746262550354,0.014671385288238525
649.015002,0.017588913440704346,-0.0251273512840271,0.024163812398910522
649.115511,0.0006647408008575439,-0.0748106837272644,-0.010274052619934082
649.216079,-0.1430397629737854,0.0900195837020874,-0.057663917541503906
649.316477,0.026184067130088806,0.19299578666687012,-0.03726541996002197
649.416981,0.1066083312034607,-0.3064762353897095,0.02215483784675598
649.517467,0.023891955614089966,-0.00382077693939209,0.015135467052459717
649.618004,-0.12138080596923828,0.14027929306030273,0.006173998117446899
649.718505,-0.04534068703651428,-0.08419555425643921,-0.026389986276626587
649.819016,0.02277207374572754,-0.02360612154006958,-0.017751723527908325
649.919513,0.03664451837539673,0.04321622848510742,0.0424327552318573
650.020018,-0.0048645734786987305,-0.010114789009094238,-0.021574676036834717
650.120520,-0.05319812893867493,-0.016785085201263428,-0.0017181932926177979
650.221070,0.028619438409805298,0.016678810119628906,-0.02234700322151184
650.321496,0.06067889928817749,-0.014677464962005615,0.01969817280769348
650.422067,-0.006792157888412476,-0.10334897041320801,0.018307745456695557
650.522486,-0.15659204125404358,0.10758298635482788,-0.08066821098327637
650.623018,0.0032985806465148926,0.23942726850509644,-0.052930355072021484
650.723655,0.20384132862091064,-0.2812691926956177,0.007606983184814453
650.824060,-0.04684191942214966,0.0018031001091003418,0.03556090593338013
650.924538,-0.12147769331932068,0.09862250089645386,-0.02312341332435608
651.025066,0.0023230016231536865,-0.07725238800048828,-0.014148816466331482
651.125573,-0.0022014081478118896,-0.007591426372528076,0.01340252161026001
651.226164,0.006705611944198608,0.017251551151275635,-0.000709831714630127
651.326533,0.016772806644439697,0.027365565299987793,0.010554522275924683
651.427067,-0.012901008129119873,-0.0029911398887634277,-0.017345070838928223
651.527607,-0.04073739051818848,-0.02286994457244873,-0.0015877783298492432
651.628040,0.05478912591934204,0.015514254570007324,0.012625545263290405
651.728589,0.09008443355560303,-0.07978701591491699,0.029121071100234985
651.829144,-0.13761276006698608,0.037768781185150146,-0.023849621415138245
651.929608,-0.12383919954299927,0.1028713583946228,-0.06587547063827515
652.030128,0.08979761600494385,-0.0174596905708313,-0.02986162155866623
652.130447,0.1416587084531784,-0.14117568731307983,0.0322413444519043
652.231082,-0.05109921097755432,-0.015390157699584961,0.04333627223968506
652.331650,-0.12173482775688171,0.05846303701400757,-0.0380098819732666
652.432106,0.028118133544921875,-0.06795477867126465,0.0008984804153442383
652.532598,0.020227491855621338,0.06145256757736206,0.0030795633792877197
652.633094,-0.03310325741767883,-0.00019890069961547852,0.007709503173828125
652.733618,0.029219627380371094,-0.0008613467216491699,-0.012516260147094727
652.834214,0.07623270153999329,-0.024754643440246582,0.011397331953048706
652.934642,-0.07064390182495117,-0.1150708794593811,-0.0047449469566345215
653.035190,-0.1890968680381775,0.08880460262298584,-0.11948144435882568
653.135634,0.023262105882167816,0.14641082286834717,-0.024738136678934097
653.236194,0.1929241269826889,-0.16794174909591675,0.03411862254142761
653.336674,0.0013660192489624023,-0.037179529666900635,0.01380053162574768
653.437378,-0.12820008397102356,0.10189449787139893,-0.012584120035171509
653.537667,-0.018208205699920654,-0.0713685154914856,-0.017362475395202637
653.638238,0.006799936294555664,0.005457162857055664,0.013752996921539307
653.738638,-0.008959412574768066,0.02786266803741455,-0.002252727746963501
653.839205,0.0358012318611145,-0.0024471282958984375,0.010349959135055542
653.939683,-0.009599953889846802,0.04359942674636841,-0.021337449550628662
654.040215,0.027821362018585205,-0.07455414533615112,0.02806103229522705
654.140632,-0.052688419818878174,-0.08700776100158691,-0.028627797961235046
654.241275,-0.16471853852272034,0.04116809368133545,-0.06995022296905518
654.341731,-0.04890201985836029,0.16550886631011963,-0.045136209577322006
654.442182,0.16792941093444824,-0.11395388841629028,0.015157580375671387
654.542747,0.11570340394973755,-0.04198038578033447,0.03687846660614014
654.643257,-0.09966138005256653,0.02426445484161377,0.0008140504360198975
654.743712,-0.12730860710144043,-0.030109763145446777,-0.028467923402786255
654.844283,0.011833131313323975,-0.021065950393676758,-0.023530781269073486
654.944870,0.05386972427368164,0.054367244243621826,0.049500346183776855
655.045246,-0.00170174241065979,0.03337019681930542,-0.011585921049118042
655.145766,0.034794628620147705,-0.020611882209777832,0.011356234550476074
655.246330,0.0510520339012146,-0.13133877515792847,-0.00810474157333374
655.346763,-0.23638346791267395,0.09725362062454224,-0.09286093711853027
655.447210,-0.07797214388847351,0.09809660911560059,-0.06789278984069824
655.547891,0.19298972189426422,-0.13892650604248047,0.013475030660629272
655.648275,0.13756592571735382,-0.14015555381774902,0.075625479221344
655.748784,-0.14870676398277283,0.09089130163192749,-0.014808237552642822
655.849274,-0.14344027638435364,0.003257155418395996,-0.037399470806121826
655.949745,0.0820252001285553,-0.05063366889953613,-0.025862574577331543
656.050238,0.030574798583984375,0.06439429521560669,0.03362911939620972
656.150811,0.012212753295898438,0.03092867136001587,0.02581918239593506
656.251327,0.08561056852340698,-0.15030360221862793,-0.01796470582485199
656.351778,-0.2092738151550293,0.014033079147338867,-0.08393478393554688
656.452340,-0.0646166205406189,0.21686625480651855,-0.10189007967710495
656.552858,0.2210371345281601,-0.16628789901733398,0.04885120689868927
656.653359,0.0742294192314148,-0.1294427514076233,0.031070590019226074
656.753869,-0.1421395242214203,0.12517088651657104,-0.00322115421295166
656.854357,-0.08332747220993042,-0.08356505632400513,-0.029941856861114502
656.954829,0.04271972179412842,-0.023959636688232422,-0.00223734974861145
657.055314,0.03818359971046448,0.051162660121917725,0.04514846205711365
657.155701,-0.003386378288269043,-0.03159046173095703,-0.026434898376464844
657.256367,-0.008346647024154663,-0.033524930477142334,-0.01702025532722473
657.356830,0.07510662078857422,-0.1383323073387146,-0.03738710284233093
657.457324,-0.2508167028427124,0.0643349289894104,-0.079337477684021
657.557869,-0.0643446147441864,0.2299365997314453,-0.05171644687652588
657.658219,0.144985631108284,-0.0797877311706543,-0.020276546478271484
657.758840,0.13768543303012848,-0.35572683811187744,0.02259764075279236
657.859374,-0.15495997667312622,0.07426363229751587,-0.03418707847595215
657.959916,-0.21559208631515503,0.04255259037017822,-0.017584145069122314
658.060535,0.08774086833000183,-0.07472747564315796,-0.032546401023864746
658.160922,0.027224868535995483,0.007822930812835693,0.011606156826019287
658.261451,-0.050890713930130005,0.049700796604156494,0.02743561565876007
658.361910,0.024868547916412354,0.007593870162963867,-0.022500038146972656
658.462368,0.11063465476036072,-0.25759947299957275,-0.0012303590774536133
658.562908,-0.2123933732509613,0.03073173761367798,-0.11359262466430664
658.663421,-0.08661952614784241,0.2195887565612793,-0.08692599833011627
658.764065,0.18244169652462006,-0.127044677734375,-0.009156584739685059
658.864425,0.08047506213188171,-0.24402278661727905,0.02835938334465027
658.964963,-0.12533247470855713,0.08175379037857056,-0.005419597029685974
659.065389,-0.19791743159294128,-0.03472405672073364,-0.07465952634811401
659.165939,0.07793474197387695,-0.033390045166015625,0.014455676078796387
659.266439,-0.01886269450187683,0.09767192602157593,-0.0030591413378715515
659.367045,-0.006857365369796753,-0.009011626243591309,0.009399056434631348
659.467441,0.07618466019630432,-0.14976787567138672,-0.0055220723152160645
659.567970,-0.1775628924369812,-0.0833122730255127,-0.050894856452941895
659.668413,-0.13182669878005981,0.26362985372543335,-0.09140358865261078
659.768999,0.16605979204177856,0.036485493183135986,-0.028734859079122543
659.869461,0.18826282024383545,-0.6027508974075317,-0.022024035453796387
659.969952,-0.18291544914245605,0.06176328659057617,-0.06779049336910248
660.070478,-0.17520171403884888,0.054167985916137695,-0.04081004858016968
660.171004,0.0431559681892395,-0.0016459822654724121,-0.006325490772724152
660.271607,0.016435205936431885,0.06366974115371704,0.013569239526987076
660.371951,-0.015368878841400146,0.08712971210479736,0.007952392101287842
660.472510,0.1835501790046692,-0.26037323474884033,-0.012833595275878906
660.572956,-0.2639573812484741,0.009415745735168457,-0.12705564498901367
660.673507,-0.04142102599143982,0.3631126284599304,-0.13605889678001404
660.774035,0.202358677983284,0.014030277729034424,-0.10862243175506592
660.874558,0.21551960706710815,-0.749728798866272,-0.04105734825134277
660.975074,-0.21861380338668823,0.123757004737854,-0.07448035478591919
661.075550,-0.18418735265731812,0.05465292930603027,-0.07138049602508545
661.175972,-0.013631463050842285,-0.024884402751922607,-0.012698175385594368
661.276529,0.05023661255836487,0.038227379322052,0.023869872093200684
661.377019,-0.020458221435546875,0.08031594753265381,-0.03074091486632824
661.477617,0.07412844896316528,-0.06650424003601074,0.04784167557954788
661.578022,-0.12516796588897705,-0.12347942590713501,-0.024506565183401108
661.678582,-0.14388224482536316,0.24182289838790894,-0.15272118151187897
661.779010,0.17960263788700104,-0.17828887701034546,-0.03034496307373047
661.879596,0.06412148475646973,-0.2396399974822998,0.04877430200576782
661.980191,-0.12310677766799927,0.11699849367141724,0.005958914756774902
662.080561,-0.13446825742721558,0.028171896934509277,-0.051725611090660095
662.181085,-0.01216539740562439,-0.09294050931930542,0.005954518914222717
662.281599,0.04398906230926514,0.10116201639175415,0.007829613983631134
662.382110,0.009195595979690552,0.0021875500679016113,-0.017740175127983093
662.482600,0.010426253080368042,-0.042544782161712646,0.020573794841766357
662.583124,-0.036956787109375,-0.09456366300582886,-0.01980656385421753
662.683632,-0.18066608905792236,0.15649980306625366,-0.09403275698423386
662.784105,0.08661352097988129,0.018143773078918457,-0.05715792626142502
662.884598,0.11878852546215057,-0.29108864068984985,0.024362027645111084
662.985120,-0.020383328199386597,0.14020675420761108,0.057892948389053345
663.085613,-0.09104400873184204,0.09064584970474243,-0.010417342185974121
663.186116,0.02864128351211548,-0.14166885614395142,-0.010826289653778076
663.286682,0.021038413047790527,0.10738211870193481,-0.009394586086273193
663.387129,0.015614032745361328,-0.0059868693351745605,-0.0018960237503051758
663.487623,0.05124276876449585,-0.01162266731262207,0.007756590843200684
663.588138,-0.12941038608551025,-0.12935107946395874,-0.015414655208587646
663.688618,-0.17840728163719177,0.08850866556167603,-0.09236472845077515
663.789099,0.008951455354690552,0.07885587215423584,-0.06554687023162842
663.889715,0.17694199085235596,-0.34280920028686523,0.023320019245147705
663.990134,-0.09879401326179504,0.12156862020492554,0.06634944677352905
664.090821,-0.08924195170402527,0.06892430782318115,-0.012027621269226074
664.191167,-0.019882678985595703,-0.08478879928588867,-0.020205199718475342
664.291600,0.02398812770843506,-0.009063363075256348,0.00019037723541259766
664.392204,0.03436601161956787,0.007275581359863281,0.016464903950691223
664.492654,0.011638760566711426,0.049522578716278076,-0.02154134213924408
664.593284,0.15219861268997192,-0.16828006505966187,0.019844889640808105
664.693744,-0.24429884552955627,0.08792179822921753,-0.06569147109985352
664.794154,-0.07655161619186401,0.18816787004470825,-0.07013045996427536
664.894715,0.18605533242225647,-0.13028407096862793,-0.02016519010066986
664.995229,0.10578952729701996,-0.2155083417892456,0.052103906869888306
665.095793,-0.15801316499710083,0.10073214769363403,0.009232163429260254
665.196190,-0.10243526101112366,-0.014417171478271484,-0.050287485122680664
665.296657,0.027713626623153687,-0.056374311447143555,0.0023095011711120605
665.397238,0.03896522521972656,0.03577786684036255,0.007437542080879211
665.497733,-0.0216444730758667,0.013948023319244385,-0.014584392309188843
665.598241,0.10795623064041138,-0.09131067991256714,0.02940267324447632
665.698809,-0.15049976110458374,-0.08850729465484619,-0.016479745507240295
665.799259,-0.20987653732299805,0.16334080696105957,-0.08296084403991699
665.899815,0.06978427618741989,0.154310405254364,-0.11499673873186111
666.000195,0.17220266163349152,-0.42492735385894775,0.04830285906791687
666.100757,-0.12263807654380798,0.0835466980934143,-0.02638569474220276
666.201198,-0.16279065608978271,0.020147264003753662,-0.0228748619556427
666.301792,-0.00012379884719848633,-0.1360567808151245,-0.015260443091392517
666.402262,0.01487642526626587,-0.026310622692108154,-0.05367112159729004
666.502767,-0.060236573219299316,0.06665730476379395,-0.04681234806776047
666.603260,-0.0011199712753295898,-0.029877543449401855,-0.011076927185058594
666.703765,0.01368778944015503,-0.0076174139976501465,0.03352057933807373
666.804275,-0.005038797855377197,0.036102294921875,-0.018180131912231445
666.904821,0.02674233913421631,0.13435900211334229,0.018183767795562744
667.005291,0.12396073341369629,-0.2196493148803711,-0.15570782124996185
667.105813,0.07913392782211304,-0.06476384401321411,0.0225200355052948
667.206280,-0.03771287202835083,0.033805131912231445,-0.12826889753341675
667.306822,-0.05101430416107178,0.07321876287460327,0.08414548635482788
667.407351,-0.0495431125164032,0.0322248637676239,0.08621281385421753
667.507801,-0.027688533067703247,-0.007525265216827393,0.017015933990478516
667.608273,-0.009099245071411133,0.038226306438446045,-0.013841211795806885
667.708789,-0.029401719570159912,0.013171374797821045,0.029926180839538574
667.809311,-0.023214682936668396,0.0036593079566955566,-0.01671123504638672
667.909956,0.007196307182312012,0.01622489094734192,-0.02670389413833618
668.010366,-0.028336793184280396,0.019765883684158325,0.014329969882965088
668.110785,-0.007634162902832031,-0.017771542072296143,-0.007670760154724121
668.211476,0.018465116620063782,0.008518457412719727,0.001016855239868164
668.311895,-0.025297343730926514,-0.00785103440284729,0.014226198196411133
668.412366,-0.008976668119430542,0.0017510950565338135,0.015754640102386475
668.512860,0.023478269577026367,0.012667477130889893,-0.016558468341827393
668.613348,-0.010886967182159424,-0.003751993179321289,-0.016565680503845215
668.713977,-0.0005294531583786011,0.0023640692234039307,0.03358566761016846
668.814412,0.03201012313365936,0.010848551988601685,-0.05860072374343872
668.914930,-0.0033854395151138306,0.010558843612670898,-0.013391375541687012
669.015406,-0.010927855968475342,0.0025555789470672607,0.019541382789611816
669.115892,-0.0026546716690063477,-0.0014810264110565186,-0.02860081195831299
669.216433,-0.04306633770465851,0.04844170808792114,-0.02840256690979004
669.316880,-0.05865766108036041,0.05499368906021118,-0.0376242995262146
669.417380,-0.028368547558784485,0.08317089080810547,-0.03152966499328613
669.517873,-0.036403656005859375,0.07968950271606445,-0.03963041305541992
669.618471,-0.08958679437637329,0.07551956176757812,0.026948928833007812
669.718963,-0.04707753658294678,0.0703999400138855,0.04040539264678955
669.819401,0.11387529969215393,0.006852328777313232,-0.010171949863433838
669.919988,0.07854253053665161,-0.003741025924682617,-0.14290976524353027
670.020453,0.11821654438972473,0.0019224882125854492,0.13587260246276855
670.120963,-0.016338706016540527,-0.01017296314239502,0.1486228108406067
670.221454,-0.023912161588668823,0.04259371757507324,0.028001129627227783
670.321906,0.09301811456680298,-0.03413313627243042,-0.05003166198730469
670.422439,-0.05960637331008911,-0.023634910583496094,0.04796111583709717
670.522916,-0.022266626358032227,0.06239885091781616,-0.009942173957824707
670.623405,0.0521182119846344,-0.01727902889251709,-0.03641533851623535
670.724062,0.050542593002319336,-0.013620376586914062,0.026456356048583984
670.824401,0.23493240773677826,0.0777086615562439,-0.005751520395278931
670.925021,0.04025328904390335,0.12106019258499146,-0.0012091398239135742
671.025564,-0.18217958509922028,-0.060962796211242676,-0.1722075343132019
671.125956,0.002200216054916382,-0.16144907474517822,-0.08825945854187012
671.226537,0.21830099821090698,-0.07212793827056885,0.09243682026863098
671.327019,0.11814308911561966,0.07741689682006836,0.17584475874900818
671.427503,-0.16693323850631714,-0.005769848823547363,-0.05323748290538788
671.527984,-0.11179253458976746,-0.1072949767112732,-0.17492377758026123
671.628600,0.06744009256362915,0.012357592582702637,-0.02609407901763916
671.729004,0.050202131271362305,-0.020469844341278076,0.047903962433338165
671.829485,-0.028012871742248535,0.022583067417144775,-0.03147668391466141
671.930073,-0.003753483295440674,0.03877741098403931,-0.03956371545791626
672.030605,-0.021521687507629395,-0.029790639877319336,0.010989665985107422
672.130983,0.016833901405334473,0.016135692596435547,-0.005015850067138672
672.231668,-0.036594659090042114,0.0002650618553161621,-0.029363632202148438
672.332107,-0.0917520523071289,0.0019341707229614258,-0.034873608499765396
672.432595,-0.02262336015701294,-0.046163737773895264,-0.009984906762838364
672.533052,0.12659943103790283,0.015584766864776611,0.052663326263427734
672.633499,-0.005845010280609131,0.07558959722518921,0.020769193768501282
672.734011,-0.12098052352666855,-0.07486265897750854,-0.012594222091138363
672.834688,-0.0750930905342102,-0.03254282474517822,-0.08121645450592041
672.935084,0.08820921182632446,0.002720654010772705,-0.027044422924518585
673.035556,0.03005203604698181,-0.03588014841079712,0.036310791969299316
673.136075,-0.04807499051094055,0.015109002590179443,-0.005647771060466766
673.236637,-0.02115693688392639,0.04747647047042847,-0.06217396259307861
673.337064,0.01569819450378418,-0.012016892433166504,0.010851137340068817
673.437616,0.004907011985778809,0.011334359645843506,-0.017529964447021484
673.538095,-0.03339383006095886,0.00924527645111084,-0.0030078962445259094
673.638562,0.027186155319213867,-0.00034999847412109375,-0.030689828097820282
673.739067,-0.022012382745742798,-0.022587835788726807,0.008322596549987793
673.839589,-0.019912302494049072,0.03776240348815918,0.014772661030292511
673.940243,-0.037274450063705444,-0.024600863456726074,-0.07333886623382568
674.040655,0.05735689401626587,-0.08607727289199829,0.02234649658203125
674.141074,0.10267573595046997,0.085227370262146,0.06706768274307251
674.241709,-0.080764539539814,0.06618398427963257,0.048344314098358154
674.342112,-0.030204400420188904,-0.16322237253189087,-0.011052004992961884
674.442623,0.0044515132904052734,0.0022562742233276367,-0.09027865529060364
674.543156,0.07061901688575745,0.059177935123443604,0.004348263144493103
674.643609,-0.03721737861633301,-0.06540054082870483,-0.009135112166404724
674.744176,0.026442527770996094,0.07177615165710449,-0.011430174112319946
674.844719,-0.025626808404922485,-0.014381468296051025,-0.009308680891990662
674.945215,-0.015024423599243164,0.0138283371925354,-0.029200568795204163
675.045697,0.013719111680984497,0.013338685035705566,-0.019775837659835815
675.146165,-0.03442975878715515,-0.04557687044143677,-0.0025309473276138306
675.246671,-0.013101458549499512,0.0369105339050293,0.0011166483163833618
675.347130,0.012884795665740967,-0.03315377235412598,-0.019422054290771484
675.447619,-0.04650014638900757,0.005335628986358643,-0.013018503785133362
675.548173,-0.0841946005821228,-0.13066428899765015,-0.025851251557469368
675.648726,0.23861074447631836,0.13567525148391724,0.12547510862350464
675.749146,-0.12916947901248932,0.10542988777160645,0.07505162060260773
675.849634,-0.059395208954811096,-0.2648268938064575,-0.04060591757297516
675.950246,0.1284337043762207,0.058219194412231445,-0.04464256763458252
676.050769,0.07628607749938965,0.020449459552764893,0.0140690878033638
676.151223,-0.08522260189056396,-0.05956840515136719,0.02650962769985199
676.251781,0.008213669061660767,0.041484832763671875,-0.008585691452026367
676.352132,0.01393851637840271,-0.06982988119125366,0.0022906064987182617
676.452697,0.19648092985153198,-0.3700970411300659,0.17486286163330078
676.553266,0.13524401187896729,-0.369476318359375,0.2751314640045166
676.653679,0.19756513833999634,0.0646243691444397,0.16889746487140656
676.754228,0.03558105230331421,0.0970117449760437,0.1880154013633728
676.854761,-0.021567940711975098,0.21936854720115662,0.3881455361843109
676.955254,-0.02377927303314209,0.33827313780784607,0.3165585994720459
677.055786,-0.08040142059326172,0.1832062304019928,-0.03801599144935608
677.156198,-0.03554290533065796,0.21054384112358093,-0.05093619227409363
677.256740,-0.051779091358184814,0.1431618332862854,-0.02085787057876587
677.357266,-0.07164186239242554,0.26353415846824646,0.05081942677497864
677.457745,-0.02747267484664917,0.34237056970596313,0.129072904586792
677.558305,0.15870636701583862,0.3072614371776581,0.2480231523513794
677.658689,0.04207569360733032,0.14176973700523376,0.23015320301055908
677.759301,0.05613619089126587,0.11802947521209717,0.18669778108596802
677.859819,-0.014962047338485718,0.02238917350769043,0.187028706073761
677.960313,-0.018774747848510742,-0.02329123020172119,0.04179966449737549
678.060803,0.24651461839675903,-0.3609928488731384,0.22362911701202393
678.161379,0.2486180067062378,-0.10475927591323853,0.20384889841079712
678.261859,-0.07908612489700317,0.211300790309906,0.09388464689254761
678.362282,-0.1754733920097351,-0.07083112001419067,-0.07604777812957764
678.462846,-0.035661593079566956,-0.16453897953033447,-0.1198660135269165
678.563325,0.08535024523735046,-0.0031755566596984863,0.010477423667907715
678.663829,0.018425308167934418,0.015458643436431885,0.10714659094810486
678.764339,0.02082659676671028,0.0153236985206604,-0.01149296760559082
678.864825,-0.037424035370349884,0.003966569900512695,-0.031871333718299866
678.965336,-0.07732534408569336,0.025060534477233887,-0.004807963967323303
679.065877,0.04193238168954849,-0.16006439924240112,0.03784811496734619
679.166336,0.17604291439056396,-0.005518078804016113,0.07317549735307693
679.266851,0.013971678912639618,0.24384993314743042,0.14888633787631989
679.367228,-0.25938376784324646,-0.009325027465820312,-0.02715027518570423
679.467860,-0.08572863787412643,-0.2519199252128601,-0.11011680960655212
679.568374,0.12422455102205276,-0.08318156003952026,-0.02957776188850403
679.668938,0.04579387605190277,0.03587406873703003,0.09697233140468597
679.769445,0.010805249214172363,-0.02543586492538452,0.006588920950889587
679.869815,-0.03139299899339676,-0.020207643508911133,-0.03538323938846588
679.970290,-0.018933288753032684,0.01605433225631714,0.008802995085716248
680.070840,0.040793925523757935,-0.03968346118927002,0.05086149275302887
680.171308,0.11618566513061523,-0.05327022075653076,0.1172945499420166
680.271930,0.032943516969680786,0.060178518295288086,0.05851280689239502
680.372264,-0.15869808197021484,0.138680100440979,-0.08070385456085205
680.472876,-0.19810262322425842,0.029143571853637695,-0.20145952701568604
680.573262,-0.0063877105712890625,-0.1382765769958496,-0.0762641429901123
680.673827,0.15314659476280212,-0.17762869596481323,0.17738735675811768
680.774482,0.1041204035282135,0.04899317026138306,0.18047170341014862
680.874906,-0.10754053294658661,0.23604053258895874,0.012177646160125732
680.975564,-0.20878541469573975,0.07751381397247314,-0.1142500787973404
681.076009,-0.0678422823548317,-0.1734837293624878,-0.03485894203186035
681.176409,0.1171821653842926,-0.10630649328231812,0.03301440179347992
681.276989,0.08907756209373474,0.05884289741516113,0.06333163380622864
681.377310,-0.04655610769987106,-0.010847270488739014,0.021281927824020386
681.477994,0.005140528082847595,-0.030024826526641846,-0.03131681680679321
681.578437,-0.036750562489032745,0.04685574769973755,-0.014348000288009644
681.678940,-0.1183907613158226,-0.03903692960739136,-0.025539875030517578
681.779500,0.06226754188537598,-0.19564956426620483,0.025945767760276794
681.879989,0.28311821818351746,0.020047485828399658,0.12502557039260864
681.980511,-0.025158382952213287,0.2922554612159729,0.14936882257461548
682.080941,-0.22675706446170807,-0.07137054204940796,-0.04616473615169525
682.181513,-0.11997559666633606,-0.16021370887756348,-0.14902660250663757
682.282002,0.11647424101829529,-0.013203620910644531,-0.02356088161468506
682.382492,0.06486521661281586,0.053133368492126465,0.08752653002738953
682.483040,0.01743699610233307,-0.018413543701171875,0.015368849039077759
682.583508,-0.007223859429359436,-0.022779762744903564,-0.04261660575866699
682.684007,-0.07994204759597778,0.014792382717132568,-0.021497786045074463
682.784516,-0.09021387994289398,-0.008939266204833984,-0.03188595175743103
682.884875,-0.0027192234992980957,0.05611574649810791,-0.05231356620788574
682.985540,-0.06043115258216858,-0.09545671939849854,0.010945051908493042
683.085982,0.2154063880443573,-0.21656203269958496,0.1406393051147461
683.186544,0.15660810470581055,0.20454823970794678,0.20347118377685547
683.287062,-0.19778969883918762,0.1643875241279602,0.049411121755838394
683.387454,-0.15688759088516235,-0.25045526027679443,-0.1258164346218109
683.488057,0.08868108689785004,-0.11293041706085205,-0.04372824728488922
683.588509,0.10189108550548553,0.07951146364212036,0.07164488732814789
683.689069,0.02369043231010437,0.019345998764038086,0.027931421995162964
683.789596,-0.027574241161346436,-0.06212383508682251,-0.003094196319580078
683.889982,0.025530710816383362,0.04271554946899414,0.02612258493900299
683.990569,0.01761418581008911,0.0129014253616333,0.016603976488113403
684.091090,-0.039442822337150574,0.010644972324371338,-0.009293228387832642
684.191533,-0.13913999497890472,-0.010037660598754883,-0.12337839603424072
684.292081,0.020388692617416382,-0.15229320526123047,-0.04452824592590332
684.392613,0.19559210538864136,0.014258980751037598,0.12971633672714233
684.493080,-0.057841986417770386,0.21225154399871826,0.16413259506225586
684.593544,-0.23689858615398407,-0.07600843906402588,-0.048822879791259766
684.694170,-0.07501757144927979,-0.16770273447036743,-0.12407490611076355
684.794718,0.13694486021995544,-0.020445406436920166,-0.0008103847503662109
684.895114,0.05444921553134918,0.04992002248764038,0.09906017780303955
684.995674,0.009195990860462189,-0.06391710042953491,-0.010730862617492676
685.096092,-0.02385260909795761,0.009274125099182129,-0.041162773966789246
685.196641,-0.041780464351177216,0.028950154781341553,0.005618885159492493
685.297137,0.016612470149993896,-0.01970207691192627,0.009486168622970581
685.397563,0.0284527987241745,-0.020827889442443848,-0.008580446243286133
685.498102,-0.14642280340194702,-0.07174676656723022,-0.055953025817871094
685.598662,-0.00711098313331604,-0.1725238561630249,-0.0014995411038398743
685.699166,0.2837674021720886,0.004756331443786621,0.15817303955554962
685.799673,0.03827817738056183,0.31484246253967285,0.18264146149158478
685.900218,-0.23822246491909027,-0.04709118604660034,-0.02438950166106224
686.000719,-0.054977260529994965,-0.2249181866645813,-0.09816274046897888
686.101231,0.18715877830982208,-0.03988009691238403,0.011942252516746521
686.201706,0.06273384392261505,0.09853947162628174,0.08834469318389893
686.302200,-0.07539264857769012,-0.0627627968788147,-0.012259379029273987
686.402545,0.0008798539638519287,-0.007752060890197754,-0.03146316111087799
686.503183,0.023502692580223083,0.04524129629135132,0.00832211971282959
686.603665,-0.01064707338809967,-0.034665465354919434,0.025611624121665955
686.704181,-0.020882174372673035,-0.02999788522720337,0.0051567405462265015
686.804660,0.03199964761734009,0.04167020320892334,-0.0039061307907104492
686.905320,-0.06499892473220825,0.10023361444473267,-0.058142438530921936
687.005674,0.019793689250946045,-0.24054104089736938,0.01854848861694336
687.106257,0.2416110336780548,-0.00039952993392944336,0.15561749041080475
687.206760,-0.014291711151599884,0.30321770906448364,0.15531153976917267
687.307179,-0.25345954298973083,-0.207328200340271,-0.02342832088470459
687.407719,-0.07671330124139786,-0.24508631229400635,-0.10902011394500732
687.508243,0.1756456196308136,0.0441015362739563,0.0009708404541015625
687.608835,0.07425543665885925,0.07401531934738159,0.05136336386203766
687.709221,-0.1208580881357193,-0.06698614358901978,-0.0027614831924438477
687.809817,0.017640680074691772,-0.017953872680664062,-0.027504906058311462
687.910327,0.058385223150253296,0.030492007732391357,0.014758586883544922
688.010713,-0.022929251194000244,-0.018953979015350342,0.015307292342185974
688.111336,-0.015126824378967285,-0.011175572872161865,0.009225353598594666
688.211834,-0.08691194653511047,-0.04303485155105591,-0.06944727897644043
688.312250,0.04145991802215576,-0.21323460340499878,-0.016393184661865234
688.412760,0.28167060017585754,0.05296260118484497,0.22530597448349
688.513312,-0.03334808349609375,0.27923089265823364,0.21495118737220764
688.613749,-0.2931974530220032,-0.11808103322982788,-0.07704401016235352
688.714324,-0.11793232709169388,-0.31650668382644653,-0.1036161482334137
688.814779,0.20498284697532654,0.037641942501068115,0.06547320634126663
688.915277,0.10584771633148193,0.0824664831161499,0.12075448036193848
689.015846,-0.08045060932636261,-0.05291980504989624,-0.03181230276823044
689.116268,-0.031067371368408203,0.028486549854278564,-0.02264820784330368
689.216980,0.021135061979293823,0.002288520336151123,0.007554888725280762
689.317342,0.04808562994003296,-0.037915945053100586,0.025763507932424545
689.417847,0.0005447864532470703,0.020520389080047607,0.0336834192276001
689.518303,-0.14220952987670898,-0.005292713642120361,-0.06727229058742523
689.618891,0.06440308690071106,-0.28450238704681396,-0.050893187522888184
689.719276,0.25735169649124146,0.08055812120437622,0.25541213154792786
689.819833,-0.15098726749420166,0.2868815064430237,0.1898009181022644
689.920319,-0.23989057540893555,-0.17676329612731934,-0.17019391059875488
690.020872,0.031321555376052856,-0.2292514443397522,-0.11529470980167389
690.121351,0.2069704830646515,0.09531879425048828,0.09989345818758011
690.221966,-0.024021148681640625,-0.023148059844970703,0.06271398812532425
690.322384,-0.007306575775146484,-0.08730804920196533,-0.06231892853975296
690.422818,0.004190772771835327,0.06151169538497925,0.003257155418395996
690.523356,-0.021708279848098755,0.011571407318115234,0.03821229934692383
690.623893,0.07869726419448853,-0.06332999467849731,0.038468845188617706
690.724459,0.06857630610466003,-0.06804752349853516,0.0579686164855957
690.824887,-0.05440106987953186,0.09347987174987793,-0.00023317337036132812
690.925374,-0.09154033660888672,0.1778060793876648,-0.12893150746822357
691.025865,-0.1169847846031189,-0.23432642221450806,-0.10480226576328278
691.126361,0.22758769989013672,-0.13553577661514282,0.15951812267303467
691.226980,0.03689686954021454,0.2525729537010193,0.22042524814605713
691.327449,-0.2698151469230652,-0.024741649627685547,-0.014565110206604004
691.427950,-0.04780607670545578,-0.2366948127746582,-0.13602496683597565
691.528409,0.16922351717948914,0.028112053871154785,0.02585458755493164
691.628890,0.034579068422317505,0.0868108868598938,0.10858655720949173
691.729381,-0.000962376594543457,-0.10087752342224121,-0.035062775015830994
691.830013,-0.026597797870635986,0.015327930450439453,-0.017486706376075745
691.930404,-0.09245586395263672,-0.015623092651367188,0.018575556576251984
692.031025,-0.045857131481170654,-0.17988276481628418,0.029200077056884766
692.131445,0.22942543029785156,0.11390411853790283,0.09784197807312012
692.231914,0.020590782165527344,0.21384257078170776,-0.03284206986427307
692.332482,-0.05478012561798096,-0.33519983291625977,-0.0534423291683197
692.433047,0.26776379346847534,-0.06228846311569214,0.25184062123298645
692.533439,-0.14599303901195526,0.30766308307647705,0.22072646021842957
692.633943,-0.2251002937555313,-0.41387200355529785,-0.12524449825286865
692.734495,0.09192290902137756,-0.25046998262405396,-0.07280122488737106
692.835033,0.2898048162460327,0.08820605278015137,0.12377232313156128
692.935477,-0.07595014572143555,0.010424554347991943,0.01790541410446167
693.036045,-0.006014585494995117,0.04733186960220337,-0.02608751505613327
693.136543,0.025849759578704834,-2.9206275939941406e-05,-0.01373802125453949
693.237063,-0.03304368257522583,-0.026222646236419678,0.007525205612182617
693.337533,-0.02626776695251465,-0.01600092649459839,0.010995209217071533
693.438057,-0.012279093265533447,0.01761317253112793,0.04453260451555252
693.538489,-0.20483523607254028,-0.1112399697303772,-0.09631061553955078
693.639056,0.2194482684135437,-0.08501255512237549,0.04624152183532715
693.739559,0.1325540542602539,0.22907096147537231,0.27747100591659546
693.841663,-0.2570018172264099,0.028104066848754883,-0.019734501838684082
693.940553,-0.10170894861221313,-0.20346707105636597,-0.12620127201080322
694.041015,0.17427808046340942,-0.044217705726623535,0.01690000295639038
694.141532,0.10578370094299316,0.09519195556640625,0.1112058162689209
694.242068,-0.03932356834411621,-0.09145557880401611,-0.029252948239445686
694.342536,-0.025081753730773926,0.053500473499298096,0.005297183990478516
694.442978,0.038500845432281494,0.05942744016647339,0.023477081209421158
694.543467,0.025622427463531494,-0.08684957027435303,-0.014761446043848991
694.644076,0.0032494664192199707,0.04915010929107666,0.024697721004486084
694.744618,-0.1285969614982605,-0.1298035979270935,-0.03539156913757324
694.845083,0.1764979362487793,-0.16909277439117432,0.05359543859958649
694.945595,0.14473193883895874,0.1609266996383667,0.1451430320739746
695.046075,-0.253303587436676,0.003354489803314209,0.02800135314464569
695.146622,-0.16371551156044006,-0.21488440036773682,-0.08752703666687012
695.246973,0.14796173572540283,-0.04404783248901367,-0.04699254781007767
695.347591,0.08873692154884338,-0.015515267848968506,0.04454600811004639
695.448029,0.019019335508346558,0.05199897289276123,0.11964792013168335
695.548602,-0.015959948301315308,-0.01463383436203003,-0.000329077010974288
695.649165,0.11475136876106262,-0.0260961651802063,0.016556382179260254
695.749641,-0.049217939376831055,-0.02876359224319458,0.04207443445920944
695.850149,-0.09142892062664032,-0.016021728515625,0.005324363708496094
695.950635,-0.03658849000930786,0.02661442756652832,-0.09721207618713379
696.051087,0.2223750650882721,-0.13687199354171753,-0.003116251900792122
696.151642,0.15943250060081482,0.02548837661743164,0.22795164585113525
696.252264,-0.11847209930419922,0.04041719436645508,0.19175153970718384
696.352635,-0.2458469569683075,-0.18208247423171997,-0.10756111145019531
696.453162,-0.10266277939081192,-0.021851778030395508,-0.11613442003726959
696.553637,0.12006035447120667,-0.12812519073486328,-0.03419041633605957
696.654165,0.10804268717765808,0.0555415153503418,0.11227834224700928
696.754644,0.004369288682937622,-0.02955096960067749,0.03296196833252907
696.855244,-0.05006653070449829,-0.023540079593658447,-0.015427589416503906
696.955709,-0.01921752095222473,0.018894970417022705,0.03250384330749512
697.056218,-0.07911878824234009,-0.012273967266082764,-0.11842823028564453
697.156667,0.11328589916229248,-0.18268656730651855,0.0077250003814697266
697.257135,0.18053492903709412,0.03861713409423828,0.15198075771331787
697.357727,-0.13348597288131714,0.06971323490142822,0.1262800395488739
697.458198,-0.18244428932666779,-0.17747855186462402,-0.0432620644569397
697.558698,-0.04526697099208832,-0.10589009523391724,-0.09073805809020996
697.659218,0.14888924360275269,-0.05394405126571655,-0.016757726669311523
697.759742,0.07287749648094177,0.03219020366668701,0.0576208159327507
697.860187,-0.02059265971183777,0.015631437301635742,-0.0012622475624084473
697.960723,0.006652086973190308,-0.02870422601699829,0.01870882511138916
698.061257,0.07839056849479675,0.0022124052047729492,0.06989097595214844
698.161765,-0.017549902200698853,0.06245255470275879,-0.034599896520376205
698.262211,-0.1412237584590912,-0.005285918712615967,-0.18051542341709137
698.362771,0.13911563158035278,-0.14867252111434937,0.016021013259887695
698.463272,0.12595638632774353,0.0037300586700439453,0.164716437458992
698.563801,-0.20958513021469116,0.04893702268600464,0.10286587476730347
698.664327,-0.19763913750648499,-0.05661439895629883,-0.022000662982463837
698.764856,0.03651231527328491,-0.021264255046844482,-0.0894857868552208
698.865337,0.1620461344718933,-0.06408607959747314,-0.01767612248659134
698.965841,0.0018453001976013184,0.013495147228240967,0.05449926480650902
699.066372,-0.04417368769645691,-0.027923882007598877,0.042258620262145996
699.166891,0.0007192492485046387,-0.00429612398147583,-0.030685897916555405
699.267308,-0.13719284534454346,0.1052599549293518,-0.05681943893432617
699.367799,-0.06274831295013428,-0.06970769166946411,-0.04446661099791527
699.468223,0.2900192141532898,-0.27223479747772217,0.03833901882171631
699.568769,0.19504547119140625,0.08994978666305542,0.2591613531112671
699.669323,-0.26589348912239075,0.0346032977104187,-0.0011352598667144775
699.769752,-0.20795151591300964,-0.11693459749221802,-0.06523990631103516
699.870336,0.11951413750648499,-0.1293785572052002,-0.06274114549160004
699.970778,0.1716521978378296,0.020532071590423584,0.048003315925598145
700.071348,-0.049694567918777466,0.037850916385650635,0.05413258075714111
700.171852,-0.0397147536277771,0.0011562705039978027,-0.016325831413269043
700.272328,0.021994560956954956,-0.03147566318511963,-0.0007257498800754547
700.372886,-0.10230129957199097,0.007609426975250244,-0.024595264345407486
700.473349,0.0631875991821289,-0.199285089969635,-0.01644766330718994
700.573742,0.2242109179496765,0.04007124900817871,0.0778462365269661
700.674283,-0.08742144703865051,0.01819676160812378,0.08916968107223511
700.774855,-0.18963971734046936,-0.11348623037338257,0.015336752869188786
700.875377,-0.08462253212928772,0.003017604351043701,-0.09231352806091309
700.975781,0.15681564807891846,-0.023861587047576904,-0.06525243818759918
701.076309,0.03685581684112549,0.027003347873687744,0.04958832263946533
701.176850,-0.08178636431694031,-0.04277986288070679,0.03692447394132614
701.277374,0.019619762897491455,0.002427220344543457,-0.029348500072956085
701.377820,-0.015611112117767334,0.036765098571777344,-0.006314881145954132
701.478484,-0.02738022804260254,-0.05467534065246582,-0.02976548671722412
701.578783,0.17502087354660034,-0.051750004291534424,0.0288925152271986
701.679408,0.055552273988723755,0.0356786847114563,0.14789938926696777
701.779877,-0.13762915134429932,-0.0389743447303772,0.04472113400697708
701.880461,-0.14938633143901825,0.04110521078109741,-0.09374558180570602
701.980889,0.06635862588882446,-0.006782829761505127,-0.07852746546268463
702.081389,0.1006055474281311,-0.011250317096710205,0.026141762733459473
702.181937,-0.02942270040512085,-0.030420124530792236,0.05332588404417038
702.282426,-0.016296446323394775,0.008176684379577637,0.002711758017539978
702.382961,0.03604051470756531,-0.0796586275100708,-0.0005973726511001587
702.483425,-0.016321420669555664,-0.006845355033874512,0.032695770263671875
702.583903,-0.10891449451446533,-0.023926854133605957,-0.03853712975978851
702.684425,0.13409435749053955,-0.13672131299972534,-0.0479126013815403
702.784939,0.21978351473808289,-0.003443300724029541,0.0904124453663826
702.885474,-0.05033218860626221,0.026460230350494385,0.10409832000732422
702.985875,-0.16632038354873657,-0.07859718799591064,0.02755684033036232
703.086459,-0.11349427700042725,0.005325138568878174,-0.14887559413909912
703.186903,0.06791532039642334,-0.0026085972785949707,-0.09143756330013275
703.287443,0.0542391836643219,-0.013145089149475098,0.07335328310728073
703.388000,-0.02738332748413086,-0.03462439775466919,0.045585036277770996
703.488529,0.035121023654937744,-0.04021120071411133,-0.04357802867889404
703.588979,-0.037225574254989624,0.030396103858947754,0.018067941069602966
703.689492,-0.1360149085521698,-0.013505935668945312,-0.02132929116487503
703.790094,0.13433855772018433,-0.11260986328125,-0.05854404345154762
703.890500,0.22379416227340698,-0.028711318969726562,0.05765199661254883
703.990997,-0.06057128310203552,0.014235854148864746,0.14411629736423492
704.091432,-0.21995379030704498,-0.07046711444854736,0.05185180902481079
704.192066,-0.1607346385717392,-0.03763467073440552,-0.09390830248594284
704.292571,0.1052786111831665,0.011096298694610596,-0.06413078308105469
704.392951,0.09148624539375305,0.0021262764930725098,0.06515312939882278
704.493492,0.01977887749671936,0.01085519790649414,0.03306591883301735
704.594023,0.0048043131828308105,-0.01921558380126953,-0.035630710422992706
704.694501,-0.018314659595489502,0.00951772928237915,0.024129629135131836
704.795053,-0.06467106938362122,0.03789716958999634,0.03305267542600632
704.895606,-0.09513288736343384,-0.06196552515029907,-0.08081996440887451
704.995989,0.23070186376571655,-0.13951951265335083,-0.006396770477294922
705.096560,0.1362425684928894,0.09857428073883057,0.18196851015090942
705.197034,-0.15737514197826385,0.04207587242126465,0.08608683943748474
705.297675,-0.19392463564872742,-0.045398592948913574,-0.07024490833282471
705.398023,0.05808895826339722,-0.0090714693069458,-0.08905208110809326
705.498560,0.04063069820404053,0.0070743560791015625,0.045415639877319336
705.599078,-0.009924143552780151,-0.011866271495819092,0.029051540419459343
705.699713,0.04789569973945618,0.018773436546325684,-0.026906609535217285
705.800101,0.023049205541610718,-0.01778280735015869,0.03914296627044678
705.900655,-0.018978148698806763,-0.023567378520965576,0.0027958787977695465
706.001091,0.09636807441711426,0.003710508346557617,-0.027405444532632828
706.101686,-0.0056969523429870605,0.032215237617492676,-0.07069951295852661
706.202099,0.04957425594329834,-0.14342600107192993,0.0012949109077453613
706.302683,0.03372836112976074,-0.003594040870666504,-0.0073896050453186035
706.403141,-0.023772060871124268,0.03000575304031372,0.05304814130067825
706.503634,-0.015323817729949951,0.029035985469818115,0.03166000545024872
706.604192,-0.056156933307647705,0.01656275987625122,0.05413724482059479
706.704610,0.0007169246673583984,0.02801191806793213,0.014807343482971191
706.805088,0.004247307777404785,-0.005849003791809082,-0.002515360713005066
706.905639,-0.034992098808288574,-0.0038251876831054688,0.015400126576423645
707.006148,0.0029924511909484863,0.005075395107269287,0.024024367332458496
707.106651,0.0008752346038818359,0.0549701452255249,0.02678854763507843
707.207113,-0.03569221496582031,-0.002752244472503662,0.010364651679992676
707.307697,-0.02187412977218628,-0.06459927558898926,-0.008841335773468018
707.408160,0.013201892375946045,0.010341048240661621,-0.006602495908737183
707.508671,-0.0265178382396698,0.028495848178863525,0.03138512372970581
707.609163,-0.03864613175392151,-0.03497117757797241,0.0008661448955535889
707.709664,0.10907846689224243,0.01114654541015625,-0.06814731657505035
707.810097,0.04016655683517456,-0.10172116756439209,0.0009560585021972656
707.910667,0.030490398406982422,0.20101380348205566,0.03496457636356354
708.011206,-0.04540061950683594,-0.03304183483123779,0.01741616427898407
708.111671,-0.0057749152183532715,-0.097953200340271,0.012819349765777588
708.212390,0.06896930932998657,0.032418668270111084,-0.05637955665588379
708.312736,0.011951804161071777,0.01368170976638794,0.04085320606827736
708.413179,-0.0959337055683136,-0.00038427114486694336,0.024300575256347656
708.513779,-0.08306920528411865,0.11246699094772339,-0.1460779905319214
708.614027,0.13880103826522827,-0.24978035688400269,0.0004228353500366211
708.714782,0.21983379125595093,-0.2294985055923462,0.189801424741745
708.815221,0.031189650297164917,0.07723045349121094,0.177860289812088
708.915769,-0.20534557104110718,0.08664757013320923,0.02573227882385254
709.016180,-0.2312835156917572,0.05491042137145996,-0.14982378482818604
709.116694,0.07685118913650513,-0.07487988471984863,-0.04708623141050339
709.217307,0.13901013135910034,-0.07927244901657104,0.08049273490905762
709.317779,0.05660146474838257,-0.012941122055053711,-0.013540741056203842
709.418252,-0.024456560611724854,-0.02604389190673828,0.0003485642373561859
709.518772,0.0032236576080322266,0.009182929992675781,0.01969325542449951
709.619282,-0.11559858918190002,0.13962239027023315,-0.12036538869142532
709.719740,0.08063685894012451,-0.22276443243026733,-0.00809425488114357
709.820279,0.2320374846458435,-0.13349074125289917,0.18828094005584717
709.920749,-0.005722790956497192,0.16185146570205688,0.12493330240249634
710.021389,-0.3362204432487488,0.035252928733825684,0.0036535263061523438
710.121802,-0.1314106285572052,0.02578336000442505,-0.14205539226531982
710.222398,0.11762499809265137,-0.04086095094680786,-0.025745049118995667
710.322776,0.10834395885467529,-0.06489843130111694,0.027079589664936066
710.423353,-0.03186875581741333,-0.0620841383934021,0.027169331908226013
710.523812,-0.016347885131835938,0.0038067102432250977,-0.003867506980895996
710.624147,-0.025165796279907227,0.016735196113586426,-0.00029146671295166016
710.724853,-0.1014358401298523,0.03155064582824707,-0.009866483509540558
710.825375,0.033398211002349854,-0.24476027488708496,-0.022969242185354233
710.925840,0.15662997961044312,-0.0587349534034729,0.07000656425952911
711.026348,0.014356911182403564,0.1860034465789795,0.10905802249908447
711.126822,-0.17870396375656128,0.06440210342407227,-0.017286352813243866
711.227334,-0.10220009088516235,-0.029178917407989502,-0.06609833240509033
711.327811,0.13963842391967773,-0.03734397888183594,-0.014337174594402313
711.428411,0.034289777278900146,-0.03796297311782837,0.031110532581806183
711.528895,-0.11107814311981201,-0.046817660331726074,0.014199361205101013
711.629417,-0.010249853134155273,-0.0002307891845703125,-0.004230514168739319
711.729940,-0.007573962211608887,0.0034657716751098633,0.05468415468931198
711.830371,-0.13555026054382324,0.07013434171676636,-0.06889091432094574
711.930822,0.057332754135131836,-0.30431288480758667,-0.07382846623659134
712.031413,0.24856245517730713,0.013637244701385498,0.1409425586462021
712.131842,-0.12187275290489197,0.13912761211395264,0.13885970413684845
712.232424,-0.26895350217819214,-0.11788743734359741,-0.07190465927124023
712.332911,0.11813569068908691,-0.07016867399215698,-0.042909979820251465
712.433479,0.1741003394126892,0.03864550590515137,0.023185372352600098
712.533913,-0.08191347122192383,-0.054205358028411865,0.006383076310157776
712.634409,0.008373677730560303,0.0018652677536010742,-0.01728115975856781
712.734931,0.016556084156036377,0.025288522243499756,0.007611885666847229
712.835448,-0.053939998149871826,0.09503680467605591,-0.009594947099685669
712.935926,-0.11312782764434814,-0.3362572193145752,0.013941898941993713
713.036411,0.2529183626174927,-0.131736159324646,0.07507532835006714
713.136922,0.09874171018600464,0.3315061330795288,0.10414069890975952
713.237415,-0.3263389468193054,-0.09568500518798828,-0.026550650596618652
713.337983,0.0327146053314209,-0.11049717664718628,-0.07476317882537842
713.438560,0.22625786066055298,0.0491984486579895,-0.0005550310015678406
713.538992,-0.06054311990737915,-0.010147571563720703,0.013935208320617676
713.639473,-0.04244750738143921,-0.016856670379638672,0.008805140852928162
713.739944,0.049231767654418945,-0.021393895149230957,-0.0009883493185043335
713.840487,-0.014271855354309082,-0.01839369535446167,0.017541050910949707
713.940961,-0.08699369430541992,0.02977585792541504,-0.008709311485290527
714.041449,-0.12918108701705933,-0.41088512539863586,0.009315967559814453
714.141943,0.2935042977333069,-0.005465775728225708,0.09474492073059082
714.242519,0.04717826843261719,0.3433288335800171,0.0991058498620987
714.342939,-0.20397725701332092,-0.20540010929107666,-0.01311802864074707
714.443425,0.050992608070373535,-0.12861108779907227,-0.010598674416542053
714.543989,0.17651593685150146,0.08337604999542236,-0.011223800480365753
714.644468,-0.15775173902511597,-0.047122061252593994,0.01579667627811432
714.745007,0.011936306953430176,-0.00310593843460083,0.014631256461143494
714.845607,0.057185351848602295,-0.008204817771911621,-0.0171424001455307
714.946039,-0.07582300901412964,0.030966758728027344,0.04549992084503174
715.046522,-0.1329517960548401,-0.3590211570262909,0.032320618629455566
715.147053,0.27063804864883423,-0.08314646780490875,0.07955324649810791
715.247585,0.13906532526016235,0.4133495092391968,0.14723117649555206
715.348056,-0.3726111352443695,-0.09763163328170776,-0.030913367867469788
715.448485,-0.03735756874084473,-0.1942349672317505,0.0023686736822128296
715.549051,0.24770182371139526,0.025550365447998047,0.008319154381752014
715.649557,-0.08458214998245239,-0.006508767604827881,-0.001300230622291565
715.750005,-0.0594174861907959,0.00939333438873291,0.022788390517234802
715.850544,0.05961954593658447,0.01238161325454712,-0.02096150815486908
715.951100,0.048619866371154785,-0.0004684329032897949,-0.019753485918045044
716.051605,-0.08285808563232422,0.08241355419158936,0.06317533552646637
716.152078,-0.13353729248046875,-0.27404046058654785,-0.031920790672302246
716.252594,0.1800970435142517,-0.18253976106643677,0.10099589824676514
716.353070,0.09438765048980713,0.30425894260406494,0.19371499121189117
716.453513,-0.3011157810688019,-0.0013510584831237793,-0.037684693932533264
716.554125,-0.05510503053665161,-0.2132917046546936,-0.03403986990451813
716.654683,0.25472694635391235,0.057529449462890625,0.029049769043922424
716.755141,-0.11101186275482178,-0.032650530338287354,0.005428895354270935
716.855635,-0.024674296379089355,0.02281421422958374,0.011320352554321289
716.956101,0.042400062084198,0.006820261478424072,0.0003887265920639038
717.056544,-0.047210872173309326,0.05704057216644287,0.04317937791347504
717.157084,-0.20910495519638062,-0.05919164419174194,0.08130192756652832
717.257619,0.07198625802993774,-0.30376148223876953,0.006090641021728516
717.358138,0.3300936222076416,0.10207080841064453,0.15122371912002563
717.458566,-0.1742241382598877,0.15832537412643433,0.09923017024993896
717.558990,-0.21326333284378052,-0.11622226238250732,-0.0615236759185791
717.659652,0.0617716908454895,-0.09399497509002686,0.014552965760231018
717.760167,0.13829684257507324,0.04117441177368164,0.021723732352256775
717.860612,-0.12935084104537964,-0.06201374530792236,0.010429367423057556
717.961244,0.043843984603881836,0.030746817588806152,-0.012577638030052185
718.061729,0.062136054039001465,0.015608370304107666,-0.009122952818870544
718.162234,-0.019243955612182617,-0.019865036010742188,0.019805550575256348
718.262713,-0.003849208354949951,0.00474625825881958,0.014970064163208008
718.363221,-0.08685845136642456,0.05072754621505737,-0.012654170393943787
718.463693,-0.13028985261917114,-0.372559517621994,-0.01907847821712494
718.564261,0.32873713970184326,-0.0993659496307373,0.12223756313323975
718.664667,0.08157956600189209,0.2869110703468323,0.1670338660478592
718.765212,-0.3587755262851715,-0.03421062231063843,0.006600968539714813
718.865744,-0.016219913959503174,-0.12892872095108032,-0.06781697273254395
718.966196,0.21847963333129883,-0.002586662769317627,0.045588016510009766
719.066828,-0.13655871152877808,-0.13821136951446533,0.004813432693481445
719.167221,-0.04709672927856445,-0.014441370964050293,0.00458875298500061
719.267708,0.01094365119934082,-0.01120913028717041,0.04390610754489899
719.368182,0.027350902557373047,0.011206269264221191,-0.01538337767124176
719.468714,-0.019953787326812744,-0.026428163051605225,0.0030020475387573242
719.569204,0.01144474744796753,0.034187912940979004,0.03688526153564453
719.669722,-0.009116172790527344,0.0725443959236145,-0.01575484871864319
719.770206,-0.1422032117843628,-0.30513429641723633,-0.006303280591964722
719.870797,0.18823307752609253,-0.1386299729347229,0.06620560586452484
719.971248,0.05459272861480713,0.22155249118804932,0.14604824781417847
720.071757,-0.2830336391925812,-0.004273891448974609,0.03916513919830322
720.172275,-0.05482536554336548,-0.06120944023132324,-0.10912610590457916
720.272770,0.16792529821395874,0.011757373809814453,0.049669139087200165
720.373221,-0.019872307777404785,-0.012593090534210205,0.04242230951786041
720.473793,-0.026461660861968994,-0.01828742027282715,-0.03954315185546875
720.574263,0.03658562898635864,0.0130729079246521,0.039106354117393494
720.674756,-0.025255680084228516,-0.002215743064880371,0.021171003580093384
720.775351,0.007857322692871094,-0.016703248023986816,-0.019010543823242188
720.875826,0.02674621343612671,0.02291661500930786,0.03280805051326752
720.976256,-0.06968611478805542,0.0657995343208313,0.02560114860534668
721.076778,-0.09509587287902832,-0.22668033838272095,-0.03339824080467224
721.177424,0.22606247663497925,-0.11229908466339111,0.0427781417965889
721.277791,0.15082001686096191,0.17644762992858887,0.1503915935754776
721.378401,-0.29585596919059753,-0.0016639232635498047,0.05592828989028931
721.478818,-0.08454632759094238,-0.07457548379898071,-0.12174734473228455
721.579320,0.19327139854431152,0.00553661584854126,0.01604640483856201
721.679896,-0.03674560785293579,-0.0403560996055603,0.05958472192287445
721.780376,-0.08004271984100342,-0.039192795753479004,-0.024835944175720215
721.880861,0.07722079753875732,0.042432308197021484,0.0021301358938217163
721.981319,-0.009972751140594482,-0.017033636569976807,0.03171086311340332
722.081831,-0.023701369762420654,-0.01548093557357788,-0.0061914920806884766
722.182339,0.027634024620056152,0.024661004543304443,0.03020884096622467
722.282857,-0.13568615913391113,0.01699209213256836,0.06710541248321533
722.383447,-0.02177870273590088,-0.32962095737457275,-0.07393896579742432
722.483871,0.3252280354499817,0.0034571290016174316,0.11089730262756348
722.584357,-0.0346950888633728,0.12497568130493164,0.171767458319664
722.684867,-0.2933335304260254,-0.06632649898529053,-0.023126468062400818
722.785369,0.06688916683197021,-0.08256125450134277,-0.0893310159444809
722.886009,0.16424673795700073,0.02349013090133667,0.08265328407287598
722.986420,-0.10498809814453125,-0.045351386070251465,0.013008266687393188
723.086865,-0.033350586891174316,-0.01584845781326294,-0.02360379695892334
723.187508,0.06068450212478638,0.025186777114868164,0.031659021973609924
723.287918,-0.04305797815322876,-0.025247693061828613,0.0039021968841552734
723.388434,-0.007580876350402832,0.0009590387344360352,-0.005480766296386719
723.488881,0.03645980358123779,0.003512263298034668,0.006280764937400818
723.589434,-0.02145761251449585,-0.0008169412612915039,0.028085604310035706
723.689945,-0.11714470386505127,0.0645594596862793,-0.027974024415016174
723.790443,-0.06899398565292358,-0.2934829592704773,-0.04894983768463135
723.890969,0.26812899112701416,-0.06606176495552063,0.0779191255569458
723.991421,0.003762364387512207,0.12318485975265503,0.13504183292388916
724.091930,-0.2653259038925171,0.01932370662689209,-0.034714460372924805
724.192435,0.035372257232666016,-0.04530256986618042,-0.07015977799892426
724.292976,0.1852455735206604,0.003883659839630127,0.056087031960487366
724.393406,-0.10504394769668579,-0.08537983894348145,-0.0044662803411483765
724.494032,0.003522157669067383,0.02784520387649536,-0.016155600547790527
724.594486,0.035595059394836426,0.02478647232055664,0.03725883364677429
724.694915,-0.020321249961853027,-0.023556530475616455,-0.0033560842275619507
724.795472,-0.09420710802078247,0.0023075342178344727,0.015209317207336426
724.896050,-0.039811909198760986,-0.17302864789962769,-0.013917937874794006
724.996514,0.2133389711380005,-0.11205935478210449,0.03623473644256592
725.097000,0.0530848503112793,0.20299047231674194,0.10461731255054474
725.197578,-0.2656801640987396,-0.057272374629974365,0.0856255367398262
725.298048,-0.05508655309677124,-0.08002084493637085,-0.08759475499391556
725.398528,0.20620405673980713,-0.03951972723007202,-0.01566397398710251
725.499006,-0.05478537082672119,-0.05466926097869873,0.03686034679412842
725.599548,-0.06145167350769043,-0.00596541166305542,-0.002940058708190918
725.700001,0.02316826581954956,0.03248262405395508,0.0029321834444999695
725.800501,0.046002864837646484,0.012633562088012695,0.0006977319717407227
725.901082,-0.020964443683624268,-0.024855196475982666,0.015951640903949738
726.001534,-0.015644192695617676,0.010837793350219727,0.01705634593963623
726.102075,0.024965405464172363,0.01670384407043457,-0.006583221256732941
726.202546,-0.003012716770172119,0.04352831840515137,0.029816165566444397
726.303089,-0.08852356672286987,-0.07598108053207397,3.434717655181885e-05
726.403526,-0.012432217597961426,-0.17005932331085205,-0.024858593940734863
726.504026,0.18897271156311035,0.018709838390350342,0.16102057695388794
726.604583,-0.08856385946273804,0.020437538623809814,0.09211774170398712
726.705132,-0.2512698769569397,-0.05727279186248779,-0.026782751083374023
726.805554,0.058974266052246094,0.007787764072418213,-0.09435319900512695
726.906155,0.1595887541770935,0.010328471660614014,0.024864673614501953
727.006580,-0.04734444618225098,-0.011909186840057373,0.0271451398730278
727.107061,-0.04730021953582764,-0.013766288757324219,-0.017032362520694733
727.207499,0.02393794059753418,-0.019794702529907227,0.0022287368774414062
727.308021,-0.015661239624023438,-0.021945297718048096,0.032902948558330536
727.408476,-0.00367659330368042,0.027011752128601074,0.007110476493835449
727.508976,-0.004105806350708008,0.051912009716033936,0.002306811511516571
727.609495,-0.12318074703216553,0.17126590013504028,-0.004849299788475037
727.710021,-0.06004375219345093,-0.23729127645492554,-0.07565426826477051
727.810434,0.34181082248687744,-0.044505953788757324,0.1890968680381775
727.910890,0.00028458237648010254,0.02509397268295288,0.08755747973918915
728.011382,-0.2705641984939575,-0.03872537612915039,0.04714405536651611
728.111824,-0.08465957641601562,0.014799654483795166,-0.07422469556331635
728.212440,0.16134339570999146,0.0547674298286438,-0.0020356327295303345
728.312784,-0.019809424877166748,-0.06255495548248291,0.04648435115814209
728.413247,-0.06617102026939392,-0.025931477546691895,0.015360817313194275
728.513740,0.030424416065216064,0.035527706146240234,-0.0046754032373428345
728.614289,0.01973658800125122,-0.005613863468170166,0.002953171730041504
728.714753,-0.028902947902679443,-0.03545105457305908,0.008582815527915955
728.815172,-0.010522246360778809,0.01270151138305664,0.010869011282920837
728.915636,-0.006081640720367432,-0.020370960235595703,-0.00777687132358551
729.016301,-0.011829495429992676,0.018163979053497314,0.06173372268676758
729.116644,-0.04267275333404541,0.04258006811141968,-0.01943528652191162
729.217193,-0.0536726713180542,-0.14531970024108887,-0.06491352617740631
729.317548,0.20058369636535645,-0.12691819667816162,0.03657400608062744
729.418104,0.0740058422088623,0.10062426328659058,0.13931500911712646
729.518537,-0.25216683745384216,0.026417195796966553,0.10010748356580734
729.618984,-0.163254976272583,-0.008141636848449707,-0.1103745847940445
729.719495,0.12017738819122314,-0.05264085531234741,-0.05446372926235199
729.819948,0.09037524461746216,-0.036560118198394775,0.07117950916290283
729.920502,-0.0469476580619812,-0.02186441421508789,-0.014709725975990295
730.020883,-0.006401002407073975,0.03539973497390747,-0.005053162574768066
730.121417,-0.010108351707458496,-0.0025165677070617676,0.043961137533187866
730.221941,0.008696138858795166,-0.01372140645980835,-0.011177778244018555
730.322325,0.01779484748840332,0.032054781913757324,0.02098025381565094
730.422866,-0.15255725383758545,-0.014421343803405762,0.036943063139915466
730.523267,0.02138960361480713,-0.22702348232269287,-0.04604899883270264
730.623851,0.24949324131011963,0.03816872835159302,0.10875391960144043
730.724394,-0.03964868187904358,0.13342905044555664,0.11805017292499542
730.824837,-0.26277250051498413,0.01832902431488037,0.00936579704284668
730.925265,-0.0029842257499694824,-0.03260678052902222,-0.08283205330371857
731.025753,0.16804426908493042,-0.03468179702758789,0.035846829414367676
731.126219,-0.041477322578430176,-0.045943498611450195,0.04354262351989746
731.226674,-0.05228370428085327,0.011967301368713379,-0.032571226358413696
731.327149,0.034945785999298096,0.018072664737701416,-0.0012392997741699219
731.427678,0.015969455242156982,0.0020557045936584473,0.030705317854881287
731.528119,-0.007323861122131348,0.0011638402938842773,-0.0004686117172241211
731.628675,0.013614654541015625,0.018574893474578857,0.021939292550086975
731.729112,-0.13379454612731934,-0.08521485328674316,0.0062469542026519775
731.829660,0.08201813697814941,-0.18559414148330688,-0.04357469081878662
731.930126,0.24405187368392944,0.1252419352531433,0.10115993022918701
732.030654,-0.1794467568397522,0.027058124542236328,0.10447156429290771
732.131028,-0.19780540466308594,-0.024692535400390625,-0.0511929988861084
732.231584,0.12451159954071045,-0.04814267158508301,-0.04778480529785156
732.331992,0.05207949876785278,-0.06392991542816162,0.04183615744113922
732.432567,-0.06671613454818726,-0.011197507381439209,0.0032808780670166016
732.532970,-0.029904603958129883,0.006194353103637695,-0.008801937103271484
732.633487,0.03206062316894531,-0.003731071949005127,0.006116494536399841
732.734007,-0.03867584466934204,0.015035450458526611,-0.005352020263671875
732.834450,0.03272336721420288,0.10557001829147339,0.08311556279659271
732.934937,0.21158349514007568,-0.08705160021781921,-0.10259714722633362
733.035480,-0.17681008577346802,-0.3026675581932068,-0.06409409642219543
733.135908,-0.07349535822868347,-0.03855109214782715,0.11025595664978027
733.236485,0.11144334077835083,0.15873074531555176,0.20758342742919922
733.336865,0.173231840133667,0.02579820156097412,-0.04924071207642555
733.437491,0.046098291873931885,0.012849092483520508,-0.05177450180053711
733.537886,-0.042374491691589355,-0.02286440134048462,0.03549623489379883
733.638420,0.02228027582168579,0.1058700680732727,0.057115308940410614
733.738866,-0.16284555196762085,-0.17487001419067383,-0.030240774154663086
733.839400,0.11985081434249878,-0.2375621199607849,-0.025623202323913574
733.939753,0.262218177318573,0.21871769428253174,0.16487818956375122
734.040269,-0.29347628355026245,0.0033275485038757324,0.09840434789657593
734.140843,-0.4009745121002197,-0.37993133068084717,0.03780972957611084
734.241409,0.18251925706863403,-0.12415057420730591,0.14894622564315796
734.341661,0.3040199279785156,-0.062494318932294846,0.1622704267501831
734.442186,0.08455204963684082,0.061388932168483734,-0.01180034875869751
734.542802,-0.08317995071411133,-0.036635689437389374,-0.041837990283966064
734.643238,-0.0020096302032470703,-0.006604820489883423,0.07621264457702637
734.743733,0.006921350955963135,-0.004013353958725929,0.005540728569030762
734.844091,-0.010379791259765625,0.026010289788246155,-0.007848858833312988
734.944663,0.00969696044921875,0.024406980723142624,0.021795153617858887
735.045220,-0.001874089241027832,-0.004122816026210785,-0.007973074913024902
735.145787,-0.012915372848510742,0.008897118270397186,0.019209682941436768
735.246202,0.009776115417480469,0.028221964836120605,-0.006437063217163086
735.346660,0.01800537109375,0.011730941012501717,-0.0029751062393188477
735.447096,-0.008430123329162598,-0.030694719403982162,0.011495471000671387
735.547684,0.0067522525787353516,0.046024683862924576,-0.005730807781219482
735.648056,0.1383853554725647,0.072659432888031,-0.04223865270614624
735.748608,0.103779137134552,0.051953673362731934,-0.03023362159729004
735.849156,0.031531691551208496,0.10609620809555054,0.0034456849098205566
735.949568,-0.10427528619766235,-0.049659013748168945,-0.03482848033308983
736.050114,0.05560249090194702,-0.26428335905075073,0.0022661685943603516
736.150533,0.2882762849330902,-0.09058046340942383,0.17252320051193237
736.251072,0.003357917070388794,0.02799779176712036,0.20880943536758423
736.351490,-0.2656182646751404,0.0725710391998291,0.15191906690597534
736.451915,-0.22399172186851501,-0.013862192630767822,-0.12433481216430664
736.552529,0.03633248805999756,-0.04572349786758423,-0.07890629768371582
736.653120,0.16071879863739014,-0.0006074309349060059,0.05482494831085205
736.753473,0.010888993740081787,-0.009397625923156738,0.025090454146265984
736.854028,-0.02493053674697876,-0.0185280442237854,-0.019783377647399902
736.954449,0.0012013912200927734,0.0006982684135437012,0.018485065549612045
737.054946,-0.02543187141418457,-0.02823483943939209,0.031155705451965332
737.155425,0.01471942663192749,0.058061301708221436,-0.02002382092177868
737.255944,-0.17649245262145996,-0.028391003608703613,0.01989835500717163
737.356431,0.20420414209365845,-0.20619165897369385,-0.002597823739051819
737.456966,0.22154784202575684,0.17266511917114258,0.21518400311470032
737.557440,-0.21724650263786316,-0.07429087162017822,0.08392387628555298
737.657870,-0.23891890048980713,-0.0826956033706665,-0.0561823844909668
737.758430,0.10793477296829224,-0.06320124864578247,-0.04341256618499756
737.858916,0.12339746952056885,0.0005849003791809082,0.01667928881943226
737.959410,-0.11505907773971558,-0.049322426319122314,0.01724874973297119
738.059800,0.019704163074493408,0.02677673101425171,-0.0320667065680027
738.160385,-0.032655298709869385,0.007029891014099121,0.024390101432800293
738.260845,0.008546769618988037,-0.01090097427368164,0.017508506774902344
738.361379,-0.05704885721206665,0.04814469814300537,-0.03416180610656738
738.461806,-0.08621102571487427,-0.17404550313949585,-0.045607805252075195
738.562285,0.27659547328948975,-0.07608634233474731,0.07998792827129364
738.662768,0.11931246519088745,0.17199820280075073,0.10511967539787292
738.763291,-0.34327876567840576,-0.150906503200531,0.08422158658504486
738.863687,-0.013009577989578247,-0.03691178560256958,-0.09271526336669922
738.964406,0.15154343843460083,-0.034861207008361816,-0.03625953197479248
739.064710,0.011211633682250977,0.015480756759643555,0.08228003978729248
739.165306,-0.06677448749542236,-0.010177910327911377,-0.0018197298049926758
739.265746,0.007772922515869141,0.013136804103851318,-0.027310959994792938
739.366269,-0.0011842846870422363,-0.015408337116241455,-0.0049269236624240875
739.466653,-0.0005442500114440918,0.005708158016204834,0.005010366439819336
739.567237,-0.013906478881835938,-0.00011295080184936523,0.02070629596710205
739.667742,0.002786099910736084,-0.0061075687408447266,-0.0002462826669216156
739.768231,-0.021038711071014404,0.0543941855430603,0.010932214558124542
739.868706,-0.08396637439727783,-0.0019118785858154297,-0.05225241184234619
739.969226,0.13900524377822876,-0.2583119869232178,0.01004946231842041
740.069744,0.19782507419586182,0.18409287929534912,0.19174905121326447
740.170250,-0.19222460687160492,-0.026573359966278076,0.12097147107124329
740.270656,-0.22483429312705994,-0.038555026054382324,-0.0778355598449707
740.371171,0.09332796931266785,-0.009067714214324951,-0.13201509416103363
740.471756,0.0715424120426178,-0.04328423738479614,0.05454707145690918
740.572130,-0.043156832456588745,-0.033305227756500244,0.049015164375305176
740.672590,0.025148659944534302,0.04625946283340454,-0.0455780066549778
740.773147,0.003088653087615967,-0.012097656726837158,-0.003203876316547394
740.873591,-5.65648078918457e-05,0.00028771162033081055,0.02720296010375023
740.974162,0.008320897817611694,0.009207189083099365,-0.014004349708557129
741.074574,0.005329042673110962,0.008867859840393066,0.009136438369750977
741.175147,-0.023101389408111572,-0.00875091552734375,0.018447037786245346
741.275630,0.004026502370834351,-0.008117198944091797,-0.004070289433002472
741.376148,0.016352713108062744,0.014303207397460938,0.008782505989074707
741.476610,-0.02104741334915161,-0.007224380970001221,0.007187243551015854
741.577109,-0.003055274486541748,-0.0006350278854370117,-0.010108955204486847
741.677626,0.007703810930252075,0.004572451114654541,0.008488170802593231
741.778112,0.007833123207092285,0.003969848155975342,0.011686556041240692
741.878569,-0.029680758714675903,-0.022039711475372314,-0.009448528289794922
741.979344,0.020534902811050415,0.02959895133972168,0.009248130023479462
742.079551,-0.009075284004211426,-0.005389094352722168,0.01859736442565918
742.180040,0.008048295974731445,-0.005527079105377197,-0.02041316032409668
742.280570,0.01014012098312378,0.016458570957183838,0.00972021371126175
742.381011,-0.027513712644577026,-0.008921265602111816,0.017493493854999542
742.481618,0.021287351846694946,0.0033298730850219727,-0.001688241958618164
742.582081,0.0016930103302001953,0.023267686367034912,0.0013663694262504578
742.682543,-0.0748187005519867,0.02939683198928833,0.02488674223423004
742.783049,-0.04463988542556763,-0.1610502004623413,-0.03777360916137695
742.883562,0.2135111689567566,-0.21379661560058594,0.018797755241394043
742.984039,0.0957498550415039,0.15217500925064087,0.15143007040023804
743.084568,-0.31137189269065857,-0.033007800579071045,0.12325841188430786
743.185021,-0.13601109385490417,0.027355611324310303,-0.14063119888305664
743.285555,0.13047200441360474,-0.1625402569770813,-0.0510789155960083
743.386062,0.1331019401550293,0.03492492437362671,0.1025768518447876
743.486469,-0.0326995849609375,-0.022810280323028564,-0.02050328254699707
743.586972,-0.010563850402832031,-0.0005260109901428223,-0.05790425091981888
743.687484,-0.0035957694053649902,0.003748953342437744,0.036303162574768066
743.787964,-0.006163060665130615,-0.012142717838287354,0.03990031033754349
743.888483,-0.009176820516586304,0.06988704204559326,0.014199130237102509
743.988968,-0.14430975914001465,-0.04444539546966553,-0.01018834114074707
744.089451,0.12243306636810303,-0.2732079029083252,-0.04114401340484619
744.189996,0.21050232648849487,0.13456755876541138,0.10310006886720657
744.290484,-0.1665210723876953,0.05135047435760498,0.10329623520374298
744.390930,-0.2782684564590454,0.01022118330001831,-0.004179112613201141
744.491403,0.027557164430618286,-0.05595153570175171,-0.09803688526153564
744.591969,0.14107269048690796,-0.055011868476867676,0.01132308691740036
744.692527,-0.029705554246902466,-0.054971158504486084,0.04140186309814453
744.793032,-0.049658119678497314,0.037518203258514404,-0.014314040541648865
744.893471,0.02345934510231018,0.03217047452926636,-0.01678180694580078
744.993884,0.009178876876831055,-0.017590463161468506,0.020560145378112793
745.094435,-0.02964964509010315,-0.03453129529953003,0.02208637446165085
745.194929,0.005404651165008545,-0.009069979190826416,0.014510393142700195
745.295409,-0.019675880670547485,0.07664203643798828,-0.0033006593585014343
745.395956,-0.14787638187408447,-0.033924400806427,0.014453880488872528
745.496364,0.17900598049163818,-0.23315757513046265,-0.009117607027292252
745.596850,0.21752339601516724,0.10217368602752686,0.16553163528442383
745.697419,-0.23460648953914642,-0.04564458131790161,0.1007511168718338
745.797884,-0.2721485495567322,0.006296038627624512,-0.024914979934692383
745.898477,0.05112701654434204,-0.1171184778213501,-0.05703569948673248
745.998908,0.1858454942703247,-0.03998279571533203,-0.004448294639587402
746.099430,0.03003138303756714,0.024411320686340332,0.03768289089202881
746.199942,-0.061187565326690674,-0.0006476640701293945,-0.021883007138967514
746.300373,0.006025850772857666,0.000653684139251709,-0.02034735679626465
746.400925,0.008342444896697998,-0.0077078938484191895,0.02962815947830677
746.501405,-0.060580164194107056,0.007391095161437988,0.03825700283050537
746.601916,-0.20998787879943848,-0.037305593490600586,-0.05229926109313965
746.702417,0.26849400997161865,-0.17871206998825073,0.00883108377456665
746.802875,0.21904730796813965,0.08378374576568604,0.1473841369152069
746.903174,-0.169427752494812,0.003941893577575684,0.040092647075653076
747.003968,-0.18469467759132385,0.018141329288482666,-0.09615582227706909
747.104427,0.0895240306854248,-0.18181580305099487,-0.018175244331359863
747.204892,0.10262554883956909,-0.044307053089141846,0.09835316240787506
747.305432,0.011471956968307495,-0.0024831295013427734,0.02149517834186554
747.405876,-0.01695159077644348,0.025220513343811035,-0.045406877994537354
747.506249,-0.03704649209976196,-0.01568019390106201,0.030871331691741943
747.606777,-0.1271737813949585,0.06806051731109619,0.026036739349365234
747.707342,-0.007585287094116211,-0.120791494846344,-0.056751664727926254
747.807754,0.32053810358047485,-0.15363436937332153,0.020855315029621124
747.908383,-0.024254530668258667,0.02498406171798706,0.21512573957443237
748.008800,-0.2414361536502838,-0.06005287170410156,0.06289729475975037
748.109305,-0.1922457367181778,0.12720435857772827,-0.11861944198608398
748.209892,-0.06951338052749634,0.01965993642807007,-0.08118748664855957
748.310298,-0.021340608596801758,0.04070448875427246,0.009428380988538265
748.410824,0.17376023530960083,-0.047804057598114014,0.07747745513916016
748.511300,-0.023575961589813232,-0.20589518547058105,0.06033432483673096
748.611785,-0.0836411714553833,0.04314786195755005,0.11772376298904419
748.712264,0.08640778064727783,-0.02039390802383423,0.033318519592285156
748.812771,-0.017470717430114746,-0.020220398902893066,0.010760195553302765
748.913330,0.010560691356658936,0.027243852615356445,-0.006571121513843536
749.013756,0.028094708919525146,0.01736772060394287,-0.0657772421836853
749.114288,-0.021612048149108887,-0.013398885726928711,-0.007987909018993378
749.214813,-0.03305584192276001,-0.007650554180145264,0.0156942680478096
749.315348,-0.08361142873764038,-0.049006104469299316,5.7220458984375e-06
749.415824,0.08987754583358765,-0.04654824733734131,0.056484103202819824
749.516251,0.07938390970230103,-0.08381706476211548,0.11869394779205322
749.616753,-0.1147879958152771,0.15131372213363647,0.04976548254489899
749.717410,-0.11842399835586548,0.1508684754371643,-0.15753042697906494
749.817776,0.1726781129837036,-0.03178870677947998,-0.0689324140548706
749.918379,0.16856840252876282,-0.16342854499816895,0.18459106981754303
750.018697,-0.06173023581504822,-0.0044550299644470215,0.1691262125968933
750.119278,-0.15127770602703094,0.16043728590011597,-0.0021314769983291626
750.219856,-0.1884896457195282,0.008675158023834229,-0.13474106788635254
750.320225,0.07511800527572632,-0.12191265821456909,0.03477347269654274
750.420785,0.07042089104652405,-0.06882166862487793,0.08265472203493118
750.521243,-0.057805389165878296,0.0021249055862426758,0.0020221471786499023
750.621830,-0.031770676374435425,0.010523557662963867,-0.019874928519129753
750.722359,-0.08235001564025879,0.019301235675811768,0.008080542087554932
750.822722,-0.08637189865112305,-0.07324081659317017,-0.03035670891404152
750.923264,0.23930037021636963,-0.14416033029556274,0.06839235126972198
751.023801,0.0658668577671051,0.11203312873840332,0.1903279423713684
751.124305,-0.17221176624298096,-0.018675804138183594,0.025620058178901672
751.224843,-0.18587061762809753,0.011268377304077148,-0.1720728874206543
751.325227,0.09281593561172485,-0.21206718683242798,-0.03357279300689697
751.425645,0.13391989469528198,-0.07539224624633789,0.1291002631187439
751.526218,0.030686795711517334,0.05468815565109253,0.023975908756256104
751.626761,-0.07122164964675903,0.009042739868164062,-0.02291899546980858
751.727322,-0.0445975661277771,-0.03583884239196777,0.02002222090959549
751.827792,-0.013069450855255127,0.04602491855621338,0.009843960404396057
751.928260,-0.07715421915054321,0.08110010623931885,-0.08726387470960617
752.028762,0.19309508800506592,-0.21983778476715088,0.033439405262470245
752.129250,0.10233652591705322,-0.07286787033081055,0.22858214378356934
752.229817,-0.1385957896709442,0.04801654815673828,0.05837562680244446
752.330333,-0.26905205845832825,0.07637864351272583,-0.06718552112579346
752.430785,-0.01885908842086792,-0.05595982074737549,-0.0894923135638237
752.531260,0.1341768503189087,-0.11745905876159668,0.05605512857437134
752.631702,0.037939250469207764,-0.051734864711761475,0.055898964405059814
752.732297,-0.09037041664123535,0.012171745300292969,-0.017094971612095833
752.832793,-0.011118710041046143,0.009519755840301514,-0.0011941194534301758
752.933355,0.028443217277526855,-0.03653520345687866,-0.0006655491888523102
753.033748,0.01880103349685669,0.021643102169036865,0.021620571613311768
753.134276,-0.07582038640975952,0.024668395519256592,0.0036564450711011887
753.234789,-0.08365154266357422,0.02623206377029419,-0.05359065532684326
753.335267,0.20721399784088135,-0.18465715646743774,0.04457569867372513
753.435737,0.04929816722869873,0.017178773880004883,0.14493872225284576
753.536256,-0.21045458316802979,0.07555496692657471,0.0680680125951767
753.636827,-0.16925939917564392,0.07506078481674194,-0.13579142093658447
753.737229,0.09563523530960083,-0.2214452624320984,-0.08804559707641602
753.837768,0.13642042875289917,-0.01171022653579712,0.11977822333574295
753.938274,-0.056999266147613525,0.026812493801116943,0.049794912338256836
754.038744,-0.021506965160369873,-0.009364545345306396,-0.05636453256011009
754.139291,0.012297987937927246,-0.015959739685058594,0.0036455392837524414
754.239692,-0.03201484680175781,0.06814563274383545,0.02001136541366577
754.340196,-0.0955691933631897,0.024323582649230957,-0.07898420095443726
754.440708,0.11191397905349731,-0.2478378415107727,0.04357028007507324
754.541968,0.14271146059036255,-0.005470693111419678,0.15901148319244385
754.641695,-0.13693854212760925,0.13753235340118408,0.06333379447460175
754.742236,-0.26819077134132385,0.044171810150146484,-0.06463801860809326
754.842787,-0.03886169195175171,-0.17952609062194824,-0.04723440855741501
754.943218,0.003659844398498535,-0.18540912866592407,0.1481182724237442
755.043794,0.004677534103393555,-0.0807752013206482,0.11694169044494629
755.144273,0.13692080974578857,0.0430695116519928,0.04235649108886719
755.244724,0.06944513320922852,0.015309005975723267,-0.001665353775024414
755.345260,-0.03510606288909912,0.0025682151317596436,-0.0004489421844482422
755.445654,0.05192941427230835,-0.01546698808670044,0.0316469669342041
755.546213,-0.02081906795501709,0.021499723196029663,-0.013044357299804688
755.646758,-0.028545081615447998,-0.006402239203453064,0.009860694408416748
755.747356,0.013411879539489746,0.010969221591949463,0.017917394638061523
755.847868,-0.03039926290512085,-0.014686837792396545,-0.009553313255310059
755.948206,0.0033779144287109375,0.02846774458885193,0.015254020690917969
756.048833,-0.004878699779510498,0.002608254551887512,-0.013316094875335693
756.149323,-0.0058411359786987305,-0.0032148808240890503,0.010930240154266357
756.249797,-0.03170299530029297,-0.011183351278305054,0.0058100223541259766
756.350232,0.03865194320678711,0.15020087361335754,-0.03869521617889404
756.450868,0.010831713676452637,0.04239565134048462,-0.03923642635345459
756.551286,0.0544513463973999,-0.04396545886993408,0.01306810975074768
756.651726,0.03937643766403198,-0.05045884847640991,0.049477726221084595
756.752263,-0.032157450914382935,-0.02723795175552368,0.027871370315551758
756.852758,-0.051965564489364624,-0.04758775234222412,0.016620829701423645
756.953232,0.0263042151927948,0.010109901428222656,-0.0002654045820236206
757.053794,-0.026287555694580078,0.02499181032180786,0.006687745451927185
757.154271,-0.014743834733963013,0.013100624084472656,-0.008453309535980225
757.254842,-0.005544126033782959,0.029045403003692627,-0.0023381710052490234
757.355351,-0.040588557720184326,0.024410367012023926,-0.014656659215688705
757.455790,-0.0057585835456848145,-0.0827341079711914,-0.042262911796569824
757.556324,0.07319453358650208,-0.036564409732818604,-0.004017949104309082
757.656680,0.15981847047805786,-0.05725365877151489,0.12431462109088898
757.757304,-0.09212861955165863,-0.026328623294830322,0.13139104843139648
757.857770,-0.24870634078979492,0.02219599485397339,0.013571500778198242
757.958322,-0.06545639038085938,0.10009050369262695,-0.17082679271697998
758.058754,0.08692789077758789,-0.06550717353820801,0.0048716068267822266
758.159316,0.019775867462158203,-0.03177279233932495,0.11126280575990677
758.259763,0.03383490443229675,0.005059361457824707,-0.0062253475189208984
758.360389,0.006475478410720825,0.019046485424041748,-0.016258480027318
758.460782,-0.04007270932197571,-0.020045101642608643,0.023502051830291748
758.561271,-0.03185716271400452,0.028610527515411377,0.013509038835763931
758.661792,-0.1069139838218689,0.07505303621292114,-0.06314104795455933
758.762268,0.09293586015701294,-0.11405837535858154,-0.03213036060333252
758.862843,0.1706075668334961,-0.1282089352607727,0.13891617953777313
758.963338,-0.07623142004013062,0.054655373096466064,0.10936665534973145
759.063812,-0.16597583889961243,0.08004897832870483,-0.024601630866527557
759.164303,-0.16195359826087952,-0.014220058917999268,-0.12386691570281982
759.264826,0.08189600706100464,-0.1118844747543335,-0.0019338130950927734
759.365243,0.14517945051193237,-0.032441914081573486,0.0985116958618164
759.465808,-0.028014540672302246,0.040504515171051025,0.0050089359283447266
759.566256,-0.037249982357025146,0.07566934823989868,-0.031001918017864227
759.666764,0.012549996376037598,0.05742335319519043,-0.024500370025634766
759.767247,0.03389853239059448,-0.0688813328742981,0.016024820506572723
759.867910,-0.009382545948028564,-0.0599137544631958,0.0458885133266449
759.968324,-0.02885258197784424,-0.03586757183074951,0.04776296019554138
760.068824,-0.00419008731842041,0.1369023323059082,-0.0295870304107666
760.169313,-0.06714063882827759,0.052041471004486084,0.046309247612953186
760.269765,-0.009907245635986328,-0.024551689624786377,0.03723086416721344
760.370324,0.03223466873168945,0.05219334363937378,-0.021381691098213196
760.470788,-0.012811362743377686,-0.04159688949584961,0.017002731561660767
760.571269,-0.004840254783630371,0.051163554191589355,-0.00301477313041687
760.671792,0.05445128679275513,0.05046743154525757,-0.04658298194408417
760.772299,-0.01955723762512207,-0.03421598672866821,-0.013096809387207031
760.872790,-0.059468626976013184,0.005407214164733887,-0.006523877382278442
760.973273,-0.08961671590805054,-0.038362860679626465,0.002846747636795044
761.073835,0.06428030133247375,-0.12018322944641113,0.05992664396762848
761.174388,0.023544758558273315,-0.029995381832122803,0.05547809600830078
761.274819,-0.02090206742286682,0.08332240581512451,0.08780336380004883
761.375422,-0.147048681974411,0.1506359577178955,0.03512512147426605
761.475871,0.03369989991188049,0.07820439338684082,-0.08942698687314987
761.576319,0.18686142563819885,-0.06625717878341675,0.05161172151565552
761.676884,-0.030003666877746582,-0.07590985298156738,0.1814115345478058
761.777375,-0.14588776230812073,0.09275221824645996,0.018305420875549316
761.877871,-0.1373244822025299,0.04114270210266113,-0.13384974002838135
761.978337,0.06026172637939453,-0.10899472236633301,-0.045093897730112076
762.078871,0.11040252447128296,-0.036903977394104004,0.06866300106048584
762.179367,-0.03709182143211365,-0.030950605869293213,-0.002550959587097168
762.279878,-0.033680617809295654,0.005055129528045654,-0.010763166472315788
762.380343,-0.028826802968978882,-0.016167163848876953,0.017635170370340347
762.480822,-0.17202022671699524,-0.08119142055511475,0.0016896650195121765
762.581290,0.049362897872924805,0.0026962757110595703,0.0013495087623596191
762.681714,0.2330518662929535,-0.08125221729278564,0.06513483822345734
762.782316,-0.03714728355407715,0.03991490602493286,0.18584588170051575
762.882881,-0.15101048350334167,0.05663776397705078,0.020733356475830078
762.983434,-0.11579850316047668,-0.01995980739593506,-0.14714181423187256
763.083792,0.09809911251068115,-0.0885927677154541,-0.018236877396702766
763.184362,0.07071754336357117,-0.02187889814376831,0.06681013107299805
763.284838,-0.03154867887496948,-0.005766808986663818,0.004588663578033447
763.385347,-0.021888762712478638,-0.0012049674987792969,-0.013574361801147461
763.485901,-0.01590016484260559,0.004568815231323242,-0.002580404281616211
763.586367,0.024450182914733887,-0.005104660987854004,-0.0023425836116075516
763.686853,-0.0029684901237487793,0.011719882488250732,0.026233138516545296
763.787338,-0.10620930790901184,0.0742526650428772,-0.03999060392379761
763.887861,0.07733625173568726,-0.16224932670593262,-0.028087973594665527
763.988354,0.22829985618591309,-0.0745134949684143,0.1472509503364563
764.088822,-0.11208978295326233,0.06517678499221802,0.12348657846450806
764.189366,-0.24274000525474548,0.07866591215133667,-0.014581501483917236
764.289883,-0.02954733371734619,-0.1510438323020935,-0.08370232582092285
764.390420,0.19979560375213623,-0.026422083377838135,0.05143869295716286
764.490921,-0.013705253601074219,0.044453322887420654,0.07971133291721344
764.591372,-0.04847157001495361,-0.014896571636199951,-0.021448727697134018
764.691851,0.04885891079902649,0.013149619102478027,-0.024241328239440918
764.792431,-0.14559084177017212,0.01046210527420044,-0.07732641696929932
764.892944,0.03793692588806152,-0.2717999219894409,0.0014851093292236328
764.993410,0.20855027437210083,0.04081803560256958,0.17038321495056152
765.093914,-0.1103779673576355,0.12173473834991455,0.07411558926105499
765.194433,-0.2833321988582611,0.04705190658569336,-0.0617375373840332
765.294922,0.03737461566925049,-0.11645233631134033,-0.03351008892059326
765.395375,0.16668450832366943,-0.021410226821899414,0.05355429649353027
765.495872,0.014344632625579834,0.045178890228271484,0.04805338382720947
765.596402,-0.04842013120651245,0.005908071994781494,-0.029498696327209473
765.696882,0.013139724731445312,-0.003974795341491699,-0.012675881385803223
765.797510,0.020080387592315674,-0.0074645280838012695,0.00861239805817604
765.897956,-0.004252195358276367,0.011902213096618652,0.015764357522130013
765.998402,-0.05333292484283447,0.01519632339477539,-0.006436409428715706
766.098940,-0.14427036046981812,0.044646263122558594,-0.05224412679672241
766.199402,0.07471311092376709,-0.30103766918182373,0.0038310885429382324
766.299898,0.20132899284362793,-0.007252216339111328,0.1520959436893463
766.400477,-0.10841968655586243,0.1591958999633789,0.09318104386329651
766.500885,-0.2669981122016907,0.04775881767272949,-0.0761183500289917
766.601410,0.022358953952789307,-0.08951443433761597,-0.0877513736486435
766.701987,0.11482089757919312,0.0650780200958252,0.02720034122467041
766.802460,-0.014675617218017578,0.10732531547546387,0.019172251224517822
766.903058,0.051063477993011475,0.03918558359146118,0.04031026363372803
767.003466,-0.07004326581954956,-0.3114625811576843,0.07469379901885986
767.103890,0.04679650068283081,0.11645478010177612,0.04602527618408203
767.204430,-0.04306590557098389,-0.035384178161621094,-0.04937624931335449
767.305059,-0.006782054901123047,0.006460130214691162,0.036675870418548584
767.405506,0.012324392795562744,0.006349027156829834,0.03345644474029541
767.505977,0.007943391799926758,-0.020843327045440674,-0.010981857776641846
767.606434,0.05893301963806152,-0.021170854568481445,0.00850522518157959
767.707064,-0.04652160406112671,0.031139671802520752,0.01649653911590576
767.807472,0.050420284271240234,-0.009340286254882812,0.01832812838256359
767.908022,-0.016673922538757324,-0.014927923679351807,-0.00458550825715065
768.008534,-0.028611600399017334,-0.026966094970703125,-0.002477109432220459
768.108936,-0.008109569549560547,-0.01523977518081665,0.009742263704538345
768.209550,0.022058844566345215,-0.09973639249801636,0.016321130096912384
768.310056,0.0063811540603637695,-0.06379568576812744,0.05029551684856415
768.410452,-0.06343680620193481,0.04306817054748535,0.046009719371795654
768.510970,-0.12496694922447205,0.21319103240966797,-0.10801928490400314
768.611421,0.09587416052818298,-0.12218517065048218,-0.0636202022433281
768.712032,0.1754056215286255,-0.07763010263442993,0.16953672468662262
768.812482,-0.08420342206954956,0.05159097909927368,0.124001145362854
768.913036,-0.25813204050064087,0.11644250154495239,-0.13772046566009521
769.013453,-0.010647892951965332,-0.16091793775558472,-0.11911362409591675
769.114033,0.14219194650650024,-0.04460829496383667,0.10972630977630615
769.214542,-0.024148285388946533,0.021751046180725098,0.06381286680698395
769.315043,-0.051760077476501465,-0.0017056465148925781,-0.08507638424634933
769.415536,-0.03775453567504883,0.07862305641174316,-0.00479888916015625
769.516047,0.00559157133102417,-0.05523949861526489,0.04876237362623215
769.616579,0.02521347999572754,-0.03072512149810791,-0.0025025680661201477
769.717025,0.019182324409484863,0.02147465944290161,-0.01873486489057541
769.817559,-0.01063835620880127,0.003953397274017334,0.027618102729320526
769.918081,-0.030180394649505615,-0.007290065288543701,0.0017442628741264343
770.018621,0.01007765531539917,-0.011442065238952637,-0.019527971744537354
770.119085,0.018500804901123047,0.022214114665985107,0.003960371017456055
770.219586,-0.0059470534324646,-0.002989470958709717,0.019743025302886963
770.320100,-0.02167189121246338,-0.0013946294784545898,0.025181591510772705
770.420553,0.034754037857055664,-0.007941603660583496,-0.03594016283750534
770.521134,0.008738428354263306,0.019799888134002686,0.021175086498260498
770.621506,-0.027481287717819214,0.029801249504089355,0.000805683434009552
770.722181,-0.07822299003601074,0.026303112506866455,0.007844455540180206
770.822624,0.11531400680541992,-0.04987037181854248,-0.036097779870033264
770.923121,0.019945859909057617,0.02541053295135498,0.06466133892536163
771.023625,0.02222752571105957,-0.02886378765106201,-0.02639766037464142
771.124087,-0.03208240866661072,-0.007690131664276123,0.011323757469654083
771.224667,-0.039904654026031494,-0.006155431270599365,-0.018827617168426514
771.325061,0.020598143339157104,0.025154411792755127,0.013355664908885956
771.425600,-0.0431806743144989,-0.007292211055755615,0.02817773073911667
771.526118,0.005329638719558716,-0.015658676624298096,-0.03894954174757004
771.626579,0.0033169686794281006,-0.007727563381195068,0.010562121868133545
771.727162,-0.0017042756080627441,-0.017639994621276855,0.018236272037029266
771.827680,0.05293425917625427,0.004773259162902832,-0.005939774215221405
771.928184,0.012355059385299683,-0.008005261421203613,-0.0011731386184692383
772.028674,-0.011990725994110107,0.03717583417892456,0.009849950671195984
772.129085,-0.049489349126815796,0.027006030082702637,0.009225308895111084
772.229685,-0.0658906102180481,-0.06242036819458008,-0.01546371728181839
772.330150,0.09977251291275024,-0.006494402885437012,-0.012201547622680664
772.430688,0.01583683490753174,-0.005040943622589111,0.05496491491794586
772.531117,-0.027699530124664307,0.010540664196014404,-0.006339907646179199
772.631542,-0.0010957717895507812,-0.01877659559249878,-0.021547317504882812
772.732129,0.027950406074523926,0.007956922054290771,0.03173959255218506
772.832587,-0.010967552661895752,-0.022366762161254883,-0.004203431308269501
772.933154,0.007593333721160889,0.018238604068756104,-0.0020696520805358887
773.033630,0.0018110871315002441,-0.025975048542022705,-0.02488809823989868
773.134167,-0.006636261940002441,0.0428013801574707,0.02925729751586914
773.234698,-0.03166604042053223,0.03952646255493164,0.009912975132465363
773.335189,-0.02443525195121765,-0.05644845962524414,-0.035992205142974854
773.435743,0.00937873125076294,-0.06306689977645874,0.004346683621406555
773.536243,0.03018355369567871,-0.055181264877319336,0.036084890365600586
773.636650,-0.17920035123825073,-0.20112484693527222,0.0444318950176239
773.737166,0.0077484846115112305,-0.08814001083374023,0.11881506443023682
773.837730,0.18309223651885986,0.04251977801322937,0.13559210300445557
773.938122,0.12048494815826416,0.06928148865699768,-0.014484584331512451
774.038712,0.0003368854522705078,0.04645314812660217,-0.002255678176879883
774.139196,0.009077847003936768,-0.022569000720977783,0.010984838008880615
774.239772,-0.012296736240386963,-0.013445913791656494,0.001584172248840332
774.340158,-0.01609623432159424,0.022216200828552246,0.007035613059997559
774.440627,0.01590883731842041,-0.00023484230041503906,-0.00814676284790039
774.541202,-0.012249410152435303,-0.0005420893430709839,0.00479888916015625
774.641644,0.005154252052307129,0.02349218726158142,-0.0014274120330810547
774.742173,0.07754343748092651,0.28004294633865356,-0.006093502044677734
774.842723,-0.0723314881324768,-0.17914330959320068,-0.04543274641036987
774.943227,0.10439705848693848,-0.3200184106826782,0.11462295055389404
775.043855,0.06816715002059937,0.09708678722381592,0.1833324134349823
775.144176,-0.10294932126998901,0.20978915691375732,0.0549902617931366
775.244751,-0.40160709619522095,-0.13434767723083496,-0.03027290105819702
775.345182,-0.051297545433044434,-0.2649894952774048,-0.019119739532470703
775.445749,0.20014441013336182,-0.04939687252044678,0.07085097581148148
775.546083,0.04346054792404175,0.011499941349029541,0.03692960739135742
775.646798,-0.04141741991043091,0.012381970882415771,-0.026781734079122543
775.747177,-0.010601043701171875,-0.02197575569152832,0.009764492511749268
775.847771,-0.06535148620605469,0.06499665975570679,0.020047247409820557
775.948191,-0.12484914064407349,-0.0719832181930542,-0.07071447372436523
776.048780,0.13661986589431763,-0.27432191371917725,0.006041228771209717
776.149293,0.13114655017852783,0.06676816940307617,0.19712001085281372
776.249734,-0.12977084517478943,0.12876349687576294,0.0449141263961792
776.350273,-0.2567235231399536,-0.012778282165527344,-0.11761444807052612
776.450758,0.03210347890853882,-0.11496949195861816,-0.06766045093536377
776.551474,0.1721346378326416,-0.014303445816040039,0.08558850735425949
776.651797,-0.044037580490112305,-0.038201868534088135,0.023902662098407745
776.752306,-0.06739071011543274,-0.029422521591186523,-0.032751262187957764
776.852850,-0.006285995244979858,-0.022568345069885254,0.027114327996969223
776.953287,-0.048372089862823486,0.013431906700134277,0.030067376792430878
777.053808,-0.09266352653503418,-0.0844159722328186,-0.06634271144866943
777.154286,0.16519129276275635,-0.18098902702331543,0.020150914788246155
777.254777,0.13331478834152222,0.06407177448272705,0.17734834551811218
777.355306,-0.12945735454559326,0.06933802366256714,0.019683361053466797
777.455799,-0.15596634149551392,-0.02461063861846924,-0.1114153265953064
777.556406,0.006648600101470947,-0.1487444043159485,-0.0007363632321357727
777.656866,0.11697202920913696,-0.023186326026916504,0.06645012646913528
777.757323,-0.04303377866744995,-0.05661165714263916,-0.035312470048666
777.857855,-0.05376094579696655,-0.0020594000816345215,0.0019714199006557465
777.958313,0.015416622161865234,0.0008651018142700195,0.012948397547006607
778.058771,-0.05856513977050781,0.009974956512451172,-0.004880011081695557
778.159298,-0.08040565252304077,-0.1310315728187561,-0.039198748767375946
778.259918,0.24366122484207153,-0.16342931985855103,0.08063925802707672
778.360361,0.11194276809692383,0.17578637599945068,0.15858706831932068
778.460828,-0.19313760101795197,0.03731179237365723,-0.00015495717525482178
778.561341,-0.14590847492218018,-0.11879205703735352,-0.11839854717254639
778.661832,0.09645450115203857,-0.06832665205001831,0.021210908889770508
778.762348,0.09767153859138489,-0.009243130683898926,0.06795842200517654
778.862932,-0.0247841477394104,-0.005903184413909912,-0.01772821694612503
778.963335,-0.0855167806148529,-0.021094858646392822,-0.0007193684577941895
779.063823,0.018660783767700195,0.0027671456336975098,0.008695252239704132
779.164319,0.02283245325088501,-0.008017897605895996,0.008220009505748749
779.264843,-0.03167319297790527,-0.005837500095367432,0.030865192413330078
779.365365,-0.06676450371742249,0.08476114273071289,-0.0008108615875244141
779.465948,-0.05159032344818115,-0.2150895595550537,-0.05621379613876343
779.566476,0.31282681226730347,-0.09391242265701294,0.11367407441139221
779.666836,0.1371815800666809,0.11038798093795776,0.1596304178237915
779.767409,-0.20146825909614563,0.056015849113464355,-0.03814733028411865
779.867924,-0.16187751293182373,-0.12384957075119019,-0.13528525829315186
779.968419,0.02454957365989685,-0.10984700918197632,0.05751292407512665
780.068954,0.09223833680152893,0.045577287673950195,0.10661977529525757
780.169367,0.02739870548248291,-0.02506643533706665,-0.043555907905101776
780.269940,-0.09497123956680298,-0.0355953574180603,-0.004941344261169434
780.370441,-0.1957491934299469,-0.03690779209136963,-0.009563103318214417
780.470910,0.08389365673065186,-0.24698597192764282,-0.033349305391311646
780.571354,0.3207690715789795,-0.041606009006500244,0.16011878848075867
780.671917,-0.037915825843811035,0.1604846715927124,0.18596452474594116
780.772484,-0.2592947483062744,-0.05344045162200928,-0.036513254046440125
780.872975,-0.13320699334144592,-0.15818071365356445,-0.14270806312561035
780.973414,0.081255704164505,-0.03514683246612549,0.05799359083175659
781.073966,0.05733758211135864,-0.0012417435646057129,0.10834605991840363
781.174513,0.0008727312088012695,-0.003762185573577881,-0.01498270034790039
781.274924,0.004579097032546997,-0.017982542514801025,-0.03304767608642578
781.375478,-0.019230276346206665,0.0250663161277771,0.016801416873931885
781.475991,-0.04758778214454651,-0.16079866886138916,-0.02855098247528076
781.576437,0.2724565267562866,-0.057944536209106445,0.07659286260604858
781.677020,0.03831133246421814,0.15701860189437866,0.18451163172721863
781.777466,-0.19929055869579315,0.07106989622116089,-0.0257357656955719
781.878034,-0.07555800676345825,-0.05533480644226074,-0.14684194326400757
781.978532,-0.03947174549102783,0.038570523262023926,-0.024608254432678223
782.079031,0.130992591381073,0.12995165586471558,0.11522519588470459
782.179486,-0.03206998109817505,-0.3467589020729065,-0.02465718984603882
782.279989,0.03725123405456543,0.14725899696350098,0.04700486361980438
782.380538,0.04053637385368347,-0.11127781867980957,0.013880744576454163
782.480985,-0.04133892059326172,0.02039051055908203,-0.014869213104248047
782.581568,-0.008298039436340332,-0.008433759212493896,0.019475057721138
782.682033,0.028009474277496338,-0.00588458776473999,-0.016872569918632507
782.782537,0.0019386112689971924,-0.04308980703353882,-0.0016482919454574585
782.883017,0.045844078063964844,0.12487506866455078,0.022039711475372314
782.983538,-0.08002668619155884,-0.0465846061706543,-0.04090200364589691
783.083993,0.005018055438995361,-0.09096014499664307,0.03589048981666565
783.184526,0.0182134211063385,-0.03770267963409424,0.029970645904541016
783.285053,0.028377175331115723,-0.009481310844421387,0.04294265806674957
783.385578,0.18531706929206848,0.08362770080566406,0.14230072498321533
783.486079,-0.04741758108139038,0.06792443990707397,0.07483530044555664
783.586602,-0.24797379970550537,0.04900544881820679,-0.04556052386760712
783.687054,-0.17280900478363037,-0.042614877223968506,-0.1619584560394287
783.787515,0.12747570872306824,-0.15128082036972046,-0.03723859786987305
783.888053,0.102749764919281,-0.009119033813476562,0.09141457080841064
783.988638,-0.04378440976142883,-0.004498779773712158,0.02861780673265457
784.089093,-0.01758405566215515,0.004307925701141357,-0.020901499316096306
784.189548,-0.12278473377227783,-0.02790755033493042,-0.03712642192840576
784.290101,-0.022863447666168213,-0.11898362636566162,-0.008068319410085678
784.390530,0.20157301425933838,-4.488229751586914e-05,0.14938773214817047
784.491109,0.03758662939071655,0.1170264482498169,0.13589230179786682
784.591555,-0.21715141832828522,-0.012439489364624023,-0.05861829221248627
784.692092,-0.07878604531288147,-0.06099921464920044,-0.12778224050998688
784.792587,0.12104523181915283,-0.08924645185470581,0.00670170783996582
784.893192,0.10588410496711731,-0.02008509635925293,0.07882285118103027
784.993704,-0.0147380530834198,0.014408707618713379,-0.017658593133091927
785.094104,-0.055360496044158936,-0.00892782211303711,-0.026229742914438248
785.194606,-0.024303972721099854,-0.03719741106033325,-0.006465677171945572
785.295132,0.04614195227622986,0.022333860397338867,0.016569972038269043
785.395594,-0.042228907346725464,0.030939877033233643,0.02062058448791504
785.496141,-0.14964228868484497,-0.01507580280303955,-0.07001329213380814
785.596627,0.14991343021392822,-0.22092199325561523,-0.022609345614910126
785.697188,0.16827571392059326,0.08827489614486694,0.20653879642486572
785.797617,-0.17221862077713013,0.04559069871902466,0.07035970687866211
785.898124,-0.19775822758674622,-0.0750839114189148,-0.08744622021913528
785.998632,0.058894217014312744,-0.001755833625793457,-0.02121807634830475
786.099184,0.08049306273460388,0.03883039951324463,0.09836483001708984
786.199710,0.009345442056655884,-0.04899364709854126,-0.01525365561246872
786.300162,-0.004716962575912476,0.018416225910186768,-0.021820068359375
786.400818,-0.015907257795333862,0.04587513208389282,0.024828549474477768
786.501070,0.0018062293529510498,-0.006722390651702881,-0.010378837585449219
786.601788,-0.0016973912715911865,-0.0288313627243042,-0.002562396228313446
786.701889,-0.00010329484939575195,0.0118483304977417,0.012580879032611847
786.802746,0.003683716058731079,0.0009799599647521973,0.032646290957927704
786.903236,-0.13804692029953003,0.08636116981506348,-0.04099522531032562
787.003703,0.03905129432678223,-0.18281954526901245,0.0002018064260482788
787.104177,0.19042080640792847,-0.025280773639678955,0.1594575047492981
787.204770,-0.013144373893737793,0.10108685493469238,0.16810613870620728
787.305288,-0.22483648359775543,-0.0022377967834472656,-0.04513769969344139
787.405698,-0.07589048147201538,-0.09316647052764893,-0.09291672706604004
787.506172,0.11093953251838684,-0.01735144853591919,0.024947278201580048
787.606683,0.044201046228408813,-0.01957148313522339,0.060095906257629395
787.707289,-0.03767770528793335,0.010556578636169434,-0.009432796388864517
787.807715,-0.04091450572013855,0.005561113357543945,0.006385926157236099
787.908172,0.04712182283401489,0.026806533336639404,0.01249539665877819
788.008723,0.0006434023380279541,0.027836322784423828,0.01721811667084694
788.109173,-0.14600107073783875,0.032122671604156494,-0.10222911834716797
788.209881,0.17712217569351196,-0.20859462022781372,-0.024282753467559814
788.310205,0.17835605144500732,0.08959561586380005,0.20957162976264954
788.410702,-0.12256781756877899,0.03536468744277954,0.10886147618293762
788.511226,-0.25955307483673096,0.018407583236694336,-0.04895341396331787
788.611771,0.01743614673614502,-0.04880928993225098,-0.11031053960323334
788.712212,0.20207631587982178,-0.02629190683364868,0.05166102200746536
788.812773,-0.011932671070098877,-0.02043968439102173,0.0787210464477539
788.913353,-0.04109176993370056,-0.000631868839263916,-0.029795169830322266
789.013802,0.03516241908073425,0.032723188400268555,-0.01886821538209915
789.114359,-0.013995170593261719,-0.010899543762207031,0.029185406863689423
789.214826,0.009702563285827637,-0.002758324146270752,0.008217453956604004
789.315265,0.03412395715713501,-0.01802384853363037,-0.004971623420715332
789.415819,-0.027720898389816284,0.07112234830856323,0.00987280160188675
789.516332,-0.12074458599090576,-0.002199888229370117,-0.07002818584442139
789.616899,0.15303194522857666,-0.23767340183258057,-0.04682391881942749
789.717313,0.1565130650997162,0.06756389141082764,0.16263002157211304
789.817825,-0.16111931204795837,0.057691872119903564,0.0913352370262146
789.918355,-0.18678826093673706,0.008256494998931885,-0.0740131139755249
790.018921,0.09132176637649536,-0.05461829900741577,-0.061172716319561005
790.119328,0.08719587326049805,-0.04216247797012329,0.0659719705581665
790.219938,-0.05476996302604675,-0.008097589015960693,0.023026585578918457
790.320297,0.00607532262802124,0.021612465381622314,-0.056302301585674286
790.420877,-0.014416217803955078,0.0022438764572143555,0.024274349212646484
790.521349,-0.010549426078796387,0.0020824670791625977,0.027238130569458008
790.621783,0.03263574838638306,-8.720159530639648e-05,-0.014786608517169952
790.722353,-0.0187491774559021,0.021212399005889893,0.009524814784526825
790.822856,-0.13382816314697266,-0.042242467403411865,-0.03884720802307129
790.923390,0.16527444124221802,-0.2141101360321045,-0.0025281310081481934
791.023867,0.1783328652381897,0.058180928230285645,0.2022046446800232
791.124469,-0.10694390535354614,0.119376540184021,0.0911584198474884
791.224912,-0.3139055669307709,-0.07028001546859741,-0.02920246124267578
791.325336,0.03732505440711975,-0.08510565757751465,-0.0873105376958847
791.425876,0.184409499168396,-0.0025112032890319824,0.05660700798034668
791.526384,-0.028381675481796265,-0.010908544063568115,0.05470561981201172
791.626864,-0.022364318370819092,0.0017960071563720703,-0.035578131675720215
791.727445,0.011479794979095459,-0.00807797908782959,-0.0008938238024711609
791.827913,0.007748842239379883,0.010545194149017334,0.033960457891225815
791.928440,-0.021858423948287964,-0.008230447769165039,0.010433897376060486
792.028869,-0.018598228693008423,-0.008452355861663818,0.009141094982624054
792.129411,-0.14346995949745178,0.08005881309509277,-0.14264464378356934
792.229926,0.12641966342926025,-0.22371995449066162,0.009095430374145508
792.330417,0.19635283946990967,-0.1486002802848816,0.16201472282409668
792.431064,-0.012710034847259521,0.1102304458618164,0.16749945282936096
792.531457,-0.21671605110168457,-0.038002610206604004,-0.007028684020042419
792.631936,-0.10636359453201294,-0.048612892627716064,-0.10752475261688232
792.732517,0.08737325668334961,-0.026270687580108643,-0.020780444145202637
792.832947,0.02949860692024231,-0.007338523864746094,0.03217469900846481
792.933426,0.05588775873184204,-0.009489655494689941,-0.008203737437725067
793.034057,0.051393717527389526,-4.929304122924805e-05,-0.011857859790325165
793.134454,-0.012817680835723877,-0.0030590295791625977,0.03722298890352249
793.234965,-0.1418629288673401,0.12370193004608154,-0.03059208393096924
793.335493,-0.16641873121261597,-0.013814330101013184,-0.1315622329711914
793.435993,0.15728479623794556,-0.4310852885246277,0.02883721888065338
793.536486,0.2114446759223938,0.11404573917388916,0.35883641242980957
793.636988,0.0720243752002716,0.25117892026901245,0.1574251651763916
793.737470,-0.34619253873825073,-0.1218177080154419,-0.1234888955950737
793.838021,-0.12880641222000122,-0.2698420286178589,-0.03029775619506836
793.938483,0.2989266514778137,0.032860636711120605,0.07341963052749634
794.038986,0.0966336727142334,0.02203613519668579,0.028531081974506378
794.139485,-0.09479451179504395,-0.06065112352371216,-0.008991237729787827
794.240061,0.003909945487976074,0.007250785827636719,0.013311564922332764
794.340363,0.021301627159118652,0.03251516819000244,0.015295149758458138
794.440974,-0.18121087551116943,0.10552924871444702,-0.08872926235198975
794.541566,-0.08914142847061157,-0.3993251919746399,0.0029597878456115723
794.642033,0.3407135605812073,-0.11541181802749634,0.28897780179977417
794.742498,-0.006696462631225586,0.1704501509666443,0.18615224957466125
794.843069,-0.2648646831512451,0.19315534830093384,-0.021013423800468445
794.943568,-0.2173667550086975,-0.30086958408355713,-0.1064077690243721
795.044067,0.18389678001403809,-0.026497244834899902,0.021985288709402084
795.144422,0.1255696415901184,-0.023967981338500977,0.01808822900056839
795.245028,-0.13029715418815613,0.023596584796905518,0.01853477954864502
795.345497,-0.1510171890258789,-0.06135839223861694,0.10718899220228195
795.446046,0.13149285316467285,0.0018572211265563965,0.09743547439575195
795.546603,0.07056611776351929,0.07801342010498047,-0.03500676155090332
795.647038,-0.1788749098777771,0.15599769353866577,-0.36597222089767456
795.747592,0.1103249192237854,-0.24805361032485962,0.0611424595117569
795.848095,0.17404961585998535,-0.0206298828125,0.3618791699409485
795.948641,-0.004662305116653442,0.22384709119796753,0.25187456607818604
796.049049,-0.329627126455307,0.14772379398345947,-0.033205561339855194
796.149588,-0.2434164583683014,-0.25948280096054077,-0.1312330961227417
796.250084,0.19401949644088745,-0.220178484916687,0.11808167397975922
796.350436,0.2052164077758789,-0.006532609462738037,0.1417621374130249
796.451128,-0.030474960803985596,0.0607607364654541,-0.019437313079833984
796.551610,-0.11632287502288818,0.0268670916557312,-0.069944828748703
796.652101,-0.18433594703674316,-0.029386937618255615,-0.06792819499969482
796.752690,0.10425448417663574,-0.29734671115875244,0.032630085945129395
796.853147,0.2730877995491028,0.01053851842880249,0.2480161339044571
796.953717,-0.06216615438461304,0.2011142373085022,0.18136143684387207
797.054147,-0.32916346192359924,0.10475599765777588,-0.0571058988571167
797.154588,-0.2830432951450348,-0.13320112228393555,-0.12861870229244232
797.255240,0.13963153958320618,-0.07758629322052002,0.08582126349210739
797.355680,0.1968545913696289,-0.041477203369140625,0.12676966190338135
797.456148,-0.039763957262039185,-0.03465992212295532,-0.019656315445899963
797.556640,-0.12107345461845398,0.005687534809112549,-0.06983421742916107
797.657156,-0.0254957377910614,0.015545308589935303,0.002976536750793457
797.757695,-0.18589627742767334,-0.05791682004928589,-0.05391895771026611
797.858153,0.0915689468383789,-0.2776346802711487,0.021054506301879883
797.958662,0.3111966848373413,-0.012803077697753906,0.2491147816181183
798.059203,0.01811075210571289,0.2138049602508545,0.2495918869972229
798.159670,-0.3333415389060974,0.1183462142944336,0.07277274131774902
798.260156,-0.35514020919799805,-0.2535299062728882,-0.1838373839855194
798.360680,0.02997535467147827,-0.0755605697631836,-0.02690950036048889
798.461185,0.2094596028327942,-0.002445697784423828,0.1269007921218872
798.561687,0.09872466325759888,-0.012640118598937988,0.036198362708091736
798.662169,-0.084343820810318,-0.07325774431228638,-0.04130399227142334
798.762634,-0.03500431776046753,0.06601232290267944,-0.007057800889015198
798.863255,-0.2188921570777893,-0.03245049715042114,-0.02806912362575531
798.963787,0.0467073917388916,-0.21104013919830322,0.0689694806933403
799.064209,0.4012323021888733,-0.005647063255310059,0.26210087537765503
799.164725,0.14782309532165527,0.27525633573532104,0.2246406078338623
799.265220,-0.5475735664367676,0.12287712097167969,0.022478356957435608
799.365677,-0.3115871548652649,0.08614522218704224,-0.014627218246459961
799.466303,0.12476980686187744,-0.18436509370803833,0.035018712282180786
799.566785,0.26625412702560425,-0.18666529655456543,0.10010787844657898
799.667243,0.05232423543930054,-0.08994132280349731,0.006850123405456543
799.767731,-0.022005856037139893,0.1492723822593689,0.10989809036254883
799.868129,0.09322476387023926,-0.054829537868499756,0.01171758770942688
799.968740,0.014904260635375977,0.028551816940307617,-0.0187397301197052
800.069288,-0.03005373477935791,0.09946966171264648,-0.003077268600463867
800.169756,-0.06984084844589233,-0.03323394060134888,0.03625500202178955
800.270266,-0.012230336666107178,-0.031088829040527344,0.03274765610694885
800.370747,-0.030316174030303955,0.0020647048950195312,-0.024235814809799194
800.471306,0.011572837829589844,0.016776442527770996,0.022763490676879883
800.571715,0.0188332200050354,-0.006107687950134277,0.0024161189794540405
800.672231,-0.013706505298614502,-0.0012565255165100098,-0.015621215105056763
800.772832,-0.055395305156707764,-0.012928366661071777,-0.03747488558292389
800.873139,0.10509711503982544,-0.13954704999923706,0.0498071014881134
800.973757,0.06436598300933838,-0.2162771224975586,0.08566093444824219
801.074397,0.012715667486190796,-0.04975688457489014,0.1329740732908249
801.174835,-0.014288574457168579,-0.045658230781555176,0.22038397192955017
801.275316,-0.10577772557735443,0.06989318132400513,0.1402173638343811
801.375843,-0.07871417701244354,0.20866048336029053,0.08198243379592896
801.476289,-0.10813677310943604,0.11599910259246826,-0.021036744117736816
801.576822,-0.13546893000602722,0.06864893436431885,-0.06137058138847351
801.677296,-0.04375293850898743,-0.019154071807861328,-0.0496542751789093
801.777893,0.04418113827705383,0.005918681621551514,0.015191793441772461
801.878335,0.020978033542633057,-0.03606128692626953,0.003771454095840454
801.978886,-0.01918792724609375,0.04292726516723633,-0.0023058056831359863
802.079340,-0.0396842360496521,0.03522711992263794,-0.025541961193084717
802.179832,-0.010429352521896362,0.07711809873580933,-0.0007308647036552429
802.280351,-0.06781512498855591,0.07426142692565918,-0.011227667331695557
802.380897,-0.05965906381607056,0.1538354754447937,0.011419057846069336
802.481293,0.05552002787590027,-0.2775978446006775,0.011852234601974487
802.581829,0.09556934237480164,-0.050593793392181396,0.06780241429805756
802.682408,-0.011018693447113037,0.08348870277404785,0.0388333722949028
802.782897,-0.03730097413063049,0.06372702121734619,-0.022213682532310486
802.883394,-0.18384060263633728,0.016954481601715088,-0.0558905303478241
802.983923,-0.006285339593887329,-0.29826658964157104,-0.050606369972229004
803.084383,0.23970943689346313,-0.0701977014541626,0.13167625665664673
803.184873,0.13336020708084106,0.1692611575126648,0.2292214334011078
803.285457,-0.2239178717136383,0.21800053119659424,0.058509767055511475
803.385864,-0.21150141954421997,-0.21707874536514282,-0.14376351237297058
803.486421,0.06086653470993042,-0.20059800148010254,-0.018322736024856567
803.586920,0.11958104372024536,0.1062135100364685,0.14281465113162994
803.687421,0.06889793276786804,0.006038665771484375,0.04752861708402634
803.787918,-0.05671858787536621,-0.029591083526611328,-0.035141944885253906
803.888442,-0.0037211179733276367,0.033483266830444336,-0.014562353491783142
803.988908,-0.00046575069427490234,-0.007138967514038086,0.015497907996177673
804.089472,-0.10509368777275085,-0.021938025951385498,-0.02791421115398407
804.189955,0.09155991673469543,-0.1105276346206665,-0.031377777457237244
804.290428,0.154374897480011,-0.004782319068908691,0.16499793529510498
804.390921,-0.0942460224032402,0.15082216262817383,0.1468450427055359
804.491469,-0.1743251234292984,0.057752907276153564,-0.1382303237915039
804.591959,0.02704639732837677,-0.2738705277442932,-0.10532131791114807
804.692463,0.07871207594871521,0.1460893154144287,0.08169198036193848
804.793030,-0.03290574252605438,-0.05999553203582764,-0.030383139848709106
804.893422,-0.012250691652297974,-0.006573915481567383,-0.014275580644607544
804.994015,-0.03520117700099945,0.02275407314300537,0.05184108018875122
805.094470,-0.19345694780349731,-0.06300806999206543,-0.1069534420967102
805.194948,0.14994817972183228,-0.3053780794143677,0.013881444931030273
805.295517,0.3079460561275482,0.03926229476928711,0.3417183458805084
805.396022,-0.07839632034301758,0.36463767290115356,0.32731297612190247
805.496505,-0.25901561975479126,-0.00505298376083374,-0.10187399387359619
805.596994,0.004497528076171875,-0.1799008846282959,-0.07417163252830505
805.697463,0.034761279821395874,-0.07681173086166382,0.02230200171470642
805.798022,0.003654986619949341,0.006152153015136719,-0.00962674617767334
805.898543,-0.0035950839519500732,0.01086127758026123,-0.0014908015727996826
805.999011,-0.11588649451732635,0.0030418038368225098,0.0006858706474304199
806.099599,-0.1281067430973053,-0.17833584547042847,-0.03514698147773743
806.200017,0.2203323245048523,-0.2740742564201355,0.07192516326904297
806.300585,0.2643473744392395,0.14026618003845215,0.39335542917251587
806.401013,-0.04752117395401001,0.42196786403656006,0.23412054777145386
806.501523,-0.2828618586063385,-0.8524234294891357,-0.4303572177886963
806.602103,0.06405515968799591,0.4522549510002136,0.07531213760375977
806.702649,-0.056437522172927856,-0.23337745666503906,-0.04372596740722656
806.803022,0.006970763206481934,0.005339980125427246,0.015487059950828552
806.903605,0.010892048478126526,0.05523943901062012,0.009498462080955505
807.004090,-0.0018005818128585815,0.0012387633323669434,0.001301303505897522
807.104524,0.008804112672805786,-0.008198082447052002,-0.004370331764221191
807.205141,-0.0017333775758743286,-0.005203068256378174,0.005910277366638184
807.305620,0.0005418211221694946,0.014764130115509033,0.0031489133834838867
807.406016,-0.00031150877475738525,0.007669031620025635,0.004155740141868591
807.506561,-0.0009412020444869995,-0.005509316921234131,0.0005453675985336304
807.607161,-0.018415898084640503,-0.03337067365646362,-0.007178321480751038
807.707502,-0.08255027234554291,-0.011255085468292236,0.007743388414382935
807.808059,-0.13908228278160095,-0.12285077571868896,-0.05703616142272949
807.908622,0.19433075189590454,-0.3031315207481384,0.0750964879989624
808.009098,0.2515135705471039,0.11112058162689209,0.36001497507095337
808.109614,-0.11826178431510925,0.3091070055961609,0.24298328161239624
808.210198,-0.29949602484703064,-0.22821462154388428,-0.1950836181640625
808.310618,-0.035631805658340454,-0.11282229423522949,-0.10104429721832275
808.411096,0.10030317306518555,-0.016707777976989746,0.07117611169815063
808.511585,0.11518818140029907,0.05210906267166138,0.08195853233337402
808.612095,-0.014654427766799927,-0.04989194869995117,-0.03886879235506058
808.712780,-0.07224109768867493,0.10723340511322021,0.028678417205810547
808.813128,-0.2683849334716797,-0.13392168283462524,-0.12664151191711426
808.913699,0.12879329919815063,-0.3851880431175232,0.03649169206619263
809.014165,0.32070475816726685,0.023731231689453125,0.3493533730506897
809.114661,-0.06659653782844543,0.391240656375885,0.32565075159072876
809.215234,-0.3634547293186188,-0.3117545247077942,-0.2097632884979248
809.315703,-0.03457960486412048,-0.09021532535552979,-0.08143743872642517
809.416157,0.151471346616745,-0.024337470531463623,0.10325825214385986
809.516693,0.0916222631931305,0.020277976989746094,0.07223135232925415
809.617228,-0.047735393047332764,-0.04241698980331421,-0.059143781661987305
809.717788,-0.07579529285430908,0.04282444715499878,-0.006688594818115234
809.818217,-0.34925487637519836,-0.05306583642959595,-0.09787381440401077
809.918702,0.1041637659072876,-0.5299397706985474,0.0027121305465698242
810.019307,0.46178287267684937,-0.036338210105895996,0.3782080411911011
810.119798,-0.06275215744972229,0.3483729362487793,0.30772387981414795
810.220325,-0.4011349081993103,-0.32965975999832153,-0.18337202072143555
810.320664,-0.07754123210906982,-0.2704648971557617,-0.09776005148887634
810.421076,0.18494859337806702,0.010612726211547852,0.13221198320388794
810.521662,0.13872066140174866,0.058871567249298096,0.1057930588722229
810.622152,-0.03473097085952759,-0.043237149715423584,-0.04466509073972702
810.722683,-0.05555683374404907,0.11610299348831177,0.01603543385863304
810.823238,-0.25077494978904724,-0.05100780725479126,-0.07536520063877106
810.923571,0.07831060886383057,-0.4610045552253723,0.030083298683166504
811.024068,0.4031432271003723,-0.058298587799072266,0.321923166513443
811.124727,-0.037931203842163086,0.35614699125289917,0.2504899203777313
811.225356,-0.4175868034362793,-0.057081639766693115,-0.09319937229156494
811.325783,-0.10952897369861603,-0.4134780764579773,-0.12289348244667053
811.426285,0.13015785813331604,0.07396817207336426,0.08018803596496582
811.526771,0.1429246962070465,-0.013586163520812988,0.11087822914123535
811.627262,-0.018679678440093994,0.04356086254119873,0.0024744197726249695
811.727818,-0.48514610528945923,0.07210355997085571,-0.16052554547786713
811.828277,0.0513005256652832,-0.6159230470657349,-0.07811582833528519
811.928743,0.3641982674598694,-0.11401176452636719,0.4044557213783264
812.029358,0.09726390242576599,0.39950674772262573,0.43531563878059387
812.129838,-0.3828292489051819,-0.21028363704681396,-0.09924626350402832
812.230374,-0.2368432581424713,-0.5446804165840149,-0.12691593170166016
812.330754,0.10414880514144897,-0.03790551424026489,0.09829890727996826
812.431409,0.20376253128051758,-0.025659263134002686,0.22936052083969116
812.531890,0.23035472631454468,-0.0610770583152771,0.05611914396286011
812.632311,-0.021646082401275635,0.05929112434387207,-0.06109356880187988
812.732878,-0.11645209789276123,-0.04432588815689087,-0.051318518817424774
812.833359,0.07050192356109619,0.007448434829711914,0.03757977485656738
812.934089,-0.0029518604278564453,0.023784101009368896,0.012373916804790497
813.034406,-0.12479132413864136,-0.02712547779083252,-0.04871808737516403
813.134866,-0.007824301719665527,-0.13677185773849487,0.03328960761427879
813.235423,0.15953665971755981,-0.0774075984954834,0.13176625967025757
813.335868,0.129014253616333,0.06247991323471069,0.11933830380439758
813.436363,-0.12826886773109436,0.13039469718933105,0.08707971125841141
813.536871,-0.2919263243675232,-0.18940949440002441,-0.07913970947265625
813.637367,-0.1427440047264099,-0.18020039796829224,-0.07151773571968079
813.737967,0.06342333555221558,0.029521942138671875,0.04609230160713196
813.838365,0.120089590549469,-0.06974512338638306,0.05865584313869476
813.938925,0.04512828588485718,-0.07457095384597778,0.004784837365150452
814.039478,-0.013229548931121826,0.02658182382583618,-0.01238107681274414
814.139920,-0.0020890235900878906,-0.00961330533027649,0.016184791922569275
814.240422,0.005169391632080078,-0.03181043267250061,0.02690231055021286
814.340872,0.045100629329681396,0.001878201961517334,0.010958418250083923
814.448537,0.006248652935028076,-0.024742603302001953,-0.014784544706344604
814.542004,-0.004311263561248779,0.018560022115707397,0.0028443187475204468
814.642404,-0.0023043155670166016,0.022756189107894897,0.011594519019126892
814.743025,-0.03316229581832886,-0.010488927364349365,-0.0032340437173843384
814.843525,0.0015196800231933594,0.01570335030555725,0.014801159501075745
814.943973,-0.1021261215209961,0.04370385408401489,-0.035880208015441895
815.044519,-0.06416857242584229,-0.09664562344551086,0.004178162664175034
815.144924,0.19450879096984863,-0.0772467851638794,0.12682798504829407
815.245447,0.10728055238723755,0.01605767011642456,0.11625784635543823
815.345889,0.022797703742980957,0.14865803718566895,0.06166983023285866
815.446491,-0.2050876021385193,-0.044539034366607666,-0.02065993845462799
815.546826,-0.22285616397857666,-0.11203229427337646,-0.039241522550582886
815.647418,0.013452768325805664,-0.09165656566619873,-0.0003783702850341797
815.747912,0.1286017894744873,-0.02334696054458618,0.047957733273506165
815.848460,0.053042590618133545,-0.003609955310821533,-0.0023230314254760742
815.948968,-0.03951543569564819,0.03482729196548462,-0.011429041624069214
816.049488,0.0009236335754394531,0.0069144368171691895,0.0018288791179656982
816.150018,0.013009965419769287,0.001424551010131836,0.0007512569427490234
816.250445,-0.0934910774230957,0.010145306587219238,-0.03340184688568115
816.351132,-0.0986100435256958,-0.07668411731719971,0.020524844527244568
816.451492,0.08171439170837402,-0.06730419397354126,0.13286566734313965
816.551941,0.1996886134147644,-0.0031714439392089844,0.13156086206436157
816.652501,0.03381204605102539,0.032789766788482666,0.04302949458360672
816.753035,-0.049275875091552734,0.1524149775505066,0.02140653133392334
816.853498,-0.06632232666015625,0.06744927167892456,0.03025662899017334
816.954071,-0.15996801853179932,-0.004515588283538818,0.007570475339889526
817.054532,-0.18036901950836182,-0.04008442163467407,-0.05709770321846008
817.155023,-0.09632831811904907,-0.006848931312561035,-0.027611464262008667
817.255542,0.05034571886062622,0.08980327844619751,0.003916025161743164
817.356128,0.0678476095199585,-0.006736189126968384,0.07018536329269409
817.456512,0.08017075061798096,0.01542612910270691,0.10891127586364746
817.557016,-0.04810076951980591,-0.12641656398773193,0.040219902992248535
817.657601,0.06567186117172241,-0.07661092281341553,0.07575315237045288
817.758075,-0.03785651922225952,0.016370713710784912,-0.029800474643707275
817.858492,-0.017628788948059082,0.020097076892852783,0.00892813503742218
817.959095,0.016253173351287842,-0.0036261677742004395,0.050519660115242004
818.059679,0.21824318170547485,-0.14715337753295898,0.12580543756484985
818.160055,-0.07799947261810303,-0.049701035022735596,-0.07631349563598633
818.260580,-0.032257080078125,0.021762073040008545,0.034136176109313965
818.361090,-0.007678329944610596,-0.04378318786621094,-0.022300541400909424
818.461538,0.07375204563140869,-0.07270652055740356,0.03682518005371094
818.562091,-0.04197800159454346,0.06551682949066162,0.03959888219833374
818.662564,-0.13310790061950684,0.06017565727233887,-0.053725212812423706
818.763019,-0.02340114116668701,-0.10661530494689941,-0.04240620136260986
818.863610,0.16774922609329224,-0.15065228939056396,0.14822673797607422
818.964131,0.07275718450546265,-0.015615999698638916,0.17132329940795898
819.064616,-0.11113592982292175,0.15305477380752563,0.022200822830200195
819.165179,-0.20943719148635864,0.006377100944519043,-0.16366426646709442
819.265623,-0.07672873139381409,-0.036213457584381104,-0.05744419991970062
819.366155,0.07406002283096313,-0.018144667148590088,0.08626323938369751
819.466646,0.04415684938430786,-0.010057330131530762,0.03491589426994324
819.567167,-0.03897672891616821,0.004471838474273682,-0.012902751564979553
819.667907,-0.02097928524017334,0.014280140399932861,0.04831510782241821
819.768177,-0.14745593070983887,-0.07173824310302734,-0.10503952205181122
819.868687,0.06924706697463989,-0.142159104347229,0.07425552606582642
819.969121,0.22597509622573853,0.007238149642944336,0.2030995786190033
820.069558,-0.05164599418640137,0.1383976936340332,0.08711963891983032
820.170263,-0.31404629349708557,-0.06528013944625854,-0.1298372745513916
820.270701,-0.09140649437904358,-0.09524691104888916,-0.051395535469055176
820.371297,0.15908467769622803,-0.0187109112739563,0.11334100365638733
820.471705,0.053425371646881104,-0.03202575445175171,0.04783698916435242
820.572127,-0.05262356996536255,-0.031007707118988037,-0.01684574782848358
820.672707,0.03287649154663086,0.058561086654663086,0.05570657551288605
820.773239,-0.14513444900512695,-0.0896720290184021,-0.12898842990398407
820.873635,0.15096038579940796,-0.20422327518463135,0.05827498435974121
820.974168,0.18391138315200806,0.043464481830596924,0.24582910537719727
821.074734,-0.12794893980026245,0.2022078037261963,0.0924777090549469
821.175213,-0.3341142535209656,-0.2535132169723511,-0.2410922646522522
821.275772,0.015293866395950317,-0.07135564088821411,-0.04432694613933563
821.376270,0.2194010615348816,0.05230724811553955,0.1150083839893341
821.476643,0.03565138578414917,0.04514390230178833,0.04812276363372803
821.577291,0.02078533172607422,-0.1605260968208313,-0.16481250524520874
821.677752,-0.07317352294921875,0.0004934072494506836,0.02382872998714447
821.778236,-0.03235906362533569,-0.0416906476020813,-0.0207243412733078
821.878731,0.04681718349456787,0.08025074005126953,0.03741157054901123
821.979282,-0.036888301372528076,-0.033035337924957275,-0.029469072818756104
822.079840,0.015471041202545166,0.05340909957885742,-0.005334123969078064
822.180233,-0.06762117147445679,-0.0708777904510498,-0.0573868602514267
822.280836,-0.014846265316009521,0.010100901126861572,0.02346356213092804
822.381309,-0.0614742636680603,0.010212540626525879,0.009375065565109253
822.481723,0.08157384395599365,-0.0464709997177124,0.05383595824241638
822.582252,0.15966513752937317,-0.057835280895233154,0.15093153715133667
822.682864,0.03737984597682953,0.16638463735580444,0.23119667172431946
822.783281,-0.1593102514743805,0.07969081401824951,-0.04908478260040283
822.883819,-0.2399766445159912,-0.15469205379486084,-0.17293310165405273
822.984308,0.16932958364486694,-0.12971782684326172,0.04471730813384056
823.084761,0.007312029600143433,-0.08747023344039917,-0.035807013511657715
823.185230,-0.07178390026092529,0.025081217288970947,-0.019526608288288116
823.285880,-0.01969456672668457,-0.03163182735443115,-0.003039836883544922
823.386427,-0.12996530532836914,-0.10273444652557373,-0.056510210037231445
823.486849,0.05380123853683472,-0.15718525648117065,0.07299083471298218
823.587334,0.237877756357193,-0.22987818717956543,0.16150271892547607
823.687824,0.1554698646068573,0.2152562141418457,0.38854408264160156
823.788338,-0.21490344405174255,0.07351279258728027,0.051345229148864746
823.888978,-0.3738592863082886,-0.34973645210266113,-0.2521085739135742
823.989386,0.19842219352722168,-0.01305156946182251,0.029309816658496857
824.089828,0.19816482067108154,-0.012255489826202393,0.09873349964618683
824.190352,-0.08341860771179199,-0.0772390365600586,-0.03471022844314575
824.290869,-0.07662847638130188,0.023632526397705078,-0.015398502349853516
824.391335,-0.019424527883529663,0.05692023038864136,-0.005928643047809601
824.491873,-0.21485650539398193,-0.31808292865753174,-0.17183184623718262
824.592352,0.29382818937301636,-0.1615576148033142,0.21002477407455444
824.692877,0.10971298813819885,0.2538459897041321,0.3340885639190674
824.793381,-0.3147352337837219,0.036466360092163086,-0.1746029257774353
824.894017,-0.22400683164596558,-0.3179835081100464,-0.18575412034988403
824.994363,0.3449447751045227,0.03342723846435547,0.160086989402771
825.094867,0.0036235451698303223,-0.031112253665924072,-0.014722764492034912
825.195429,-0.11089235544204712,0.009051263332366943,-0.053616464138031006
825.295944,-0.06807839870452881,0.16557806730270386,0.0002726353704929352
825.396403,-0.23091691732406616,-0.2252209186553955,-0.12965363264083862
825.496940,0.21611249446868896,-0.20492994785308838,0.10039672255516052
825.597433,0.17326483130455017,0.02873837947845459,0.2727535367012024
825.697910,-0.12975820899009705,0.13516873121261597,0.08646085858345032
825.798473,-0.3234328627586365,-0.2859584093093872,-0.2034597545862198
825.898984,0.028302907943725586,-0.1026964783668518,-0.03409339487552643
825.999441,0.19863414764404297,-0.01477891206741333,0.11293715983629227
826.099964,0.08369886875152588,0.03566807508468628,0.034866027534008026
826.200407,-0.050024569034576416,0.03710991144180298,0.00461268424987793
826.301020,-0.2833053469657898,0.0013240575790405273,-0.07800233364105225
826.401481,0.056969642639160156,-0.30933958292007446,0.017425119876861572
826.502011,0.29378581047058105,-0.10526573657989502,0.3265373110771179
826.602418,-0.03511497378349304,0.3457678556442261,0.3007579743862152
826.702983,-0.34066253900527954,-0.1661163568496704,-0.18852388858795166
826.803477,-0.1254565715789795,-0.2735893130302429,-0.10978281497955322
826.903990,0.16579842567443848,-0.027632832527160645,0.12087011337280273
827.004451,0.14626431465148926,0.03952622413635254,0.12157195806503296
827.104906,-0.045723676681518555,0.0009596347808837891,0.026290059089660645
827.205555,-0.2806376814842224,0.0402948260307312,-0.12023603916168213
827.306063,0.0029906034469604492,-0.43074530363082886,-0.07615496218204498
827.406474,0.3061302900314331,-0.08700066804885864,0.34901201725006104
827.507016,-0.04630309343338013,0.31358832120895386,0.3171452283859253
827.607447,-0.3186410069465637,-0.048426687717437744,-0.09101659059524536
827.708094,-0.22084516286849976,-0.33807694911956787,-0.15927112102508545
827.808634,0.26557767391204834,-0.04081493616104126,0.10491544008255005
827.909035,0.16863363981246948,-0.015319526195526123,0.0973590761423111
828.009583,-0.08409273624420166,0.04140806198120117,0.006542980670928955
828.110048,-0.33935362100601196,-0.01574420928955078,-0.16932952404022217
828.210612,0.009882748126983643,-0.3557400703430176,-0.05212885141372681
828.311160,0.29140812158584595,-0.07766014337539673,0.3711106777191162
828.411505,-0.03998318314552307,0.41669994592666626,0.27810561656951904
828.512043,-0.34529364109039307,-0.31951749324798584,-0.20445775985717773
828.612460,-0.09179088473320007,-0.229103684425354,-0.04712319374084473
828.713147,0.22470992803573608,-0.06621521711349487,0.11648774892091751
828.813564,0.15529251098632812,0.01025247573852539,0.06698227673768997
828.914152,-0.07945793867111206,0.009094715118408203,-0.04648834466934204
829.014534,-0.08786886930465698,-0.018570005893707275,-0.0042005740106105804
829.115114,0.03340214490890503,0.0036531686782836914,0.03508728742599487
829.215666,0.06587868928909302,0.01257246732711792,0.029870271682739258
829.316133,-0.042485177516937256,-0.032970428466796875,-0.019348978996276855
829.416637,-0.03180551528930664,0.005541980266571045,0.000602782005444169
829.517134,0.01822030544281006,0.013590037822723389,0.005100429058074951
829.617705,0.01920872926712036,0.017639458179473877,0.019481122493743896
829.718199,0.015523076057434082,0.009507536888122559,0.015533923171460629
829.818628,-0.014886736869812012,0.015605568885803223,0.028545856475830078
829.919195,-0.15191221237182617,0.009717762470245361,-0.0948868989944458
830.019681,-0.038279831409454346,-0.3077903985977173,-0.014427244663238525
830.120123,0.24277424812316895,-0.07363677024841309,0.23654955625534058
830.220703,0.006620079278945923,0.14815926551818848,0.2082711160182953
830.321121,-0.22938008606433868,0.2190321683883667,0.09074285626411438
830.421635,-0.3144580125808716,-0.10643231868743896,-0.14937543869018555
830.522162,0.06648296117782593,-0.09204733371734619,-0.01609409600496292
830.622640,0.23132401704788208,-0.039331793785095215,0.12825936079025269
830.723181,0.043041110038757324,-0.045840561389923096,0.03826010972261429
830.823705,-0.10515901446342468,0.017769038677215576,-0.029495127499103546
830.924161,-0.07364046573638916,-0.007155418395996094,-0.0237586572766304
831.024707,0.061698079109191895,0.034895241260528564,0.03789471834897995
831.125281,-0.09891778230667114,-0.022150814533233643,-0.04522585868835449
831.225769,-0.03240722417831421,-0.2053006887435913,-0.018626093864440918
831.326153,0.20480948686599731,-0.038833796977996826,0.1625593900680542
831.426763,0.095439612865448,0.22382426261901855,0.10785192251205444
831.527183,-0.25736674666404724,0.007352948188781738,-0.08542615175247192
831.627714,-0.15320095419883728,-0.1243932843208313,-0.06440554559230804
831.728232,0.12363141775131226,-0.054370224475860596,0.01946699619293213
831.828731,0.15925443172454834,-0.01611119508743286,0.04014849662780762
831.929222,-0.05682837963104248,-0.044841468334198,-0.008565902709960938
832.029839,-0.07950463891029358,0.016646921634674072,-0.018875613808631897
832.130248,-0.0021182894706726074,0.008408725261688232,-0.00012074410915374756
832.230945,-0.037388503551483154,0.05624312162399292,-0.012153401970863342
832.331272,-0.14018023014068604,-0.23527681827545166,-0.05428028851747513
832.431818,0.2088373303413391,-0.11838787794113159,0.128631129860878
832.532287,0.1622244119644165,0.07809746265411377,0.1698259711265564
832.632584,-0.1125105619430542,0.1625942587852478,0.010901808738708496
832.733271,-0.29418694972991943,-0.15123337507247925,-0.12328183650970459
832.833799,0.00696679949760437,-0.08939439058303833,-0.024463653564453125
832.934275,0.2078467607498169,-0.021462619304656982,0.09502148628234863
833.034777,0.03858679533004761,0.013015568256378174,0.018352046608924866
833.135347,-0.11000221967697144,0.1565060019493103,-0.009104728698730469
833.235806,0.013303667306900024,-0.07926386594772339,0.003069281578063965
833.336291,0.04951629042625427,-0.0004917383193969727,0.04580604285001755
833.436763,0.003262341022491455,0.07157653570175171,0.015589848160743713
833.537354,-0.03400567173957825,-0.0421367883682251,-0.019723892211914062
833.637804,0.014809519052505493,0.0015099048614501953,0.019335143268108368
833.738277,-0.008756935596466064,0.011007070541381836,0.0029621124267578125
833.838825,-0.000689774751663208,0.0047324299812316895,0.0068264007568359375
833.939323,-0.005493849515914917,0.00567096471786499,0.0068803951144218445
834.039779,-0.06104359030723572,-0.04743683338165283,-0.018310651183128357
834.140288,-0.11552572250366211,-0.0003857612609863281,-0.040036678314208984
834.240876,0.11627328395843506,-0.27044421434402466,0.03107738494873047
834.341356,0.2235698401927948,0.1277526617050171,0.3276077210903168
834.441814,-0.052070945501327515,0.2742648124694824,0.17876923084259033
834.542389,-0.18412715196609497,0.15571832656860352,-0.10252261161804199
834.642744,0.07552269101142883,-0.8430678844451904,-0.09734097123146057
834.743326,0.14904069900512695,0.3087753653526306,0.12696394324302673
834.843889,-0.09134817123413086,-0.07730811834335327,-0.005531430244445801
834.944316,-0.0031084418296813965,-0.0011132359504699707,-0.014082551002502441
835.044772,0.02472066879272461,0.028022050857543945,0.026627525687217712
835.145310,-0.1372109055519104,-0.1161198616027832,-0.1115034967660904
835.245852,-0.009383559226989746,-0.2852191925048828,-0.05925917625427246
835.346414,0.2385992407798767,-0.037467896938323975,0.3264499604701996
835.446870,0.14736515283584595,0.3768375515937805,0.35526371002197266
835.547406,-0.19634953141212463,0.3091270327568054,0.07221490144729614
835.647840,-0.07616668939590454,-0.7381896376609802,-0.07182717323303223
835.748466,0.14786523580551147,0.19862312078475952,0.06760156154632568
835.848858,-0.0031174421310424805,0.04054313898086548,0.03866982460021973
835.949370,-0.04328957200050354,-0.10216808319091797,-0.04317295551300049
836.049924,0.02129983901977539,0.05176520347595215,0.029534101486206055
836.150444,-0.03714781999588013,0.0023466944694519043,0.022989988327026367
836.250937,-0.22260472178459167,0.035564303398132324,-0.08623160421848297
836.351446,0.09739530086517334,-0.5305584073066711,-0.08843148499727249
836.452002,0.2976916432380676,0.07400494813919067,0.3552500009536743
836.552439,-0.088672935962677,0.2090638279914856,0.149396151304245
836.652942,-0.3115346133708954,-0.1837444305419922,-0.2115546464920044
836.753462,0.09323614835739136,-0.06334614753723145,0.003083348274230957
836.854029,0.14880985021591187,0.014871478080749512,0.10843163728713989
836.954542,-0.02360948920249939,-0.02767646312713623,-0.03282362222671509
837.054979,-0.0626574158668518,-0.004056751728057861,-0.007528245449066162
837.155440,0.006925731897354126,-0.07455474138259888,0.005070686340332031
837.255995,0.004152089357376099,-0.20964640378952026,0.04462016373872757
837.356452,-0.01806640625,-0.29645633697509766,0.05777040123939514
837.456958,0.12341809272766113,-0.26724913716316223,0.2516619563102722
837.557453,0.12008696794509888,-0.11754110455513,0.2450253963470459
837.657933,0.09752422571182251,-0.013371050357818604,0.25066077709198
837.758504,0.06640082597732544,0.14738178253173828,0.09758162498474121
837.859044,0.06567871570587158,0.230130136013031,0.035562098026275635
837.959449,-0.012203454971313477,0.189674973487854,0.0642787367105484
838.060061,-0.04659566283226013,0.11419588327407837,0.10491174459457397
838.160478,0.00991666316986084,0.07701587677001953,0.12311124801635742
838.261058,0.015219300985336304,0.052293360233306885,0.12360996007919312
838.361651,0.08981329202651978,0.08170098066329956,0.10101479291915894
838.462065,0.16910648345947266,0.12759730219841003,0.08002883195877075
838.562575,-0.03568923473358154,0.011539697647094727,0.058575451374053955
838.663044,-0.06785756349563599,0.10528934001922607,0.10811657458543777
838.763568,0.03359168767929077,-0.14407581090927124,0.07584165036678314
838.864045,0.012231290340423584,-0.09132629632949829,0.03218159079551697
838.964519,-0.14118999242782593,-0.17416590452194214,0.050889015197753906
839.065150,0.15950417518615723,-0.14637994766235352,0.2192886471748352
839.165526,0.053426504135131836,0.16934281587600708,0.2892038822174072
839.266058,-0.22336314618587494,0.2540910243988037,0.031039446592330933
839.366559,-0.3604828119277954,-0.24400192499160767,-0.19450092315673828
839.467085,0.19339177012443542,-0.10632956027984619,0.08420848846435547
839.567576,0.060864925384521484,0.03437185287475586,0.09335869550704956
839.668067,-0.010601907968521118,-0.040722429752349854,-0.01847875490784645
839.768570,-0.007968127727508545,0.02308279275894165,0.0004468560218811035
839.869134,-0.1317235827445984,-0.06408405303955078,-0.10511195659637451
839.969545,0.07099485397338867,-0.30572837591171265,0.02907794713973999
840.070086,0.22552838921546936,0.10149991512298584,0.31879180669784546
840.170600,-0.08779288828372955,0.2742938995361328,0.15373069047927856
840.271062,-0.3528752326965332,-0.20514577627182007,-0.22465652227401733
840.371679,0.051880478858947754,-0.044624388217926025,-0.030668135732412338
840.472138,0.14335447549819946,0.06794869899749756,0.10365678369998932
840.572589,-0.007242560386657715,-0.017612218856811523,0.027167558670043945
840.673101,-0.0637073814868927,-0.09347355365753174,-0.008769996464252472
840.773682,-0.07324567437171936,0.0343586802482605,0.009969711303710938
840.874070,-0.19595390558242798,-0.34532052278518677,-0.056824564933776855
840.974622,0.3097802996635437,-0.0649641752243042,0.27344000339508057
841.075166,0.10721197724342346,0.23109841346740723,0.23991119861602783
841.175682,-0.25580301880836487,0.1482577919960022,0.003525152802467346
841.276116,-0.34976083040237427,-0.2831581234931946,-0.16852375864982605
841.376913,0.09329283237457275,-0.06246757507324219,0.02704298123717308
841.477177,0.22808396816253662,-0.016211330890655518,0.11492294073104858
841.577747,0.017418086528778076,0.0074953436851501465,0.017900586128234863
841.678290,-0.12907955050468445,0.017528235912322998,-0.029407858848571777
841.778684,-0.15297222137451172,-0.34921795129776,-0.08072268962860107
841.879188,0.29464995861053467,-0.04143321514129639,0.20410063862800598
841.979715,0.03152060508728027,0.21957802772521973,0.2400800883769989
842.080219,-0.3058425784111023,0.04883033037185669,-0.0978357195854187
842.180635,-0.05558210611343384,-0.2753465175628662,-0.09699475765228271
842.281239,0.17403042316436768,0.025625765323638916,0.07615184783935547
842.381760,0.0267297625541687,0.023479461669921875,0.04675948619842529
842.482216,-0.11436286568641663,-0.037444353103637695,-0.040125973522663116
842.582747,-0.07579541206359863,0.0473707914352417,-0.012421369552612305
842.683280,-0.20477187633514404,-0.23830294609069824,-0.0459897555410862
842.783675,0.29916656017303467,-0.10856276750564575,0.20594413578510284
842.884245,0.16576576232910156,0.2100396752357483,0.30930548906326294
842.984761,-0.36317500472068787,0.14610141515731812,-0.00703217089176178
843.085257,-0.22547504305839539,-0.4377920627593994,-0.1565697342157364
843.185767,-0.12700074911117554,-0.23350155353546143,0.08462858200073242
843.286183,0.0029682517051696777,-0.20835500955581665,0.26621943712234497
843.386800,0.09334546327590942,-0.12366026639938354,0.3215806484222412
843.487236,-0.04779773950576782,0.18512171506881714,0.08800691366195679
843.587780,0.11860570311546326,-0.0520818829536438,-0.05220651626586914
843.688218,0.09728452563285828,-0.004162222146987915,0.1381264328956604
843.788829,-0.001770511269569397,0.008523285388946533,-0.02878272533416748
843.889300,0.004676312208175659,0.003056854009628296,0.02084505558013916
843.989778,-0.02898891270160675,0.02275654673576355,-0.012044548988342285
844.090291,-0.04135122895240784,-0.007243692874908447,0.002917170524597168
844.190767,-0.030202895402908325,-0.0035331249237060547,0.015865087509155273
844.291444,0.032581835985183716,0.013485699892044067,0.020260334014892578
844.391839,0.3129678964614868,0.010143876075744629,0.20227015018463135
844.492320,0.013360202312469482,0.2368958592414856,-0.13011837005615234
844.592808,-0.41527658700942993,-0.5979241132736206,-0.0023435652256011963
844.693302,0.20638996362686157,-0.03423541784286499,0.3809714913368225
844.793854,-0.1260126531124115,0.21020269393920898,0.18738651275634766
844.894429,-0.3044564723968506,0.13844311237335205,-0.1331232786178589
844.994871,-0.11410015821456909,-0.26597005128860474,-0.04497933387756348
845.095343,0.08193546533584595,0.06723058223724365,0.10288655757904053
845.195790,0.030272305011749268,0.02028137445449829,0.0060430727899074554
845.296376,0.046411752700805664,-0.08469617366790771,0.007094517350196838
845.396957,-0.011362195014953613,-0.05543994903564453,0.049933433532714844
845.497369,-0.06431621313095093,0.010190844535827637,-0.019117482006549835
845.597843,-0.3036351203918457,-0.5735695958137512,-0.008489251136779785
845.698347,0.40722811222076416,-0.032492101192474365,0.49610215425491333
845.798876,0.13614487648010254,0.38580191135406494,0.37070316076278687
845.899467,-0.36419108510017395,0.15923082828521729,-0.0892186164855957
845.999853,-0.3389057517051697,-0.2275317907333374,-0.08243155479431152
846.100434,0.19851356744766235,-0.06572580337524414,0.15402734279632568
846.200894,0.08093047142028809,-0.06925052404403687,0.10555136203765869
846.301446,-0.030161023139953613,-0.05896782875061035,0.017354130744934082
846.401988,0.03978008031845093,-0.030371785163879395,0.025363445281982422
846.502389,-0.08194875717163086,0.061810851097106934,0.011213656514883041
846.602863,-0.31323814392089844,-0.4291713833808899,-0.048822447657585144
846.703439,0.4398663640022278,-0.15458762645721436,0.41411691904067993
846.803907,0.14627200365066528,0.36407917737960815,0.36106443405151367
846.904496,-0.31928497552871704,0.12089508771896362,-0.05746585130691528
847.004944,-0.19533002376556396,-0.3381320834159851,-0.09283435344696045
847.105489,0.13740158081054688,-0.1129654049873352,0.1101309061050415
847.205978,0.12357652187347412,0.09938371181488037,0.09239768981933594
847.306456,-0.06000545620918274,-0.012690067291259766,-0.05732620507478714
847.406969,-0.11655151844024658,-0.10655885934829712,-0.026303283870220184
847.507470,-0.12219005823135376,-0.010676205158233643,-0.02070152573287487
847.607938,0.23433750867843628,-0.19833391904830933,0.17549455165863037
847.708454,0.2111186981201172,0.1554458737373352,0.32408034801483154
847.808987,-0.15255585312843323,0.299480140209198,0.07701376080513
847.909481,-0.34519538283348083,-0.3473856449127197,-0.21171557903289795
848.009996,0.11496090888977051,-0.01363450288772583,0.044798433780670166
848.110505,0.14379185438156128,-0.028089523315429688,0.10152769088745117
848.211083,-0.011774003505706787,0.02642691135406494,-0.04062337055802345
848.311491,-0.10320919752120972,0.004478394985198975,-0.05093264579772949
848.411997,0.009946167469024658,-0.04282122850418091,0.020745575428009033
848.512466,0.09046065807342529,0.05473899841308594,0.033404406160116196
848.613040,-0.02748239040374756,-0.05135267972946167,-0.02488243579864502
848.713549,-0.031297147274017334,0.0016764402389526367,-0.0023989081382751465
848.813972,0.045189499855041504,0.0258864164352417,0.014234423637390137
848.914599,-0.0018290281295776367,-0.007138848304748535,0.004217146895825863
849.015123,-0.025372684001922607,-0.02516859769821167,-0.013270139694213867
849.115419,0.02572232484817505,0.02437800168991089,0.01200491189956665
849.216106,-0.004712998867034912,0.0017871260643005371,0.0016665463335812092
849.316512,-0.0023532509803771973,-0.02568882703781128,-0.0069544315338134766
849.417045,0.01074826717376709,0.017781555652618408,0.014446735382080078
849.517474,-0.0014843344688415527,-0.004544496536254883,0.004980027675628662
849.618042,-0.005452930927276611,-0.0027714967727661133,-0.004590153694152832
849.718628,-0.0051308274269104,-0.033724963665008545,-0.0027251243591308594
849.818994,0.0067675113677978516,0.010251402854919434,0.008470296859741211
849.919568,-0.0012235641479492188,-0.0007384419441223145,-0.0011119840200990438
850.020046,-0.012781322002410889,-0.03233438730239868,-0.0027385950088500977
850.120549,0.007242679595947266,0.01363062858581543,0.006392956245690584
850.221214,-0.011185884475708008,-0.009626269340515137,-0.0019941329956054688
850.321576,0.007325649261474609,0.028696656227111816,0.005260884296149015
850.422059,0.011146724224090576,0.012238621711730957,0.011055469512939453
850.522557,-0.038026630878448486,0.02949810028076172,0.0070894937962293625
850.623030,-0.11964207887649536,-0.1974164843559265,-0.06418126821517944
850.723703,0.2143201231956482,-0.09702897071838379,0.14229758083820343
850.824173,0.13149958848953247,0.1345577836036682,0.19281035661697388
850.924568,-0.1527460813522339,0.1529673933982849,-0.0451364666223526
851.025067,-0.19035428762435913,-0.1497558355331421,-0.09878373146057129
851.125594,0.09712737798690796,-0.04654979705810547,0.04979580268263817
851.226135,0.12369400262832642,0.0070073604583740234,0.06538313627243042
851.326632,-0.04916280508041382,0.019776523113250732,-0.027399063110351562
851.427331,-0.08192574977874756,-0.02869272232055664,-0.028388027101755142
851.527617,0.04224127531051636,0.019968092441558838,0.028668522834777832
851.628109,-0.049011826515197754,0.051492929458618164,-0.005832195281982422
851.728673,-0.1723616123199463,-0.2917178273200989,-0.0995490550994873
851.829185,0.31242966651916504,-0.1032789945602417,0.1823357343673706
851.929721,0.15824103355407715,0.15859484672546387,0.24567246437072754
852.030220,-0.2828909456729889,0.08118665218353271,-0.09721183776855469
852.130665,-0.18096289038658142,-0.19769394397735596,-0.12189973890781403
852.231226,0.16050058603286743,-0.01681363582611084,0.09953796863555908
852.331668,0.12941807508468628,0.016488373279571533,0.08888363838195801
852.432190,-0.07501345872879028,0.007462561130523682,-0.055941347032785416
852.532663,-0.1002577543258667,-0.009648561477661133,-0.03407203406095505
852.633168,0.06300705671310425,0.03781688213348389,0.051122430711984634
852.733597,-0.18033641576766968,0.02355426549911499,-0.07862330228090286
852.834209,-0.05583745241165161,-0.3338509798049927,-0.0522158145904541
852.934723,0.3445942997932434,-0.1236879825592041,0.21344876289367676
853.035224,0.06972187757492065,0.20488876104354858,0.2687552869319916
853.135669,-0.37338680028915405,0.09572428464889526,-0.10246490687131882
853.236202,-0.1881827712059021,-0.21747815608978271,-0.14538846909999847
853.336682,0.15045291185379028,-0.023277103900909424,0.09172451496124268
853.437128,0.129535973072052,-0.005888581275939941,0.10780370235443115
853.537700,-0.04285615682601929,-0.0027679800987243652,-0.04086744785308838
853.638181,-0.09918716549873352,0.020847976207733154,-0.02911520004272461
853.738768,0.011432260274887085,-0.013563752174377441,0.021762605756521225
853.839397,-0.0016946196556091309,-0.03376805782318115,0.014787070453166962
853.939748,-0.1690470576286316,0.05175215005874634,-0.11775899678468704
854.040236,-0.06514793634414673,-0.3087822198867798,-0.029759347438812256
854.140778,0.28001368045806885,-0.14915180206298828,0.2796754539012909
854.241277,0.07677045464515686,0.23137593269348145,0.23645949363708496
854.341647,-0.24397090077400208,0.32394564151763916,0.023154526948928833
854.442494,-0.33580565452575684,-0.37747782468795776,-0.1866915225982666
854.542798,-0.12405991554260254,-0.18686753511428833,0.07260657101869583
854.643292,0.13953876495361328,-0.1382460594177246,0.24221426248550415
854.743863,0.1351327896118164,-0.1086806058883667,0.19330644607543945
854.844283,-0.06734740734100342,0.12512248754501343,-0.12680286169052124
854.944725,-0.06904900074005127,-0.06168082356452942,-0.1220017671585083
855.045190,-0.11794114112854004,0.08313056826591492,0.036090731620788574
855.145783,-0.023343712091445923,-0.06902101635932922,0.12617450952529907
855.246334,0.034835368394851685,0.028643399477005005,0.07238686084747314
855.346796,-0.011422157287597656,0.02027955651283264,-0.048140525817871094
855.447241,-0.05058935284614563,-0.003196537494659424,0.006562292575836182
855.547798,-0.05514499545097351,-0.011537641286849976,-0.006573379039764404
855.648334,0.001495659351348877,0.021991103887557983,0.04329913854598999
855.748847,-0.011616960167884827,0.007732480764389038,-0.007380962371826172
855.849281,-0.021282657980918884,0.0008315145969390869,0.019688904285430908
855.949821,-0.00741143524646759,0.0029254555702209473,-0.0031630992889404297
856.050295,-0.024462342262268066,0.0020963847637176514,-0.004501819610595703
856.150813,-0.022893667221069336,-0.006282716989517212,0.0036788582801818848
856.251392,-0.013420715928077698,0.01549983024597168,-0.013923108577728271
856.351810,-0.012432277202606201,0.011178314685821533,0.009890377521514893
856.452369,-0.016647562384605408,-0.007548242807388306,-0.007963478565216064
856.552852,-0.01263532042503357,0.011235266923904419,0.0004932880401611328
856.653345,-0.019518285989761353,-0.0014650821685791016,-0.003974258899688721
856.753942,-0.010795161128044128,-0.0022486448287963867,0.003187239170074463
856.854470,-0.012052968144416809,0.006135374307632446,-0.004534125328063965
856.954929,0.0022760480642318726,0.007339298725128174,0.008085906505584717
857.055394,0.024654269218444824,-0.03707093000411987,0.02592223882675171
857.156055,0.09473806619644165,-0.10702615976333618,0.10819202661514282
857.256432,-0.09784263372421265,0.08533585071563721,-0.09927165508270264
857.356724,-0.024822711944580078,0.04283702373504639,-0.047492384910583496
857.457439,0.04550749063491821,0.012988150119781494,0.04989027976989746
857.557874,0.0036655664443969727,-0.0019102096557617188,0.03177344799041748
857.658447,0.010383784770965576,0.04077225923538208,0.07305914163589478
857.758874,-0.05646243691444397,0.13656139373779297,0.07087445259094238
857.859436,-0.18802136182785034,-0.11084979772567749,-0.15549521148204803
857.959934,0.025439858436584473,-0.4790712594985962,-0.020565718412399292
858.060445,0.19415032863616943,-0.13270258903503418,0.2830563187599182
858.160982,-0.030661821365356445,0.20114350318908691,0.2578871250152588
858.261514,-0.22870510816574097,0.2760348916053772,0.0706360936164856
858.361940,-0.24320736527442932,-0.20218324661254883,-0.22980213165283203
858.462424,-0.003386586904525757,-0.17602193355560303,-0.05452452600002289
858.562975,-0.014009058475494385,0.11168718338012695,0.10031715035438538
858.663440,-0.0991811752319336,0.08108347654342651,-0.10812048614025116
858.763950,0.03579145669937134,-0.030065059661865234,0.030684620141983032
858.864497,0.06300097703933716,-0.014179050922393799,0.11359944939613342
858.965027,0.01065284013748169,-0.19542479515075684,0.09401142597198486
859.065455,0.016893386840820312,0.05319833755493164,-0.016212254762649536
859.166010,-0.038402020931243896,-0.022500038146972656,-0.012268781661987305
859.266447,0.016452789306640625,-0.015672266483306885,0.03845658898353577
859.366951,-0.05539810657501221,0.013093173503875732,0.0020074844360351562
859.467485,-0.004364430904388428,-0.007694900035858154,0.012626320123672485
859.567994,0.002991199493408203,0.0020002126693725586,0.0038055479526519775
859.668509,-0.024208486080169678,-0.0025582313537597656,0.011276990175247192
859.769119,-0.0016151666641235352,0.002945423126220703,0.0010818541049957275
859.869475,0.03042072057723999,0.012630581855773926,0.002858489751815796
859.969979,0.020466506481170654,-0.006066799163818359,0.01071956753730774
860.070521,-0.015593290328979492,0.014151334762573242,0.015194505453109741
860.171104,0.022687196731567383,-0.0042991042137146,0.0023795366287231445
860.271567,-0.04943716526031494,-0.10195744037628174,-0.03517910838127136
860.372053,0.038443148136138916,0.031016826629638672,0.0915035605430603
860.472576,-0.04417133331298828,0.0008342266082763672,-0.011337965726852417
860.573124,-0.17073476314544678,0.031481266021728516,-0.12594997882843018
860.673606,0.05729401111602783,-0.35781967639923096,-0.09700751304626465
860.774105,0.14678561687469482,-0.1835174858570099,0.42783868312835693
860.874585,-0.20532475411891937,0.27327513694763184,0.29491502046585083
860.975047,-0.24668002128601074,0.05541658401489258,-0.16692817211151123
861.075568,-0.11379969120025635,-0.0938190221786499,-0.1916559338569641
861.176058,0.16679024696350098,-0.004283249378204346,0.11613166332244873
861.276602,0.050934433937072754,-0.04812133312225342,0.021435022354125977
861.377136,-0.09710162878036499,0.0007367730140686035,-0.022412538528442383
861.477591,-0.03316318988800049,0.052139878273010254,0.006839334964752197
861.578086,-0.011024713516235352,0.020483732223510742,-0.026878386735916138
861.678609,-0.23259013891220093,0.0009710192680358887,-0.11240547895431519
861.779147,-0.03056436777114868,-0.5495756268501282,-0.060806334018707275
861.879601,0.22976291179656982,-0.26112332940101624,0.3546348214149475
861.980071,-0.2055761218070984,0.25231969356536865,0.3462309241294861
862.080686,-0.3398588299751282,0.11958414316177368,-0.05685162544250488
862.181105,-0.15483501553535461,-0.12040674686431885,-0.19787639379501343
862.281651,0.06377393007278442,-0.13416999578475952,-0.1302025318145752
862.382100,0.0905829668045044,-0.010536670684814453,0.009470760822296143
862.482627,0.07630208134651184,0.028369605541229248,0.040345728397369385
862.583107,0.04731467366218567,0.08007830381393433,0.050666987895965576
862.683643,0.0044408440589904785,0.08319300413131714,0.1022193431854248
862.784165,-0.10069730877876282,0.1528375744819641,-0.14438633620738983
862.884708,0.17129528522491455,-0.6225742697715759,0.0586647093296051
862.985115,0.21234840154647827,-0.21673786640167236,0.2774014472961426
863.085671,-0.1828904002904892,0.3484833836555481,0.28368961811065674
863.186124,-0.23348335921764374,0.07527732849121094,-0.1696838140487671
863.286745,-0.14161865413188934,-0.16853612661361694,-0.12572133541107178
863.387146,0.10150322318077087,0.03778231143951416,0.10246139764785767
863.487744,0.04785159230232239,-0.03976410627365112,0.0755661278963089
863.588157,-0.035692423582077026,-0.029105663299560547,-0.07609061896800995
863.688660,-0.03595802187919617,0.05972301959991455,-0.01708531379699707
863.789216,0.01658742129802704,0.06264472007751465,-0.0017161965370178223
863.889754,0.006547853350639343,0.022989094257354736,0.02503359317779541
863.990284,-0.2899482846260071,-0.21069014072418213,-0.12224388867616653
864.090823,0.2586285471916199,-0.5366672873497009,0.07307350635528564
864.191198,0.15389946103096008,-0.02851545810699463,0.3992527723312378
864.291774,-0.20895814895629883,0.29294347763061523,0.22247272729873657
864.392199,-0.3080649971961975,-0.17271363735198975,-0.2363114356994629
864.492739,-0.17191773653030396,-0.22586488723754883,-0.12084180116653442
864.593195,0.18141400814056396,-0.04549020528793335,0.20874738693237305
864.693714,0.15637069940567017,-0.0016344785690307617,0.08394038677215576
864.794306,-0.07001703977584839,0.05031752586364746,-0.029978035017848015
864.894931,-0.06023895740509033,0.011439383029937744,-0.03312194347381592
864.995218,-0.1247057318687439,-0.10629332065582275,-0.08046448230743408
865.095837,0.14737939834594727,-0.3217584490776062,0.062293022871017456
865.196256,0.04233327507972717,-0.00843721628189087,0.3862406611442566
865.296779,-0.19725853204727173,0.40463775396347046,0.25946712493896484
865.397260,-0.24604523181915283,-0.10098856687545776,-0.12681490182876587
865.497771,-0.2731671631336212,-0.42868900299072266,-0.24039770662784576
865.598252,0.07272535562515259,-0.09197878837585449,0.16745686531066895
865.698807,0.14557158946990967,-0.09888529777526855,0.1692642867565155
865.799289,0.055124104022979736,-0.024374008178710938,0.007675468921661377
865.899909,0.0020244717597961426,0.02169722318649292,-0.0051114559173583984
866.000309,-0.02317667007446289,-0.037261128425598145,0.005304962396621704
866.100860,0.02459728717803955,0.0010018348693847656,0.04755103588104248
866.201258,0.040712058544158936,0.0029764175415039062,0.024095773696899414
866.301836,0.0005251169204711914,0.004462242126464844,0.01727050542831421
866.402351,-0.06658947467803955,-0.0937926173210144,-0.0170709490776062
866.502881,-0.05092686414718628,-0.053868383169174194,0.0071582794189453125
866.603360,-0.03915965557098389,-0.02844613790512085,0.024669408798217773
866.703905,-0.008943498134613037,-0.003492385149002075,0.05096566677093506
866.804339,-0.0386299192905426,0.012565910816192627,0.015563905239105225
866.904675,-0.04950118064880371,-0.020542263984680176,-0.056779682636260986
867.005332,0.0457817018032074,0.025278449058532715,0.0843009352684021
867.105844,0.058189600706100464,0.23879581689834595,0.07981675863265991
867.206320,0.03166094422340393,0.11696833372116089,-0.018644332885742188
867.306870,0.1049773097038269,-0.020052969455718994,0.05095195770263672
867.407461,0.030374586582183838,-0.052147090435028076,0.02985459566116333
867.507929,0.3373119831085205,-0.1729133129119873,-0.5252752304077148
867.608359,0.019494369626045227,-0.08844015002250671,0.12295413017272949
867.708865,-0.05884169042110443,0.09339109063148499,-0.04143071174621582
867.809421,-0.23194989562034607,0.18253260850906372,-0.19189786911010742
867.909910,-0.17103150486946106,-0.002223789691925049,-0.08454763889312744
868.010414,0.11928179860115051,-0.047995924949645996,0.0637662410736084
868.110902,0.014638476073741913,0.04094201326370239,0.03310436010360718
868.211434,-0.03005586564540863,0.0025932788848876953,-0.03667771816253662
868.311922,-0.01232503354549408,0.010380923748016357,0.014352083206176758
868.412456,-0.008424937725067139,0.0011669397354125977,-0.01733154058456421
868.512924,-0.02517959475517273,-0.01700735092163086,0.17737329006195068
